{
  "rounds": [
    0,
    1
  ],
  "avg_loss": [
    0.0,
    0.0
  ],
  "avg_accuracy": [
    0.011899905902904403,
    0.017899908904406656
  ],
  "per_domain_accuracy": [
    {
      "0": 0.0015000007503755627,
      "1": 0.021499010254632443,
      "2": 0.014499507003255129,
      "3": 0.010002506254380317,
      "4": 0.011998505251878564
    },
    {
      "0": 0.003000751876314095,
      "1": 0.04549827188507848,
      "2": 0.01849975912944429,
      "3": 0.008501004752878816,
      "4": 0.0139997568783176
    }
  ],
  "per_client_accuracy": [
    {
      "0": 0.0014992503748125937,
      "1": 0.0014992503748125937,
      "2": 0.0015015015015015015,
      "3": 0.025487256371814093,
      "4": 0.019490254872563718,
      "5": 0.01951951951951952,
      "6": 0.014992503748125937,
      "7": 0.014992503748125937,
      "8": 0.013513513513513514,
      "9": 0.005997001499250375,
      "10": 0.008995502248875561,
      "11": 0.015015015015015015,
      "12": 0.008995502248875561,
      "13": 0.017991004497751123,
      "14": 0.009009009009009009
    },
    {
      "0": 0.0014992503748125937,
      "1": 0.0029985007496251873,
      "2": 0.0045045045045045045,
      "3": 0.049475262368815595,
      "4": 0.044977511244377814,
      "5": 0.042042042042042045,
      "6": 0.022488755622188907,
      "7": 0.014992503748125937,
      "8": 0.018018018018018018,
      "9": 0.005997001499250375,
      "10": 0.008995502248875561,
      "11": 0.010510510510510511,
      "12": 0.005997001499250375,
      "13": 0.022488755622188907,
      "14": 0.013513513513513514
    }
  ]
}