{
  "Uniform (r=16)": {
    "avg_accuracy": 0.019597258427843135,
    "per_domain": {
      "0": 0.02399250825037932,
      "1": 0.023000511756133945,
      "2": 0.014001257629443537,
      "3": 0.016496256376316347,
      "4": 0.020495758126942532
    },
    "fairness": {
      "accuracy_gap": 0.009991250620935784,
      "accuracy_variance": 1.4527818917514168e-05,
      "min_domain_accuracy": 0.014001257629443537,
      "max_domain_accuracy": 0.02399250825037932,
      "avg_domain_accuracy": 0.019597258427843135
    },
    "rank_assignments": {
      "0": 16,
      "1": 16,
      "2": 16,
      "3": 16,
      "4": 16,
      "5": 16,
      "6": 16,
      "7": 16,
      "8": 16,
      "9": 16,
      "10": 16,
      "11": 16,
      "12": 16,
      "13": 16,
      "14": 16
    },
    "total_rank": 240
  },
  "Random": {
    "avg_accuracy": 0.04580262421341882,
    "per_domain": {
      "0": 0.01100125612869241,
      "1": 0.1265020642831737,
      "2": 0.0,
      "3": 0.00449925187556372,
      "4": 0.08701054877966423
    },
    "fairness": {
      "accuracy_gap": 0.1265020642831737,
      "accuracy_variance": 0.00264509536930262,
      "min_domain_accuracy": 0.0,
      "max_domain_accuracy": 0.1265020642831737,
      "avg_domain_accuracy": 0.04580262421341881
    },
    "rank_assignments": {
      "0": 4,
      "1": 32,
      "2": 32,
      "3": 16,
      "4": 16,
      "5": 64,
      "6": 4,
      "7": 32,
      "8": 8,
      "9": 4,
      "10": 16,
      "11": 64,
      "12": 32,
      "13": 32,
      "14": 32
    },
    "total_rank": 388
  },
  "Domain-Aware": {
    "avg_accuracy": 0.07959803881842861,
    "per_domain": {
      "0": 0.10450480465472968,
      "1": 0.09049679364521944,
      "2": 0.09298203750977364,
      "3": 0.035501768635201915,
      "4": 0.07450478964721845
    },
    "fairness": {
      "accuracy_gap": 0.06900303601952776,
      "accuracy_variance": 0.0005777366986721834,
      "min_domain_accuracy": 0.035501768635201915,
      "max_domain_accuracy": 0.10450480465472968,
      "avg_domain_accuracy": 0.07959803881842863
    },
    "rank_assignments": {
      "0": 32,
      "1": 32,
      "2": 32,
      "3": 32,
      "4": 32,
      "5": 32,
      "6": 32,
      "7": 32,
      "8": 32,
      "9": 32,
      "10": 32,
      "11": 32,
      "12": 32,
      "13": 32,
      "14": 32
    },
    "total_rank": 480
  }
}