context_id,variant_id,label,round,domain_id,metric,n,mean,sample_std,min,max
b729ad24b6b0,076ae68a5277,MH / ΔW / feedback / ring,1,0,accuracy,3,0.034,0.019371370627810518,0.012,0.0485
b729ad24b6b0,076ae68a5277,MH / ΔW / feedback / ring,1,1,accuracy,3,0.042333333333333334,0.027006172134038792,0.015,0.069
b729ad24b6b0,076ae68a5277,MH / ΔW / feedback / ring,1,2,accuracy,3,0.043666666666666666,0.01661575557515617,0.0245,0.054
b729ad24b6b0,076ae68a5277,MH / ΔW / feedback / ring,1,3,accuracy,3,0.022000000000000002,0.017776388834631177,0.008,0.042
b729ad24b6b0,076ae68a5277,MH / ΔW / feedback / ring,1,4,accuracy,3,0.012333333333333333,0.00553022000767902,0.0065,0.0175
b729ad24b6b0,076ae68a5277,MH / ΔW / feedback / ring,2,0,accuracy,3,0.06483333333333334,0.015373136743466942,0.0545,0.0825
b729ad24b6b0,076ae68a5277,MH / ΔW / feedback / ring,2,1,accuracy,3,0.07866666666666666,0.019901842460770643,0.0575,0.097
b729ad24b6b0,076ae68a5277,MH / ΔW / feedback / ring,2,2,accuracy,3,0.08116666666666666,0.034818577416852244,0.0515,0.1195
b729ad24b6b0,076ae68a5277,MH / ΔW / feedback / ring,2,3,accuracy,3,0.045,0.007858116822750855,0.0365,0.052
b729ad24b6b0,076ae68a5277,MH / ΔW / feedback / ring,2,4,accuracy,3,0.0555,0.006557438524302,0.0485,0.0615
b729ad24b6b0,076ae68a5277,MH / ΔW / feedback / ring,3,0,accuracy,3,0.11816666666666667,0.043377221364828494,0.086,0.1675
b729ad24b6b0,076ae68a5277,MH / ΔW / feedback / ring,3,1,accuracy,3,0.13116666666666668,0.03856920187576266,0.094,0.171
b729ad24b6b0,076ae68a5277,MH / ΔW / feedback / ring,3,2,accuracy,3,0.1245,0.048685213360937424,0.08,0.1765
b729ad24b6b0,076ae68a5277,MH / ΔW / feedback / ring,3,3,accuracy,3,0.06333333333333334,0.03374290048785571,0.0245,0.0855
b729ad24b6b0,076ae68a5277,MH / ΔW / feedback / ring,3,4,accuracy,3,0.08816666666666667,0.013732564703409675,0.077,0.1035
b729ad24b6b0,076ae68a5277,MH / ΔW / feedback / ring,4,0,accuracy,3,0.14450000000000002,0.05088467352749746,0.1105,0.203
b729ad24b6b0,076ae68a5277,MH / ΔW / feedback / ring,4,1,accuracy,3,0.18916666666666665,0.07878028518184822,0.1035,0.2585
b729ad24b6b0,076ae68a5277,MH / ΔW / feedback / ring,4,2,accuracy,3,0.179,0.057838136207868936,0.1265,0.241
b729ad24b6b0,076ae68a5277,MH / ΔW / feedback / ring,4,3,accuracy,3,0.08633333333333333,0.0391801395267211,0.0415,0.114
b729ad24b6b0,076ae68a5277,MH / ΔW / feedback / ring,4,4,accuracy,3,0.115,0.018681541692269408,0.098,0.135
b729ad24b6b0,076ae68a5277,MH / ΔW / feedback / ring,5,0,accuracy,3,0.16233333333333333,0.06978777352325644,0.112,0.242
b729ad24b6b0,076ae68a5277,MH / ΔW / feedback / ring,5,1,accuracy,3,0.2275,0.1044521421513221,0.127,0.3355
b729ad24b6b0,076ae68a5277,MH / ΔW / feedback / ring,5,2,accuracy,3,0.21016666666666667,0.05800071838635565,0.1465,0.26
b729ad24b6b0,076ae68a5277,MH / ΔW / feedback / ring,5,3,accuracy,3,0.10016666666666667,0.04710184002067577,0.046,0.1315
b729ad24b6b0,076ae68a5277,MH / ΔW / feedback / ring,5,4,accuracy,3,0.13683333333333333,0.01934123401785246,0.1165,0.155
b729ad24b6b0,076ae68a5277,MH / ΔW / feedback / ring,6,0,accuracy,3,0.17666666666666667,0.054023914457704124,0.1275,0.2345
b729ad24b6b0,076ae68a5277,MH / ΔW / feedback / ring,6,1,accuracy,3,0.24366666666666667,0.11752269284411981,0.1275,0.3625
b729ad24b6b0,076ae68a5277,MH / ΔW / feedback / ring,6,2,accuracy,3,0.2415,0.07791501780786551,0.156,0.3085
b729ad24b6b0,076ae68a5277,MH / ΔW / feedback / ring,6,3,accuracy,3,0.10883333333333334,0.05575018684572576,0.0445,0.143
b729ad24b6b0,076ae68a5277,MH / ΔW / feedback / ring,6,4,accuracy,3,0.15333333333333332,0.025866645188994515,0.1245,0.1745
b729ad24b6b0,076ae68a5277,MH / ΔW / feedback / ring,7,0,accuracy,3,0.18516666666666667,0.0772112901934253,0.119,0.27
b729ad24b6b0,076ae68a5277,MH / ΔW / feedback / ring,7,1,accuracy,3,0.25666666666666665,0.145894939368483,0.134,0.418
b729ad24b6b0,076ae68a5277,MH / ΔW / feedback / ring,7,2,accuracy,3,0.26616666666666666,0.06125017006779109,0.1955,0.304
b729ad24b6b0,076ae68a5277,MH / ΔW / feedback / ring,7,3,accuracy,3,0.11966666666666666,0.05150808997947151,0.0605,0.1545
b729ad24b6b0,076ae68a5277,MH / ΔW / feedback / ring,7,4,accuracy,3,0.161,0.017058722109231986,0.142,0.175
b729ad24b6b0,076ae68a5277,MH / ΔW / feedback / ring,8,0,accuracy,3,0.199,0.06748518355905984,0.135,0.2695
b729ad24b6b0,076ae68a5277,MH / ΔW / feedback / ring,8,1,accuracy,3,0.2796666666666667,0.12363285701355174,0.176,0.4165
b729ad24b6b0,076ae68a5277,MH / ΔW / feedback / ring,8,2,accuracy,3,0.2725,0.06718816860132444,0.198,0.3285
b729ad24b6b0,076ae68a5277,MH / ΔW / feedback / ring,8,3,accuracy,3,0.13716666666666666,0.04056579018499866,0.0905,0.164
b729ad24b6b0,076ae68a5277,MH / ΔW / feedback / ring,8,4,accuracy,3,0.17566666666666667,0.01872387068245595,0.1555,0.1925
b729ad24b6b0,076ae68a5277,MH / ΔW / feedback / ring,9,0,accuracy,3,0.20283333333333334,0.08707803014155369,0.1235,0.296
b729ad24b6b0,076ae68a5277,MH / ΔW / feedback / ring,9,1,accuracy,3,0.30783333333333335,0.12971346627599362,0.197,0.4505
b729ad24b6b0,076ae68a5277,MH / ΔW / feedback / ring,9,2,accuracy,3,0.2875,0.06546563984259225,0.212,0.3285
b729ad24b6b0,076ae68a5277,MH / ΔW / feedback / ring,9,3,accuracy,3,0.14533333333333334,0.04974267115197307,0.088,0.177
b729ad24b6b0,076ae68a5277,MH / ΔW / feedback / ring,9,4,accuracy,3,0.17683333333333331,0.02993465104746226,0.149,0.2085
b729ad24b6b0,076ae68a5277,MH / ΔW / feedback / ring,10,0,accuracy,3,0.21266666666666664,0.07301426801203538,0.1435,0.289
b729ad24b6b0,076ae68a5277,MH / ΔW / feedback / ring,10,1,accuracy,3,0.3045,0.13071820837205506,0.203,0.452
b729ad24b6b0,076ae68a5277,MH / ΔW / feedback / ring,10,2,accuracy,3,0.296,0.05214403129793478,0.238,0.339
b729ad24b6b0,076ae68a5277,MH / ΔW / feedback / ring,10,3,accuracy,3,0.15383333333333332,0.04564080776381301,0.102,0.188
b729ad24b6b0,076ae68a5277,MH / ΔW / feedback / ring,10,4,accuracy,3,0.19033333333333333,0.025604361607611564,0.1635,0.2145
b729ad24b6b0,076ae68a5277,MH / ΔW / feedback / ring,11,0,accuracy,3,0.21566666666666667,0.08175012742089968,0.1525,0.308
b729ad24b6b0,076ae68a5277,MH / ΔW / feedback / ring,11,1,accuracy,3,0.3323333333333333,0.10608644274049976,0.244,0.45
b729ad24b6b0,076ae68a5277,MH / ΔW / feedback / ring,11,2,accuracy,3,0.30583333333333335,0.05972087853785587,0.238,0.3505
b729ad24b6b0,076ae68a5277,MH / ΔW / feedback / ring,11,3,accuracy,3,0.151,0.040549352645880804,0.1045,0.179
b729ad24b6b0,076ae68a5277,MH / ΔW / feedback / ring,11,4,accuracy,3,0.19633333333333333,0.028676354952004154,0.166,0.223
b729ad24b6b0,076ae68a5277,MH / ΔW / feedback / ring,12,0,accuracy,3,0.2155,0.07988116173416607,0.1405,0.2995
b729ad24b6b0,076ae68a5277,MH / ΔW / feedback / ring,12,1,accuracy,3,0.3165,0.1308166656049603,0.2205,0.4655
b729ad24b6b0,076ae68a5277,MH / ΔW / feedback / ring,12,2,accuracy,3,0.3095,0.05064829710858993,0.252,0.3475
b729ad24b6b0,076ae68a5277,MH / ΔW / feedback / ring,12,3,accuracy,3,0.157,0.04292726406376255,0.1075,0.184
b729ad24b6b0,076ae68a5277,MH / ΔW / feedback / ring,12,4,accuracy,3,0.20216666666666666,0.012711543310445559,0.191,0.216
b729ad24b6b0,076ae68a5277,MH / ΔW / feedback / ring,13,0,accuracy,3,0.22316666666666668,0.08344209569116379,0.152,0.315
b729ad24b6b0,076ae68a5277,MH / ΔW / feedback / ring,13,1,accuracy,3,0.32866666666666666,0.11102739902084231,0.2445,0.4545
b729ad24b6b0,076ae68a5277,MH / ΔW / feedback / ring,13,2,accuracy,3,0.3173333333333333,0.054959833818283434,0.254,0.3525
b729ad24b6b0,076ae68a5277,MH / ΔW / feedback / ring,13,3,accuracy,3,0.16533333333333333,0.038785736209763166,0.121,0.193
b729ad24b6b0,076ae68a5277,MH / ΔW / feedback / ring,13,4,accuracy,3,0.20383333333333334,0.015462319791458632,0.191,0.221
b729ad24b6b0,076ae68a5277,MH / ΔW / feedback / ring,14,0,accuracy,3,0.22533333333333333,0.06311563461879577,0.1665,0.292
b729ad24b6b0,076ae68a5277,MH / ΔW / feedback / ring,14,1,accuracy,3,0.33899999999999997,0.13665924776611352,0.238,0.4945
b729ad24b6b0,076ae68a5277,MH / ΔW / feedback / ring,14,2,accuracy,3,0.316,0.060230806071312044,0.2505,0.369
b729ad24b6b0,076ae68a5277,MH / ΔW / feedback / ring,14,3,accuracy,3,0.158,0.05220153254455275,0.098,0.193
b729ad24b6b0,076ae68a5277,MH / ΔW / feedback / ring,14,4,accuracy,3,0.20916666666666667,0.015986973864159953,0.195,0.2265
b729ad24b6b0,076ae68a5277,MH / ΔW / feedback / ring,15,0,accuracy,3,0.239,0.06996248994997248,0.1755,0.314
b729ad24b6b0,076ae68a5277,MH / ΔW / feedback / ring,15,1,accuracy,3,0.325,0.09570397065952906,0.2685,0.4355
b729ad24b6b0,076ae68a5277,MH / ΔW / feedback / ring,15,2,accuracy,3,0.3343333333333333,0.0551958633715728,0.2715,0.375
b729ad24b6b0,076ae68a5277,MH / ΔW / feedback / ring,15,3,accuracy,3,0.17233333333333334,0.030088757590391365,0.141,0.201
b729ad24b6b0,076ae68a5277,MH / ΔW / feedback / ring,15,4,accuracy,3,0.2145,0.019215878850575636,0.1925,0.228
b729ad24b6b0,076ae68a5277,MH / ΔW / feedback / ring,16,0,accuracy,3,0.2315,0.08436083214383319,0.152,0.32
b729ad24b6b0,076ae68a5277,MH / ΔW / feedback / ring,16,1,accuracy,3,0.3525,0.1115358686701278,0.273,0.48
b729ad24b6b0,076ae68a5277,MH / ΔW / feedback / ring,16,2,accuracy,3,0.3148333333333333,0.06728731926101182,0.2375,0.36
b729ad24b6b0,076ae68a5277,MH / ΔW / feedback / ring,16,3,accuracy,3,0.16483333333333333,0.04243917215655052,0.1165,0.196
b729ad24b6b0,076ae68a5277,MH / ΔW / feedback / ring,16,4,accuracy,3,0.214,0.0075663729752107846,0.208,0.2225
b729ad24b6b0,076ae68a5277,MH / ΔW / feedback / ring,17,0,accuracy,3,0.237,0.07750483855863452,0.16,0.315
b729ad24b6b0,076ae68a5277,MH / ΔW / feedback / ring,17,1,accuracy,3,0.32216666666666666,0.10745502935336873,0.2535,0.446
b729ad24b6b0,076ae68a5277,MH / ΔW / feedback / ring,17,2,accuracy,3,0.323,0.0478852795752515,0.272,0.367
b729ad24b6b0,076ae68a5277,MH / ΔW / feedback / ring,17,3,accuracy,3,0.175,0.050714889332423865,0.117,0.211
b729ad24b6b0,076ae68a5277,MH / ΔW / feedback / ring,17,4,accuracy,3,0.22783333333333333,0.014074208089030562,0.213,0.241
b729ad24b6b0,076ae68a5277,MH / ΔW / feedback / ring,18,0,accuracy,3,0.22633333333333333,0.06150067750304326,0.165,0.288
b729ad24b6b0,076ae68a5277,MH / ΔW / feedback / ring,18,1,accuracy,3,0.3428333333333333,0.10931186272922683,0.2765,0.469
b729ad24b6b0,076ae68a5277,MH / ΔW / feedback / ring,18,2,accuracy,3,0.319,0.06600568157363425,0.248,0.3785
b729ad24b6b0,076ae68a5277,MH / ΔW / feedback / ring,18,3,accuracy,3,0.16916666666666666,0.04539364860124523,0.126,0.2165
b729ad24b6b0,076ae68a5277,MH / ΔW / feedback / ring,18,4,accuracy,3,0.23166666666666666,0.004536885862938727,0.2265,0.235
b729ad24b6b0,076ae68a5277,MH / ΔW / feedback / ring,19,0,accuracy,3,0.2415,0.08100462949733182,0.161,0.323
b729ad24b6b0,076ae68a5277,MH / ΔW / feedback / ring,19,1,accuracy,3,0.3453333333333333,0.10905541404869971,0.2755,0.471
b729ad24b6b0,076ae68a5277,MH / ΔW / feedback / ring,19,2,accuracy,3,0.3345,0.049540387564087525,0.278,0.3705
b729ad24b6b0,076ae68a5277,MH / ΔW / feedback / ring,19,3,accuracy,3,0.181,0.03858756276314948,0.144,0.221
b729ad24b6b0,076ae68a5277,MH / ΔW / feedback / ring,19,4,accuracy,3,0.21966666666666665,0.020508128469788105,0.2045,0.243
b729ad24b6b0,076ae68a5277,MH / ΔW / feedback / ring,20,0,accuracy,3,0.237,0.05706794196394329,0.19,0.3005
b729ad24b6b0,076ae68a5277,MH / ΔW / feedback / ring,20,1,accuracy,3,0.3408333333333333,0.13654425412053534,0.2615,0.4985
b729ad24b6b0,076ae68a5277,MH / ΔW / feedback / ring,20,2,accuracy,3,0.31583333333333335,0.05775883770760396,0.25,0.358
b729ad24b6b0,076ae68a5277,MH / ΔW / feedback / ring,20,3,accuracy,3,0.17433333333333334,0.05085354789327224,0.1185,0.218
b729ad24b6b0,076ae68a5277,MH / ΔW / feedback / ring,20,4,accuracy,3,0.223,0.007053367989832949,0.2155,0.2295
b729ad24b6b0,076ae68a5277,MH / ΔW / feedback / ring,21,0,accuracy,3,0.24983333333333335,0.08179292960478511,0.16,0.32
b729ad24b6b0,076ae68a5277,MH / ΔW / feedback / ring,21,1,accuracy,3,0.34833333333333333,0.07461959081456648,0.2975,0.434
b729ad24b6b0,076ae68a5277,MH / ΔW / feedback / ring,21,2,accuracy,3,0.3378333333333333,0.04982552893179692,0.281,0.374
b729ad24b6b0,076ae68a5277,MH / ΔW / feedback / ring,21,3,accuracy,3,0.1885,0.04164432734478972,0.145,0.228
b729ad24b6b0,076ae68a5277,MH / ΔW / feedback / ring,21,4,accuracy,3,0.22566666666666668,0.020526405757787528,0.203,0.243
b729ad24b6b0,076ae68a5277,MH / ΔW / feedback / ring,22,0,accuracy,3,0.22116666666666665,0.07209773459224175,0.1535,0.297
b729ad24b6b0,076ae68a5277,MH / ΔW / feedback / ring,22,1,accuracy,3,0.3358333333333333,0.12872483572851562,0.2515,0.484
b729ad24b6b0,076ae68a5277,MH / ΔW / feedback / ring,22,2,accuracy,3,0.3278333333333333,0.0651466294855945,0.2535,0.375
b729ad24b6b0,076ae68a5277,MH / ΔW / feedback / ring,22,3,accuracy,3,0.17133333333333334,0.041001016247567974,0.1305,0.2125
b729ad24b6b0,076ae68a5277,MH / ΔW / feedback / ring,22,4,accuracy,3,0.23866666666666667,0.016750621879002982,0.222,0.2555
b729ad24b6b0,076ae68a5277,MH / ΔW / feedback / ring,23,0,accuracy,3,0.2506666666666667,0.08479435908911238,0.1675,0.337
b729ad24b6b0,076ae68a5277,MH / ΔW / feedback / ring,23,1,accuracy,3,0.3556666666666667,0.07611559192000897,0.309,0.4435
b729ad24b6b0,076ae68a5277,MH / ΔW / feedback / ring,23,2,accuracy,3,0.3308333333333333,0.039256634258852785,0.292,0.3705
b729ad24b6b0,076ae68a5277,MH / ΔW / feedback / ring,23,3,accuracy,3,0.19533333333333333,0.03569780572154728,0.162,0.233
b729ad24b6b0,076ae68a5277,MH / ΔW / feedback / ring,23,4,accuracy,3,0.22466666666666665,0.018454899981667026,0.204,0.2395
b729ad24b6b0,076ae68a5277,MH / ΔW / feedback / ring,24,0,accuracy,3,0.2355,0.06924413332550274,0.1605,0.297
b729ad24b6b0,076ae68a5277,MH / ΔW / feedback / ring,24,1,accuracy,3,0.3393333333333333,0.11577600499815723,0.2705,0.473
b729ad24b6b0,076ae68a5277,MH / ΔW / feedback / ring,24,2,accuracy,3,0.3268333333333333,0.05913191467670679,0.259,0.3675
b729ad24b6b0,076ae68a5277,MH / ΔW / feedback / ring,24,3,accuracy,3,0.17383333333333334,0.046535828490887894,0.1405,0.227
b729ad24b6b0,076ae68a5277,MH / ΔW / feedback / ring,24,4,accuracy,3,0.22883333333333333,0.026759733431656843,0.198,0.246
b729ad24b6b0,076ae68a5277,MH / ΔW / feedback / ring,25,0,accuracy,3,0.246,0.07458049342824168,0.1695,0.3185
b729ad24b6b0,076ae68a5277,MH / ΔW / feedback / ring,25,1,accuracy,3,0.36883333333333335,0.07419624878208692,0.325,0.4545
b729ad24b6b0,076ae68a5277,MH / ΔW / feedback / ring,25,2,accuracy,3,0.335,0.07026200964959656,0.256,0.3905
b729ad24b6b0,076ae68a5277,MH / ΔW / feedback / ring,25,3,accuracy,3,0.17966666666666667,0.04567913455105443,0.1435,0.231
b729ad24b6b0,076ae68a5277,MH / ΔW / feedback / ring,25,4,accuracy,3,0.23333333333333334,0.004368447474027041,0.2285,0.237
b729ad24b6b0,076ae68a5277,MH / ΔW / feedback / ring,26,0,accuracy,3,0.24666666666666667,0.0844605430561119,0.1705,0.3375
b729ad24b6b0,076ae68a5277,MH / ΔW / feedback / ring,26,1,accuracy,3,0.3453333333333333,0.11483284953937758,0.27,0.4775
b729ad24b6b0,076ae68a5277,MH / ΔW / feedback / ring,26,2,accuracy,3,0.3358333333333333,0.0519382646353662,0.278,0.3785
b729ad24b6b0,076ae68a5277,MH / ΔW / feedback / ring,26,3,accuracy,3,0.19116666666666668,0.03755440497908779,0.1525,0.2275
b729ad24b6b0,076ae68a5277,MH / ΔW / feedback / ring,26,4,accuracy,3,0.23366666666666666,0.020027065020450038,0.212,0.2515
b729ad24b6b0,076ae68a5277,MH / ΔW / feedback / ring,27,0,accuracy,3,0.24866666666666667,0.07541938300817194,0.193,0.3345
b729ad24b6b0,076ae68a5277,MH / ΔW / feedback / ring,27,1,accuracy,3,0.3631666666666667,0.08497989958415658,0.301,0.46
b729ad24b6b0,076ae68a5277,MH / ΔW / feedback / ring,27,2,accuracy,3,0.3358333333333333,0.08119780374698157,0.246,0.404
b729ad24b6b0,076ae68a5277,MH / ΔW / feedback / ring,27,3,accuracy,3,0.18133333333333332,0.058494301716776935,0.12,0.2365
b729ad24b6b0,076ae68a5277,MH / ΔW / feedback / ring,27,4,accuracy,3,0.213,0.019981241202688075,0.195,0.2345
b729ad24b6b0,076ae68a5277,MH / ΔW / feedback / ring,28,0,accuracy,3,0.24733333333333332,0.0685735614747647,0.177,0.314
b729ad24b6b0,076ae68a5277,MH / ΔW / feedback / ring,28,1,accuracy,3,0.33316666666666667,0.08519585279421373,0.2815,0.4315
b729ad24b6b0,076ae68a5277,MH / ΔW / feedback / ring,28,2,accuracy,3,0.3471666666666667,0.03409667627985656,0.326,0.3865
b729ad24b6b0,076ae68a5277,MH / ΔW / feedback / ring,28,3,accuracy,3,0.19766666666666666,0.021623675296612587,0.183,0.2225
b729ad24b6b0,076ae68a5277,MH / ΔW / feedback / ring,28,4,accuracy,3,0.24083333333333332,0.005346338310781819,0.235,0.2455
b729ad24b6b0,076ae68a5277,MH / ΔW / feedback / ring,29,0,accuracy,3,0.23666666666666666,0.08940684164723266,0.1555,0.3325
b729ad24b6b0,076ae68a5277,MH / ΔW / feedback / ring,29,1,accuracy,3,0.3615,0.06453100030218034,0.323,0.436
b729ad24b6b0,076ae68a5277,MH / ΔW / feedback / ring,29,2,accuracy,3,0.33516666666666667,0.06783497131519503,0.2605,0.393
b729ad24b6b0,076ae68a5277,MH / ΔW / feedback / ring,29,3,accuracy,3,0.18766666666666668,0.03949789023901573,0.158,0.2325
b729ad24b6b0,076ae68a5277,MH / ΔW / feedback / ring,29,4,accuracy,3,0.23616666666666666,0.005507570547286093,0.2305,0.2415
b729ad24b6b0,076ae68a5277,MH / ΔW / feedback / ring,30,0,accuracy,3,0.25283333333333335,0.06356558293080725,0.191,0.318
b729ad24b6b0,076ae68a5277,MH / ΔW / feedback / ring,30,1,accuracy,3,0.353,0.12256018929489297,0.272,0.494
b729ad24b6b0,076ae68a5277,MH / ΔW / feedback / ring,30,2,accuracy,3,0.34750000000000003,0.04867494221876387,0.307,0.4015
b729ad24b6b0,076ae68a5277,MH / ΔW / feedback / ring,30,3,accuracy,3,0.18766666666666668,0.04151606114907016,0.161,0.2355
b729ad24b6b0,076ae68a5277,MH / ΔW / feedback / ring,30,4,accuracy,3,0.2245,0.008660254037844378,0.2195,0.2345
b729ad24b6b0,076ae68a5277,MH / ΔW / feedback / ring,31,0,accuracy,3,0.24566666666666667,0.06825015262498198,0.1775,0.314
b729ad24b6b0,076ae68a5277,MH / ΔW / feedback / ring,31,1,accuracy,3,0.3526666666666667,0.06468062564117119,0.306,0.4265
b729ad24b6b0,076ae68a5277,MH / ΔW / feedback / ring,31,2,accuracy,3,0.328,0.07154718722633337,0.255,0.398
b729ad24b6b0,076ae68a5277,MH / ΔW / feedback / ring,31,3,accuracy,3,0.195,0.035074919814591154,0.1675,0.2345
b729ad24b6b0,076ae68a5277,MH / ΔW / feedback / ring,31,4,accuracy,3,0.2195,0.01899999999999999,0.1985,0.2355
b729ad24b6b0,076ae68a5277,MH / ΔW / feedback / ring,32,0,accuracy,3,0.24683333333333332,0.07056970549274905,0.182,0.322
b729ad24b6b0,076ae68a5277,MH / ΔW / feedback / ring,32,1,accuracy,3,0.3388333333333333,0.10109690071081968,0.277,0.4555
b729ad24b6b0,076ae68a5277,MH / ΔW / feedback / ring,32,2,accuracy,3,0.33016666666666666,0.03467828331006789,0.304,0.3695
b729ad24b6b0,076ae68a5277,MH / ΔW / feedback / ring,32,3,accuracy,3,0.17216666666666666,0.05651179817819756,0.115,0.228
b729ad24b6b0,076ae68a5277,MH / ΔW / feedback / ring,32,4,accuracy,3,0.23266666666666666,0.013877439725444073,0.22,0.2475
b729ad24b6b0,076ae68a5277,MH / ΔW / feedback / ring,33,0,accuracy,3,0.24433333333333335,0.07700216447174282,0.167,0.321
b729ad24b6b0,076ae68a5277,MH / ΔW / feedback / ring,33,1,accuracy,3,0.36433333333333334,0.06760978725993251,0.3155,0.4415
b729ad24b6b0,076ae68a5277,MH / ΔW / feedback / ring,33,2,accuracy,3,0.3125,0.05269962049199215,0.255,0.3585
b729ad24b6b0,076ae68a5277,MH / ΔW / feedback / ring,33,3,accuracy,3,0.19316666666666665,0.05855410603308135,0.141,0.2565
b729ad24b6b0,076ae68a5277,MH / ΔW / feedback / ring,33,4,accuracy,3,0.23666666666666666,0.021733231083604056,0.212,0.253
b729ad24b6b0,076ae68a5277,MH / ΔW / feedback / ring,34,0,accuracy,3,0.2475,0.0723239241192014,0.188,0.328
b729ad24b6b0,076ae68a5277,MH / ΔW / feedback / ring,34,1,accuracy,3,0.3601666666666667,0.10900611603636436,0.2705,0.4815
b729ad24b6b0,076ae68a5277,MH / ΔW / feedback / ring,34,2,accuracy,3,0.34983333333333333,0.06079953398944216,0.2905,0.412
b729ad24b6b0,076ae68a5277,MH / ΔW / feedback / ring,34,3,accuracy,3,0.16783333333333333,0.06707520654707919,0.099,0.233
b729ad24b6b0,076ae68a5277,MH / ΔW / feedback / ring,34,4,accuracy,3,0.24216666666666667,0.010785793124908967,0.2345,0.2545
b729ad24b6b0,076ae68a5277,MH / ΔW / feedback / ring,35,0,accuracy,3,0.24483333333333335,0.08129319364702886,0.1695,0.331
b729ad24b6b0,076ae68a5277,MH / ΔW / feedback / ring,35,1,accuracy,3,0.35,0.05914600578230113,0.3105,0.418
b729ad24b6b0,076ae68a5277,MH / ΔW / feedback / ring,35,2,accuracy,3,0.349,0.036660605559646724,0.309,0.381
b729ad24b6b0,076ae68a5277,MH / ΔW / feedback / ring,35,3,accuracy,3,0.20483333333333334,0.039803684921541294,0.1775,0.2505
b729ad24b6b0,076ae68a5277,MH / ΔW / feedback / ring,35,4,accuracy,3,0.233,0.03459768778401239,0.197,0.266
b729ad24b6b0,076ae68a5277,MH / ΔW / feedback / ring,36,0,accuracy,3,0.24066666666666667,0.06275016600243646,0.178,0.3035
b729ad24b6b0,076ae68a5277,MH / ΔW / feedback / ring,36,1,accuracy,3,0.3525,0.07692691336586956,0.2955,0.44
b729ad24b6b0,076ae68a5277,MH / ΔW / feedback / ring,36,2,accuracy,3,0.31966666666666665,0.05757241816471958,0.2605,0.3755
b729ad24b6b0,076ae68a5277,MH / ΔW / feedback / ring,36,3,accuracy,3,0.1725,0.06532036435905728,0.1055,0.236
b729ad24b6b0,076ae68a5277,MH / ΔW / feedback / ring,36,4,accuracy,3,0.21766666666666667,0.03818813079129867,0.176,0.251
b729ad24b6b0,076ae68a5277,MH / ΔW / feedback / ring,37,0,accuracy,3,0.23316666666666666,0.08244139332479367,0.1685,0.326
b729ad24b6b0,076ae68a5277,MH / ΔW / feedback / ring,37,1,accuracy,3,0.3315,0.08266045003506815,0.254,0.4185
b729ad24b6b0,076ae68a5277,MH / ΔW / feedback / ring,37,2,accuracy,3,0.3456666666666667,0.024147118530651494,0.318,0.3625
b729ad24b6b0,076ae68a5277,MH / ΔW / feedback / ring,37,3,accuracy,3,0.17633333333333334,0.05101307022061438,0.13,0.231
b729ad24b6b0,076ae68a5277,MH / ΔW / feedback / ring,37,4,accuracy,3,0.23533333333333334,0.011557825631723867,0.222,0.2425
b729ad24b6b0,076ae68a5277,MH / ΔW / feedback / ring,38,0,accuracy,3,0.262,0.07053367989832943,0.197,0.337
b729ad24b6b0,076ae68a5277,MH / ΔW / feedback / ring,38,1,accuracy,3,0.3515,0.08266045003506817,0.296,0.4465
b729ad24b6b0,076ae68a5277,MH / ΔW / feedback / ring,38,2,accuracy,3,0.33466666666666667,0.04319818669033845,0.2955,0.381
b729ad24b6b0,076ae68a5277,MH / ΔW / feedback / ring,38,3,accuracy,3,0.18916666666666668,0.06197647403114615,0.1355,0.257
b729ad24b6b0,076ae68a5277,MH / ΔW / feedback / ring,38,4,accuracy,3,0.2385,0.00785811682275085,0.2315,0.247
b729ad24b6b0,076ae68a5277,MH / ΔW / feedback / ring,39,0,accuracy,3,0.23566666666666666,0.07801014891239046,0.1715,0.3225
b729ad24b6b0,076ae68a5277,MH / ΔW / feedback / ring,39,1,accuracy,3,0.36133333333333334,0.07657730299072522,0.3075,0.449
b729ad24b6b0,076ae68a5277,MH / ΔW / feedback / ring,39,2,accuracy,3,0.3575,0.04081360067428504,0.3105,0.384
b729ad24b6b0,076ae68a5277,MH / ΔW / feedback / ring,39,3,accuracy,3,0.18166666666666667,0.06129097269038347,0.1155,0.2365
b729ad24b6b0,076ae68a5277,MH / ΔW / feedback / ring,39,4,accuracy,3,0.2316666666666667,0.0005773502691896263,0.231,0.232
b729ad24b6b0,076ae68a5277,MH / ΔW / feedback / ring,40,0,accuracy,3,0.25066666666666665,0.07956496297575545,0.1755,0.334
b729ad24b6b0,076ae68a5277,MH / ΔW / feedback / ring,40,1,accuracy,3,0.3556666666666667,0.09230565168684599,0.268,0.452
b729ad24b6b0,076ae68a5277,MH / ΔW / feedback / ring,40,2,accuracy,3,0.3456666666666667,0.028936712552280933,0.327,0.379
b729ad24b6b0,076ae68a5277,MH / ΔW / feedback / ring,40,3,accuracy,3,0.18683333333333332,0.05638336042959246,0.139,0.249
b729ad24b6b0,076ae68a5277,MH / ΔW / feedback / ring,40,4,accuracy,3,0.23516666666666666,0.02241837044330684,0.2145,0.259
b729ad24b6b0,076ae68a5277,MH / ΔW / feedback / ring,41,0,accuracy,3,0.24166666666666667,0.07769384359994898,0.154,0.302
b729ad24b6b0,076ae68a5277,MH / ΔW / feedback / ring,41,1,accuracy,3,0.35333333333333333,0.08978632041315278,0.2895,0.456
b729ad24b6b0,076ae68a5277,MH / ΔW / feedback / ring,41,2,accuracy,3,0.34700000000000003,0.025558755838264106,0.3315,0.3765
b729ad24b6b0,076ae68a5277,MH / ΔW / feedback / ring,41,3,accuracy,3,0.20233333333333334,0.0403928624057931,0.1735,0.2485
b729ad24b6b0,076ae68a5277,MH / ΔW / feedback / ring,41,4,accuracy,3,0.247,0.010688779163215985,0.235,0.2555
b729ad24b6b0,076ae68a5277,MH / ΔW / feedback / ring,42,0,accuracy,3,0.2435,0.07086783473480758,0.166,0.305
b729ad24b6b0,076ae68a5277,MH / ΔW / feedback / ring,42,1,accuracy,3,0.3451666666666667,0.06810714597847521,0.2965,0.423
b729ad24b6b0,076ae68a5277,MH / ΔW / feedback / ring,42,2,accuracy,3,0.34600000000000003,0.04337337893224369,0.3185,0.396
b729ad24b6b0,076ae68a5277,MH / ΔW / feedback / ring,42,3,accuracy,3,0.17233333333333334,0.0720162018807805,0.091,0.228
b729ad24b6b0,076ae68a5277,MH / ΔW / feedback / ring,42,4,accuracy,3,0.22016666666666668,0.026764404221527763,0.1915,0.2445
b729ad24b6b0,076ae68a5277,MH / ΔW / feedback / ring,43,0,accuracy,3,0.25533333333333336,0.07654138314228019,0.172,0.3225
b729ad24b6b0,076ae68a5277,MH / ΔW / feedback / ring,43,1,accuracy,3,0.36983333333333335,0.0982373825655658,0.3065,0.483
b729ad24b6b0,076ae68a5277,MH / ΔW / feedback / ring,43,2,accuracy,3,0.3453333333333333,0.07227954989714126,0.262,0.391
b729ad24b6b0,076ae68a5277,MH / ΔW / feedback / ring,43,3,accuracy,3,0.18316666666666667,0.043377221364828494,0.151,0.2325
b729ad24b6b0,076ae68a5277,MH / ΔW / feedback / ring,43,4,accuracy,3,0.24333333333333335,0.016158073317488485,0.2255,0.257
b729ad24b6b0,076ae68a5277,MH / ΔW / feedback / ring,44,0,accuracy,3,0.23233333333333334,0.057075242735649685,0.1805,0.2935
b729ad24b6b0,076ae68a5277,MH / ΔW / feedback / ring,44,1,accuracy,3,0.3378333333333333,0.09954437871288029,0.26,0.45
b729ad24b6b0,076ae68a5277,MH / ΔW / feedback / ring,44,2,accuracy,3,0.357,0.047127486671792736,0.312,0.406
b729ad24b6b0,076ae68a5277,MH / ΔW / feedback / ring,44,3,accuracy,3,0.17833333333333334,0.06429878174066234,0.109,0.236
b729ad24b6b0,076ae68a5277,MH / ΔW / feedback / ring,44,4,accuracy,3,0.22733333333333333,0.019054745690597223,0.2075,0.2455
b729ad24b6b0,076ae68a5277,MH / ΔW / feedback / ring,45,0,accuracy,3,0.24283333333333335,0.06851338068825194,0.185,0.3185
b729ad24b6b0,076ae68a5277,MH / ΔW / feedback / ring,45,1,accuracy,3,0.363,0.08803834391899931,0.3025,0.464
b729ad24b6b0,076ae68a5277,MH / ΔW / feedback / ring,45,2,accuracy,3,0.33016666666666666,0.054848275573014464,0.2985,0.3935
b729ad24b6b0,076ae68a5277,MH / ΔW / feedback / ring,45,3,accuracy,3,0.1895,0.04330415684434924,0.164,0.2395
b729ad24b6b0,076ae68a5277,MH / ΔW / feedback / ring,45,4,accuracy,3,0.2475,0.018861336113860015,0.2265,0.263
b729ad24b6b0,076ae68a5277,MH / ΔW / feedback / ring,46,0,accuracy,3,0.22333333333333333,0.09046316008925033,0.1295,0.31
b729ad24b6b0,076ae68a5277,MH / ΔW / feedback / ring,46,1,accuracy,3,0.3468333333333333,0.10394990780820026,0.2695,0.465
b729ad24b6b0,076ae68a5277,MH / ΔW / feedback / ring,46,2,accuracy,3,0.3215,0.02831519026953554,0.2905,0.346
b729ad24b6b0,076ae68a5277,MH / ΔW / feedback / ring,46,3,accuracy,3,0.17266666666666666,0.07225706424518874,0.101,0.2455
b729ad24b6b0,076ae68a5277,MH / ΔW / feedback / ring,46,4,accuracy,3,0.22066666666666668,0.03000138885674017,0.1905,0.2505
b729ad24b6b0,076ae68a5277,MH / ΔW / feedback / ring,47,0,accuracy,3,0.26266666666666666,0.08035131195776042,0.17,0.313
b729ad24b6b0,076ae68a5277,MH / ΔW / feedback / ring,47,1,accuracy,3,0.394,0.06341726894151153,0.3525,0.467
b729ad24b6b0,076ae68a5277,MH / ΔW / feedback / ring,47,2,accuracy,3,0.3398333333333333,0.03638795588286506,0.308,0.3795
b729ad24b6b0,076ae68a5277,MH / ΔW / feedback / ring,47,3,accuracy,3,0.18783333333333332,0.04502314219746699,0.157,0.2395
b729ad24b6b0,076ae68a5277,MH / ΔW / feedback / ring,47,4,accuracy,3,0.23033333333333333,0.006825198409814417,0.223,0.2365
b729ad24b6b0,076ae68a5277,MH / ΔW / feedback / ring,48,0,accuracy,3,0.24183333333333332,0.06950059951779793,0.1725,0.3115
b729ad24b6b0,076ae68a5277,MH / ΔW / feedback / ring,48,1,accuracy,3,0.3526666666666667,0.06590207381663594,0.295,0.4245
b729ad24b6b0,076ae68a5277,MH / ΔW / feedback / ring,48,2,accuracy,3,0.32933333333333337,0.06996844526880196,0.2645,0.4035
b729ad24b6b0,076ae68a5277,MH / ΔW / feedback / ring,48,3,accuracy,3,0.185,0.048999999999999995,0.15,0.241
b729ad24b6b0,076ae68a5277,MH / ΔW / feedback / ring,48,4,accuracy,3,0.234,0.017542804792848834,0.2195,0.2535
b729ad24b6b0,076ae68a5277,MH / ΔW / feedback / ring,49,0,accuracy,3,0.251,0.06937038272923104,0.171,0.2945
b729ad24b6b0,076ae68a5277,MH / ΔW / feedback / ring,49,1,accuracy,3,0.36683333333333334,0.046990247215069336,0.337,0.421
b729ad24b6b0,076ae68a5277,MH / ΔW / feedback / ring,49,2,accuracy,3,0.30716666666666664,0.04229164614121011,0.266,0.3505
b729ad24b6b0,076ae68a5277,MH / ΔW / feedback / ring,49,3,accuracy,3,0.1855,0.057159863540774826,0.134,0.247
b729ad24b6b0,076ae68a5277,MH / ΔW / feedback / ring,49,4,accuracy,3,0.23866666666666667,0.011184066046538406,0.2265,0.2485
b729ad24b6b0,076ae68a5277,MH / ΔW / feedback / ring,50,0,accuracy,3,0.24133333333333334,0.06966766346974278,0.1655,0.3025
b729ad24b6b0,076ae68a5277,MH / ΔW / feedback / ring,50,1,accuracy,3,0.359,0.1064929575136309,0.2605,0.472
b729ad24b6b0,076ae68a5277,MH / ΔW / feedback / ring,50,2,accuracy,3,0.33699999999999997,0.043008720046055784,0.2885,0.3705
b729ad24b6b0,076ae68a5277,MH / ΔW / feedback / ring,50,3,accuracy,3,0.17783333333333332,0.06050068870131425,0.1175,0.2385
b729ad24b6b0,076ae68a5277,MH / ΔW / feedback / ring,50,4,accuracy,3,0.216,0.02235508890610815,0.195,0.2395
b729ad24b6b0,0bcde22a1ce1,FedAvg / factor zero-pad,1,0,accuracy,3,0.0195,0.024269322199023193,0.0045,0.0475
b729ad24b6b0,0bcde22a1ce1,FedAvg / factor zero-pad,1,1,accuracy,3,0.011166666666666667,0.004856267428111155,0.007,0.0165
b729ad24b6b0,0bcde22a1ce1,FedAvg / factor zero-pad,1,2,accuracy,3,0.014,0.008674675786448736,0.004,0.0195
b729ad24b6b0,0bcde22a1ce1,FedAvg / factor zero-pad,1,3,accuracy,3,0.0021666666666666666,0.0011547005383792516,0.0015,0.0035
b729ad24b6b0,0bcde22a1ce1,FedAvg / factor zero-pad,1,4,accuracy,3,0.0095,0.009260129588726067,0.0025,0.02
b729ad24b6b0,0bcde22a1ce1,FedAvg / factor zero-pad,2,0,accuracy,3,0.016,0.015874507866387545,0.004,0.034
b729ad24b6b0,0bcde22a1ce1,FedAvg / factor zero-pad,2,1,accuracy,3,0.010666666666666666,0.004193248541803041,0.008,0.0155
b729ad24b6b0,0bcde22a1ce1,FedAvg / factor zero-pad,2,2,accuracy,3,0.015,0.008789197915623471,0.005,0.0215
b729ad24b6b0,0bcde22a1ce1,FedAvg / factor zero-pad,2,3,accuracy,3,0.0016666666666666666,0.0024664414311581233,0.0,0.0045
b729ad24b6b0,0bcde22a1ce1,FedAvg / factor zero-pad,2,4,accuracy,3,0.009166666666666667,0.005619905100029122,0.003,0.014
b729ad24b6b0,0bcde22a1ce1,FedAvg / factor zero-pad,3,0,accuracy,3,0.013166666666666667,0.014459714151162647,0.002,0.0295
b729ad24b6b0,0bcde22a1ce1,FedAvg / factor zero-pad,3,1,accuracy,3,0.007833333333333335,0.004310839052125854,0.004,0.0125
b729ad24b6b0,0bcde22a1ce1,FedAvg / factor zero-pad,3,2,accuracy,3,0.016833333333333332,0.01109429282709508,0.005,0.027
b729ad24b6b0,0bcde22a1ce1,FedAvg / factor zero-pad,3,3,accuracy,3,0.003666666666666667,0.005923118547972287,0.0,0.0105
b729ad24b6b0,0bcde22a1ce1,FedAvg / factor zero-pad,3,4,accuracy,3,0.010166666666666666,0.00765397500213669,0.0055,0.019
b729ad24b6b0,0bcde22a1ce1,FedAvg / factor zero-pad,4,0,accuracy,3,0.0125,0.01285496013218244,0.0025,0.027
b729ad24b6b0,0bcde22a1ce1,FedAvg / factor zero-pad,4,1,accuracy,3,0.007833333333333333,0.004645786621588785,0.004,0.013
b729ad24b6b0,0bcde22a1ce1,FedAvg / factor zero-pad,4,2,accuracy,3,0.017333333333333333,0.0122508503106247,0.005,0.0295
b729ad24b6b0,0bcde22a1ce1,FedAvg / factor zero-pad,4,3,accuracy,3,0.0055,0.008660254037844387,0.0005,0.0155
b729ad24b6b0,0bcde22a1ce1,FedAvg / factor zero-pad,4,4,accuracy,3,0.011333333333333334,0.011015141094572203,0.004,0.024
b729ad24b6b0,0bcde22a1ce1,FedAvg / factor zero-pad,5,0,accuracy,3,0.011166666666666667,0.01109429282709508,0.002,0.0235
b729ad24b6b0,0bcde22a1ce1,FedAvg / factor zero-pad,5,1,accuracy,3,0.008,0.0052915026221291815,0.004,0.014
b729ad24b6b0,0bcde22a1ce1,FedAvg / factor zero-pad,5,2,accuracy,3,0.018,0.012257650672131262,0.0055,0.03
b729ad24b6b0,0bcde22a1ce1,FedAvg / factor zero-pad,5,3,accuracy,3,0.005,0.0078102496759066544,0.0,0.014
b729ad24b6b0,0bcde22a1ce1,FedAvg / factor zero-pad,5,4,accuracy,3,0.012,0.013444329659748752,0.0035,0.0275
b729ad24b6b0,0bcde22a1ce1,FedAvg / factor zero-pad,6,0,accuracy,3,0.011166666666666667,0.011814539065631522,0.002,0.0245
b729ad24b6b0,0bcde22a1ce1,FedAvg / factor zero-pad,6,1,accuracy,3,0.008166666666666666,0.005965176722724426,0.004,0.015
b729ad24b6b0,0bcde22a1ce1,FedAvg / factor zero-pad,6,2,accuracy,3,0.02,0.014309088021254185,0.005,0.0335
b729ad24b6b0,0bcde22a1ce1,FedAvg / factor zero-pad,6,3,accuracy,3,0.005166666666666667,0.008519585279421371,0.0,0.015
b729ad24b6b0,0bcde22a1ce1,FedAvg / factor zero-pad,6,4,accuracy,3,0.013166666666666667,0.01635797460975329,0.0025,0.032
b729ad24b6b0,0bcde22a1ce1,FedAvg / factor zero-pad,7,0,accuracy,3,0.010333333333333333,0.01077419757259599,0.002,0.0225
b729ad24b6b0,0bcde22a1ce1,FedAvg / factor zero-pad,7,1,accuracy,3,0.008,0.006946221994724902,0.0035,0.016
b729ad24b6b0,0bcde22a1ce1,FedAvg / factor zero-pad,7,2,accuracy,3,0.0205,0.01331352695569435,0.0065,0.033
b729ad24b6b0,0bcde22a1ce1,FedAvg / factor zero-pad,7,3,accuracy,3,0.0045,0.0073654599313281175,0.0,0.013
b729ad24b6b0,0bcde22a1ce1,FedAvg / factor zero-pad,7,4,accuracy,3,0.013499999999999998,0.01907878402833891,0.0015,0.0355
b729ad24b6b0,0bcde22a1ce1,FedAvg / factor zero-pad,8,0,accuracy,3,0.009833333333333333,0.010299676370320249,0.002,0.0215
b729ad24b6b0,0bcde22a1ce1,FedAvg / factor zero-pad,8,1,accuracy,3,0.008166666666666668,0.006825198409814424,0.0035,0.016
b729ad24b6b0,0bcde22a1ce1,FedAvg / factor zero-pad,8,2,accuracy,3,0.021166666666666667,0.014047538337136987,0.0065,0.0345
b729ad24b6b0,0bcde22a1ce1,FedAvg / factor zero-pad,8,3,accuracy,3,0.005333333333333333,0.00880814017448254,0.0,0.0155
b729ad24b6b0,0bcde22a1ce1,FedAvg / factor zero-pad,8,4,accuracy,3,0.013000000000000001,0.018634645153584227,0.0015,0.0345
b729ad24b6b0,0bcde22a1ce1,FedAvg / factor zero-pad,9,0,accuracy,3,0.009666666666666665,0.010323920443965719,0.0025,0.0215
b729ad24b6b0,0bcde22a1ce1,FedAvg / factor zero-pad,9,1,accuracy,3,0.009,0.007794228634059947,0.0045,0.018
b729ad24b6b0,0bcde22a1ce1,FedAvg / factor zero-pad,9,2,accuracy,3,0.02333333333333333,0.015494622723168618,0.0065,0.037
b729ad24b6b0,0bcde22a1ce1,FedAvg / factor zero-pad,9,3,accuracy,3,0.005333333333333333,0.00880814017448254,0.0,0.0155
b729ad24b6b0,0bcde22a1ce1,FedAvg / factor zero-pad,9,4,accuracy,3,0.014166666666666666,0.020653893902442058,0.0015,0.038
b729ad24b6b0,0bcde22a1ce1,FedAvg / factor zero-pad,10,0,accuracy,3,0.009666666666666667,0.009928914005737654,0.0025,0.021
b729ad24b6b0,0bcde22a1ce1,FedAvg / factor zero-pad,10,1,accuracy,3,0.009166666666666667,0.007234178138070237,0.0045,0.0175
b729ad24b6b0,0bcde22a1ce1,FedAvg / factor zero-pad,10,2,accuracy,3,0.024833333333333332,0.014935974468823027,0.008,0.0365
b729ad24b6b0,0bcde22a1ce1,FedAvg / factor zero-pad,10,3,accuracy,3,0.005333333333333334,0.00794250170496257,0.0005,0.0145
b729ad24b6b0,0bcde22a1ce1,FedAvg / factor zero-pad,10,4,accuracy,3,0.014666666666666666,0.02109699820669598,0.0015,0.039
b729ad24b6b0,0bcde22a1ce1,FedAvg / factor zero-pad,11,0,accuracy,3,0.009666666666666667,0.009464847243000457,0.003,0.0205
b729ad24b6b0,0bcde22a1ce1,FedAvg / factor zero-pad,11,1,accuracy,3,0.009000000000000001,0.007088723439378913,0.0035,0.017
b729ad24b6b0,0bcde22a1ce1,FedAvg / factor zero-pad,11,2,accuracy,3,0.025166666666666667,0.014977761292440647,0.0085,0.0375
b729ad24b6b0,0bcde22a1ce1,FedAvg / factor zero-pad,11,3,accuracy,3,0.0055,0.008231038816577163,0.0005,0.015
b729ad24b6b0,0bcde22a1ce1,FedAvg / factor zero-pad,11,4,accuracy,3,0.015833333333333335,0.022695447414257632,0.0015,0.042
b729ad24b6b0,0bcde22a1ce1,FedAvg / factor zero-pad,12,0,accuracy,3,0.009666666666666667,0.00854887906882144,0.004,0.0195
b729ad24b6b0,0bcde22a1ce1,FedAvg / factor zero-pad,12,1,accuracy,3,0.009333333333333334,0.007285830998131466,0.0035,0.0175
b729ad24b6b0,0bcde22a1ce1,FedAvg / factor zero-pad,12,2,accuracy,3,0.027666666666666666,0.01437300710823359,0.0115,0.039
b729ad24b6b0,0bcde22a1ce1,FedAvg / factor zero-pad,12,3,accuracy,3,0.004833333333333334,0.007505553499465135,0.0005,0.0135
b729ad24b6b0,0bcde22a1ce1,FedAvg / factor zero-pad,12,4,accuracy,3,0.016999999999999998,0.023059705115200408,0.0015,0.0435
b729ad24b6b0,0bcde22a1ce1,FedAvg / factor zero-pad,13,0,accuracy,3,0.009666666666666667,0.008098353742170895,0.0045,0.019
b729ad24b6b0,0bcde22a1ce1,FedAvg / factor zero-pad,13,1,accuracy,3,0.011666666666666665,0.007522189397597839,0.0045,0.0195
b729ad24b6b0,0bcde22a1ce1,FedAvg / factor zero-pad,13,2,accuracy,3,0.029666666666666668,0.013530828996529864,0.0145,0.0405
b729ad24b6b0,0bcde22a1ce1,FedAvg / factor zero-pad,13,3,accuracy,3,0.005333333333333333,0.008371578903249573,0.0005,0.015
b729ad24b6b0,0bcde22a1ce1,FedAvg / factor zero-pad,13,4,accuracy,3,0.020166666666666666,0.02494660965609021,0.0015,0.0485
b729ad24b6b0,0bcde22a1ce1,FedAvg / factor zero-pad,14,0,accuracy,3,0.0125,0.005678908345800273,0.0085,0.019
b729ad24b6b0,0bcde22a1ce1,FedAvg / factor zero-pad,14,1,accuracy,3,0.013833333333333333,0.008578072821638513,0.006,0.023
b729ad24b6b0,0bcde22a1ce1,FedAvg / factor zero-pad,14,2,accuracy,3,0.03283333333333333,0.011514483632943915,0.021,0.044
b729ad24b6b0,0bcde22a1ce1,FedAvg / factor zero-pad,14,3,accuracy,3,0.005,0.0073654599313281175,0.0005,0.0135
b729ad24b6b0,0bcde22a1ce1,FedAvg / factor zero-pad,14,4,accuracy,3,0.0225,0.026930466018990462,0.002,0.053
b729ad24b6b0,0bcde22a1ce1,FedAvg / factor zero-pad,15,0,accuracy,3,0.014666666666666666,0.0037527767497325666,0.0125,0.019
b729ad24b6b0,0bcde22a1ce1,FedAvg / factor zero-pad,15,1,accuracy,3,0.013833333333333333,0.008251262529657709,0.007,0.023
b729ad24b6b0,0bcde22a1ce1,FedAvg / factor zero-pad,15,2,accuracy,3,0.03933333333333333,0.009569918146637064,0.0315,0.05
b729ad24b6b0,0bcde22a1ce1,FedAvg / factor zero-pad,15,3,accuracy,3,0.005,0.0073654599313281175,0.0005,0.0135
b729ad24b6b0,0bcde22a1ce1,FedAvg / factor zero-pad,15,4,accuracy,3,0.025333333333333333,0.025794056162870803,0.004,0.054
b729ad24b6b0,0bcde22a1ce1,FedAvg / factor zero-pad,16,0,accuracy,3,0.017166666666666667,0.004752192476461083,0.0125,0.022
b729ad24b6b0,0bcde22a1ce1,FedAvg / factor zero-pad,16,1,accuracy,3,0.015333333333333334,0.00860716755578357,0.0085,0.025
b729ad24b6b0,0bcde22a1ce1,FedAvg / factor zero-pad,16,2,accuracy,3,0.042166666666666665,0.009385272150200725,0.0365,0.053
b729ad24b6b0,0bcde22a1ce1,FedAvg / factor zero-pad,16,3,accuracy,3,0.004666666666666667,0.006350852961085883,0.001,0.012
b729ad24b6b0,0bcde22a1ce1,FedAvg / factor zero-pad,16,4,accuracy,3,0.027666666666666666,0.025324559884296775,0.005,0.055
b729ad24b6b0,0bcde22a1ce1,FedAvg / factor zero-pad,17,0,accuracy,3,0.018833333333333334,0.006370504951205464,0.0115,0.023
b729ad24b6b0,0bcde22a1ce1,FedAvg / factor zero-pad,17,1,accuracy,3,0.017833333333333333,0.009569918146637062,0.009,0.028
b729ad24b6b0,0bcde22a1ce1,FedAvg / factor zero-pad,17,2,accuracy,3,0.04633333333333333,0.012573119475028196,0.0365,0.0605
b729ad24b6b0,0bcde22a1ce1,FedAvg / factor zero-pad,17,3,accuracy,3,0.004666666666666666,0.005965176722724426,0.0005,0.0115
b729ad24b6b0,0bcde22a1ce1,FedAvg / factor zero-pad,17,4,accuracy,3,0.030833333333333334,0.02526031142589761,0.006,0.0565
b729ad24b6b0,0bcde22a1ce1,FedAvg / factor zero-pad,18,0,accuracy,3,0.022333333333333334,0.008326663997864532,0.013,0.029
b729ad24b6b0,0bcde22a1ce1,FedAvg / factor zero-pad,18,1,accuracy,3,0.0205,0.009759610647971567,0.011,0.0305
b729ad24b6b0,0bcde22a1ce1,FedAvg / factor zero-pad,18,2,accuracy,3,0.0475,0.015612494995995995,0.035,0.065
b729ad24b6b0,0bcde22a1ce1,FedAvg / factor zero-pad,18,3,accuracy,3,0.005166666666666667,0.006370504951205464,0.001,0.0125
b729ad24b6b0,0bcde22a1ce1,FedAvg / factor zero-pad,18,4,accuracy,3,0.034166666666666665,0.02759679933132343,0.008,0.063
b729ad24b6b0,0bcde22a1ce1,FedAvg / factor zero-pad,19,0,accuracy,3,0.025166666666666667,0.011729592206608607,0.012,0.0345
b729ad24b6b0,0bcde22a1ce1,FedAvg / factor zero-pad,19,1,accuracy,3,0.025333333333333333,0.009438396756511848,0.015,0.0335
b729ad24b6b0,0bcde22a1ce1,FedAvg / factor zero-pad,19,2,accuracy,3,0.0525,0.01887458608817687,0.035,0.0725
b729ad24b6b0,0bcde22a1ce1,FedAvg / factor zero-pad,19,3,accuracy,3,0.005166666666666667,0.005965176722724427,0.001,0.012
b729ad24b6b0,0bcde22a1ce1,FedAvg / factor zero-pad,19,4,accuracy,3,0.036000000000000004,0.02833284313301438,0.009,0.0655
b729ad24b6b0,0bcde22a1ce1,FedAvg / factor zero-pad,20,0,accuracy,3,0.027,0.012619429464123963,0.0135,0.0385
b729ad24b6b0,0bcde22a1ce1,FedAvg / factor zero-pad,20,1,accuracy,3,0.031,0.009539392014169458,0.022,0.041
b729ad24b6b0,0bcde22a1ce1,FedAvg / factor zero-pad,20,2,accuracy,3,0.055,0.024140215409146622,0.0325,0.0805
b729ad24b6b0,0bcde22a1ce1,FedAvg / factor zero-pad,20,3,accuracy,3,0.005166666666666667,0.005057996968497839,0.002,0.011
b729ad24b6b0,0bcde22a1ce1,FedAvg / factor zero-pad,20,4,accuracy,3,0.03716666666666667,0.026750389405265362,0.0105,0.064
b729ad24b6b0,0bcde22a1ce1,FedAvg / factor zero-pad,21,0,accuracy,3,0.03183333333333333,0.012553220038433698,0.02,0.045
b729ad24b6b0,0bcde22a1ce1,FedAvg / factor zero-pad,21,1,accuracy,3,0.034166666666666665,0.008326663997864529,0.0275,0.0435
b729ad24b6b0,0bcde22a1ce1,FedAvg / factor zero-pad,21,2,accuracy,3,0.05433333333333333,0.023544284515213735,0.03,0.077
b729ad24b6b0,0bcde22a1ce1,FedAvg / factor zero-pad,21,3,accuracy,3,0.006,0.0043588989435406735,0.003,0.011
b729ad24b6b0,0bcde22a1ce1,FedAvg / factor zero-pad,21,4,accuracy,3,0.03716666666666667,0.023485811319461234,0.012,0.0585
b729ad24b6b0,0bcde22a1ce1,FedAvg / factor zero-pad,22,0,accuracy,3,0.034833333333333334,0.01643421228210629,0.021,0.053
b729ad24b6b0,0bcde22a1ce1,FedAvg / factor zero-pad,22,1,accuracy,3,0.037,0.006614378277661474,0.032,0.0445
b729ad24b6b0,0bcde22a1ce1,FedAvg / factor zero-pad,22,2,accuracy,3,0.05733333333333333,0.02222798536380059,0.0335,0.0775
b729ad24b6b0,0bcde22a1ce1,FedAvg / factor zero-pad,22,3,accuracy,3,0.006,0.0039051248379533277,0.0035,0.0105
b729ad24b6b0,0bcde22a1ce1,FedAvg / factor zero-pad,22,4,accuracy,3,0.036500000000000005,0.021777281740382567,0.0125,0.055
b729ad24b6b0,0bcde22a1ce1,FedAvg / factor zero-pad,23,0,accuracy,3,0.035833333333333335,0.01654035469188413,0.023,0.0545
b729ad24b6b0,0bcde22a1ce1,FedAvg / factor zero-pad,23,1,accuracy,3,0.04083333333333333,0.009291573243177571,0.0305,0.0485
b729ad24b6b0,0bcde22a1ce1,FedAvg / factor zero-pad,23,2,accuracy,3,0.058833333333333335,0.021079215671683173,0.0355,0.0765
b729ad24b6b0,0bcde22a1ce1,FedAvg / factor zero-pad,23,3,accuracy,3,0.005666666666666667,0.002466441431158124,0.004,0.0085
b729ad24b6b0,0bcde22a1ce1,FedAvg / factor zero-pad,23,4,accuracy,3,0.0375,0.021266170318136737,0.0135,0.054
b729ad24b6b0,0bcde22a1ce1,FedAvg / factor zero-pad,24,0,accuracy,3,0.0355,0.01520690632574555,0.0255,0.053
b729ad24b6b0,0bcde22a1ce1,FedAvg / factor zero-pad,24,1,accuracy,3,0.04,0.009643650760992953,0.029,0.047
b729ad24b6b0,0bcde22a1ce1,FedAvg / factor zero-pad,24,2,accuracy,3,0.058833333333333335,0.01844812546936228,0.0385,0.0745
b729ad24b6b0,0bcde22a1ce1,FedAvg / factor zero-pad,24,3,accuracy,3,0.0055,0.0017320508075688774,0.0045,0.0075
b729ad24b6b0,0bcde22a1ce1,FedAvg / factor zero-pad,24,4,accuracy,3,0.038,0.02038994850410368,0.0145,0.051
b729ad24b6b0,0bcde22a1ce1,FedAvg / factor zero-pad,25,0,accuracy,3,0.036,0.017755280904564706,0.0255,0.0565
b729ad24b6b0,0bcde22a1ce1,FedAvg / factor zero-pad,25,1,accuracy,3,0.043666666666666666,0.011184066046538411,0.0315,0.0535
b729ad24b6b0,0bcde22a1ce1,FedAvg / factor zero-pad,25,2,accuracy,3,0.061,0.019215878850575636,0.039,0.0745
b729ad24b6b0,0bcde22a1ce1,FedAvg / factor zero-pad,25,3,accuracy,3,0.005166666666666667,0.0016072751268321594,0.004,0.007
b729ad24b6b0,0bcde22a1ce1,FedAvg / factor zero-pad,25,4,accuracy,3,0.03966666666666667,0.0196871362400257,0.017,0.0525
b729ad24b6b0,0bcde22a1ce1,FedAvg / factor zero-pad,26,0,accuracy,3,0.03783333333333333,0.020139099615755746,0.0245,0.061
b729ad24b6b0,0bcde22a1ce1,FedAvg / factor zero-pad,26,1,accuracy,3,0.044,0.010688779163215974,0.032,0.0525
b729ad24b6b0,0bcde22a1ce1,FedAvg / factor zero-pad,26,2,accuracy,3,0.06316666666666666,0.017904841058588965,0.0425,0.074
b729ad24b6b0,0bcde22a1ce1,FedAvg / factor zero-pad,26,3,accuracy,3,0.0055,0.0021794494717703367,0.004,0.008
b729ad24b6b0,0bcde22a1ce1,FedAvg / factor zero-pad,26,4,accuracy,3,0.041166666666666664,0.022250468159868756,0.0155,0.055
b729ad24b6b0,0bcde22a1ce1,FedAvg / factor zero-pad,27,0,accuracy,3,0.04083333333333333,0.023094010767585032,0.0275,0.0675
b729ad24b6b0,0bcde22a1ce1,FedAvg / factor zero-pad,27,1,accuracy,3,0.043666666666666666,0.009928914005737652,0.0325,0.0515
b729ad24b6b0,0bcde22a1ce1,FedAvg / factor zero-pad,27,2,accuracy,3,0.0655,0.01705872210923198,0.0465,0.0795
b729ad24b6b0,0bcde22a1ce1,FedAvg / factor zero-pad,27,3,accuracy,3,0.006333333333333333,0.004163331998932265,0.003,0.011
b729ad24b6b0,0bcde22a1ce1,FedAvg / factor zero-pad,27,4,accuracy,3,0.03983333333333333,0.019788464653260326,0.017,0.052
b729ad24b6b0,0bcde22a1ce1,FedAvg / factor zero-pad,28,0,accuracy,3,0.03816666666666667,0.01904162107944944,0.025,0.06
b729ad24b6b0,0bcde22a1ce1,FedAvg / factor zero-pad,28,1,accuracy,3,0.043833333333333335,0.01075096894858009,0.032,0.053
b729ad24b6b0,0bcde22a1ce1,FedAvg / factor zero-pad,28,2,accuracy,3,0.0665,0.01446547614148943,0.05,0.077
b729ad24b6b0,0bcde22a1ce1,FedAvg / factor zero-pad,28,3,accuracy,3,0.007,0.006144102863722254,0.0025,0.014
b729ad24b6b0,0bcde22a1ce1,FedAvg / factor zero-pad,28,4,accuracy,3,0.03883333333333334,0.01892308995204888,0.017,0.0505
b729ad24b6b0,0bcde22a1ce1,FedAvg / factor zero-pad,29,0,accuracy,3,0.0375,0.018048545647780048,0.024,0.058
b729ad24b6b0,0bcde22a1ce1,FedAvg / factor zero-pad,29,1,accuracy,3,0.04583333333333334,0.011449162997063729,0.033,0.055
b729ad24b6b0,0bcde22a1ce1,FedAvg / factor zero-pad,29,2,accuracy,3,0.068,0.015620499351813307,0.05,0.078
b729ad24b6b0,0bcde22a1ce1,FedAvg / factor zero-pad,29,3,accuracy,3,0.006500000000000001,0.006946221994724903,0.002,0.0145
b729ad24b6b0,0bcde22a1ce1,FedAvg / factor zero-pad,29,4,accuracy,3,0.03766666666666667,0.01709775813764288,0.018,0.049
b729ad24b6b0,0bcde22a1ce1,FedAvg / factor zero-pad,30,0,accuracy,3,0.038,0.01851350858157362,0.0225,0.0585
b729ad24b6b0,0bcde22a1ce1,FedAvg / factor zero-pad,30,1,accuracy,3,0.0465,0.010583005244258361,0.0345,0.0545
b729ad24b6b0,0bcde22a1ce1,FedAvg / factor zero-pad,30,2,accuracy,3,0.06783333333333333,0.014285773809399802,0.0515,0.078
b729ad24b6b0,0bcde22a1ce1,FedAvg / factor zero-pad,30,3,accuracy,3,0.006833333333333334,0.0066395280956806964,0.003,0.0145
b729ad24b6b0,0bcde22a1ce1,FedAvg / factor zero-pad,30,4,accuracy,3,0.039,0.016116761461286197,0.0205,0.05
b729ad24b6b0,0bcde22a1ce1,FedAvg / factor zero-pad,31,0,accuracy,3,0.037333333333333336,0.01872387068245595,0.0215,0.058
b729ad24b6b0,0bcde22a1ce1,FedAvg / factor zero-pad,31,1,accuracy,3,0.04783333333333333,0.010610529361598005,0.036,0.0565
b729ad24b6b0,0bcde22a1ce1,FedAvg / factor zero-pad,31,2,accuracy,3,0.06716666666666667,0.011150485789118486,0.0545,0.0755
b729ad24b6b0,0bcde22a1ce1,FedAvg / factor zero-pad,31,3,accuracy,3,0.007833333333333333,0.005859465277082316,0.0035,0.0145
b729ad24b6b0,0bcde22a1ce1,FedAvg / factor zero-pad,31,4,accuracy,3,0.04033333333333333,0.01640375973163876,0.0215,0.0515
b729ad24b6b0,0bcde22a1ce1,FedAvg / factor zero-pad,32,0,accuracy,3,0.03833333333333333,0.01846844155128779,0.0255,0.0595
b729ad24b6b0,0bcde22a1ce1,FedAvg / factor zero-pad,32,1,accuracy,3,0.048666666666666664,0.00982768199187038,0.0375,0.056
b729ad24b6b0,0bcde22a1ce1,FedAvg / factor zero-pad,32,2,accuracy,3,0.06416666666666666,0.010299676370320249,0.0545,0.075
b729ad24b6b0,0bcde22a1ce1,FedAvg / factor zero-pad,32,3,accuracy,3,0.008,0.005766281297335398,0.0035,0.0145
b729ad24b6b0,0bcde22a1ce1,FedAvg / factor zero-pad,32,4,accuracy,3,0.044833333333333336,0.01758076600530629,0.025,0.0585
b729ad24b6b0,0bcde22a1ce1,FedAvg / factor zero-pad,33,0,accuracy,3,0.04033333333333333,0.019328303943526276,0.027,0.0625
b729ad24b6b0,0bcde22a1ce1,FedAvg / factor zero-pad,33,1,accuracy,3,0.052000000000000005,0.00998749217771909,0.0405,0.0585
b729ad24b6b0,0bcde22a1ce1,FedAvg / factor zero-pad,33,2,accuracy,3,0.06233333333333333,0.0087368949480541,0.055,0.072
b729ad24b6b0,0bcde22a1ce1,FedAvg / factor zero-pad,33,3,accuracy,3,0.007833333333333335,0.004310839052125854,0.004,0.0125
b729ad24b6b0,0bcde22a1ce1,FedAvg / factor zero-pad,33,4,accuracy,3,0.049166666666666664,0.020033305601755626,0.0265,0.0645
b729ad24b6b0,0bcde22a1ce1,FedAvg / factor zero-pad,34,0,accuracy,3,0.041,0.01789553016817328,0.0285,0.0615
b729ad24b6b0,0bcde22a1ce1,FedAvg / factor zero-pad,34,1,accuracy,3,0.05366666666666667,0.009712534856222312,0.043,0.062
b729ad24b6b0,0bcde22a1ce1,FedAvg / factor zero-pad,34,2,accuracy,3,0.059500000000000004,0.008544003745317535,0.0515,0.0685
b729ad24b6b0,0bcde22a1ce1,FedAvg / factor zero-pad,34,3,accuracy,3,0.007666666666666666,0.0030550504633038928,0.005,0.011
b729ad24b6b0,0bcde22a1ce1,FedAvg / factor zero-pad,34,4,accuracy,3,0.052500000000000005,0.020536552777912852,0.029,0.067
b729ad24b6b0,0bcde22a1ce1,FedAvg / factor zero-pad,35,0,accuracy,3,0.04466666666666666,0.023623787446836995,0.027,0.0715
b729ad24b6b0,0bcde22a1ce1,FedAvg / factor zero-pad,35,1,accuracy,3,0.05483333333333333,0.010004165798972614,0.045,0.065
b729ad24b6b0,0bcde22a1ce1,FedAvg / factor zero-pad,35,2,accuracy,3,0.058166666666666665,0.005107184482014855,0.0545,0.064
b729ad24b6b0,0bcde22a1ce1,FedAvg / factor zero-pad,35,3,accuracy,3,0.006,0.0013228756555322956,0.0045,0.007
b729ad24b6b0,0bcde22a1ce1,FedAvg / factor zero-pad,35,4,accuracy,3,0.0535,0.01952562418976664,0.031,0.066
b729ad24b6b0,0bcde22a1ce1,FedAvg / factor zero-pad,36,0,accuracy,3,0.04766666666666666,0.025250412537884074,0.0295,0.0765
b729ad24b6b0,0bcde22a1ce1,FedAvg / factor zero-pad,36,1,accuracy,3,0.0555,0.010331989159885915,0.046,0.0665
b729ad24b6b0,0bcde22a1ce1,FedAvg / factor zero-pad,36,2,accuracy,3,0.05616666666666666,0.005965176722724428,0.052,0.063
b729ad24b6b0,0bcde22a1ce1,FedAvg / factor zero-pad,36,3,accuracy,3,0.005833333333333333,0.002753785273643051,0.004,0.009
b729ad24b6b0,0bcde22a1ce1,FedAvg / factor zero-pad,36,4,accuracy,3,0.05366666666666667,0.02064784088793144,0.03,0.068
b729ad24b6b0,0bcde22a1ce1,FedAvg / factor zero-pad,37,0,accuracy,3,0.051500000000000004,0.02513463745511361,0.0325,0.08
b729ad24b6b0,0bcde22a1ce1,FedAvg / factor zero-pad,37,1,accuracy,3,0.05583333333333333,0.013549292724468443,0.043,0.07
b729ad24b6b0,0bcde22a1ce1,FedAvg / factor zero-pad,37,2,accuracy,3,0.05366666666666667,0.007094598884597588,0.046,0.06
b729ad24b6b0,0bcde22a1ce1,FedAvg / factor zero-pad,37,3,accuracy,3,0.005833333333333334,0.0036170890690351174,0.0035,0.01
b729ad24b6b0,0bcde22a1ce1,FedAvg / factor zero-pad,37,4,accuracy,3,0.057,0.021254411306832283,0.0325,0.0705
b729ad24b6b0,0bcde22a1ce1,FedAvg / factor zero-pad,38,0,accuracy,3,0.053,0.025342651794948375,0.033,0.0815
b729ad24b6b0,0bcde22a1ce1,FedAvg / factor zero-pad,38,1,accuracy,3,0.05583333333333333,0.012352462642458524,0.0445,0.069
b729ad24b6b0,0bcde22a1ce1,FedAvg / factor zero-pad,38,2,accuracy,3,0.052333333333333336,0.007285830998131467,0.044,0.0575
b729ad24b6b0,0bcde22a1ce1,FedAvg / factor zero-pad,38,3,accuracy,3,0.005666666666666667,0.0037859388972001826,0.003,0.01
b729ad24b6b0,0bcde22a1ce1,FedAvg / factor zero-pad,38,4,accuracy,3,0.0565,0.022197972880423113,0.031,0.0715
b729ad24b6b0,0bcde22a1ce1,FedAvg / factor zero-pad,39,0,accuracy,3,0.05383333333333334,0.022149115858953225,0.0345,0.078
b729ad24b6b0,0bcde22a1ce1,FedAvg / factor zero-pad,39,1,accuracy,3,0.05683333333333333,0.009802210635021744,0.0465,0.066
b729ad24b6b0,0bcde22a1ce1,FedAvg / factor zero-pad,39,2,accuracy,3,0.051333333333333335,0.005686240703077328,0.045,0.056
b729ad24b6b0,0bcde22a1ce1,FedAvg / factor zero-pad,39,3,accuracy,3,0.005,0.004330127018922193,0.0025,0.01
b729ad24b6b0,0bcde22a1ce1,FedAvg / factor zero-pad,39,4,accuracy,3,0.057166666666666664,0.024846193538112293,0.0285,0.0725
b729ad24b6b0,0bcde22a1ce1,FedAvg / factor zero-pad,40,0,accuracy,3,0.05483333333333333,0.022496295991414526,0.0345,0.079
b729ad24b6b0,0bcde22a1ce1,FedAvg / factor zero-pad,40,1,accuracy,3,0.058833333333333335,0.008751190395216718,0.05,0.0675
b729ad24b6b0,0bcde22a1ce1,FedAvg / factor zero-pad,40,2,accuracy,3,0.049,0.008351646544245033,0.04,0.0565
b729ad24b6b0,0bcde22a1ce1,FedAvg / factor zero-pad,40,3,accuracy,3,0.004833333333333334,0.00404145188432738,0.0025,0.0095
b729ad24b6b0,0bcde22a1ce1,FedAvg / factor zero-pad,40,4,accuracy,3,0.05633333333333333,0.02287101513561069,0.0305,0.074
b729ad24b6b0,0bcde22a1ce1,FedAvg / factor zero-pad,41,0,accuracy,3,0.05633333333333333,0.02330414841467788,0.0355,0.0815
b729ad24b6b0,0bcde22a1ce1,FedAvg / factor zero-pad,41,1,accuracy,3,0.0585,0.00871779788708135,0.0525,0.0685
b729ad24b6b0,0bcde22a1ce1,FedAvg / factor zero-pad,41,2,accuracy,3,0.046,0.01021028892833107,0.038,0.0575
b729ad24b6b0,0bcde22a1ce1,FedAvg / factor zero-pad,41,3,accuracy,3,0.005,0.0043588989435406735,0.002,0.01
b729ad24b6b0,0bcde22a1ce1,FedAvg / factor zero-pad,41,4,accuracy,3,0.05583333333333333,0.022120880030716075,0.0325,0.0765
b729ad24b6b0,0bcde22a1ce1,FedAvg / factor zero-pad,42,0,accuracy,3,0.058666666666666666,0.02581827518122257,0.0355,0.0865
b729ad24b6b0,0bcde22a1ce1,FedAvg / factor zero-pad,42,1,accuracy,3,0.059333333333333335,0.00843109324662783,0.0535,0.069
b729ad24b6b0,0bcde22a1ce1,FedAvg / factor zero-pad,42,2,accuracy,3,0.044833333333333336,0.010680979980008078,0.037,0.057
b729ad24b6b0,0bcde22a1ce1,FedAvg / factor zero-pad,42,3,accuracy,3,0.005666666666666666,0.004856267428111155,0.0015,0.011
b729ad24b6b0,0bcde22a1ce1,FedAvg / factor zero-pad,42,4,accuracy,3,0.05616666666666667,0.02153098542411223,0.034,0.077
b729ad24b6b0,0bcde22a1ce1,FedAvg / factor zero-pad,43,0,accuracy,3,0.058833333333333335,0.024971650592889,0.036,0.0855
b729ad24b6b0,0bcde22a1ce1,FedAvg / factor zero-pad,43,1,accuracy,3,0.06083333333333333,0.009699656351300972,0.0545,0.072
b729ad24b6b0,0bcde22a1ce1,FedAvg / factor zero-pad,43,2,accuracy,3,0.04066666666666667,0.01336350752360073,0.0315,0.056
b729ad24b6b0,0bcde22a1ce1,FedAvg / factor zero-pad,43,3,accuracy,3,0.006166666666666667,0.005033222956847166,0.0015,0.0115
b729ad24b6b0,0bcde22a1ce1,FedAvg / factor zero-pad,43,4,accuracy,3,0.059333333333333335,0.021830788655780014,0.0365,0.08
b729ad24b6b0,0bcde22a1ce1,FedAvg / factor zero-pad,44,0,accuracy,3,0.05983333333333333,0.02586664518899452,0.0355,0.087
b729ad24b6b0,0bcde22a1ce1,FedAvg / factor zero-pad,44,1,accuracy,3,0.06266666666666666,0.01129527924990495,0.052,0.0745
b729ad24b6b0,0bcde22a1ce1,FedAvg / factor zero-pad,44,2,accuracy,3,0.04083333333333333,0.011877850535064554,0.033,0.0545
b729ad24b6b0,0bcde22a1ce1,FedAvg / factor zero-pad,44,3,accuracy,3,0.007833333333333333,0.004856267428111155,0.0025,0.012
b729ad24b6b0,0bcde22a1ce1,FedAvg / factor zero-pad,44,4,accuracy,3,0.059666666666666666,0.02230657601097339,0.0365,0.081
b729ad24b6b0,0bcde22a1ce1,FedAvg / factor zero-pad,45,0,accuracy,3,0.059666666666666666,0.02753785273643051,0.033,0.088
b729ad24b6b0,0bcde22a1ce1,FedAvg / factor zero-pad,45,1,accuracy,3,0.0635,0.01261942946412396,0.0495,0.074
b729ad24b6b0,0bcde22a1ce1,FedAvg / factor zero-pad,45,2,accuracy,3,0.042333333333333334,0.010115993936995681,0.036,0.054
b729ad24b6b0,0bcde22a1ce1,FedAvg / factor zero-pad,45,3,accuracy,3,0.007833333333333335,0.004618802153517006,0.0025,0.0105
b729ad24b6b0,0bcde22a1ce1,FedAvg / factor zero-pad,45,4,accuracy,3,0.058333333333333334,0.02142623003081348,0.0355,0.078
b729ad24b6b0,0bcde22a1ce1,FedAvg / factor zero-pad,46,0,accuracy,3,0.059,0.02825331838917333,0.031,0.0875
b729ad24b6b0,0bcde22a1ce1,FedAvg / factor zero-pad,46,1,accuracy,3,0.06216666666666667,0.01496941325948794,0.045,0.0725
b729ad24b6b0,0bcde22a1ce1,FedAvg / factor zero-pad,46,2,accuracy,3,0.043666666666666666,0.00854887906882144,0.038,0.0535
b729ad24b6b0,0bcde22a1ce1,FedAvg / factor zero-pad,46,3,accuracy,3,0.008,0.0052915026221291815,0.002,0.012
b729ad24b6b0,0bcde22a1ce1,FedAvg / factor zero-pad,46,4,accuracy,3,0.0575,0.02111279233071741,0.0345,0.076
b729ad24b6b0,0bcde22a1ce1,FedAvg / factor zero-pad,47,0,accuracy,3,0.05733333333333333,0.028505847353364772,0.0285,0.0855
b729ad24b6b0,0bcde22a1ce1,FedAvg / factor zero-pad,47,1,accuracy,3,0.06416666666666666,0.015750661361775678,0.046,0.074
b729ad24b6b0,0bcde22a1ce1,FedAvg / factor zero-pad,47,2,accuracy,3,0.043833333333333335,0.00880814017448254,0.0385,0.054
b729ad24b6b0,0bcde22a1ce1,FedAvg / factor zero-pad,47,3,accuracy,3,0.008833333333333334,0.005204164998665332,0.003,0.013
b729ad24b6b0,0bcde22a1ce1,FedAvg / factor zero-pad,47,4,accuracy,3,0.058333333333333334,0.021073284825421337,0.0345,0.0745
b729ad24b6b0,0bcde22a1ce1,FedAvg / factor zero-pad,48,0,accuracy,3,0.0585,0.02805352027821108,0.0295,0.0855
b729ad24b6b0,0bcde22a1ce1,FedAvg / factor zero-pad,48,1,accuracy,3,0.06366666666666666,0.01511897262823547,0.0465,0.075
b729ad24b6b0,0bcde22a1ce1,FedAvg / factor zero-pad,48,2,accuracy,3,0.044833333333333336,0.007505553499465133,0.0405,0.0535
b729ad24b6b0,0bcde22a1ce1,FedAvg / factor zero-pad,48,3,accuracy,3,0.008333333333333333,0.005107184482014854,0.0025,0.012
b729ad24b6b0,0bcde22a1ce1,FedAvg / factor zero-pad,48,4,accuracy,3,0.057499999999999996,0.01983053201505194,0.0355,0.074
b729ad24b6b0,0bcde22a1ce1,FedAvg / factor zero-pad,49,0,accuracy,3,0.059166666666666666,0.03000138885674017,0.029,0.089
b729ad24b6b0,0bcde22a1ce1,FedAvg / factor zero-pad,49,1,accuracy,3,0.06333333333333334,0.014091959882618646,0.0475,0.0745
b729ad24b6b0,0bcde22a1ce1,FedAvg / factor zero-pad,49,2,accuracy,3,0.04466666666666667,0.008220908303425683,0.0385,0.054
b729ad24b6b0,0bcde22a1ce1,FedAvg / factor zero-pad,49,3,accuracy,3,0.008666666666666666,0.005392896562454479,0.0025,0.0125
b729ad24b6b0,0bcde22a1ce1,FedAvg / factor zero-pad,49,4,accuracy,3,0.06,0.019576771950451894,0.038,0.0755
b729ad24b6b0,0bcde22a1ce1,FedAvg / factor zero-pad,50,0,accuracy,3,0.05766666666666667,0.027759382798133923,0.0295,0.085
b729ad24b6b0,0bcde22a1ce1,FedAvg / factor zero-pad,50,1,accuracy,3,0.06283333333333334,0.012003471720020559,0.049,0.0705
b729ad24b6b0,0bcde22a1ce1,FedAvg / factor zero-pad,50,2,accuracy,3,0.046,0.0070887234393789125,0.0405,0.054
b729ad24b6b0,0bcde22a1ce1,FedAvg / factor zero-pad,50,3,accuracy,3,0.008166666666666668,0.005131601439446885,0.0025,0.0125
b729ad24b6b0,0bcde22a1ce1,FedAvg / factor zero-pad,50,4,accuracy,3,0.06066666666666667,0.017609183210283583,0.0405,0.073
b729ad24b6b0,0eac0e17d3ed,FedAvg / ΔW,1,0,accuracy,3,0.015166666666666665,0.018085445345175585,0.0035,0.036
b729ad24b6b0,0eac0e17d3ed,FedAvg / ΔW,1,1,accuracy,3,0.0095,0.008261355820929153,0.004,0.019
b729ad24b6b0,0eac0e17d3ed,FedAvg / ΔW,1,2,accuracy,3,0.0175,0.004092676385936226,0.013,0.021
b729ad24b6b0,0eac0e17d3ed,FedAvg / ΔW,1,3,accuracy,3,0.0018333333333333333,0.0007637626158259734,0.001,0.0025
b729ad24b6b0,0eac0e17d3ed,FedAvg / ΔW,1,4,accuracy,3,0.0075,0.0037749172176353746,0.0035,0.011
b729ad24b6b0,0eac0e17d3ed,FedAvg / ΔW,2,0,accuracy,3,0.0095,0.0026457513110645908,0.0065,0.0115
b729ad24b6b0,0eac0e17d3ed,FedAvg / ΔW,2,1,accuracy,3,0.007,0.004444097208657794,0.0035,0.012
b729ad24b6b0,0eac0e17d3ed,FedAvg / ΔW,2,2,accuracy,3,0.021333333333333333,0.006825198409814423,0.0135,0.026
b729ad24b6b0,0eac0e17d3ed,FedAvg / ΔW,2,3,accuracy,3,0.0025,0.004330127018922193,0.0,0.0075
b729ad24b6b0,0eac0e17d3ed,FedAvg / ΔW,2,4,accuracy,3,0.011166666666666667,0.01290671659769956,0.0025,0.026
b729ad24b6b0,0eac0e17d3ed,FedAvg / ΔW,3,0,accuracy,3,0.009666666666666667,0.002362907813126304,0.007,0.0115
b729ad24b6b0,0eac0e17d3ed,FedAvg / ΔW,3,1,accuracy,3,0.004,0.001,0.003,0.005
b729ad24b6b0,0eac0e17d3ed,FedAvg / ΔW,3,2,accuracy,3,0.019833333333333335,0.005859465277082315,0.0155,0.0265
b729ad24b6b0,0eac0e17d3ed,FedAvg / ΔW,3,3,accuracy,3,0.006166666666666667,0.010680979980008077,0.0,0.0185
b729ad24b6b0,0eac0e17d3ed,FedAvg / ΔW,3,4,accuracy,3,0.014666666666666668,0.017580766005306295,0.001,0.0345
b729ad24b6b0,0eac0e17d3ed,FedAvg / ΔW,4,0,accuracy,3,0.011833333333333333,0.004072263907623539,0.009,0.0165
b729ad24b6b0,0eac0e17d3ed,FedAvg / ΔW,4,1,accuracy,3,0.0023333333333333335,0.002081665999466133,0.0,0.004
b729ad24b6b0,0eac0e17d3ed,FedAvg / ΔW,4,2,accuracy,3,0.0195,0.0013228756555322965,0.018,0.0205
b729ad24b6b0,0eac0e17d3ed,FedAvg / ΔW,4,3,accuracy,3,0.008,0.013856406460551019,0.0,0.024
b729ad24b6b0,0eac0e17d3ed,FedAvg / ΔW,4,4,accuracy,3,0.0265,0.028359301824974467,0.003,0.058
b729ad24b6b0,0eac0e17d3ed,FedAvg / ΔW,5,0,accuracy,3,0.012666666666666666,0.003785938897200183,0.01,0.017
b729ad24b6b0,0eac0e17d3ed,FedAvg / ΔW,5,1,accuracy,3,0.0025,0.00229128784747792,0.0,0.0045
b729ad24b6b0,0eac0e17d3ed,FedAvg / ΔW,5,2,accuracy,3,0.022166666666666668,0.0036855573979159982,0.018,0.025
b729ad24b6b0,0eac0e17d3ed,FedAvg / ΔW,5,3,accuracy,3,0.007833333333333333,0.012711543310445562,0.0,0.0225
b729ad24b6b0,0eac0e17d3ed,FedAvg / ΔW,5,4,accuracy,3,0.03066666666666667,0.03252819289990352,0.003,0.0665
b729ad24b6b0,0eac0e17d3ed,FedAvg / ΔW,6,0,accuracy,3,0.016666666666666666,0.004310839052125854,0.012,0.0205
b729ad24b6b0,0eac0e17d3ed,FedAvg / ΔW,6,1,accuracy,3,0.004166666666666667,0.002753785273643051,0.0015,0.007
b729ad24b6b0,0eac0e17d3ed,FedAvg / ΔW,6,2,accuracy,3,0.023833333333333335,0.004856267428111156,0.0185,0.028
b729ad24b6b0,0eac0e17d3ed,FedAvg / ΔW,6,3,accuracy,3,0.008666666666666666,0.014153915830374765,0.0,0.025
b729ad24b6b0,0eac0e17d3ed,FedAvg / ΔW,6,4,accuracy,3,0.028166666666666666,0.0245017006212494,0.0035,0.0525
b729ad24b6b0,0eac0e17d3ed,FedAvg / ΔW,7,0,accuracy,3,0.019166666666666665,0.00652559065015063,0.014,0.0265
b729ad24b6b0,0eac0e17d3ed,FedAvg / ΔW,7,1,accuracy,3,0.0045,0.0017320508075688772,0.0035,0.0065
b729ad24b6b0,0eac0e17d3ed,FedAvg / ΔW,7,2,accuracy,3,0.030166666666666668,0.003752776749732569,0.0265,0.034
b729ad24b6b0,0eac0e17d3ed,FedAvg / ΔW,7,3,accuracy,3,0.010166666666666666,0.01675062187900298,0.0,0.0295
b729ad24b6b0,0eac0e17d3ed,FedAvg / ΔW,7,4,accuracy,3,0.0325,0.03161091583614749,0.004,0.0665
b729ad24b6b0,0eac0e17d3ed,FedAvg / ΔW,8,0,accuracy,3,0.026166666666666668,0.01414508159514583,0.011,0.039
b729ad24b6b0,0eac0e17d3ed,FedAvg / ΔW,8,1,accuracy,3,0.006,0.0018027756377319946,0.004,0.0075
b729ad24b6b0,0eac0e17d3ed,FedAvg / ΔW,8,2,accuracy,3,0.025833333333333333,0.005346338310781814,0.0225,0.032
b729ad24b6b0,0eac0e17d3ed,FedAvg / ΔW,8,3,accuracy,3,0.015666666666666666,0.02584730804809919,0.0,0.0455
b729ad24b6b0,0eac0e17d3ed,FedAvg / ΔW,8,4,accuracy,3,0.04133333333333333,0.037055139094777846,0.0055,0.0795
b729ad24b6b0,0eac0e17d3ed,FedAvg / ΔW,9,0,accuracy,3,0.03133333333333333,0.01892308995204888,0.0095,0.043
b729ad24b6b0,0eac0e17d3ed,FedAvg / ΔW,9,1,accuracy,3,0.007833333333333335,0.0045368858629387335,0.003,0.012
b729ad24b6b0,0eac0e17d3ed,FedAvg / ΔW,9,2,accuracy,3,0.023,0.013536986370680883,0.0135,0.0385
b729ad24b6b0,0eac0e17d3ed,FedAvg / ΔW,9,3,accuracy,3,0.01583333333333333,0.025289984842489194,0.0,0.045
b729ad24b6b0,0eac0e17d3ed,FedAvg / ΔW,9,4,accuracy,3,0.049,0.04403407771260799,0.004,0.092
b729ad24b6b0,0eac0e17d3ed,FedAvg / ΔW,10,0,accuracy,3,0.03916666666666667,0.02808172596784844,0.008,0.0625
b729ad24b6b0,0eac0e17d3ed,FedAvg / ΔW,10,1,accuracy,3,0.012166666666666666,0.007910962857537212,0.0035,0.019
b729ad24b6b0,0eac0e17d3ed,FedAvg / ΔW,10,2,accuracy,3,0.020333333333333335,0.01706116447764728,0.0095,0.04
b729ad24b6b0,0eac0e17d3ed,FedAvg / ΔW,10,3,accuracy,3,0.016833333333333332,0.024951619853895924,0.0,0.0455
b729ad24b6b0,0eac0e17d3ed,FedAvg / ΔW,10,4,accuracy,3,0.04816666666666667,0.045000925916400134,0.003,0.093
b729ad24b6b0,0eac0e17d3ed,FedAvg / ΔW,11,0,accuracy,3,0.04783333333333333,0.04076252363793651,0.0065,0.088
b729ad24b6b0,0eac0e17d3ed,FedAvg / ΔW,11,1,accuracy,3,0.015833333333333335,0.012503332889007368,0.0035,0.0285
b729ad24b6b0,0eac0e17d3ed,FedAvg / ΔW,11,2,accuracy,3,0.021666666666666667,0.014355602855099235,0.0095,0.0375
b729ad24b6b0,0eac0e17d3ed,FedAvg / ΔW,11,3,accuracy,3,0.019666666666666666,0.02821937868439582,0.0,0.052
b729ad24b6b0,0eac0e17d3ed,FedAvg / ΔW,11,4,accuracy,3,0.043,0.043119021324700774,0.0035,0.089
b729ad24b6b0,0eac0e17d3ed,FedAvg / ΔW,12,0,accuracy,3,0.05383333333333334,0.04329068414027819,0.0095,0.096
b729ad24b6b0,0eac0e17d3ed,FedAvg / ΔW,12,1,accuracy,3,0.018333333333333333,0.01711967678822627,0.0025,0.0365
b729ad24b6b0,0eac0e17d3ed,FedAvg / ΔW,12,2,accuracy,3,0.024,0.01345362404707371,0.013,0.039
b729ad24b6b0,0eac0e17d3ed,FedAvg / ΔW,12,3,accuracy,3,0.02033333333333333,0.02896693517328565,0.0,0.0535
b729ad24b6b0,0eac0e17d3ed,FedAvg / ΔW,12,4,accuracy,3,0.040999999999999995,0.04292143986401201,0.005,0.0885
b729ad24b6b0,0eac0e17d3ed,FedAvg / ΔW,13,0,accuracy,3,0.053,0.04700797804628487,0.0065,0.1005
b729ad24b6b0,0eac0e17d3ed,FedAvg / ΔW,13,1,accuracy,3,0.0235,0.021777281740382567,0.005,0.0475
b729ad24b6b0,0eac0e17d3ed,FedAvg / ΔW,13,2,accuracy,3,0.025333333333333333,0.014631586835792397,0.013,0.0415
b729ad24b6b0,0eac0e17d3ed,FedAvg / ΔW,13,3,accuracy,3,0.020666666666666667,0.027592269448766502,0.0,0.052
b729ad24b6b0,0eac0e17d3ed,FedAvg / ΔW,13,4,accuracy,3,0.04083333333333333,0.04082380841290206,0.0095,0.087
b729ad24b6b0,0eac0e17d3ed,FedAvg / ΔW,14,0,accuracy,3,0.05533333333333333,0.05058244095863043,0.0065,0.1075
b729ad24b6b0,0eac0e17d3ed,FedAvg / ΔW,14,1,accuracy,3,0.030166666666666668,0.029113284482059618,0.0075,0.063
b729ad24b6b0,0eac0e17d3ed,FedAvg / ΔW,14,2,accuracy,3,0.027666666666666666,0.012453245895481763,0.0195,0.042
b729ad24b6b0,0eac0e17d3ed,FedAvg / ΔW,14,3,accuracy,3,0.023333333333333334,0.02914332399252586,0.0,0.056
b729ad24b6b0,0eac0e17d3ed,FedAvg / ΔW,14,4,accuracy,3,0.036500000000000005,0.04207433897282286,0.006,0.0845
b729ad24b6b0,0eac0e17d3ed,FedAvg / ΔW,15,0,accuracy,3,0.060000000000000005,0.05502726596879042,0.006,0.116
b729ad24b6b0,0eac0e17d3ed,FedAvg / ΔW,15,1,accuracy,3,0.03316666666666667,0.03147353385518273,0.01,0.069
b729ad24b6b0,0eac0e17d3ed,FedAvg / ΔW,15,2,accuracy,3,0.031,0.015173990905493519,0.0215,0.0485
b729ad24b6b0,0eac0e17d3ed,FedAvg / ΔW,15,3,accuracy,3,0.026000000000000002,0.02978674201721296,0.0,0.0585
b729ad24b6b0,0eac0e17d3ed,FedAvg / ΔW,15,4,accuracy,3,0.036333333333333336,0.041582247814822774,0.0075,0.084
b729ad24b6b0,0eac0e17d3ed,FedAvg / ΔW,16,0,accuracy,3,0.06116666666666666,0.05675899341367263,0.005,0.1185
b729ad24b6b0,0eac0e17d3ed,FedAvg / ΔW,16,1,accuracy,3,0.034833333333333334,0.03114616081210224,0.013,0.0705
b729ad24b6b0,0eac0e17d3ed,FedAvg / ΔW,16,2,accuracy,3,0.03216666666666666,0.017394922630852176,0.0195,0.052
b729ad24b6b0,0eac0e17d3ed,FedAvg / ΔW,16,3,accuracy,3,0.0275,0.03191786333700926,0.0,0.0625
b729ad24b6b0,0eac0e17d3ed,FedAvg / ΔW,16,4,accuracy,3,0.036500000000000005,0.0391279950930277,0.0105,0.0815
b729ad24b6b0,0eac0e17d3ed,FedAvg / ΔW,17,0,accuracy,3,0.06316666666666668,0.05612560318903783,0.005,0.117
b729ad24b6b0,0eac0e17d3ed,FedAvg / ΔW,17,1,accuracy,3,0.0395,0.03554222840509582,0.0135,0.08
b729ad24b6b0,0eac0e17d3ed,FedAvg / ΔW,17,2,accuracy,3,0.033666666666666664,0.017862903832617287,0.0205,0.054
b729ad24b6b0,0eac0e17d3ed,FedAvg / ΔW,17,3,accuracy,3,0.029166666666666667,0.03138603723526328,0.001,0.063
b729ad24b6b0,0eac0e17d3ed,FedAvg / ΔW,17,4,accuracy,3,0.035333333333333335,0.03808324215889888,0.009,0.079
b729ad24b6b0,0eac0e17d3ed,FedAvg / ΔW,18,0,accuracy,3,0.066,0.055481979056266555,0.0055,0.1145
b729ad24b6b0,0eac0e17d3ed,FedAvg / ΔW,18,1,accuracy,3,0.04133333333333333,0.03611555528208494,0.013,0.082
b729ad24b6b0,0eac0e17d3ed,FedAvg / ΔW,18,2,accuracy,3,0.034333333333333334,0.018339392937971894,0.02,0.055
b729ad24b6b0,0eac0e17d3ed,FedAvg / ΔW,18,3,accuracy,3,0.03283333333333333,0.03284179248051686,0.0015,0.067
b729ad24b6b0,0eac0e17d3ed,FedAvg / ΔW,18,4,accuracy,3,0.034166666666666665,0.03318257574892783,0.01,0.072
b729ad24b6b0,0eac0e17d3ed,FedAvg / ΔW,19,0,accuracy,3,0.06783333333333334,0.05612560318903783,0.005,0.113
b729ad24b6b0,0eac0e17d3ed,FedAvg / ΔW,19,1,accuracy,3,0.04066666666666667,0.03430136051723508,0.0145,0.0795
b729ad24b6b0,0eac0e17d3ed,FedAvg / ΔW,19,2,accuracy,3,0.03833333333333334,0.01609606577190008,0.0245,0.056
b729ad24b6b0,0eac0e17d3ed,FedAvg / ΔW,19,3,accuracy,3,0.03266666666666667,0.03276558153510072,0.0005,0.066
b729ad24b6b0,0eac0e17d3ed,FedAvg / ΔW,19,4,accuracy,3,0.034166666666666665,0.030725939096036322,0.008,0.068
b729ad24b6b0,0eac0e17d3ed,FedAvg / ΔW,20,0,accuracy,3,0.07316666666666667,0.06104165244595966,0.004,0.1195
b729ad24b6b0,0eac0e17d3ed,FedAvg / ΔW,20,1,accuracy,3,0.0445,0.03148015247739439,0.0185,0.0795
b729ad24b6b0,0eac0e17d3ed,FedAvg / ΔW,20,2,accuracy,3,0.041,0.019519221295943134,0.022,0.061
b729ad24b6b0,0eac0e17d3ed,FedAvg / ΔW,20,3,accuracy,3,0.03333333333333333,0.03490821297822811,0.0005,0.07
b729ad24b6b0,0eac0e17d3ed,FedAvg / ΔW,20,4,accuracy,3,0.033,0.027262611760431172,0.011,0.0635
b729ad24b6b0,0eac0e17d3ed,FedAvg / ΔW,21,0,accuracy,3,0.07566666666666667,0.06278003929063228,0.005,0.125
b729ad24b6b0,0eac0e17d3ed,FedAvg / ΔW,21,1,accuracy,3,0.048,0.028805381441668155,0.023,0.0795
b729ad24b6b0,0eac0e17d3ed,FedAvg / ΔW,21,2,accuracy,3,0.042166666666666665,0.019139836293274124,0.0245,0.0625
b729ad24b6b0,0eac0e17d3ed,FedAvg / ΔW,21,3,accuracy,3,0.035333333333333335,0.03605666836152965,0.0005,0.0725
b729ad24b6b0,0eac0e17d3ed,FedAvg / ΔW,21,4,accuracy,3,0.034,0.025044959572736388,0.0125,0.0615
b729ad24b6b0,0eac0e17d3ed,FedAvg / ΔW,22,0,accuracy,3,0.07716666666666668,0.06542425645991962,0.0035,0.1285
b729ad24b6b0,0eac0e17d3ed,FedAvg / ΔW,22,1,accuracy,3,0.04683333333333334,0.0211974841274462,0.0275,0.0695
b729ad24b6b0,0eac0e17d3ed,FedAvg / ΔW,22,2,accuracy,3,0.045,0.019830532015051944,0.0285,0.067
b729ad24b6b0,0eac0e17d3ed,FedAvg / ΔW,22,3,accuracy,3,0.0355,0.035510561809129405,0.0005,0.0715
b729ad24b6b0,0eac0e17d3ed,FedAvg / ΔW,22,4,accuracy,3,0.033,0.0258408591188451,0.0085,0.06
b729ad24b6b0,0eac0e17d3ed,FedAvg / ΔW,23,0,accuracy,3,0.07983333333333334,0.06970353888672608,0.002,0.1365
b729ad24b6b0,0eac0e17d3ed,FedAvg / ΔW,23,1,accuracy,3,0.050666666666666665,0.018843654988704637,0.033,0.0705
b729ad24b6b0,0eac0e17d3ed,FedAvg / ΔW,23,2,accuracy,3,0.04666666666666666,0.023347019795539926,0.0285,0.073
b729ad24b6b0,0eac0e17d3ed,FedAvg / ΔW,23,3,accuracy,3,0.0385,0.03654107278118692,0.001,0.074
b729ad24b6b0,0eac0e17d3ed,FedAvg / ΔW,23,4,accuracy,3,0.03216666666666667,0.025540817005987367,0.0075,0.0585
b729ad24b6b0,0eac0e17d3ed,FedAvg / ΔW,24,0,accuracy,3,0.07716666666666668,0.06593999797795974,0.004,0.132
b729ad24b6b0,0eac0e17d3ed,FedAvg / ΔW,24,1,accuracy,3,0.054,0.0183779759494891,0.0345,0.071
b729ad24b6b0,0eac0e17d3ed,FedAvg / ΔW,24,2,accuracy,3,0.0485,0.021336588293351867,0.034,0.073
b729ad24b6b0,0eac0e17d3ed,FedAvg / ΔW,24,3,accuracy,3,0.03633333333333333,0.03550117368951811,0.001,0.072
b729ad24b6b0,0eac0e17d3ed,FedAvg / ΔW,24,4,accuracy,3,0.030166666666666668,0.02470492528491704,0.0075,0.0565
b729ad24b6b0,0eac0e17d3ed,FedAvg / ΔW,25,0,accuracy,3,0.078,0.06641347754785921,0.0035,0.131
b729ad24b6b0,0eac0e17d3ed,FedAvg / ΔW,25,1,accuracy,3,0.056666666666666664,0.022678918257565402,0.031,0.074
b729ad24b6b0,0eac0e17d3ed,FedAvg / ΔW,25,2,accuracy,3,0.05233333333333333,0.02064784088793144,0.038,0.076
b729ad24b6b0,0eac0e17d3ed,FedAvg / ΔW,25,3,accuracy,3,0.034833333333333334,0.03451931826287034,0.001,0.07
b729ad24b6b0,0eac0e17d3ed,FedAvg / ΔW,25,4,accuracy,3,0.030833333333333334,0.024800873640525918,0.007,0.0565
b729ad24b6b0,0eac0e17d3ed,FedAvg / ΔW,26,0,accuracy,3,0.07733333333333334,0.06477718219661406,0.0045,0.1285
b729ad24b6b0,0eac0e17d3ed,FedAvg / ΔW,26,1,accuracy,3,0.05733333333333333,0.024419937209856486,0.03,0.077
b729ad24b6b0,0eac0e17d3ed,FedAvg / ΔW,26,2,accuracy,3,0.052833333333333336,0.022233608194203055,0.0395,0.0785
b729ad24b6b0,0eac0e17d3ed,FedAvg / ΔW,26,3,accuracy,3,0.037,0.03575262228144951,0.001,0.0725
b729ad24b6b0,0eac0e17d3ed,FedAvg / ΔW,26,4,accuracy,3,0.030333333333333334,0.025866645188994522,0.006,0.0575
b729ad24b6b0,0eac0e17d3ed,FedAvg / ΔW,27,0,accuracy,3,0.07966666666666666,0.0642598889925382,0.007,0.129
b729ad24b6b0,0eac0e17d3ed,FedAvg / ΔW,27,1,accuracy,3,0.0565,0.02443358344574123,0.0285,0.0735
b729ad24b6b0,0eac0e17d3ed,FedAvg / ΔW,27,2,accuracy,3,0.0515,0.024248711305964284,0.0375,0.0795
b729ad24b6b0,0eac0e17d3ed,FedAvg / ΔW,27,3,accuracy,3,0.039,0.03576310948449533,0.001,0.072
b729ad24b6b0,0eac0e17d3ed,FedAvg / ΔW,27,4,accuracy,3,0.031,0.023753947040439406,0.0055,0.0525
b729ad24b6b0,0eac0e17d3ed,FedAvg / ΔW,28,0,accuracy,3,0.08166666666666667,0.06517348642917098,0.0085,0.1335
b729ad24b6b0,0eac0e17d3ed,FedAvg / ΔW,28,1,accuracy,3,0.05466666666666667,0.023094010767585032,0.028,0.068
b729ad24b6b0,0eac0e17d3ed,FedAvg / ΔW,28,2,accuracy,3,0.051666666666666666,0.024116038922951947,0.037,0.0795
b729ad24b6b0,0eac0e17d3ed,FedAvg / ΔW,28,3,accuracy,3,0.04066666666666666,0.03607053275643892,0.001,0.0715
b729ad24b6b0,0eac0e17d3ed,FedAvg / ΔW,28,4,accuracy,3,0.028,0.02079062288629179,0.0055,0.0465
b729ad24b6b0,0eac0e17d3ed,FedAvg / ΔW,29,0,accuracy,3,0.07916666666666666,0.062414608332772015,0.009,0.1285
b729ad24b6b0,0eac0e17d3ed,FedAvg / ΔW,29,1,accuracy,3,0.056,0.020880613017821105,0.032,0.07
b729ad24b6b0,0eac0e17d3ed,FedAvg / ΔW,29,2,accuracy,3,0.0525,0.02384848003542364,0.0375,0.08
b729ad24b6b0,0eac0e17d3ed,FedAvg / ΔW,29,3,accuracy,3,0.04116666666666667,0.03525738693285896,0.001,0.067
b729ad24b6b0,0eac0e17d3ed,FedAvg / ΔW,29,4,accuracy,3,0.028666666666666667,0.020064479393528588,0.0055,0.0405
b729ad24b6b0,0eac0e17d3ed,FedAvg / ΔW,30,0,accuracy,3,0.079,0.06306147794018152,0.008,0.1285
b729ad24b6b0,0eac0e17d3ed,FedAvg / ΔW,30,1,accuracy,3,0.05466666666666667,0.02258502453692121,0.029,0.0715
b729ad24b6b0,0eac0e17d3ed,FedAvg / ΔW,30,2,accuracy,3,0.05316666666666667,0.023072349974229616,0.0365,0.0795
b729ad24b6b0,0eac0e17d3ed,FedAvg / ΔW,30,3,accuracy,3,0.0405,0.03530934720438768,0.001,0.069
b729ad24b6b0,0eac0e17d3ed,FedAvg / ΔW,30,4,accuracy,3,0.030166666666666668,0.020076935357104017,0.007,0.0425
b729ad24b6b0,0eac0e17d3ed,FedAvg / ΔW,31,0,accuracy,3,0.07983333333333334,0.06477911185971397,0.0075,0.1325
b729ad24b6b0,0eac0e17d3ed,FedAvg / ΔW,31,1,accuracy,3,0.054,0.021148285982556598,0.0305,0.0715
b729ad24b6b0,0eac0e17d3ed,FedAvg / ΔW,31,2,accuracy,3,0.05383333333333333,0.023437861108329263,0.0365,0.0805
b729ad24b6b0,0eac0e17d3ed,FedAvg / ΔW,31,3,accuracy,3,0.043000000000000003,0.036086701151532265,0.0015,0.067
b729ad24b6b0,0eac0e17d3ed,FedAvg / ΔW,31,4,accuracy,3,0.028166666666666666,0.018936296716447313,0.007,0.0435
b729ad24b6b0,0eac0e17d3ed,FedAvg / ΔW,32,0,accuracy,3,0.08016666666666666,0.060746056113408164,0.0125,0.13
b729ad24b6b0,0eac0e17d3ed,FedAvg / ΔW,32,1,accuracy,3,0.05516666666666667,0.025081533711743653,0.029,0.079
b729ad24b6b0,0eac0e17d3ed,FedAvg / ΔW,32,2,accuracy,3,0.05583333333333333,0.023739910137431722,0.037,0.0825
b729ad24b6b0,0eac0e17d3ed,FedAvg / ΔW,32,3,accuracy,3,0.042166666666666665,0.034936847787591443,0.002,0.0655
b729ad24b6b0,0eac0e17d3ed,FedAvg / ΔW,32,4,accuracy,3,0.028333333333333335,0.021623675296612584,0.0055,0.0485
b729ad24b6b0,0eac0e17d3ed,FedAvg / ΔW,33,0,accuracy,3,0.08433333333333333,0.06345930454498643,0.0135,0.136
b729ad24b6b0,0eac0e17d3ed,FedAvg / ΔW,33,1,accuracy,3,0.057499999999999996,0.029012928152808013,0.029,0.087
b729ad24b6b0,0eac0e17d3ed,FedAvg / ΔW,33,2,accuracy,3,0.05516666666666667,0.018057777641042466,0.041,0.0755
b729ad24b6b0,0eac0e17d3ed,FedAvg / ΔW,33,3,accuracy,3,0.04083333333333333,0.034243004151699855,0.0015,0.064
b729ad24b6b0,0eac0e17d3ed,FedAvg / ΔW,33,4,accuracy,3,0.026166666666666668,0.02076254640773461,0.005,0.0465
b729ad24b6b0,0eac0e17d3ed,FedAvg / ΔW,34,0,accuracy,3,0.08566666666666667,0.06253065914680041,0.0155,0.1355
b729ad24b6b0,0eac0e17d3ed,FedAvg / ΔW,34,1,accuracy,3,0.059,0.02827985148475854,0.03,0.0865
b729ad24b6b0,0eac0e17d3ed,FedAvg / ΔW,34,2,accuracy,3,0.05383333333333333,0.02218858565419016,0.0355,0.0785
b729ad24b6b0,0eac0e17d3ed,FedAvg / ΔW,34,3,accuracy,3,0.041666666666666664,0.034385074281340924,0.002,0.063
b729ad24b6b0,0eac0e17d3ed,FedAvg / ΔW,34,4,accuracy,3,0.025666666666666667,0.023325593954567018,0.0035,0.05
b729ad24b6b0,0eac0e17d3ed,FedAvg / ΔW,35,0,accuracy,3,0.08716666666666667,0.06351640208114227,0.0165,0.1395
b729ad24b6b0,0eac0e17d3ed,FedAvg / ΔW,35,1,accuracy,3,0.058333333333333334,0.028001488055696844,0.0305,0.0865
b729ad24b6b0,0eac0e17d3ed,FedAvg / ΔW,35,2,accuracy,3,0.052833333333333336,0.022684429314693662,0.032,0.077
b729ad24b6b0,0eac0e17d3ed,FedAvg / ΔW,35,3,accuracy,3,0.041166666666666664,0.033942353090693836,0.002,0.062
b729ad24b6b0,0eac0e17d3ed,FedAvg / ΔW,35,4,accuracy,3,0.025666666666666667,0.0228272497978476,0.004,0.0495
b729ad24b6b0,0eac0e17d3ed,FedAvg / ΔW,36,0,accuracy,3,0.08600000000000001,0.06209065952299106,0.0165,0.136
b729ad24b6b0,0eac0e17d3ed,FedAvg / ΔW,36,1,accuracy,3,0.057499999999999996,0.027335873865673287,0.0315,0.086
b729ad24b6b0,0eac0e17d3ed,FedAvg / ΔW,36,2,accuracy,3,0.054,0.02209637979398435,0.0345,0.078
b729ad24b6b0,0eac0e17d3ed,FedAvg / ΔW,36,3,accuracy,3,0.0425,0.03552112047782277,0.0015,0.064
b729ad24b6b0,0eac0e17d3ed,FedAvg / ΔW,36,4,accuracy,3,0.0265,0.024934915279583365,0.0035,0.053
b729ad24b6b0,0eac0e17d3ed,FedAvg / ΔW,37,0,accuracy,3,0.08466666666666667,0.06134805077044692,0.0155,0.1325
b729ad24b6b0,0eac0e17d3ed,FedAvg / ΔW,37,1,accuracy,3,0.056999999999999995,0.028618176042508367,0.03,0.087
b729ad24b6b0,0eac0e17d3ed,FedAvg / ΔW,37,2,accuracy,3,0.05616666666666666,0.020550750189064472,0.0365,0.0775
b729ad24b6b0,0eac0e17d3ed,FedAvg / ΔW,37,3,accuracy,3,0.04216666666666667,0.035444792753426185,0.0015,0.0665
b729ad24b6b0,0eac0e17d3ed,FedAvg / ΔW,37,4,accuracy,3,0.027333333333333334,0.026269437248127973,0.0035,0.0555
b729ad24b6b0,0eac0e17d3ed,FedAvg / ΔW,38,0,accuracy,3,0.083,0.06077005841695399,0.015,0.132
b729ad24b6b0,0eac0e17d3ed,FedAvg / ΔW,38,1,accuracy,3,0.0575,0.024067613093117484,0.036,0.0835
b729ad24b6b0,0eac0e17d3ed,FedAvg / ΔW,38,2,accuracy,3,0.0585,0.020291623887703024,0.039,0.0795
b729ad24b6b0,0eac0e17d3ed,FedAvg / ΔW,38,3,accuracy,3,0.04133333333333333,0.034243004151699855,0.002,0.0645
b729ad24b6b0,0eac0e17d3ed,FedAvg / ΔW,38,4,accuracy,3,0.027333333333333334,0.025594595783745705,0.0045,0.055
b729ad24b6b0,0eac0e17d3ed,FedAvg / ΔW,39,0,accuracy,3,0.08133333333333334,0.056606831154316826,0.018,0.127
b729ad24b6b0,0eac0e17d3ed,FedAvg / ΔW,39,1,accuracy,3,0.058666666666666666,0.023034394572754316,0.038,0.0835
b729ad24b6b0,0eac0e17d3ed,FedAvg / ΔW,39,2,accuracy,3,0.059,0.019519221295943134,0.039,0.078
b729ad24b6b0,0eac0e17d3ed,FedAvg / ΔW,39,3,accuracy,3,0.04083333333333333,0.03357206179747281,0.0025,0.065
b729ad24b6b0,0eac0e17d3ed,FedAvg / ΔW,39,4,accuracy,3,0.025833333333333333,0.027222845797846583,0.002,0.0555
b729ad24b6b0,0eac0e17d3ed,FedAvg / ΔW,40,0,accuracy,3,0.08116666666666666,0.05886920530577369,0.016,0.1305
b729ad24b6b0,0eac0e17d3ed,FedAvg / ΔW,40,1,accuracy,3,0.05733333333333333,0.024501700621249404,0.033,0.082
b729ad24b6b0,0eac0e17d3ed,FedAvg / ΔW,40,2,accuracy,3,0.06133333333333334,0.020502032419575707,0.041,0.082
b729ad24b6b0,0eac0e17d3ed,FedAvg / ΔW,40,3,accuracy,3,0.041,0.0340183773863481,0.0025,0.067
b729ad24b6b0,0eac0e17d3ed,FedAvg / ΔW,40,4,accuracy,3,0.0285,0.02802231253840411,0.003,0.0585
b729ad24b6b0,0eac0e17d3ed,FedAvg / ΔW,41,0,accuracy,3,0.07683333333333334,0.057446351784367765,0.0125,0.123
b729ad24b6b0,0eac0e17d3ed,FedAvg / ΔW,41,1,accuracy,3,0.059666666666666666,0.02550653511030719,0.0345,0.0855
b729ad24b6b0,0eac0e17d3ed,FedAvg / ΔW,41,2,accuracy,3,0.0615,0.022338307903688674,0.0435,0.0865
b729ad24b6b0,0eac0e17d3ed,FedAvg / ΔW,41,3,accuracy,3,0.04066666666666667,0.033949717720966895,0.0025,0.0675
b729ad24b6b0,0eac0e17d3ed,FedAvg / ΔW,41,4,accuracy,3,0.029,0.02762245463386627,0.003,0.058
b729ad24b6b0,0eac0e17d3ed,FedAvg / ΔW,42,0,accuracy,3,0.077,0.05668553607402862,0.0135,0.1225
b729ad24b6b0,0eac0e17d3ed,FedAvg / ΔW,42,1,accuracy,3,0.062,0.02717075633838705,0.038,0.0915
b729ad24b6b0,0eac0e17d3ed,FedAvg / ΔW,42,2,accuracy,3,0.06216666666666666,0.021073284825421337,0.046,0.086
b729ad24b6b0,0eac0e17d3ed,FedAvg / ΔW,42,3,accuracy,3,0.03966666666666667,0.032746501085357704,0.003,0.066
b729ad24b6b0,0eac0e17d3ed,FedAvg / ΔW,42,4,accuracy,3,0.027166666666666665,0.025106440076867395,0.0035,0.0535
b729ad24b6b0,0eac0e17d3ed,FedAvg / ΔW,43,0,accuracy,3,0.07466666666666666,0.05484827557301444,0.013,0.118
b729ad24b6b0,0eac0e17d3ed,FedAvg / ΔW,43,1,accuracy,3,0.06516666666666666,0.033332916664062476,0.036,0.1015
b729ad24b6b0,0eac0e17d3ed,FedAvg / ΔW,43,2,accuracy,3,0.06683333333333333,0.021096998206695975,0.05,0.0905
b729ad24b6b0,0eac0e17d3ed,FedAvg / ΔW,43,3,accuracy,3,0.040999999999999995,0.034044089061098404,0.004,0.071
b729ad24b6b0,0eac0e17d3ed,FedAvg / ΔW,43,4,accuracy,3,0.028,0.02586986664055306,0.006,0.0565
b729ad24b6b0,0eac0e17d3ed,FedAvg / ΔW,44,0,accuracy,3,0.07233333333333333,0.053870987862979954,0.0115,0.114
b729ad24b6b0,0eac0e17d3ed,FedAvg / ΔW,44,1,accuracy,3,0.06966666666666667,0.03350124375800596,0.04,0.106
b729ad24b6b0,0eac0e17d3ed,FedAvg / ΔW,44,2,accuracy,3,0.06333333333333334,0.019775826994928265,0.0475,0.0855
b729ad24b6b0,0eac0e17d3ed,FedAvg / ΔW,44,3,accuracy,3,0.042166666666666665,0.03328037459725075,0.006,0.0715
b729ad24b6b0,0eac0e17d3ed,FedAvg / ΔW,44,4,accuracy,3,0.030333333333333334,0.029267444940297288,0.0065,0.063
b729ad24b6b0,0eac0e17d3ed,FedAvg / ΔW,45,0,accuracy,3,0.072,0.052827549630850755,0.0115,0.109
b729ad24b6b0,0eac0e17d3ed,FedAvg / ΔW,45,1,accuracy,3,0.07583333333333334,0.032643273937111965,0.0465,0.111
b729ad24b6b0,0eac0e17d3ed,FedAvg / ΔW,45,2,accuracy,3,0.06266666666666668,0.018427786989579985,0.0485,0.0835
b729ad24b6b0,0eac0e17d3ed,FedAvg / ΔW,45,3,accuracy,3,0.03883333333333334,0.03165964834506747,0.0055,0.0685
b729ad24b6b0,0eac0e17d3ed,FedAvg / ΔW,45,4,accuracy,3,0.030333333333333334,0.030349354743278042,0.0065,0.0645
b729ad24b6b0,0eac0e17d3ed,FedAvg / ΔW,46,0,accuracy,3,0.0735,0.054545852271277236,0.011,0.1115
b729ad24b6b0,0eac0e17d3ed,FedAvg / ΔW,46,1,accuracy,3,0.07816666666666666,0.03727040827967052,0.045,0.1185
b729ad24b6b0,0eac0e17d3ed,FedAvg / ΔW,46,2,accuracy,3,0.062,0.01652271164185831,0.051,0.081
b729ad24b6b0,0eac0e17d3ed,FedAvg / ΔW,46,3,accuracy,3,0.03916666666666667,0.031789673375694404,0.0065,0.07
b729ad24b6b0,0eac0e17d3ed,FedAvg / ΔW,46,4,accuracy,3,0.030666666666666665,0.029825883613622133,0.0065,0.064
b729ad24b6b0,0eac0e17d3ed,FedAvg / ΔW,47,0,accuracy,3,0.07233333333333333,0.054832320152746895,0.0095,0.1105
b729ad24b6b0,0eac0e17d3ed,FedAvg / ΔW,47,1,accuracy,3,0.08333333333333333,0.043261799931733465,0.0455,0.1305
b729ad24b6b0,0eac0e17d3ed,FedAvg / ΔW,47,2,accuracy,3,0.06266666666666666,0.016064972248134555,0.0475,0.0795
b729ad24b6b0,0eac0e17d3ed,FedAvg / ΔW,47,3,accuracy,3,0.03916666666666667,0.03084774437999209,0.007,0.0685
b729ad24b6b0,0eac0e17d3ed,FedAvg / ΔW,47,4,accuracy,3,0.03183333333333334,0.032412703270991355,0.007,0.0685
b729ad24b6b0,0eac0e17d3ed,FedAvg / ΔW,48,0,accuracy,3,0.07050000000000001,0.055120322930839225,0.007,0.106
b729ad24b6b0,0eac0e17d3ed,FedAvg / ΔW,48,1,accuracy,3,0.08566666666666667,0.038846921799974496,0.0555,0.1295
b729ad24b6b0,0eac0e17d3ed,FedAvg / ΔW,48,2,accuracy,3,0.06166666666666667,0.014750706197783662,0.047,0.0765
b729ad24b6b0,0eac0e17d3ed,FedAvg / ΔW,48,3,accuracy,3,0.035666666666666666,0.02925890177934458,0.006,0.0645
b729ad24b6b0,0eac0e17d3ed,FedAvg / ΔW,48,4,accuracy,3,0.0335,0.033922706259966934,0.008,0.072
b729ad24b6b0,0eac0e17d3ed,FedAvg / ΔW,49,0,accuracy,3,0.07066666666666667,0.05471821756356226,0.0075,0.1035
b729ad24b6b0,0eac0e17d3ed,FedAvg / ΔW,49,1,accuracy,3,0.08683333333333333,0.03770389016180338,0.058,0.1295
b729ad24b6b0,0eac0e17d3ed,FedAvg / ΔW,49,2,accuracy,3,0.059166666666666666,0.018009256878986798,0.0415,0.0775
b729ad24b6b0,0eac0e17d3ed,FedAvg / ΔW,49,3,accuracy,3,0.035833333333333335,0.02875905654456233,0.0075,0.065
b729ad24b6b0,0eac0e17d3ed,FedAvg / ΔW,49,4,accuracy,3,0.035,0.036568429006453095,0.0075,0.0765
b729ad24b6b0,0eac0e17d3ed,FedAvg / ΔW,50,0,accuracy,3,0.0745,0.05807753438292642,0.0075,0.1105
b729ad24b6b0,0eac0e17d3ed,FedAvg / ΔW,50,1,accuracy,3,0.08416666666666667,0.03835470418779597,0.053,0.127
b729ad24b6b0,0eac0e17d3ed,FedAvg / ΔW,50,2,accuracy,3,0.057833333333333334,0.018723870682455946,0.041,0.078
b729ad24b6b0,0eac0e17d3ed,FedAvg / ΔW,50,3,accuracy,3,0.035333333333333335,0.027024680078279066,0.009,0.063
b729ad24b6b0,0eac0e17d3ed,FedAvg / ΔW,50,4,accuracy,3,0.035166666666666666,0.03631230278202325,0.0065,0.076
b729ad24b6b0,1bf906c2712a,MH / factor zero-pad / ring,1,0,accuracy,3,0.03783333333333333,0.015542951242712348,0.023,0.054
b729ad24b6b0,1bf906c2712a,MH / factor zero-pad / ring,1,1,accuracy,3,0.04683333333333333,0.01301281419729542,0.0335,0.0595
b729ad24b6b0,1bf906c2712a,MH / factor zero-pad / ring,1,2,accuracy,3,0.04933333333333333,0.021658331730152566,0.025,0.0665
b729ad24b6b0,1bf906c2712a,MH / factor zero-pad / ring,1,3,accuracy,3,0.018000000000000002,0.014773286702694158,0.006,0.0345
b729ad24b6b0,1bf906c2712a,MH / factor zero-pad / ring,1,4,accuracy,3,0.011333333333333334,0.006525590650150632,0.0045,0.0175
b729ad24b6b0,1bf906c2712a,MH / factor zero-pad / ring,2,0,accuracy,3,0.044333333333333336,0.016041612554021287,0.029,0.061
b729ad24b6b0,1bf906c2712a,MH / factor zero-pad / ring,2,1,accuracy,3,0.055,0.007211102550927978,0.047,0.061
b729ad24b6b0,1bf906c2712a,MH / factor zero-pad / ring,2,2,accuracy,3,0.059,0.015898113095584646,0.0445,0.076
b729ad24b6b0,1bf906c2712a,MH / factor zero-pad / ring,2,3,accuracy,3,0.029666666666666668,0.010750968948580093,0.0205,0.0415
b729ad24b6b0,1bf906c2712a,MH / factor zero-pad / ring,2,4,accuracy,3,0.03133333333333333,0.009751068317540051,0.0215,0.041
b729ad24b6b0,1bf906c2712a,MH / factor zero-pad / ring,3,0,accuracy,3,0.0405,0.02406761309311748,0.014,0.061
b729ad24b6b0,1bf906c2712a,MH / factor zero-pad / ring,3,1,accuracy,3,0.05616666666666667,0.014977761292440649,0.0395,0.0685
b729ad24b6b0,1bf906c2712a,MH / factor zero-pad / ring,3,2,accuracy,3,0.06066666666666667,0.01853600100704932,0.0485,0.082
b729ad24b6b0,1bf906c2712a,MH / factor zero-pad / ring,3,3,accuracy,3,0.03133333333333333,0.014919226968356417,0.0215,0.0485
b729ad24b6b0,1bf906c2712a,MH / factor zero-pad / ring,3,4,accuracy,3,0.025666666666666667,0.005923118547972288,0.022,0.0325
b729ad24b6b0,1bf906c2712a,MH / factor zero-pad / ring,4,0,accuracy,3,0.043833333333333335,0.02470492528491704,0.0175,0.0665
b729ad24b6b0,1bf906c2712a,MH / factor zero-pad / ring,4,1,accuracy,3,0.06616666666666667,0.02269544741425763,0.0465,0.091
b729ad24b6b0,1bf906c2712a,MH / factor zero-pad / ring,4,2,accuracy,3,0.06633333333333333,0.020064479393528584,0.0545,0.0895
b729ad24b6b0,1bf906c2712a,MH / factor zero-pad / ring,4,3,accuracy,3,0.0285,0.018145247311624056,0.0145,0.049
b729ad24b6b0,1bf906c2712a,MH / factor zero-pad / ring,4,4,accuracy,3,0.028166666666666666,0.013137097599292368,0.018,0.043
b729ad24b6b0,1bf906c2712a,MH / factor zero-pad / ring,5,0,accuracy,3,0.049166666666666664,0.028259216785561012,0.0205,0.077
b729ad24b6b0,1bf906c2712a,MH / factor zero-pad / ring,5,1,accuracy,3,0.0755,0.02538208029299411,0.054,0.1035
b729ad24b6b0,1bf906c2712a,MH / factor zero-pad / ring,5,2,accuracy,3,0.078,0.024864633518312706,0.0585,0.106
b729ad24b6b0,1bf906c2712a,MH / factor zero-pad / ring,5,3,accuracy,3,0.03183333333333333,0.024214320831552002,0.0145,0.0595
b729ad24b6b0,1bf906c2712a,MH / factor zero-pad / ring,5,4,accuracy,3,0.033666666666666664,0.02413676310803363,0.0185,0.0615
b729ad24b6b0,1bf906c2712a,MH / factor zero-pad / ring,6,0,accuracy,3,0.05383333333333334,0.03016758746292672,0.022,0.082
b729ad24b6b0,1bf906c2712a,MH / factor zero-pad / ring,6,1,accuracy,3,0.08483333333333333,0.03299368626469818,0.059,0.122
b729ad24b6b0,1bf906c2712a,MH / factor zero-pad / ring,6,2,accuracy,3,0.08616666666666667,0.028444390190920477,0.065,0.1185
b729ad24b6b0,1bf906c2712a,MH / factor zero-pad / ring,6,3,accuracy,3,0.034166666666666665,0.03242812565248465,0.013,0.0715
b729ad24b6b0,1bf906c2712a,MH / factor zero-pad / ring,6,4,accuracy,3,0.035500000000000004,0.029550803711574414,0.016,0.0695
b729ad24b6b0,1bf906c2712a,MH / factor zero-pad / ring,7,0,accuracy,3,0.06416666666666666,0.035799208557359664,0.026,0.097
b729ad24b6b0,1bf906c2712a,MH / factor zero-pad / ring,7,1,accuracy,3,0.1015,0.04233202097703344,0.0695,0.1495
b729ad24b6b0,1bf906c2712a,MH / factor zero-pad / ring,7,2,accuracy,3,0.09899999999999999,0.03733296130767019,0.0715,0.1415
b729ad24b6b0,1bf906c2712a,MH / factor zero-pad / ring,7,3,accuracy,3,0.035166666666666666,0.02800148805569685,0.019,0.0675
b729ad24b6b0,1bf906c2712a,MH / factor zero-pad / ring,7,4,accuracy,3,0.0385,0.032553801621316054,0.0175,0.076
b729ad24b6b0,1bf906c2712a,MH / factor zero-pad / ring,8,0,accuracy,3,0.06983333333333333,0.038001096475408884,0.027,0.0995
b729ad24b6b0,1bf906c2712a,MH / factor zero-pad / ring,8,1,accuracy,3,0.11966666666666667,0.05313269552105683,0.078,0.1795
b729ad24b6b0,1bf906c2712a,MH / factor zero-pad / ring,8,2,accuracy,3,0.11216666666666666,0.03847185118152405,0.084,0.156
b729ad24b6b0,1bf906c2712a,MH / factor zero-pad / ring,8,3,accuracy,3,0.044000000000000004,0.034867606743222285,0.0175,0.0835
b729ad24b6b0,1bf906c2712a,MH / factor zero-pad / ring,8,4,accuracy,3,0.043833333333333335,0.03321269837476825,0.0215,0.082
b729ad24b6b0,1bf906c2712a,MH / factor zero-pad / ring,9,0,accuracy,3,0.08216666666666667,0.04812830075260639,0.0285,0.1215
b729ad24b6b0,1bf906c2712a,MH / factor zero-pad / ring,9,1,accuracy,3,0.13316666666666666,0.05673255972837233,0.087,0.1965
b729ad24b6b0,1bf906c2712a,MH / factor zero-pad / ring,9,2,accuracy,3,0.11866666666666667,0.035363587676214836,0.0895,0.158
b729ad24b6b0,1bf906c2712a,MH / factor zero-pad / ring,9,3,accuracy,3,0.044833333333333336,0.029968038529962774,0.023,0.079
b729ad24b6b0,1bf906c2712a,MH / factor zero-pad / ring,9,4,accuracy,3,0.048666666666666664,0.03318257574892783,0.0245,0.0865
b729ad24b6b0,1bf906c2712a,MH / factor zero-pad / ring,10,0,accuracy,3,0.0885,0.05311308689955801,0.0285,0.1295
b729ad24b6b0,1bf906c2712a,MH / factor zero-pad / ring,10,1,accuracy,3,0.1495,0.06713977956472601,0.095,0.2245
b729ad24b6b0,1bf906c2712a,MH / factor zero-pad / ring,10,2,accuracy,3,0.133,0.0311327801521162,0.107,0.1675
b729ad24b6b0,1bf906c2712a,MH / factor zero-pad / ring,10,3,accuracy,3,0.05316666666666667,0.03855623598503014,0.0245,0.097
b729ad24b6b0,1bf906c2712a,MH / factor zero-pad / ring,10,4,accuracy,3,0.05366666666666667,0.03753775876811685,0.0265,0.0965
b729ad24b6b0,1bf906c2712a,MH / factor zero-pad / ring,11,0,accuracy,3,0.10033333333333333,0.06011308787055721,0.0315,0.1425
b729ad24b6b0,1bf906c2712a,MH / factor zero-pad / ring,11,1,accuracy,3,0.16366666666666665,0.07550882950578251,0.101,0.2475
b729ad24b6b0,1bf906c2712a,MH / factor zero-pad / ring,11,2,accuracy,3,0.14583333333333334,0.03130628264954709,0.121,0.181
b729ad24b6b0,1bf906c2712a,MH / factor zero-pad / ring,11,3,accuracy,3,0.05383333333333334,0.03865337415198489,0.024,0.0975
b729ad24b6b0,1bf906c2712a,MH / factor zero-pad / ring,11,4,accuracy,3,0.058166666666666665,0.043319549089681594,0.0295,0.108
b729ad24b6b0,1bf906c2712a,MH / factor zero-pad / ring,12,0,accuracy,3,0.10833333333333332,0.06715901527965797,0.031,0.152
b729ad24b6b0,1bf906c2712a,MH / factor zero-pad / ring,12,1,accuracy,3,0.17616666666666667,0.08128704283791689,0.1055,0.265
b729ad24b6b0,1bf906c2712a,MH / factor zero-pad / ring,12,2,accuracy,3,0.154,0.033988968798714686,0.1265,0.192
b729ad24b6b0,1bf906c2712a,MH / factor zero-pad / ring,12,3,accuracy,3,0.05516666666666667,0.037390952559855084,0.025,0.097
b729ad24b6b0,1bf906c2712a,MH / factor zero-pad / ring,12,4,accuracy,3,0.06116666666666667,0.04384727281523143,0.0285,0.111
b729ad24b6b0,1bf906c2712a,MH / factor zero-pad / ring,13,0,accuracy,3,0.11383333333333333,0.07365516501463651,0.029,0.1615
b729ad24b6b0,1bf906c2712a,MH / factor zero-pad / ring,13,1,accuracy,3,0.1905,0.08592584011809251,0.116,0.2845
b729ad24b6b0,1bf906c2712a,MH / factor zero-pad / ring,13,2,accuracy,3,0.16266666666666665,0.028063915146203922,0.1415,0.1945
b729ad24b6b0,1bf906c2712a,MH / factor zero-pad / ring,13,3,accuracy,3,0.0565,0.03566861365402362,0.028,0.0965
b729ad24b6b0,1bf906c2712a,MH / factor zero-pad / ring,13,4,accuracy,3,0.06616666666666667,0.0484776580842488,0.029,0.121
b729ad24b6b0,1bf906c2712a,MH / factor zero-pad / ring,14,0,accuracy,3,0.1205,0.07378177281686854,0.0355,0.168
b729ad24b6b0,1bf906c2712a,MH / factor zero-pad / ring,14,1,accuracy,3,0.20066666666666666,0.08551364413550233,0.1225,0.292
b729ad24b6b0,1bf906c2712a,MH / factor zero-pad / ring,14,2,accuracy,3,0.17283333333333334,0.032063738605055604,0.142,0.206
b729ad24b6b0,1bf906c2712a,MH / factor zero-pad / ring,14,3,accuracy,3,0.057999999999999996,0.027986603938313058,0.036,0.0895
b729ad24b6b0,1bf906c2712a,MH / factor zero-pad / ring,14,4,accuracy,3,0.07100000000000001,0.04962106407565239,0.0345,0.1275
b729ad24b6b0,1bf906c2712a,MH / factor zero-pad / ring,15,0,accuracy,3,0.12683333333333333,0.07788827468453345,0.037,0.1755
b729ad24b6b0,1bf906c2712a,MH / factor zero-pad / ring,15,1,accuracy,3,0.21066666666666667,0.08854565677283857,0.131,0.306
b729ad24b6b0,1bf906c2712a,MH / factor zero-pad / ring,15,2,accuracy,3,0.18,0.030199337741082997,0.152,0.212
b729ad24b6b0,1bf906c2712a,MH / factor zero-pad / ring,15,3,accuracy,3,0.06333333333333334,0.028567172302020608,0.0395,0.095
b729ad24b6b0,1bf906c2712a,MH / factor zero-pad / ring,15,4,accuracy,3,0.07533333333333334,0.05509612811562473,0.0345,0.138
b729ad24b6b0,1bf906c2712a,MH / factor zero-pad / ring,16,0,accuracy,3,0.137,0.08234682750416071,0.042,0.188
b729ad24b6b0,1bf906c2712a,MH / factor zero-pad / ring,16,1,accuracy,3,0.2215,0.09852537744155056,0.1355,0.329
b729ad24b6b0,1bf906c2712a,MH / factor zero-pad / ring,16,2,accuracy,3,0.1865,0.029778347838656193,0.156,0.2155
b729ad24b6b0,1bf906c2712a,MH / factor zero-pad / ring,16,3,accuracy,3,0.06533333333333333,0.02837839553839035,0.04,0.096
b729ad24b6b0,1bf906c2712a,MH / factor zero-pad / ring,16,4,accuracy,3,0.07633333333333334,0.05064171534746166,0.0355,0.133
b729ad24b6b0,1bf906c2712a,MH / factor zero-pad / ring,17,0,accuracy,3,0.14383333333333334,0.08754760609710202,0.043,0.2005
b729ad24b6b0,1bf906c2712a,MH / factor zero-pad / ring,17,1,accuracy,3,0.231,0.10157263410978373,0.139,0.34
b729ad24b6b0,1bf906c2712a,MH / factor zero-pad / ring,17,2,accuracy,3,0.194,0.02269911892563234,0.176,0.2195
b729ad24b6b0,1bf906c2712a,MH / factor zero-pad / ring,17,3,accuracy,3,0.07033333333333333,0.03213383471254766,0.0425,0.1055
b729ad24b6b0,1bf906c2712a,MH / factor zero-pad / ring,17,4,accuracy,3,0.08116666666666666,0.052164004191907413,0.039,0.1395
b729ad24b6b0,1bf906c2712a,MH / factor zero-pad / ring,18,0,accuracy,3,0.14733333333333332,0.08781277431748374,0.0465,0.207
b729ad24b6b0,1bf906c2712a,MH / factor zero-pad / ring,18,1,accuracy,3,0.23766666666666666,0.10485982707087271,0.147,0.3525
b729ad24b6b0,1bf906c2712a,MH / factor zero-pad / ring,18,2,accuracy,3,0.20283333333333334,0.023592018424317438,0.1875,0.23
b729ad24b6b0,1bf906c2712a,MH / factor zero-pad / ring,18,3,accuracy,3,0.07183333333333333,0.029737742572921253,0.0445,0.1035
b729ad24b6b0,1bf906c2712a,MH / factor zero-pad / ring,18,4,accuracy,3,0.08283333333333334,0.05076744363598914,0.0415,0.1395
b729ad24b6b0,1bf906c2712a,MH / factor zero-pad / ring,19,0,accuracy,3,0.15066666666666667,0.09110616517740901,0.047,0.218
b729ad24b6b0,1bf906c2712a,MH / factor zero-pad / ring,19,1,accuracy,3,0.24966666666666668,0.1046904166260376,0.154,0.3615
b729ad24b6b0,1bf906c2712a,MH / factor zero-pad / ring,19,2,accuracy,3,0.21383333333333335,0.020930440352112344,0.2015,0.238
b729ad24b6b0,1bf906c2712a,MH / factor zero-pad / ring,19,3,accuracy,3,0.07283333333333333,0.028645825757574753,0.046,0.103
b729ad24b6b0,1bf906c2712a,MH / factor zero-pad / ring,19,4,accuracy,3,0.08683333333333333,0.05088303581090001,0.0465,0.144
b729ad24b6b0,1bf906c2712a,MH / factor zero-pad / ring,20,0,accuracy,3,0.15433333333333332,0.08751618897857318,0.0555,0.222
b729ad24b6b0,1bf906c2712a,MH / factor zero-pad / ring,20,1,accuracy,3,0.251,0.10251463310181624,0.153,0.3575
b729ad24b6b0,1bf906c2712a,MH / factor zero-pad / ring,20,2,accuracy,3,0.22333333333333333,0.016780444968275823,0.206,0.2395
b729ad24b6b0,1bf906c2712a,MH / factor zero-pad / ring,20,3,accuracy,3,0.07983333333333334,0.03006797853752948,0.051,0.111
b729ad24b6b0,1bf906c2712a,MH / factor zero-pad / ring,20,4,accuracy,3,0.089,0.04932544982055409,0.052,0.145
b729ad24b6b0,1bf906c2712a,MH / factor zero-pad / ring,21,0,accuracy,3,0.15616666666666668,0.09139520410466478,0.053,0.227
b729ad24b6b0,1bf906c2712a,MH / factor zero-pad / ring,21,1,accuracy,3,0.25716666666666665,0.10668919033029228,0.162,0.3725
b729ad24b6b0,1bf906c2712a,MH / factor zero-pad / ring,21,2,accuracy,3,0.22816666666666666,0.01155782563172387,0.216,0.239
b729ad24b6b0,1bf906c2712a,MH / factor zero-pad / ring,21,3,accuracy,3,0.08333333333333334,0.028523382221141542,0.0555,0.1125
b729ad24b6b0,1bf906c2712a,MH / factor zero-pad / ring,21,4,accuracy,3,0.09416666666666666,0.04734536232128057,0.059,0.148
b729ad24b6b0,1bf906c2712a,MH / factor zero-pad / ring,22,0,accuracy,3,0.16266666666666665,0.09346166772176352,0.057,0.2345
b729ad24b6b0,1bf906c2712a,MH / factor zero-pad / ring,22,1,accuracy,3,0.25966666666666666,0.10660362720533167,0.163,0.374
b729ad24b6b0,1bf906c2712a,MH / factor zero-pad / ring,22,2,accuracy,3,0.23283333333333334,0.011116804097101522,0.22,0.2395
b729ad24b6b0,1bf906c2712a,MH / factor zero-pad / ring,22,3,accuracy,3,0.08666666666666667,0.03476468514647203,0.0525,0.122
b729ad24b6b0,1bf906c2712a,MH / factor zero-pad / ring,22,4,accuracy,3,0.0945,0.04643005492135455,0.061,0.1475
b729ad24b6b0,1bf906c2712a,MH / factor zero-pad / ring,23,0,accuracy,3,0.16316666666666668,0.0899685130105713,0.0615,0.2325
b729ad24b6b0,1bf906c2712a,MH / factor zero-pad / ring,23,1,accuracy,3,0.2645,0.11010903686800642,0.1645,0.3825
b729ad24b6b0,1bf906c2712a,MH / factor zero-pad / ring,23,2,accuracy,3,0.23299999999999998,0.019157244060668016,0.211,0.246
b729ad24b6b0,1bf906c2712a,MH / factor zero-pad / ring,23,3,accuracy,3,0.08933333333333333,0.03152908709958684,0.0605,0.123
b729ad24b6b0,1bf906c2712a,MH / factor zero-pad / ring,23,4,accuracy,3,0.0975,0.04999249943741561,0.059,0.154
b729ad24b6b0,1bf906c2712a,MH / factor zero-pad / ring,24,0,accuracy,3,0.16816666666666666,0.09495964054972689,0.0615,0.2435
b729ad24b6b0,1bf906c2712a,MH / factor zero-pad / ring,24,1,accuracy,3,0.26783333333333337,0.10934616286515651,0.1685,0.385
b729ad24b6b0,1bf906c2712a,MH / factor zero-pad / ring,24,2,accuracy,3,0.23683333333333334,0.018656991540260005,0.216,0.252
b729ad24b6b0,1bf906c2712a,MH / factor zero-pad / ring,24,3,accuracy,3,0.0905,0.02890934105094753,0.0635,0.121
b729ad24b6b0,1bf906c2712a,MH / factor zero-pad / ring,24,4,accuracy,3,0.09866666666666667,0.04431797979751934,0.0655,0.149
b729ad24b6b0,1bf906c2712a,MH / factor zero-pad / ring,25,0,accuracy,3,0.16883333333333334,0.09236657043180359,0.0635,0.236
b729ad24b6b0,1bf906c2712a,MH / factor zero-pad / ring,25,1,accuracy,3,0.2738333333333334,0.11262474565269097,0.1715,0.3945
b729ad24b6b0,1bf906c2712a,MH / factor zero-pad / ring,25,2,accuracy,3,0.24083333333333334,0.015217862311551292,0.2235,0.252
b729ad24b6b0,1bf906c2712a,MH / factor zero-pad / ring,25,3,accuracy,3,0.0925,0.026282123201902843,0.067,0.1195
b729ad24b6b0,1bf906c2712a,MH / factor zero-pad / ring,25,4,accuracy,3,0.103,0.038558397269596145,0.0795,0.1475
b729ad24b6b0,1bf906c2712a,MH / factor zero-pad / ring,26,0,accuracy,3,0.17183333333333334,0.09338272502627738,0.0655,0.2405
b729ad24b6b0,1bf906c2712a,MH / factor zero-pad / ring,26,1,accuracy,3,0.2748333333333333,0.10656257942323533,0.178,0.389
b729ad24b6b0,1bf906c2712a,MH / factor zero-pad / ring,26,2,accuracy,3,0.24483333333333335,0.010103629710818445,0.234,0.254
b729ad24b6b0,1bf906c2712a,MH / factor zero-pad / ring,26,3,accuracy,3,0.0945,0.026999999999999996,0.0675,0.1215
b729ad24b6b0,1bf906c2712a,MH / factor zero-pad / ring,26,4,accuracy,3,0.10433333333333333,0.035652255655615014,0.0835,0.1455
b729ad24b6b0,1bf906c2712a,MH / factor zero-pad / ring,27,0,accuracy,3,0.17183333333333334,0.09246936429614584,0.066,0.237
b729ad24b6b0,1bf906c2712a,MH / factor zero-pad / ring,27,1,accuracy,3,0.2775,0.10844007561782684,0.1795,0.394
b729ad24b6b0,1bf906c2712a,MH / factor zero-pad / ring,27,2,accuracy,3,0.247,0.01275735082217307,0.2325,0.2565
b729ad24b6b0,1bf906c2712a,MH / factor zero-pad / ring,27,3,accuracy,3,0.0955,0.02478406746278746,0.0715,0.121
b729ad24b6b0,1bf906c2712a,MH / factor zero-pad / ring,27,4,accuracy,3,0.10566666666666666,0.03540597877948487,0.0835,0.1465
b729ad24b6b0,1bf906c2712a,MH / factor zero-pad / ring,28,0,accuracy,3,0.17433333333333334,0.09332782721853826,0.0675,0.24
b729ad24b6b0,1bf906c2712a,MH / factor zero-pad / ring,28,1,accuracy,3,0.2796666666666667,0.10926611246554595,0.18,0.3965
b729ad24b6b0,1bf906c2712a,MH / factor zero-pad / ring,28,2,accuracy,3,0.24933333333333332,0.00860716755578358,0.2425,0.259
b729ad24b6b0,1bf906c2712a,MH / factor zero-pad / ring,28,3,accuracy,3,0.09866666666666667,0.025818275181222573,0.074,0.1255
b729ad24b6b0,1bf906c2712a,MH / factor zero-pad / ring,28,4,accuracy,3,0.10533333333333333,0.03392761903425192,0.085,0.1445
b729ad24b6b0,1bf906c2712a,MH / factor zero-pad / ring,29,0,accuracy,3,0.17966666666666667,0.09762726736590209,0.0675,0.2455
b729ad24b6b0,1bf906c2712a,MH / factor zero-pad / ring,29,1,accuracy,3,0.28200000000000003,0.107397625672079,0.1835,0.3965
b729ad24b6b0,1bf906c2712a,MH / factor zero-pad / ring,29,2,accuracy,3,0.24816666666666667,0.011536174987114818,0.235,0.2565
b729ad24b6b0,1bf906c2712a,MH / factor zero-pad / ring,29,3,accuracy,3,0.0955,0.023515952032609692,0.0725,0.1195
b729ad24b6b0,1bf906c2712a,MH / factor zero-pad / ring,29,4,accuracy,3,0.10866666666666666,0.031202296923997966,0.0875,0.1445
b729ad24b6b0,1bf906c2712a,MH / factor zero-pad / ring,30,0,accuracy,3,0.18733333333333335,0.10369948569464235,0.0685,0.2595
b729ad24b6b0,1bf906c2712a,MH / factor zero-pad / ring,30,1,accuracy,3,0.28650000000000003,0.10726952036808966,0.19,0.402
b729ad24b6b0,1bf906c2712a,MH / factor zero-pad / ring,30,2,accuracy,3,0.25,0.008500000000000008,0.2415,0.2585
b729ad24b6b0,1bf906c2712a,MH / factor zero-pad / ring,30,3,accuracy,3,0.0995,0.026556543449779004,0.072,0.125
b729ad24b6b0,1bf906c2712a,MH / factor zero-pad / ring,30,4,accuracy,3,0.109,0.03321520736048474,0.0855,0.147
b729ad24b6b0,1bf906c2712a,MH / factor zero-pad / ring,31,0,accuracy,3,0.18883333333333333,0.10296641847385649,0.0705,0.258
b729ad24b6b0,1bf906c2712a,MH / factor zero-pad / ring,31,1,accuracy,3,0.28633333333333333,0.10678522057538363,0.1915,0.402
b729ad24b6b0,1bf906c2712a,MH / factor zero-pad / ring,31,2,accuracy,3,0.25383333333333336,0.012493331554606786,0.243,0.2675
b729ad24b6b0,1bf906c2712a,MH / factor zero-pad / ring,31,3,accuracy,3,0.09983333333333333,0.024250429549460217,0.0755,0.124
b729ad24b6b0,1bf906c2712a,MH / factor zero-pad / ring,31,4,accuracy,3,0.11166666666666666,0.03430136051723507,0.0855,0.1505
b729ad24b6b0,1bf906c2712a,MH / factor zero-pad / ring,32,0,accuracy,3,0.19,0.10409971181516306,0.0705,0.261
b729ad24b6b0,1bf906c2712a,MH / factor zero-pad / ring,32,1,accuracy,3,0.28833333333333333,0.10843930714152196,0.1915,0.4055
b729ad24b6b0,1bf906c2712a,MH / factor zero-pad / ring,32,2,accuracy,3,0.25566666666666665,0.01275081696729012,0.243,0.2685
b729ad24b6b0,1bf906c2712a,MH / factor zero-pad / ring,32,3,accuracy,3,0.10049999999999999,0.024934915279583365,0.074,0.1235
b729ad24b6b0,1bf906c2712a,MH / factor zero-pad / ring,32,4,accuracy,3,0.113,0.03289756829919196,0.089,0.1505
b729ad24b6b0,1bf906c2712a,MH / factor zero-pad / ring,33,0,accuracy,3,0.191,0.10612728207204782,0.069,0.262
b729ad24b6b0,1bf906c2712a,MH / factor zero-pad / ring,33,1,accuracy,3,0.28633333333333333,0.10790891220531017,0.192,0.404
b729ad24b6b0,1bf906c2712a,MH / factor zero-pad / ring,33,2,accuracy,3,0.25766666666666665,0.011094292827095089,0.2475,0.2695
b729ad24b6b0,1bf906c2712a,MH / factor zero-pad / ring,33,3,accuracy,3,0.1025,0.026753504443343495,0.076,0.1295
b729ad24b6b0,1bf906c2712a,MH / factor zero-pad / ring,33,4,accuracy,3,0.11483333333333333,0.03775027593718135,0.088,0.158
b729ad24b6b0,1bf906c2712a,MH / factor zero-pad / ring,34,0,accuracy,3,0.19233333333333333,0.10641467630610607,0.07,0.2635
b729ad24b6b0,1bf906c2712a,MH / factor zero-pad / ring,34,1,accuracy,3,0.2876666666666667,0.10109937355559298,0.2005,0.3985
b729ad24b6b0,1bf906c2712a,MH / factor zero-pad / ring,34,2,accuracy,3,0.25583333333333336,0.012848475914805367,0.244,0.2695
b729ad24b6b0,1bf906c2712a,MH / factor zero-pad / ring,34,3,accuracy,3,0.10133333333333333,0.021565790811684447,0.0775,0.1195
b729ad24b6b0,1bf906c2712a,MH / factor zero-pad / ring,34,4,accuracy,3,0.1155,0.03654107278118692,0.085,0.156
b729ad24b6b0,1bf906c2712a,MH / factor zero-pad / ring,35,0,accuracy,3,0.19766666666666666,0.10903248751327897,0.0725,0.272
b729ad24b6b0,1bf906c2712a,MH / factor zero-pad / ring,35,1,accuracy,3,0.29083333333333333,0.10791470397185607,0.1975,0.409
b729ad24b6b0,1bf906c2712a,MH / factor zero-pad / ring,35,2,accuracy,3,0.259,0.01472243186433547,0.2505,0.276
b729ad24b6b0,1bf906c2712a,MH / factor zero-pad / ring,35,3,accuracy,3,0.10316666666666667,0.026240871428619392,0.0745,0.126
b729ad24b6b0,1bf906c2712a,MH / factor zero-pad / ring,35,4,accuracy,3,0.11883333333333333,0.03335540935640475,0.0915,0.156
b729ad24b6b0,1bf906c2712a,MH / factor zero-pad / ring,36,0,accuracy,3,0.2,0.11054297806735623,0.0725,0.269
b729ad24b6b0,1bf906c2712a,MH / factor zero-pad / ring,36,1,accuracy,3,0.28900000000000003,0.10196445459080336,0.2005,0.4005
b729ad24b6b0,1bf906c2712a,MH / factor zero-pad / ring,36,2,accuracy,3,0.25516666666666665,0.015534906930308073,0.2425,0.2725
b729ad24b6b0,1bf906c2712a,MH / factor zero-pad / ring,36,3,accuracy,3,0.104,0.022852789764052875,0.08,0.1255
b729ad24b6b0,1bf906c2712a,MH / factor zero-pad / ring,36,4,accuracy,3,0.11966666666666667,0.035725807665234574,0.092,0.16
b729ad24b6b0,1bf906c2712a,MH / factor zero-pad / ring,37,0,accuracy,3,0.2015,0.11134742924737868,0.073,0.2695
b729ad24b6b0,1bf906c2712a,MH / factor zero-pad / ring,37,1,accuracy,3,0.2915,0.10509638433362013,0.2015,0.407
b729ad24b6b0,1bf906c2712a,MH / factor zero-pad / ring,37,2,accuracy,3,0.25616666666666665,0.020207259421636918,0.2445,0.2795
b729ad24b6b0,1bf906c2712a,MH / factor zero-pad / ring,37,3,accuracy,3,0.10466666666666667,0.024800873640525918,0.079,0.1285
b729ad24b6b0,1bf906c2712a,MH / factor zero-pad / ring,37,4,accuracy,3,0.11683333333333333,0.03659348758089796,0.088,0.158
b729ad24b6b0,1bf906c2712a,MH / factor zero-pad / ring,38,0,accuracy,3,0.203,0.1135385397122933,0.072,0.273
b729ad24b6b0,1bf906c2712a,MH / factor zero-pad / ring,38,1,accuracy,3,0.2961666666666667,0.10830666338380725,0.2065,0.4165
b729ad24b6b0,1bf906c2712a,MH / factor zero-pad / ring,38,2,accuracy,3,0.2578333333333333,0.02254070392275567,0.2395,0.283
b729ad24b6b0,1bf906c2712a,MH / factor zero-pad / ring,38,3,accuracy,3,0.106,0.02384848003542364,0.081,0.1285
b729ad24b6b0,1bf906c2712a,MH / factor zero-pad / ring,38,4,accuracy,3,0.11816666666666667,0.03297852836821761,0.093,0.1555
b729ad24b6b0,1bf906c2712a,MH / factor zero-pad / ring,39,0,accuracy,3,0.20566666666666666,0.11393016867069643,0.0745,0.28
b729ad24b6b0,1bf906c2712a,MH / factor zero-pad / ring,39,1,accuracy,3,0.2971666666666667,0.10795871124338846,0.2075,0.417
b729ad24b6b0,1bf906c2712a,MH / factor zero-pad / ring,39,2,accuracy,3,0.25583333333333336,0.022496295991414547,0.2355,0.28
b729ad24b6b0,1bf906c2712a,MH / factor zero-pad / ring,39,3,accuracy,3,0.10666666666666667,0.028854520154272773,0.0765,0.134
b729ad24b6b0,1bf906c2712a,MH / factor zero-pad / ring,39,4,accuracy,3,0.11666666666666667,0.03403796899542236,0.092,0.1555
b729ad24b6b0,1bf906c2712a,MH / factor zero-pad / ring,40,0,accuracy,3,0.20566666666666666,0.11325009197935927,0.075,0.2755
b729ad24b6b0,1bf906c2712a,MH / factor zero-pad / ring,40,1,accuracy,3,0.29533333333333334,0.10636532956435256,0.21,0.4145
b729ad24b6b0,1bf906c2712a,MH / factor zero-pad / ring,40,2,accuracy,3,0.25383333333333336,0.02379250582291268,0.2335,0.28
b729ad24b6b0,1bf906c2712a,MH / factor zero-pad / ring,40,3,accuracy,3,0.1045,0.02325403190846697,0.0815,0.128
b729ad24b6b0,1bf906c2712a,MH / factor zero-pad / ring,40,4,accuracy,3,0.1215,0.03434748899119119,0.094,0.16
b729ad24b6b0,1bf906c2712a,MH / factor zero-pad / ring,41,0,accuracy,3,0.20350000000000001,0.11104165884928054,0.0755,0.274
b729ad24b6b0,1bf906c2712a,MH / factor zero-pad / ring,41,1,accuracy,3,0.296,0.10713659505509776,0.2115,0.4165
b729ad24b6b0,1bf906c2712a,MH / factor zero-pad / ring,41,2,accuracy,3,0.261,0.02245551157288561,0.2405,0.285
b729ad24b6b0,1bf906c2712a,MH / factor zero-pad / ring,41,3,accuracy,3,0.1045,0.0245,0.08,0.129
b729ad24b6b0,1bf906c2712a,MH / factor zero-pad / ring,41,4,accuracy,3,0.12316666666666667,0.03374290048785571,0.101,0.162
b729ad24b6b0,1bf906c2712a,MH / factor zero-pad / ring,42,0,accuracy,3,0.20766666666666667,0.11549494938452216,0.0745,0.2805
b729ad24b6b0,1bf906c2712a,MH / factor zero-pad / ring,42,1,accuracy,3,0.30083333333333334,0.10528572236221458,0.217,0.419
b729ad24b6b0,1bf906c2712a,MH / factor zero-pad / ring,42,2,accuracy,3,0.25283333333333335,0.02695520976236936,0.228,0.2815
b729ad24b6b0,1bf906c2712a,MH / factor zero-pad / ring,42,3,accuracy,3,0.10916666666666668,0.025662878508330537,0.082,0.133
b729ad24b6b0,1bf906c2712a,MH / factor zero-pad / ring,42,4,accuracy,3,0.12233333333333334,0.031844675117409085,0.0985,0.1585
b729ad24b6b0,1bf906c2712a,MH / factor zero-pad / ring,43,0,accuracy,3,0.2063333333333333,0.11582026305156336,0.073,0.282
b729ad24b6b0,1bf906c2712a,MH / factor zero-pad / ring,43,1,accuracy,3,0.29966666666666664,0.10609586859691254,0.216,0.419
b729ad24b6b0,1bf906c2712a,MH / factor zero-pad / ring,43,2,accuracy,3,0.25483333333333336,0.023304148414677883,0.2325,0.279
b729ad24b6b0,1bf906c2712a,MH / factor zero-pad / ring,43,3,accuracy,3,0.112,0.026014419078657137,0.0865,0.1385
b729ad24b6b0,1bf906c2712a,MH / factor zero-pad / ring,43,4,accuracy,3,0.12183333333333334,0.03419186062988286,0.094,0.16
b729ad24b6b0,1bf906c2712a,MH / factor zero-pad / ring,44,0,accuracy,3,0.2025,0.11232430725359495,0.073,0.2735
b729ad24b6b0,1bf906c2712a,MH / factor zero-pad / ring,44,1,accuracy,3,0.29666666666666663,0.10321014162054683,0.213,0.412
b729ad24b6b0,1bf906c2712a,MH / factor zero-pad / ring,44,2,accuracy,3,0.25483333333333336,0.02430192036307694,0.2315,0.28
b729ad24b6b0,1bf906c2712a,MH / factor zero-pad / ring,44,3,accuracy,3,0.1125,0.024561148181630278,0.086,0.1345
b729ad24b6b0,1bf906c2712a,MH / factor zero-pad / ring,44,4,accuracy,3,0.12466666666666668,0.03510816619154771,0.0965,0.164
b729ad24b6b0,1bf906c2712a,MH / factor zero-pad / ring,45,0,accuracy,3,0.20450000000000002,0.11456111905878016,0.0725,0.278
b729ad24b6b0,1bf906c2712a,MH / factor zero-pad / ring,45,1,accuracy,3,0.3005,0.10677195324615915,0.216,0.4205
b729ad24b6b0,1bf906c2712a,MH / factor zero-pad / ring,45,2,accuracy,3,0.25683333333333336,0.02975035013799556,0.227,0.2865
b729ad24b6b0,1bf906c2712a,MH / factor zero-pad / ring,45,3,accuracy,3,0.113,0.030199337741082993,0.081,0.141
b729ad24b6b0,1bf906c2712a,MH / factor zero-pad / ring,45,4,accuracy,3,0.12566666666666668,0.030807196129043188,0.102,0.1605
b729ad24b6b0,1bf906c2712a,MH / factor zero-pad / ring,46,0,accuracy,3,0.2075,0.11677221416073261,0.073,0.283
b729ad24b6b0,1bf906c2712a,MH / factor zero-pad / ring,46,1,accuracy,3,0.29933333333333334,0.11273567906094917,0.21,0.426
b729ad24b6b0,1bf906c2712a,MH / factor zero-pad / ring,46,2,accuracy,3,0.2585,0.02551470164434613,0.2335,0.2845
b729ad24b6b0,1bf906c2712a,MH / factor zero-pad / ring,46,3,accuracy,3,0.1155,0.022765104875664428,0.091,0.136
b729ad24b6b0,1bf906c2712a,MH / factor zero-pad / ring,46,4,accuracy,3,0.126,0.03407345007480165,0.102,0.165
b729ad24b6b0,1bf906c2712a,MH / factor zero-pad / ring,47,0,accuracy,3,0.20816666666666667,0.11775008846422721,0.073,0.2885
b729ad24b6b0,1bf906c2712a,MH / factor zero-pad / ring,47,1,accuracy,3,0.30166666666666664,0.11172995718845206,0.2125,0.427
b729ad24b6b0,1bf906c2712a,MH / factor zero-pad / ring,47,2,accuracy,3,0.2573333333333333,0.030847744379992072,0.2295,0.2905
b729ad24b6b0,1bf906c2712a,MH / factor zero-pad / ring,47,3,accuracy,3,0.1155,0.024284768889161788,0.0905,0.139
b729ad24b6b0,1bf906c2712a,MH / factor zero-pad / ring,47,4,accuracy,3,0.12816666666666665,0.03198567387649248,0.1025,0.164
b729ad24b6b0,1bf906c2712a,MH / factor zero-pad / ring,48,0,accuracy,3,0.20883333333333332,0.11746311477793075,0.074,0.289
b729ad24b6b0,1bf906c2712a,MH / factor zero-pad / ring,48,1,accuracy,3,0.30183333333333334,0.10823623854021042,0.212,0.422
b729ad24b6b0,1bf906c2712a,MH / factor zero-pad / ring,48,2,accuracy,3,0.26066666666666666,0.036607148664343316,0.2285,0.3005
b729ad24b6b0,1bf906c2712a,MH / factor zero-pad / ring,48,3,accuracy,3,0.11383333333333333,0.0242091580467668,0.088,0.136
b729ad24b6b0,1bf906c2712a,MH / factor zero-pad / ring,48,4,accuracy,3,0.12783333333333333,0.032757950688853135,0.106,0.1655
b729ad24b6b0,1bf906c2712a,MH / factor zero-pad / ring,49,0,accuracy,3,0.21033333333333332,0.11757586203525507,0.0755,0.2915
b729ad24b6b0,1bf906c2712a,MH / factor zero-pad / ring,49,1,accuracy,3,0.302,0.11024858275733071,0.2135,0.4255
b729ad24b6b0,1bf906c2712a,MH / factor zero-pad / ring,49,2,accuracy,3,0.2668333333333333,0.030717801570641953,0.2415,0.301
b729ad24b6b0,1bf906c2712a,MH / factor zero-pad / ring,49,3,accuracy,3,0.1185,0.027874719729532708,0.0875,0.1415
b729ad24b6b0,1bf906c2712a,MH / factor zero-pad / ring,49,4,accuracy,3,0.12933333333333333,0.03046446016809314,0.111,0.1645
b729ad24b6b0,1bf906c2712a,MH / factor zero-pad / ring,50,0,accuracy,3,0.21333333333333332,0.12100034435212709,0.075,0.2995
b729ad24b6b0,1bf906c2712a,MH / factor zero-pad / ring,50,1,accuracy,3,0.3021666666666667,0.11705269468633916,0.2035,0.4315
b729ad24b6b0,1bf906c2712a,MH / factor zero-pad / ring,50,2,accuracy,3,0.265,0.02851753846319839,0.239,0.2955
b729ad24b6b0,1bf906c2712a,MH / factor zero-pad / ring,50,3,accuracy,3,0.12016666666666666,0.025447658700425334,0.092,0.1415
b729ad24b6b0,1bf906c2712a,MH / factor zero-pad / ring,50,4,accuracy,3,0.13083333333333333,0.03280751946327753,0.1085,0.1685
b729ad24b6b0,51d33462378d,Local / ΔW,1,0,accuracy,3,0.05683333333333333,0.006788470618138765,0.049,0.061
b729ad24b6b0,51d33462378d,Local / ΔW,1,1,accuracy,3,0.05333333333333334,0.0125532200384337,0.0395,0.064
b729ad24b6b0,51d33462378d,Local / ΔW,1,2,accuracy,3,0.05516666666666667,0.0061101009266077855,0.0485,0.0605
b729ad24b6b0,51d33462378d,Local / ΔW,1,3,accuracy,3,0.0455,0.003968626966596887,0.0425,0.05
b729ad24b6b0,51d33462378d,Local / ΔW,1,4,accuracy,3,0.06433333333333334,0.016623276853055577,0.049,0.082
b729ad24b6b0,51d33462378d,Local / ΔW,2,0,accuracy,3,0.10566666666666667,0.006171169527191205,0.1005,0.1125
b729ad24b6b0,51d33462378d,Local / ΔW,2,1,accuracy,3,0.1035,0.01575595125658873,0.088,0.1195
b729ad24b6b0,51d33462378d,Local / ΔW,2,2,accuracy,3,0.097,0.007211102550927977,0.091,0.105
b729ad24b6b0,51d33462378d,Local / ΔW,2,3,accuracy,3,0.08533333333333333,0.00671441235949456,0.0805,0.093
b729ad24b6b0,51d33462378d,Local / ΔW,2,4,accuracy,3,0.0965,0.015099668870541498,0.0805,0.1105
b729ad24b6b0,51d33462378d,Local / ΔW,3,0,accuracy,3,0.192,0.01602342035896206,0.1825,0.2105
b729ad24b6b0,51d33462378d,Local / ΔW,3,1,accuracy,3,0.2006666666666667,0.030790961877364815,0.169,0.2305
b729ad24b6b0,51d33462378d,Local / ΔW,3,2,accuracy,3,0.168,0.008674675786448729,0.1605,0.1775
b729ad24b6b0,51d33462378d,Local / ΔW,3,3,accuracy,3,0.13433333333333333,0.015986973864159943,0.117,0.1485
b729ad24b6b0,51d33462378d,Local / ΔW,3,4,accuracy,3,0.1675,0.007262919523166967,0.1605,0.175
b729ad24b6b0,51d33462378d,Local / ΔW,4,0,accuracy,3,0.26316666666666666,0.008005206639015225,0.255,0.271
b729ad24b6b0,51d33462378d,Local / ΔW,4,1,accuracy,3,0.3035,0.03950949253027682,0.2585,0.3325
b729ad24b6b0,51d33462378d,Local / ΔW,4,2,accuracy,3,0.25033333333333335,0.016250641012998022,0.234,0.2665
b729ad24b6b0,51d33462378d,Local / ΔW,4,3,accuracy,3,0.1985,0.009539392014169451,0.1885,0.2075
b729ad24b6b0,51d33462378d,Local / ΔW,4,4,accuracy,3,0.24366666666666667,0.020593283694771303,0.2265,0.2665
b729ad24b6b0,51d33462378d,Local / ΔW,5,0,accuracy,3,0.30866666666666664,0.017918798322804293,0.2895,0.325
b729ad24b6b0,51d33462378d,Local / ΔW,5,1,accuracy,3,0.361,0.03457961827435346,0.324,0.3925
b729ad24b6b0,51d33462378d,Local / ΔW,5,2,accuracy,3,0.31016666666666665,0.01713427364475465,0.2955,0.329
b729ad24b6b0,51d33462378d,Local / ΔW,5,3,accuracy,3,0.23666666666666666,0.002309401076758489,0.234,0.238
b729ad24b6b0,51d33462378d,Local / ΔW,5,4,accuracy,3,0.2995,0.018193405398660267,0.2885,0.3205
b729ad24b6b0,51d33462378d,Local / ΔW,6,0,accuracy,3,0.3481666666666667,0.022854612955229253,0.3335,0.3745
b729ad24b6b0,51d33462378d,Local / ΔW,6,1,accuracy,3,0.402,0.0457520491344377,0.3565,0.448
b729ad24b6b0,51d33462378d,Local / ΔW,6,2,accuracy,3,0.35933333333333334,0.020520315137281253,0.3465,0.383
b729ad24b6b0,51d33462378d,Local / ΔW,6,3,accuracy,3,0.2715,0.008000000000000007,0.2635,0.2795
b729ad24b6b0,51d33462378d,Local / ΔW,6,4,accuracy,3,0.3348333333333333,0.029674624400880513,0.3155,0.369
b729ad24b6b0,51d33462378d,Local / ΔW,7,0,accuracy,3,0.37633333333333335,0.0225407039227557,0.358,0.4015
b729ad24b6b0,51d33462378d,Local / ΔW,7,1,accuracy,3,0.43083333333333335,0.032581947967138696,0.397,0.462
b729ad24b6b0,51d33462378d,Local / ΔW,7,2,accuracy,3,0.392,0.02478406746278745,0.3755,0.4205
b729ad24b6b0,51d33462378d,Local / ΔW,7,3,accuracy,3,0.30233333333333334,0.019857828011475325,0.285,0.324
b729ad24b6b0,51d33462378d,Local / ΔW,7,4,accuracy,3,0.36716666666666664,0.04135919889617462,0.338,0.4145
b729ad24b6b0,51d33462378d,Local / ΔW,8,0,accuracy,3,0.3968333333333333,0.023629078131263033,0.3785,0.4235
b729ad24b6b0,51d33462378d,Local / ΔW,8,1,accuracy,3,0.4543333333333333,0.030664855018951803,0.42,0.479
b729ad24b6b0,51d33462378d,Local / ΔW,8,2,accuracy,3,0.41883333333333334,0.026562818625539966,0.403,0.4495
b729ad24b6b0,51d33462378d,Local / ΔW,8,3,accuracy,3,0.3298333333333333,0.024821026033049743,0.304,0.3535
b729ad24b6b0,51d33462378d,Local / ΔW,8,4,accuracy,3,0.39066666666666666,0.05046120622154542,0.353,0.448
b729ad24b6b0,51d33462378d,Local / ΔW,9,0,accuracy,3,0.41250000000000003,0.018993419913222565,0.398,0.434
b729ad24b6b0,51d33462378d,Local / ΔW,9,1,accuracy,3,0.4695,0.034394767043839675,0.4315,0.4985
b729ad24b6b0,51d33462378d,Local / ΔW,9,2,accuracy,3,0.4428333333333333,0.0364771618047969,0.413,0.4835
b729ad24b6b0,51d33462378d,Local / ΔW,9,3,accuracy,3,0.3421666666666667,0.02126225137028845,0.3205,0.363
b729ad24b6b0,51d33462378d,Local / ΔW,9,4,accuracy,3,0.4135,0.05152911798197208,0.3835,0.473
b729ad24b6b0,51d33462378d,Local / ΔW,10,0,accuracy,3,0.42616666666666664,0.018113070786957522,0.4105,0.446
b729ad24b6b0,51d33462378d,Local / ΔW,10,1,accuracy,3,0.48583333333333334,0.021623675296612552,0.461,0.5005
b729ad24b6b0,51d33462378d,Local / ΔW,10,2,accuracy,3,0.4545,0.034230834053525484,0.4335,0.494
b729ad24b6b0,51d33462378d,Local / ΔW,10,3,accuracy,3,0.354,0.02443869881969987,0.3315,0.38
b729ad24b6b0,51d33462378d,Local / ΔW,10,4,accuracy,3,0.4265,0.04997749493522057,0.3935,0.484
b729ad24b6b0,51d33462378d,Local / ΔW,11,0,accuracy,3,0.433,0.013481468762712775,0.424,0.4485
b729ad24b6b0,51d33462378d,Local / ΔW,11,1,accuracy,3,0.5015,0.026627053911388688,0.4735,0.5265
b729ad24b6b0,51d33462378d,Local / ΔW,11,2,accuracy,3,0.46499999999999997,0.03289756829919193,0.441,0.5025
b729ad24b6b0,51d33462378d,Local / ΔW,11,3,accuracy,3,0.37,0.022787057730211703,0.348,0.3935
b729ad24b6b0,51d33462378d,Local / ΔW,11,4,accuracy,3,0.438,0.04657520799738849,0.4065,0.4915
b729ad24b6b0,51d33462378d,Local / ΔW,12,0,accuracy,3,0.43933333333333335,0.015250683044812575,0.424,0.4545
b729ad24b6b0,51d33462378d,Local / ΔW,12,1,accuracy,3,0.5081666666666667,0.01963627595378854,0.4855,0.52
b729ad24b6b0,51d33462378d,Local / ΔW,12,2,accuracy,3,0.47350000000000003,0.03341780962301389,0.452,0.512
b729ad24b6b0,51d33462378d,Local / ΔW,12,3,accuracy,3,0.37816666666666665,0.029293059473761585,0.348,0.4065
b729ad24b6b0,51d33462378d,Local / ΔW,12,4,accuracy,3,0.4453333333333333,0.04177419458629135,0.413,0.4925
b729ad24b6b0,51d33462378d,Local / ΔW,13,0,accuracy,3,0.45016666666666666,0.01581402331265936,0.4325,0.463
b729ad24b6b0,51d33462378d,Local / ΔW,13,1,accuracy,3,0.5225,0.019345542122153097,0.501,0.5385
b729ad24b6b0,51d33462378d,Local / ΔW,13,2,accuracy,3,0.48333333333333334,0.03696732791713963,0.4565,0.5255
b729ad24b6b0,51d33462378d,Local / ΔW,13,3,accuracy,3,0.3818333333333333,0.026572228610587653,0.359,0.411
b729ad24b6b0,51d33462378d,Local / ΔW,13,4,accuracy,3,0.4575,0.0376596601153011,0.4255,0.499
b729ad24b6b0,51d33462378d,Local / ΔW,14,0,accuracy,3,0.45633333333333337,0.011590225767142484,0.444,0.467
b729ad24b6b0,51d33462378d,Local / ΔW,14,1,accuracy,3,0.5316666666666666,0.013549292724468451,0.5175,0.5445
b729ad24b6b0,51d33462378d,Local / ΔW,14,2,accuracy,3,0.4891666666666667,0.03918013952672112,0.4615,0.534
b729ad24b6b0,51d33462378d,Local / ΔW,14,3,accuracy,3,0.3918333333333333,0.02130923117649562,0.3715,0.414
b729ad24b6b0,51d33462378d,Local / ΔW,14,4,accuracy,3,0.46416666666666667,0.044475648767986896,0.4285,0.514
b729ad24b6b0,51d33462378d,Local / ΔW,15,0,accuracy,3,0.46166666666666667,0.018305281569354043,0.4465,0.482
b729ad24b6b0,51d33462378d,Local / ΔW,15,1,accuracy,3,0.5403333333333333,0.018305281569354043,0.52,0.5555
b729ad24b6b0,51d33462378d,Local / ΔW,15,2,accuracy,3,0.49733333333333335,0.0422561632585512,0.4665,0.5455
b729ad24b6b0,51d33462378d,Local / ΔW,15,3,accuracy,3,0.399,0.027418059741710382,0.3805,0.4305
b729ad24b6b0,51d33462378d,Local / ΔW,15,4,accuracy,3,0.473,0.041082234603292925,0.4335,0.5155
b729ad24b6b0,51d33462378d,Local / ΔW,16,0,accuracy,3,0.4665,0.021160103969498814,0.447,0.489
b729ad24b6b0,51d33462378d,Local / ΔW,16,1,accuracy,3,0.5438333333333334,0.018113070786957498,0.524,0.5595
b729ad24b6b0,51d33462378d,Local / ΔW,16,2,accuracy,3,0.504,0.0418120795942991,0.4755,0.552
b729ad24b6b0,51d33462378d,Local / ΔW,16,3,accuracy,3,0.401,0.02128966885604376,0.379,0.4215
b729ad24b6b0,51d33462378d,Local / ΔW,16,4,accuracy,3,0.47583333333333333,0.036415427133748325,0.443,0.515
b729ad24b6b0,51d33462378d,Local / ΔW,17,0,accuracy,3,0.4613333333333333,0.0174737898961082,0.442,0.476
b729ad24b6b0,51d33462378d,Local / ΔW,17,1,accuracy,3,0.5541666666666667,0.019276496915501342,0.5355,0.574
b729ad24b6b0,51d33462378d,Local / ΔW,17,2,accuracy,3,0.5041666666666667,0.04114101765067721,0.477,0.5515
b729ad24b6b0,51d33462378d,Local / ΔW,17,3,accuracy,3,0.4063333333333333,0.020508128469788094,0.3855,0.4265
b729ad24b6b0,51d33462378d,Local / ΔW,17,4,accuracy,3,0.481,0.0350107126462744,0.4455,0.5155
b729ad24b6b0,51d33462378d,Local / ΔW,18,0,accuracy,3,0.4746666666666667,0.015892870518988477,0.462,0.4925
b729ad24b6b0,51d33462378d,Local / ΔW,18,1,accuracy,3,0.5543333333333333,0.017322913534776215,0.538,0.5725
b729ad24b6b0,51d33462378d,Local / ΔW,18,2,accuracy,3,0.5101666666666667,0.04235957192103496,0.4795,0.5585
b729ad24b6b0,51d33462378d,Local / ΔW,18,3,accuracy,3,0.4126666666666667,0.019939491802283552,0.3945,0.434
b729ad24b6b0,51d33462378d,Local / ΔW,18,4,accuracy,3,0.493,0.02896981187374192,0.4675,0.5245
b729ad24b6b0,51d33462378d,Local / ΔW,19,0,accuracy,3,0.4755,0.01929378138157473,0.457,0.4955
b729ad24b6b0,51d33462378d,Local / ΔW,19,1,accuracy,3,0.5551666666666667,0.012983964469041534,0.541,0.5665
b729ad24b6b0,51d33462378d,Local / ΔW,19,2,accuracy,3,0.5143333333333333,0.04439688427506295,0.4785,0.564
b729ad24b6b0,51d33462378d,Local / ΔW,19,3,accuracy,3,0.421,0.020365411854416295,0.402,0.4425
b729ad24b6b0,51d33462378d,Local / ΔW,19,4,accuracy,3,0.49566666666666664,0.03652510552117997,0.462,0.5345
b729ad24b6b0,51d33462378d,Local / ΔW,20,0,accuracy,3,0.4815,0.017088007490635052,0.4655,0.4995
b729ad24b6b0,51d33462378d,Local / ΔW,20,1,accuracy,3,0.559,0.015620499351813259,0.549,0.577
b729ad24b6b0,51d33462378d,Local / ΔW,20,2,accuracy,3,0.5175,0.03651027252705738,0.4885,0.5585
b729ad24b6b0,51d33462378d,Local / ΔW,20,3,accuracy,3,0.421,0.018901058171435784,0.3995,0.435
b729ad24b6b0,51d33462378d,Local / ΔW,20,4,accuracy,3,0.499,0.03275286247032464,0.4665,0.532
b729ad24b6b0,51d33462378d,Local / ΔW,21,0,accuracy,3,0.478,0.020573040611440975,0.4565,0.4975
b729ad24b6b0,51d33462378d,Local / ΔW,21,1,accuracy,3,0.5680000000000001,0.016977926846349647,0.5565,0.5875
b729ad24b6b0,51d33462378d,Local / ΔW,21,2,accuracy,3,0.5241666666666667,0.0384068136316114,0.4905,0.566
b729ad24b6b0,51d33462378d,Local / ΔW,21,3,accuracy,3,0.42483333333333334,0.021692932796957932,0.405,0.448
b729ad24b6b0,51d33462378d,Local / ΔW,21,4,accuracy,3,0.5076666666666667,0.035575038065100276,0.4735,0.5445
b729ad24b6b0,51d33462378d,Local / ΔW,22,0,accuracy,3,0.48883333333333334,0.019901842460770664,0.4725,0.511
b729ad24b6b0,51d33462378d,Local / ΔW,22,1,accuracy,3,0.5718333333333333,0.01488567544095105,0.5625,0.589
b729ad24b6b0,51d33462378d,Local / ΔW,22,2,accuracy,3,0.522,0.038431757701151245,0.491,0.565
b729ad24b6b0,51d33462378d,Local / ΔW,22,3,accuracy,3,0.4291666666666667,0.02276144400808817,0.406,0.4515
b729ad24b6b0,51d33462378d,Local / ΔW,22,4,accuracy,3,0.5066666666666667,0.03951371070063319,0.464,0.542
b729ad24b6b0,51d33462378d,Local / ΔW,23,0,accuracy,3,0.4823333333333333,0.018468441551287774,0.4695,0.5035
b729ad24b6b0,51d33462378d,Local / ΔW,23,1,accuracy,3,0.5766666666666667,0.018909873963972753,0.5655,0.5985
b729ad24b6b0,51d33462378d,Local / ΔW,23,2,accuracy,3,0.5235,0.03539420856580915,0.4985,0.564
b729ad24b6b0,51d33462378d,Local / ΔW,23,3,accuracy,3,0.43183333333333335,0.020984120980716208,0.4155,0.4555
b729ad24b6b0,51d33462378d,Local / ΔW,23,4,accuracy,3,0.5071666666666667,0.037256990395539674,0.4695,0.544
b729ad24b6b0,51d33462378d,Local / ΔW,24,0,accuracy,3,0.49516666666666664,0.022216735433752025,0.479,0.5205
b729ad24b6b0,51d33462378d,Local / ΔW,24,1,accuracy,3,0.5761666666666667,0.02628846388310532,0.56,0.6065
b729ad24b6b0,51d33462378d,Local / ΔW,24,2,accuracy,3,0.5279999999999999,0.03813462993133669,0.5045,0.572
b729ad24b6b0,51d33462378d,Local / ΔW,24,3,accuracy,3,0.4355,0.025927784324928368,0.4115,0.463
b729ad24b6b0,51d33462378d,Local / ΔW,24,4,accuracy,3,0.5156666666666667,0.036001157388802565,0.4795,0.5515
b729ad24b6b0,51d33462378d,Local / ΔW,25,0,accuracy,3,0.49133333333333334,0.024084919209607734,0.4685,0.5165
b729ad24b6b0,51d33462378d,Local / ΔW,25,1,accuracy,3,0.5833333333333334,0.012392874296680892,0.5745,0.5975
b729ad24b6b0,51d33462378d,Local / ΔW,25,2,accuracy,3,0.5266666666666666,0.039800544384886664,0.4955,0.5715
b729ad24b6b0,51d33462378d,Local / ΔW,25,3,accuracy,3,0.436,0.01951922129594315,0.416,0.455
b729ad24b6b0,51d33462378d,Local / ΔW,25,4,accuracy,3,0.5188333333333334,0.03576427453945257,0.4825,0.554
b729ad24b6b0,51d33462378d,Local / ΔW,26,0,accuracy,3,0.48783333333333334,0.026689573494781283,0.4595,0.5125
b729ad24b6b0,51d33462378d,Local / ΔW,26,1,accuracy,3,0.5791666666666666,0.014180385514270569,0.57,0.5955
b729ad24b6b0,51d33462378d,Local / ΔW,26,2,accuracy,3,0.5281666666666667,0.036473734842120784,0.5005,0.5695
b729ad24b6b0,51d33462378d,Local / ΔW,26,3,accuracy,3,0.43916666666666665,0.016540354691884144,0.422,0.455
b729ad24b6b0,51d33462378d,Local / ΔW,26,4,accuracy,3,0.5166666666666666,0.032803709139872184,0.4805,0.5445
b729ad24b6b0,51d33462378d,Local / ΔW,27,0,accuracy,3,0.4993333333333333,0.02153098542411222,0.4785,0.5215
b729ad24b6b0,51d33462378d,Local / ΔW,27,1,accuracy,3,0.5871666666666666,0.015332427509475907,0.574,0.604
b729ad24b6b0,51d33462378d,Local / ΔW,27,2,accuracy,3,0.5355,0.03619046835839514,0.508,0.5765
b729ad24b6b0,51d33462378d,Local / ΔW,27,3,accuracy,3,0.44016666666666665,0.020532494571613408,0.419,0.46
b729ad24b6b0,51d33462378d,Local / ΔW,27,4,accuracy,3,0.5181666666666667,0.04166933324800547,0.4745,0.5575
b729ad24b6b0,51d33462378d,Local / ΔW,28,0,accuracy,3,0.5016666666666667,0.02282724979784759,0.48,0.5255
b729ad24b6b0,51d33462378d,Local / ΔW,28,1,accuracy,3,0.5868333333333333,0.013316656236958798,0.5755,0.6015
b729ad24b6b0,51d33462378d,Local / ΔW,28,2,accuracy,3,0.5335,0.03694928957368462,0.509,0.576
b729ad24b6b0,51d33462378d,Local / ΔW,28,3,accuracy,3,0.44233333333333336,0.019263523388345496,0.4215,0.4595
b729ad24b6b0,51d33462378d,Local / ΔW,28,4,accuracy,3,0.5273333333333333,0.038256807673057794,0.486,0.5615
b729ad24b6b0,51d33462378d,Local / ΔW,29,0,accuracy,3,0.498,0.02406241883103195,0.475,0.523
b729ad24b6b0,51d33462378d,Local / ΔW,29,1,accuracy,3,0.5871666666666667,0.019008769905844353,0.5685,0.6065
b729ad24b6b0,51d33462378d,Local / ΔW,29,2,accuracy,3,0.5346666666666666,0.03817503547258772,0.506,0.578
b729ad24b6b0,51d33462378d,Local / ΔW,29,3,accuracy,3,0.4435,0.013937359864766366,0.432,0.459
b729ad24b6b0,51d33462378d,Local / ΔW,29,4,accuracy,3,0.524,0.037509998667022135,0.486,0.561
b729ad24b6b0,51d33462378d,Local / ΔW,30,0,accuracy,3,0.5036666666666667,0.02746057780406914,0.4805,0.534
b729ad24b6b0,51d33462378d,Local / ΔW,30,1,accuracy,3,0.5895,0.01490805151587558,0.577,0.606
b729ad24b6b0,51d33462378d,Local / ΔW,30,2,accuracy,3,0.5428333333333333,0.03946623029038031,0.515,0.588
b729ad24b6b0,51d33462378d,Local / ΔW,30,3,accuracy,3,0.4435,0.019293781381574754,0.4235,0.462
b729ad24b6b0,51d33462378d,Local / ΔW,30,4,accuracy,3,0.5258333333333334,0.037220066272554295,0.4865,0.5605
b729ad24b6b0,51d33462378d,Local / ΔW,31,0,accuracy,3,0.502,0.025238858928247947,0.481,0.53
b729ad24b6b0,51d33462378d,Local / ΔW,31,1,accuracy,3,0.5941666666666666,0.0179606050380641,0.579,0.614
b729ad24b6b0,51d33462378d,Local / ΔW,31,2,accuracy,3,0.5383333333333333,0.03768399306513754,0.512,0.5815
b729ad24b6b0,51d33462378d,Local / ΔW,31,3,accuracy,3,0.4483333333333333,0.021197484127446185,0.429,0.471
b729ad24b6b0,51d33462378d,Local / ΔW,31,4,accuracy,3,0.5255,0.03241913015489466,0.4905,0.5545
b729ad24b6b0,51d33462378d,Local / ΔW,32,0,accuracy,3,0.506,0.024284768889161774,0.4875,0.5335
b729ad24b6b0,51d33462378d,Local / ΔW,32,1,accuracy,3,0.5945,0.012757350822173073,0.585,0.609
b729ad24b6b0,51d33462378d,Local / ΔW,32,2,accuracy,3,0.5409999999999999,0.03818703968626005,0.5165,0.585
b729ad24b6b0,51d33462378d,Local / ΔW,32,3,accuracy,3,0.4515,0.017999999999999988,0.4335,0.4695
b729ad24b6b0,51d33462378d,Local / ΔW,32,4,accuracy,3,0.5276666666666666,0.0416723329480524,0.483,0.5655
b729ad24b6b0,51d33462378d,Local / ΔW,33,0,accuracy,3,0.5055,0.010111874208078362,0.498,0.517
b729ad24b6b0,51d33462378d,Local / ΔW,33,1,accuracy,3,0.5971666666666666,0.016987740677716197,0.583,0.616
b729ad24b6b0,51d33462378d,Local / ΔW,33,2,accuracy,3,0.5418333333333333,0.03825680767305777,0.519,0.586
b729ad24b6b0,51d33462378d,Local / ΔW,33,3,accuracy,3,0.45333333333333337,0.015534906930308073,0.436,0.466
b729ad24b6b0,51d33462378d,Local / ΔW,33,4,accuracy,3,0.5268333333333333,0.03763420430052074,0.4875,0.5625
b729ad24b6b0,51d33462378d,Local / ΔW,34,0,accuracy,3,0.5101666666666667,0.022501851775650228,0.4925,0.5355
b729ad24b6b0,51d33462378d,Local / ΔW,34,1,accuracy,3,0.6015,0.015000000000000013,0.5865,0.6165
b729ad24b6b0,51d33462378d,Local / ΔW,34,2,accuracy,3,0.5445,0.037719358425084594,0.517,0.5875
b729ad24b6b0,51d33462378d,Local / ΔW,34,3,accuracy,3,0.45066666666666666,0.015861378670636857,0.436,0.4675
b729ad24b6b0,51d33462378d,Local / ΔW,34,4,accuracy,3,0.5265,0.037000000000000005,0.4895,0.5635
b729ad24b6b0,51d33462378d,Local / ΔW,35,0,accuracy,3,0.5105,0.022852789764052868,0.489,0.5345
b729ad24b6b0,51d33462378d,Local / ΔW,35,1,accuracy,3,0.5993333333333334,0.01396722353702891,0.587,0.6145
b729ad24b6b0,51d33462378d,Local / ΔW,35,2,accuracy,3,0.543,0.036989863476363384,0.5135,0.5845
b729ad24b6b0,51d33462378d,Local / ΔW,35,3,accuracy,3,0.4528333333333333,0.01841421552315854,0.436,0.4725
b729ad24b6b0,51d33462378d,Local / ΔW,35,4,accuracy,3,0.5311666666666667,0.03867923646264662,0.489,0.565
b729ad24b6b0,51d33462378d,Local / ΔW,36,0,accuracy,3,0.5045,0.026301140659674843,0.4835,0.534
b729ad24b6b0,51d33462378d,Local / ΔW,36,1,accuracy,3,0.597,0.019640519341402398,0.58,0.6185
b729ad24b6b0,51d33462378d,Local / ΔW,36,2,accuracy,3,0.5451666666666667,0.0376109469879892,0.521,0.5885
b729ad24b6b0,51d33462378d,Local / ΔW,36,3,accuracy,3,0.45466666666666666,0.019629909152447295,0.432,0.466
b729ad24b6b0,51d33462378d,Local / ΔW,36,4,accuracy,3,0.5286666666666666,0.0356101577268809,0.4905,0.561
b729ad24b6b0,51d33462378d,Local / ΔW,37,0,accuracy,3,0.5076666666666667,0.021385353243127275,0.489,0.531
b729ad24b6b0,51d33462378d,Local / ΔW,37,1,accuracy,3,0.6011666666666666,0.02043485584322368,0.5825,0.623
b729ad24b6b0,51d33462378d,Local / ΔW,37,2,accuracy,3,0.5471666666666667,0.03847185118152403,0.519,0.591
b729ad24b6b0,51d33462378d,Local / ΔW,37,3,accuracy,3,0.45166666666666666,0.024476178895680045,0.4255,0.474
b729ad24b6b0,51d33462378d,Local / ΔW,37,4,accuracy,3,0.537,0.036772952016393794,0.501,0.5745
b729ad24b6b0,51d33462378d,Local / ΔW,38,0,accuracy,3,0.5115000000000001,0.01814524731162407,0.4975,0.532
b729ad24b6b0,51d33462378d,Local / ΔW,38,1,accuracy,3,0.603,0.014256577429383292,0.589,0.6175
b729ad24b6b0,51d33462378d,Local / ΔW,38,2,accuracy,3,0.5446666666666666,0.03959271818571359,0.5145,0.5895
b729ad24b6b0,51d33462378d,Local / ΔW,38,3,accuracy,3,0.45583333333333337,0.01818195075709243,0.435,0.4685
b729ad24b6b0,51d33462378d,Local / ΔW,38,4,accuracy,3,0.533,0.037500000000000006,0.4955,0.5705
b729ad24b6b0,51d33462378d,Local / ΔW,39,0,accuracy,3,0.5143333333333333,0.01882374387132735,0.502,0.536
b729ad24b6b0,51d33462378d,Local / ΔW,39,1,accuracy,3,0.6024999999999999,0.021112792330717403,0.584,0.6255
b729ad24b6b0,51d33462378d,Local / ΔW,39,2,accuracy,3,0.55,0.03127698834606684,0.5265,0.5855
b729ad24b6b0,51d33462378d,Local / ΔW,39,3,accuracy,3,0.4533333333333333,0.021426230030813474,0.4295,0.471
b729ad24b6b0,51d33462378d,Local / ΔW,39,4,accuracy,3,0.5266666666666666,0.036415427133748325,0.4875,0.5595
b729ad24b6b0,51d33462378d,Local / ΔW,40,0,accuracy,3,0.5163333333333333,0.020385861113363213,0.4995,0.539
b729ad24b6b0,51d33462378d,Local / ΔW,40,1,accuracy,3,0.6035,0.024020824298928586,0.5845,0.6305
b729ad24b6b0,51d33462378d,Local / ΔW,40,2,accuracy,3,0.553,0.03355219813961524,0.53,0.5915
b729ad24b6b0,51d33462378d,Local / ΔW,40,3,accuracy,3,0.4523333333333333,0.022205479804168454,0.428,0.4715
b729ad24b6b0,51d33462378d,Local / ΔW,40,4,accuracy,3,0.5356666666666666,0.03412232895529454,0.5,0.568
b729ad24b6b0,51d33462378d,Local / ΔW,41,0,accuracy,3,0.5161666666666667,0.018643586922406665,0.503,0.5375
b729ad24b6b0,51d33462378d,Local / ΔW,41,1,accuracy,3,0.6008333333333333,0.018468441551287795,0.588,0.622
b729ad24b6b0,51d33462378d,Local / ΔW,41,2,accuracy,3,0.5503333333333333,0.03879862540520387,0.525,0.595
b729ad24b6b0,51d33462378d,Local / ΔW,41,3,accuracy,3,0.45916666666666667,0.01872387068245594,0.439,0.476
b729ad24b6b0,51d33462378d,Local / ΔW,41,4,accuracy,3,0.536,0.03601388621073819,0.497,0.568
b729ad24b6b0,51d33462378d,Local / ΔW,42,0,accuracy,3,0.5143333333333333,0.023644943081625992,0.4945,0.5405
b729ad24b6b0,51d33462378d,Local / ΔW,42,1,accuracy,3,0.6001666666666666,0.01746663486002192,0.5845,0.619
b729ad24b6b0,51d33462378d,Local / ΔW,42,2,accuracy,3,0.5543333333333333,0.04066427588600753,0.5265,0.601
b729ad24b6b0,51d33462378d,Local / ΔW,42,3,accuracy,3,0.4583333333333333,0.018147543451754924,0.439,0.475
b729ad24b6b0,51d33462378d,Local / ΔW,42,4,accuracy,3,0.5373333333333333,0.038125887967801246,0.4965,0.572
b729ad24b6b0,51d33462378d,Local / ΔW,43,0,accuracy,3,0.5186666666666666,0.01673569040503957,0.5055,0.5375
b729ad24b6b0,51d33462378d,Local / ΔW,43,1,accuracy,3,0.6031666666666667,0.015502687938977994,0.5875,0.6185
b729ad24b6b0,51d33462378d,Local / ΔW,43,2,accuracy,3,0.5523333333333333,0.036429154990657325,0.5265,0.594
b729ad24b6b0,51d33462378d,Local / ΔW,43,3,accuracy,3,0.46166666666666667,0.016127099346545024,0.4445,0.4765
b729ad24b6b0,51d33462378d,Local / ΔW,43,4,accuracy,3,0.5336666666666666,0.03569780572154726,0.496,0.567
b729ad24b6b0,51d33462378d,Local / ΔW,44,0,accuracy,3,0.5163333333333333,0.016289055630494167,0.505,0.535
b729ad24b6b0,51d33462378d,Local / ΔW,44,1,accuracy,3,0.6006666666666667,0.012770408502993661,0.5905,0.615
b729ad24b6b0,51d33462378d,Local / ΔW,44,2,accuracy,3,0.5523333333333333,0.03666174209354125,0.528,0.5945
b729ad24b6b0,51d33462378d,Local / ΔW,44,3,accuracy,3,0.46149999999999997,0.020536552777912838,0.438,0.476
b729ad24b6b0,51d33462378d,Local / ΔW,44,4,accuracy,3,0.5381666666666667,0.037717149061578505,0.4975,0.572
b729ad24b6b0,51d33462378d,Local / ΔW,45,0,accuracy,3,0.5156666666666667,0.017785762095938816,0.503,0.536
b729ad24b6b0,51d33462378d,Local / ΔW,45,1,accuracy,3,0.5998333333333333,0.0125731194750282,0.59,0.614
b729ad24b6b0,51d33462378d,Local / ΔW,45,2,accuracy,3,0.5518333333333334,0.03471431020967194,0.527,0.5915
b729ad24b6b0,51d33462378d,Local / ΔW,45,3,accuracy,3,0.4583333333333333,0.020822663934601002,0.4345,0.473
b729ad24b6b0,51d33462378d,Local / ΔW,45,4,accuracy,3,0.5381666666666667,0.03442503933669988,0.5005,0.568
b729ad24b6b0,51d33462378d,Local / ΔW,46,0,accuracy,3,0.5203333333333333,0.020250514396758748,0.506,0.5435
b729ad24b6b0,51d33462378d,Local / ΔW,46,1,accuracy,3,0.6013333333333334,0.017750586844759046,0.5835,0.619
b729ad24b6b0,51d33462378d,Local / ΔW,46,2,accuracy,3,0.553,0.04091760012512955,0.5225,0.5995
b729ad24b6b0,51d33462378d,Local / ΔW,46,3,accuracy,3,0.46116666666666667,0.022233608194203044,0.4355,0.4745
b729ad24b6b0,51d33462378d,Local / ΔW,46,4,accuracy,3,0.5386666666666666,0.0355117351495718,0.499,0.5675
b729ad24b6b0,51d33462378d,Local / ΔW,47,0,accuracy,3,0.5185,0.018248287590894675,0.5065,0.5395
b729ad24b6b0,51d33462378d,Local / ΔW,47,1,accuracy,3,0.6008333333333333,0.019775826994928268,0.585,0.623
b729ad24b6b0,51d33462378d,Local / ΔW,47,2,accuracy,3,0.5523333333333333,0.03099327884127999,0.529,0.5875
b729ad24b6b0,51d33462378d,Local / ΔW,47,3,accuracy,3,0.46,0.0173853386507137,0.4415,0.476
b729ad24b6b0,51d33462378d,Local / ΔW,47,4,accuracy,3,0.5375,0.037000000000000005,0.4975,0.5705
b729ad24b6b0,51d33462378d,Local / ΔW,48,0,accuracy,3,0.5146666666666666,0.023528351691806514,0.4935,0.54
b729ad24b6b0,51d33462378d,Local / ΔW,48,1,accuracy,3,0.6013333333333334,0.015734781006843862,0.592,0.6195
b729ad24b6b0,51d33462378d,Local / ΔW,48,2,accuracy,3,0.5575,0.0356265350546471,0.531,0.598
b729ad24b6b0,51d33462378d,Local / ΔW,48,3,accuracy,3,0.46016666666666667,0.018346207600845817,0.439,0.4715
b729ad24b6b0,51d33462378d,Local / ΔW,48,4,accuracy,3,0.5408333333333333,0.034735908413820585,0.504,0.573
b729ad24b6b0,51d33462378d,Local / ΔW,49,0,accuracy,3,0.5216666666666666,0.018536001007049364,0.5095,0.543
b729ad24b6b0,51d33462378d,Local / ΔW,49,1,accuracy,3,0.6041666666666666,0.016928772351630667,0.592,0.6235
b729ad24b6b0,51d33462378d,Local / ΔW,49,2,accuracy,3,0.5553333333333333,0.03160827950606192,0.533,0.5915
b729ad24b6b0,51d33462378d,Local / ΔW,49,3,accuracy,3,0.46049999999999996,0.016023420358962048,0.442,0.47
b729ad24b6b0,51d33462378d,Local / ΔW,49,4,accuracy,3,0.5426666666666666,0.03606360122524283,0.5035,0.5745
b729ad24b6b0,51d33462378d,Local / ΔW,50,0,accuracy,3,0.5163333333333333,0.017925772879665017,0.505,0.537
b729ad24b6b0,51d33462378d,Local / ΔW,50,1,accuracy,3,0.6068333333333333,0.01445971415116269,0.594,0.6225
b729ad24b6b0,51d33462378d,Local / ΔW,50,2,accuracy,3,0.5578333333333334,0.037223424524529355,0.532,0.6005
b729ad24b6b0,51d33462378d,Local / ΔW,50,3,accuracy,3,0.4608333333333333,0.018949494276453212,0.4405,0.478
b729ad24b6b0,51d33462378d,Local / ΔW,50,4,accuracy,3,0.538,0.04026164427839478,0.494,0.573
b729ad24b6b0,658f968893fe,Oracle / ΔW / bridge 5,1,0,accuracy,3,0.051,0.009733961166965894,0.0435,0.062
b729ad24b6b0,658f968893fe,Oracle / ΔW / bridge 5,1,1,accuracy,3,0.0625,0.014756354563373706,0.0455,0.072
b729ad24b6b0,658f968893fe,Oracle / ΔW / bridge 5,1,2,accuracy,3,0.06616666666666667,0.022590558499809895,0.0425,0.0875
b729ad24b6b0,658f968893fe,Oracle / ΔW / bridge 5,1,3,accuracy,3,0.05283333333333333,0.0018929694486000928,0.0515,0.055
b729ad24b6b0,658f968893fe,Oracle / ΔW / bridge 5,1,4,accuracy,3,0.07666666666666666,0.006825198409814429,0.0705,0.084
b729ad24b6b0,658f968893fe,Oracle / ΔW / bridge 5,2,0,accuracy,3,0.122,0.008261355820929153,0.1125,0.1275
b729ad24b6b0,658f968893fe,Oracle / ΔW / bridge 5,2,1,accuracy,3,0.115,0.002783882181415006,0.1125,0.118
b729ad24b6b0,658f968893fe,Oracle / ΔW / bridge 5,2,2,accuracy,3,0.113,0.01788155474224767,0.0965,0.132
b729ad24b6b0,658f968893fe,Oracle / ΔW / bridge 5,2,3,accuracy,3,0.083,0.018661457606521523,0.0615,0.095
b729ad24b6b0,658f968893fe,Oracle / ΔW / bridge 5,2,4,accuracy,3,0.13966666666666666,0.021704454227953605,0.1155,0.1575
b729ad24b6b0,658f968893fe,Oracle / ΔW / bridge 5,3,0,accuracy,3,0.20166666666666666,0.021262251370288462,0.18,0.2225
b729ad24b6b0,658f968893fe,Oracle / ΔW / bridge 5,3,1,accuracy,3,0.2085,0.01393735986476635,0.193,0.22
b729ad24b6b0,658f968893fe,Oracle / ΔW / bridge 5,3,2,accuracy,3,0.19416666666666665,0.03335540935640475,0.157,0.2215
b729ad24b6b0,658f968893fe,Oracle / ΔW / bridge 5,3,3,accuracy,3,0.14866666666666667,0.012583057392117914,0.137,0.162
b729ad24b6b0,658f968893fe,Oracle / ΔW / bridge 5,3,4,accuracy,3,0.20133333333333334,0.031370102539413754,0.167,0.2285
b729ad24b6b0,658f968893fe,Oracle / ΔW / bridge 5,4,0,accuracy,3,0.24166666666666667,0.015502687938977978,0.224,0.253
b729ad24b6b0,658f968893fe,Oracle / ΔW / bridge 5,4,1,accuracy,3,0.27049999999999996,0.042092160790341934,0.222,0.2975
b729ad24b6b0,658f968893fe,Oracle / ΔW / bridge 5,4,2,accuracy,3,0.274,0.06359441799403466,0.202,0.3225
b729ad24b6b0,658f968893fe,Oracle / ΔW / bridge 5,4,3,accuracy,3,0.186,0.012932517156377573,0.1745,0.2
b729ad24b6b0,658f968893fe,Oracle / ΔW / bridge 5,4,4,accuracy,3,0.2543333333333333,0.042262079141156,0.2115,0.296
b729ad24b6b0,658f968893fe,Oracle / ΔW / bridge 5,5,0,accuracy,3,0.2605,0.032569157188972506,0.225,0.289
b729ad24b6b0,658f968893fe,Oracle / ΔW / bridge 5,5,1,accuracy,3,0.317,0.03473110997362451,0.277,0.3395
b729ad24b6b0,658f968893fe,Oracle / ΔW / bridge 5,5,2,accuracy,3,0.2981666666666667,0.0423949682548924,0.2595,0.3435
b729ad24b6b0,658f968893fe,Oracle / ΔW / bridge 5,5,3,accuracy,3,0.2195,0.01609347693943108,0.2065,0.2375
b729ad24b6b0,658f968893fe,Oracle / ΔW / bridge 5,5,4,accuracy,3,0.27366666666666667,0.04250098038084925,0.231,0.316
b729ad24b6b0,658f968893fe,Oracle / ΔW / bridge 5,6,0,accuracy,3,0.2848333333333333,0.028759056544562327,0.2565,0.314
b729ad24b6b0,658f968893fe,Oracle / ΔW / bridge 5,6,1,accuracy,3,0.32716666666666666,0.05914459682281495,0.2595,0.369
b729ad24b6b0,658f968893fe,Oracle / ΔW / bridge 5,6,2,accuracy,3,0.3373333333333334,0.06426961438606375,0.274,0.4025
b729ad24b6b0,658f968893fe,Oracle / ΔW / bridge 5,6,3,accuracy,3,0.24716666666666667,0.024131583730317693,0.2205,0.2675
b729ad24b6b0,658f968893fe,Oracle / ΔW / bridge 5,6,4,accuracy,3,0.30516666666666664,0.06017751518078271,0.2425,0.3625
b729ad24b6b0,658f968893fe,Oracle / ΔW / bridge 5,7,0,accuracy,3,0.3228333333333333,0.029876133172372445,0.2915,0.351
b729ad24b6b0,658f968893fe,Oracle / ΔW / bridge 5,7,1,accuracy,3,0.3865,0.06366317616958803,0.3155,0.4385
b729ad24b6b0,658f968893fe,Oracle / ΔW / bridge 5,7,2,accuracy,3,0.38333333333333336,0.06626902242626893,0.318,0.4505
b729ad24b6b0,658f968893fe,Oracle / ΔW / bridge 5,7,3,accuracy,3,0.2795,0.020426698215815484,0.266,0.303
b729ad24b6b0,658f968893fe,Oracle / ΔW / bridge 5,7,4,accuracy,3,0.3285,0.05934854673873657,0.261,0.3725
b729ad24b6b0,658f968893fe,Oracle / ΔW / bridge 5,8,0,accuracy,3,0.33566666666666667,0.02725955489976557,0.308,0.3625
b729ad24b6b0,658f968893fe,Oracle / ΔW / bridge 5,8,1,accuracy,3,0.41783333333333333,0.055503002921763904,0.362,0.473
b729ad24b6b0,658f968893fe,Oracle / ΔW / bridge 5,8,2,accuracy,3,0.4036666666666667,0.06403189309502987,0.3385,0.4665
b729ad24b6b0,658f968893fe,Oracle / ΔW / bridge 5,8,3,accuracy,3,0.29983333333333334,0.01740928870842614,0.285,0.319
b729ad24b6b0,658f968893fe,Oracle / ΔW / bridge 5,8,4,accuracy,3,0.359,0.05732146194925599,0.2935,0.4
b729ad24b6b0,658f968893fe,Oracle / ΔW / bridge 5,9,0,accuracy,3,0.34983333333333333,0.029121870361179296,0.3175,0.374
b729ad24b6b0,658f968893fe,Oracle / ΔW / bridge 5,9,1,accuracy,3,0.4433333333333333,0.03330290277638472,0.409,0.4755
b729ad24b6b0,658f968893fe,Oracle / ΔW / bridge 5,9,2,accuracy,3,0.4205,0.0667757440991862,0.3575,0.4905
b729ad24b6b0,658f968893fe,Oracle / ΔW / bridge 5,9,3,accuracy,3,0.30666666666666664,0.015782374134880144,0.2945,0.3245
b729ad24b6b0,658f968893fe,Oracle / ΔW / bridge 5,9,4,accuracy,3,0.37933333333333336,0.05348442140785794,0.3195,0.4225
b729ad24b6b0,658f968893fe,Oracle / ΔW / bridge 5,10,0,accuracy,3,0.347,0.035731638641405744,0.306,0.3715
b729ad24b6b0,658f968893fe,Oracle / ΔW / bridge 5,10,1,accuracy,3,0.43466666666666665,0.023771481513219454,0.4115,0.459
b729ad24b6b0,658f968893fe,Oracle / ΔW / bridge 5,10,2,accuracy,3,0.4071666666666667,0.06247866302453449,0.348,0.4725
b729ad24b6b0,658f968893fe,Oracle / ΔW / bridge 5,10,3,accuracy,3,0.30333333333333334,0.013512340039139545,0.288,0.3135
b729ad24b6b0,658f968893fe,Oracle / ΔW / bridge 5,10,4,accuracy,3,0.37133333333333335,0.04049794233455981,0.3285,0.409
b729ad24b6b0,658f968893fe,Oracle / ΔW / bridge 5,11,0,accuracy,3,0.3556666666666667,0.029365512652316034,0.324,0.382
b729ad24b6b0,658f968893fe,Oracle / ΔW / bridge 5,11,1,accuracy,3,0.44383333333333336,0.04266829423979041,0.397,0.4805
b729ad24b6b0,658f968893fe,Oracle / ΔW / bridge 5,11,2,accuracy,3,0.41183333333333333,0.06794176427892736,0.339,0.4735
b729ad24b6b0,658f968893fe,Oracle / ΔW / bridge 5,11,3,accuracy,3,0.3155,0.018432308591166777,0.302,0.3365
b729ad24b6b0,658f968893fe,Oracle / ΔW / bridge 5,11,4,accuracy,3,0.3745,0.05276599283629561,0.316,0.4185
b729ad24b6b0,658f968893fe,Oracle / ΔW / bridge 5,12,0,accuracy,3,0.37433333333333335,0.024981659939510313,0.3455,0.3895
b729ad24b6b0,658f968893fe,Oracle / ΔW / bridge 5,12,1,accuracy,3,0.4628333333333333,0.04041451884327381,0.4195,0.4995
b729ad24b6b0,658f968893fe,Oracle / ΔW / bridge 5,12,2,accuracy,3,0.42983333333333335,0.06518499316049157,0.362,0.492
b729ad24b6b0,658f968893fe,Oracle / ΔW / bridge 5,12,3,accuracy,3,0.341,0.0026457513110645613,0.339,0.344
b729ad24b6b0,658f968893fe,Oracle / ΔW / bridge 5,12,4,accuracy,3,0.3925,0.05449999999999999,0.333,0.44
b729ad24b6b0,658f968893fe,Oracle / ΔW / bridge 5,13,0,accuracy,3,0.3865,0.025134637455113632,0.358,0.4055
b729ad24b6b0,658f968893fe,Oracle / ΔW / bridge 5,13,1,accuracy,3,0.48,0.034274626183227706,0.4435,0.5115
b729ad24b6b0,658f968893fe,Oracle / ΔW / bridge 5,13,2,accuracy,3,0.44416666666666665,0.060676052387522154,0.381,0.502
b729ad24b6b0,658f968893fe,Oracle / ΔW / bridge 5,13,3,accuracy,3,0.3436666666666667,0.012250850310624683,0.3315,0.356
b729ad24b6b0,658f968893fe,Oracle / ΔW / bridge 5,13,4,accuracy,3,0.40449999999999997,0.04257933771208755,0.3605,0.4455
b729ad24b6b0,658f968893fe,Oracle / ΔW / bridge 5,14,0,accuracy,3,0.3903333333333333,0.025383721817994566,0.362,0.411
b729ad24b6b0,658f968893fe,Oracle / ΔW / bridge 5,14,1,accuracy,3,0.4911666666666667,0.03579920855735967,0.4565,0.528
b729ad24b6b0,658f968893fe,Oracle / ΔW / bridge 5,14,2,accuracy,3,0.4628333333333333,0.04461315202194676,0.4165,0.5055
b729ad24b6b0,658f968893fe,Oracle / ΔW / bridge 5,14,3,accuracy,3,0.3526666666666667,0.01384136313132969,0.338,0.3655
b729ad24b6b0,658f968893fe,Oracle / ΔW / bridge 5,14,4,accuracy,3,0.4161666666666667,0.04670206990416308,0.365,0.4565
b729ad24b6b0,658f968893fe,Oracle / ΔW / bridge 5,15,0,accuracy,3,0.39016666666666666,0.024547572860332514,0.362,0.407
b729ad24b6b0,658f968893fe,Oracle / ΔW / bridge 5,15,1,accuracy,3,0.4651666666666667,0.022306576010973377,0.44,0.4825
b729ad24b6b0,658f968893fe,Oracle / ΔW / bridge 5,15,2,accuracy,3,0.4395,0.053507008886686976,0.3855,0.4925
b729ad24b6b0,658f968893fe,Oracle / ΔW / bridge 5,15,3,accuracy,3,0.33799999999999997,0.018214005600086968,0.317,0.3495
b729ad24b6b0,658f968893fe,Oracle / ΔW / bridge 5,15,4,accuracy,3,0.39916666666666667,0.03493326972004387,0.3615,0.4305
b729ad24b6b0,658f968893fe,Oracle / ΔW / bridge 5,16,0,accuracy,3,0.39616666666666667,0.031033583958887716,0.3605,0.417
b729ad24b6b0,658f968893fe,Oracle / ΔW / bridge 5,16,1,accuracy,3,0.471,0.02901292815280801,0.4375,0.488
b729ad24b6b0,658f968893fe,Oracle / ΔW / bridge 5,16,2,accuracy,3,0.43666666666666665,0.05394750534856392,0.377,0.482
b729ad24b6b0,658f968893fe,Oracle / ΔW / bridge 5,16,3,accuracy,3,0.3473333333333333,0.005619905100029103,0.3425,0.3535
b729ad24b6b0,658f968893fe,Oracle / ΔW / bridge 5,16,4,accuracy,3,0.40249999999999997,0.04092676385936225,0.3575,0.4375
b729ad24b6b0,658f968893fe,Oracle / ΔW / bridge 5,17,0,accuracy,3,0.4,0.02990401310861136,0.3685,0.428
b729ad24b6b0,658f968893fe,Oracle / ΔW / bridge 5,17,1,accuracy,3,0.49183333333333334,0.02736025097350777,0.4605,0.511
b729ad24b6b0,658f968893fe,Oracle / ΔW / bridge 5,17,2,accuracy,3,0.45083333333333336,0.05104001698014346,0.3945,0.494
b729ad24b6b0,658f968893fe,Oracle / ΔW / bridge 5,17,3,accuracy,3,0.35883333333333334,0.01181453906563153,0.3455,0.368
b729ad24b6b0,658f968893fe,Oracle / ΔW / bridge 5,17,4,accuracy,3,0.422,0.04108223460329295,0.3795,0.4615
b729ad24b6b0,658f968893fe,Oracle / ΔW / bridge 5,18,0,accuracy,3,0.4165,0.02769025099200077,0.385,0.437
b729ad24b6b0,658f968893fe,Oracle / ΔW / bridge 5,18,1,accuracy,3,0.5023333333333333,0.02367664109060519,0.4765,0.523
b729ad24b6b0,658f968893fe,Oracle / ΔW / bridge 5,18,2,accuracy,3,0.46199999999999997,0.04288356328478314,0.415,0.499
b729ad24b6b0,658f968893fe,Oracle / ΔW / bridge 5,18,3,accuracy,3,0.36183333333333334,0.014784564022430073,0.3465,0.376
b729ad24b6b0,658f968893fe,Oracle / ΔW / bridge 5,18,4,accuracy,3,0.4315,0.043312815655415414,0.3855,0.4715
b729ad24b6b0,658f968893fe,Oracle / ΔW / bridge 5,19,0,accuracy,3,0.4195,0.024743686063317234,0.391,0.4355
b729ad24b6b0,658f968893fe,Oracle / ΔW / bridge 5,19,1,accuracy,3,0.5083333333333333,0.029590257405661995,0.4765,0.535
b729ad24b6b0,658f968893fe,Oracle / ΔW / bridge 5,19,2,accuracy,3,0.469,0.04436496365376623,0.421,0.5085
b729ad24b6b0,658f968893fe,Oracle / ΔW / bridge 5,19,3,accuracy,3,0.37066666666666664,0.009827681991870387,0.3595,0.378
b729ad24b6b0,658f968893fe,Oracle / ΔW / bridge 5,19,4,accuracy,3,0.4365,0.04027095727692599,0.3955,0.476
b729ad24b6b0,658f968893fe,Oracle / ΔW / bridge 5,20,0,accuracy,3,0.4111666666666667,0.021391197566600448,0.3885,0.431
b729ad24b6b0,658f968893fe,Oracle / ΔW / bridge 5,20,1,accuracy,3,0.4836666666666667,0.019857828011475294,0.462,0.501
b729ad24b6b0,658f968893fe,Oracle / ΔW / bridge 5,20,2,accuracy,3,0.4508333333333333,0.041262371882059015,0.409,0.4915
b729ad24b6b0,658f968893fe,Oracle / ΔW / bridge 5,20,3,accuracy,3,0.3446666666666667,0.021461205309425954,0.3205,0.3615
b729ad24b6b0,658f968893fe,Oracle / ΔW / bridge 5,20,4,accuracy,3,0.4156666666666667,0.03284179248051685,0.3815,0.447
b729ad24b6b0,658f968893fe,Oracle / ΔW / bridge 5,21,0,accuracy,3,0.4065,0.0277848879788996,0.3745,0.4245
b729ad24b6b0,658f968893fe,Oracle / ΔW / bridge 5,21,1,accuracy,3,0.49066666666666664,0.024608602831801153,0.464,0.5125
b729ad24b6b0,658f968893fe,Oracle / ΔW / bridge 5,21,2,accuracy,3,0.452,0.04744206993797803,0.399,0.4905
b729ad24b6b0,658f968893fe,Oracle / ΔW / bridge 5,21,3,accuracy,3,0.35533333333333333,0.024704925284917034,0.329,0.378
b729ad24b6b0,658f968893fe,Oracle / ΔW / bridge 5,21,4,accuracy,3,0.4175,0.03977122075068856,0.374,0.452
b729ad24b6b0,658f968893fe,Oracle / ΔW / bridge 5,22,0,accuracy,3,0.4171666666666667,0.024343034595820892,0.39,0.437
b729ad24b6b0,658f968893fe,Oracle / ΔW / bridge 5,22,1,accuracy,3,0.5061666666666667,0.03478625207367611,0.4705,0.54
b729ad24b6b0,658f968893fe,Oracle / ΔW / bridge 5,22,2,accuracy,3,0.45549999999999996,0.04757099956906517,0.4065,0.5015
b729ad24b6b0,658f968893fe,Oracle / ΔW / bridge 5,22,3,accuracy,3,0.3665,0.018172781845386263,0.3465,0.382
b729ad24b6b0,658f968893fe,Oracle / ΔW / bridge 5,22,4,accuracy,3,0.4335,0.03904164443257992,0.392,0.4695
b729ad24b6b0,658f968893fe,Oracle / ΔW / bridge 5,23,0,accuracy,3,0.42433333333333334,0.026945933521281704,0.394,0.4455
b729ad24b6b0,658f968893fe,Oracle / ΔW / bridge 5,23,1,accuracy,3,0.5093333333333333,0.026950572040929568,0.48,0.533
b729ad24b6b0,658f968893fe,Oracle / ΔW / bridge 5,23,2,accuracy,3,0.4718333333333333,0.04924513512351585,0.42,0.518
b729ad24b6b0,658f968893fe,Oracle / ΔW / bridge 5,23,3,accuracy,3,0.37133333333333335,0.013288466176851777,0.356,0.3795
b729ad24b6b0,658f968893fe,Oracle / ΔW / bridge 5,23,4,accuracy,3,0.443,0.031224989991992018,0.408,0.468
b729ad24b6b0,658f968893fe,Oracle / ΔW / bridge 5,24,0,accuracy,3,0.4365,0.024758836806279917,0.4085,0.4555
b729ad24b6b0,658f968893fe,Oracle / ΔW / bridge 5,24,1,accuracy,3,0.5168333333333334,0.02675038940526536,0.49,0.5435
b729ad24b6b0,658f968893fe,Oracle / ΔW / bridge 5,24,2,accuracy,3,0.47983333333333333,0.042665364563464495,0.4335,0.5175
b729ad24b6b0,658f968893fe,Oracle / ΔW / bridge 5,24,3,accuracy,3,0.37816666666666665,0.020882608393908413,0.3545,0.394
b729ad24b6b0,658f968893fe,Oracle / ΔW / bridge 5,24,4,accuracy,3,0.44683333333333336,0.038575683186864385,0.4045,0.48
b729ad24b6b0,658f968893fe,Oracle / ΔW / bridge 5,25,0,accuracy,3,0.4161666666666667,0.015502687938977962,0.3985,0.4275
b729ad24b6b0,658f968893fe,Oracle / ΔW / bridge 5,25,1,accuracy,3,0.48333333333333334,0.025230603110772708,0.4645,0.512
b729ad24b6b0,658f968893fe,Oracle / ΔW / bridge 5,25,2,accuracy,3,0.46416666666666667,0.040051009142508934,0.423,0.503
b729ad24b6b0,658f968893fe,Oracle / ΔW / bridge 5,25,3,accuracy,3,0.3546666666666667,0.02834754545517712,0.3225,0.376
b729ad24b6b0,658f968893fe,Oracle / ΔW / bridge 5,25,4,accuracy,3,0.4275,0.021112792330717403,0.4045,0.446
b729ad24b6b0,658f968893fe,Oracle / ΔW / bridge 5,26,0,accuracy,3,0.41083333333333333,0.018009256878986787,0.3925,0.4285
b729ad24b6b0,658f968893fe,Oracle / ΔW / bridge 5,26,1,accuracy,3,0.487,0.0251346374551136,0.4585,0.506
b729ad24b6b0,658f968893fe,Oracle / ΔW / bridge 5,26,2,accuracy,3,0.457,0.04699202059924644,0.4075,0.501
b729ad24b6b0,658f968893fe,Oracle / ΔW / bridge 5,26,3,accuracy,3,0.36233333333333334,0.023676641090605164,0.335,0.3765
b729ad24b6b0,658f968893fe,Oracle / ΔW / bridge 5,26,4,accuracy,3,0.428,0.04550000000000001,0.3785,0.468
b729ad24b6b0,658f968893fe,Oracle / ΔW / bridge 5,27,0,accuracy,3,0.42283333333333334,0.022384890737578614,0.397,0.4365
b729ad24b6b0,658f968893fe,Oracle / ΔW / bridge 5,27,1,accuracy,3,0.504,0.034510867853474826,0.47,0.539
b729ad24b6b0,658f968893fe,Oracle / ΔW / bridge 5,27,2,accuracy,3,0.4648333333333333,0.054592429267558085,0.4085,0.5175
b729ad24b6b0,658f968893fe,Oracle / ΔW / bridge 5,27,3,accuracy,3,0.3715,0.018621224449536088,0.35,0.3825
b729ad24b6b0,658f968893fe,Oracle / ΔW / bridge 5,27,4,accuracy,3,0.43933333333333335,0.03843609414773218,0.398,0.474
b729ad24b6b0,658f968893fe,Oracle / ΔW / bridge 5,28,0,accuracy,3,0.43283333333333335,0.026221810260417432,0.4035,0.454
b729ad24b6b0,658f968893fe,Oracle / ΔW / bridge 5,28,1,accuracy,3,0.5163333333333333,0.028793807204559367,0.4885,0.546
b729ad24b6b0,658f968893fe,Oracle / ΔW / bridge 5,28,2,accuracy,3,0.4728333333333333,0.047912246172907944,0.421,0.5155
b729ad24b6b0,658f968893fe,Oracle / ΔW / bridge 5,28,3,accuracy,3,0.3725,0.01743559577416271,0.3525,0.3845
b729ad24b6b0,658f968893fe,Oracle / ΔW / bridge 5,28,4,accuracy,3,0.44316666666666665,0.031828970032555776,0.408,0.47
b729ad24b6b0,658f968893fe,Oracle / ΔW / bridge 5,29,0,accuracy,3,0.4385,0.021077238908358012,0.4145,0.454
b729ad24b6b0,658f968893fe,Oracle / ΔW / bridge 5,29,1,accuracy,3,0.5201666666666667,0.028880500919016852,0.493,0.5505
b729ad24b6b0,658f968893fe,Oracle / ΔW / bridge 5,29,2,accuracy,3,0.4806666666666667,0.04850085909892045,0.432,0.529
b729ad24b6b0,658f968893fe,Oracle / ΔW / bridge 5,29,3,accuracy,3,0.3825,0.022715633383201116,0.3565,0.3985
b729ad24b6b0,658f968893fe,Oracle / ΔW / bridge 5,29,4,accuracy,3,0.44816666666666666,0.02658163526447034,0.4195,0.472
b729ad24b6b0,658f968893fe,Oracle / ΔW / bridge 5,30,0,accuracy,3,0.41866666666666663,0.006714412359494568,0.411,0.4235
b729ad24b6b0,658f968893fe,Oracle / ΔW / bridge 5,30,1,accuracy,3,0.49116666666666664,0.01963627595378854,0.473,0.512
b729ad24b6b0,658f968893fe,Oracle / ΔW / bridge 5,30,2,accuracy,3,0.45816666666666667,0.042380223375217525,0.414,0.4985
b729ad24b6b0,658f968893fe,Oracle / ΔW / bridge 5,30,3,accuracy,3,0.35283333333333333,0.03333291666406247,0.3145,0.375
b729ad24b6b0,658f968893fe,Oracle / ΔW / bridge 5,30,4,accuracy,3,0.43266666666666664,0.020702254305590348,0.4105,0.4515
b729ad24b6b0,658f968893fe,Oracle / ΔW / bridge 5,31,0,accuracy,3,0.41283333333333333,0.0072858309981314396,0.4045,0.418
b729ad24b6b0,658f968893fe,Oracle / ΔW / bridge 5,31,1,accuracy,3,0.4931666666666667,0.0340012254681112,0.459,0.527
b729ad24b6b0,658f968893fe,Oracle / ΔW / bridge 5,31,2,accuracy,3,0.4603333333333333,0.04526127852075474,0.4145,0.505
b729ad24b6b0,658f968893fe,Oracle / ΔW / bridge 5,31,3,accuracy,3,0.3611666666666667,0.020502032419575694,0.3375,0.3735
b729ad24b6b0,658f968893fe,Oracle / ΔW / bridge 5,31,4,accuracy,3,0.4385,0.03619046835839514,0.3975,0.466
b729ad24b6b0,658f968893fe,Oracle / ΔW / bridge 5,32,0,accuracy,3,0.4275,0.0208086520466848,0.4035,0.4405
b729ad24b6b0,658f968893fe,Oracle / ΔW / bridge 5,32,1,accuracy,3,0.5113333333333333,0.02874601421646721,0.485,0.542
b729ad24b6b0,658f968893fe,Oracle / ΔW / bridge 5,32,2,accuracy,3,0.47433333333333333,0.05253887449625596,0.418,0.522
b729ad24b6b0,658f968893fe,Oracle / ΔW / bridge 5,32,3,accuracy,3,0.3705,0.015716233645501725,0.3525,0.3815
b729ad24b6b0,658f968893fe,Oracle / ΔW / bridge 5,32,4,accuracy,3,0.4423333333333333,0.03275031806461326,0.4075,0.4725
b729ad24b6b0,658f968893fe,Oracle / ΔW / bridge 5,33,0,accuracy,3,0.43233333333333335,0.018643586922406696,0.4125,0.4495
b729ad24b6b0,658f968893fe,Oracle / ΔW / bridge 5,33,1,accuracy,3,0.52,0.025753640519351816,0.494,0.5455
b729ad24b6b0,658f968893fe,Oracle / ΔW / bridge 5,33,2,accuracy,3,0.47833333333333333,0.05192622972384318,0.423,0.526
b729ad24b6b0,658f968893fe,Oracle / ΔW / bridge 5,33,3,accuracy,3,0.37583333333333335,0.024301920363076955,0.3485,0.395
b729ad24b6b0,658f968893fe,Oracle / ΔW / bridge 5,33,4,accuracy,3,0.45,0.03248461174156157,0.4155,0.48
b729ad24b6b0,658f968893fe,Oracle / ΔW / bridge 5,34,0,accuracy,3,0.4425,0.022271057451320107,0.4185,0.4625
b729ad24b6b0,658f968893fe,Oracle / ΔW / bridge 5,34,1,accuracy,3,0.5276666666666667,0.025535922410074283,0.4985,0.546
b729ad24b6b0,658f968893fe,Oracle / ΔW / bridge 5,34,2,accuracy,3,0.4841666666666667,0.05241739533144828,0.4295,0.534
b729ad24b6b0,658f968893fe,Oracle / ΔW / bridge 5,34,3,accuracy,3,0.38016666666666665,0.028505847353364797,0.3475,0.4
b729ad24b6b0,658f968893fe,Oracle / ΔW / bridge 5,34,4,accuracy,3,0.46316666666666667,0.02936551265231604,0.4315,0.4895
b729ad24b6b0,658f968893fe,Oracle / ΔW / bridge 5,35,0,accuracy,3,0.42233333333333334,0.012662279942148398,0.411,0.436
b729ad24b6b0,658f968893fe,Oracle / ΔW / bridge 5,35,1,accuracy,3,0.5008333333333334,0.03023381109508583,0.473,0.533
b729ad24b6b0,658f968893fe,Oracle / ΔW / bridge 5,35,2,accuracy,3,0.46749999999999997,0.044381865666057806,0.4185,0.505
b729ad24b6b0,658f968893fe,Oracle / ΔW / bridge 5,35,3,accuracy,3,0.3535,0.031894356867634116,0.317,0.376
b729ad24b6b0,658f968893fe,Oracle / ΔW / bridge 5,35,4,accuracy,3,0.43216666666666664,0.018250570767330374,0.414,0.4505
b729ad24b6b0,658f968893fe,Oracle / ΔW / bridge 5,36,0,accuracy,3,0.4225,0.016454482671904316,0.404,0.4355
b729ad24b6b0,658f968893fe,Oracle / ΔW / bridge 5,36,1,accuracy,3,0.4965,0.029012928152808013,0.467,0.525
b729ad24b6b0,658f968893fe,Oracle / ΔW / bridge 5,36,2,accuracy,3,0.463,0.0470319040652194,0.415,0.509
b729ad24b6b0,658f968893fe,Oracle / ΔW / bridge 5,36,3,accuracy,3,0.3601666666666667,0.02755146699058569,0.33,0.384
b729ad24b6b0,658f968893fe,Oracle / ΔW / bridge 5,36,4,accuracy,3,0.44066666666666665,0.030664855018951827,0.407,0.467
b729ad24b6b0,658f968893fe,Oracle / ΔW / bridge 5,37,0,accuracy,3,0.4325,0.01837797594948912,0.413,0.4495
b729ad24b6b0,658f968893fe,Oracle / ΔW / bridge 5,37,1,accuracy,3,0.5216666666666667,0.03569780572154731,0.484,0.555
b729ad24b6b0,658f968893fe,Oracle / ΔW / bridge 5,37,2,accuracy,3,0.4736666666666667,0.054197170897873764,0.417,0.525
b729ad24b6b0,658f968893fe,Oracle / ΔW / bridge 5,37,3,accuracy,3,0.36966666666666664,0.02002706502045005,0.348,0.3875
b729ad24b6b0,658f968893fe,Oracle / ΔW / bridge 5,37,4,accuracy,3,0.44966666666666666,0.029437787507442425,0.4185,0.477
b729ad24b6b0,658f968893fe,Oracle / ΔW / bridge 5,38,0,accuracy,3,0.43633333333333335,0.023980895173728072,0.4145,0.462
b729ad24b6b0,658f968893fe,Oracle / ΔW / bridge 5,38,1,accuracy,3,0.5273333333333333,0.03507610772781575,0.491,0.561
b729ad24b6b0,658f968893fe,Oracle / ΔW / bridge 5,38,2,accuracy,3,0.48233333333333334,0.05371762590931707,0.425,0.5315
b729ad24b6b0,658f968893fe,Oracle / ΔW / bridge 5,38,3,accuracy,3,0.37683333333333335,0.02318584338197199,0.3515,0.397
b729ad24b6b0,658f968893fe,Oracle / ΔW / bridge 5,38,4,accuracy,3,0.4513333333333333,0.02690879657906189,0.4285,0.481
b729ad24b6b0,658f968893fe,Oracle / ΔW / bridge 5,39,0,accuracy,3,0.442,0.018621224449536088,0.4205,0.453
b729ad24b6b0,658f968893fe,Oracle / ΔW / bridge 5,39,1,accuracy,3,0.5278333333333334,0.03351989459012864,0.495,0.562
b729ad24b6b0,658f968893fe,Oracle / ΔW / bridge 5,39,2,accuracy,3,0.48683333333333334,0.04609862615451066,0.4365,0.527
b729ad24b6b0,658f968893fe,Oracle / ΔW / bridge 5,39,3,accuracy,3,0.3815,0.019313207915827982,0.3605,0.3985
b729ad24b6b0,658f968893fe,Oracle / ΔW / bridge 5,39,4,accuracy,3,0.46216666666666667,0.03084774437999209,0.429,0.49
b729ad24b6b0,658f968893fe,Oracle / ΔW / bridge 5,40,0,accuracy,3,0.43216666666666664,0.017061164477647293,0.416,0.45
b729ad24b6b0,658f968893fe,Oracle / ΔW / bridge 5,40,1,accuracy,3,0.5036666666666667,0.026656768996510684,0.4755,0.5285
b729ad24b6b0,658f968893fe,Oracle / ΔW / bridge 5,40,2,accuracy,3,0.4681666666666666,0.04576388678131844,0.4175,0.5065
b729ad24b6b0,658f968893fe,Oracle / ΔW / bridge 5,40,3,accuracy,3,0.3571666666666667,0.02810842103949158,0.325,0.377
b729ad24b6b0,658f968893fe,Oracle / ΔW / bridge 5,40,4,accuracy,3,0.43983333333333335,0.020207259421636918,0.4215,0.4615
b729ad24b6b0,658f968893fe,Oracle / ΔW / bridge 5,41,0,accuracy,3,0.4245,0.013536986370680897,0.415,0.44
b729ad24b6b0,658f968893fe,Oracle / ΔW / bridge 5,41,1,accuracy,3,0.5118333333333334,0.03614323357605588,0.4705,0.5375
b729ad24b6b0,658f968893fe,Oracle / ΔW / bridge 5,41,2,accuracy,3,0.46416666666666667,0.057845339771958576,0.4045,0.52
b729ad24b6b0,658f968893fe,Oracle / ΔW / bridge 5,41,3,accuracy,3,0.3591666666666667,0.026581635264470337,0.3305,0.383
b729ad24b6b0,658f968893fe,Oracle / ΔW / bridge 5,41,4,accuracy,3,0.442,0.031048349392520047,0.412,0.474
b729ad24b6b0,658f968893fe,Oracle / ΔW / bridge 5,42,0,accuracy,3,0.42733333333333334,0.010251016209787862,0.4155,0.4335
b729ad24b6b0,658f968893fe,Oracle / ΔW / bridge 5,42,1,accuracy,3,0.531,0.031831588084794034,0.4955,0.557
b729ad24b6b0,658f968893fe,Oracle / ΔW / bridge 5,42,2,accuracy,3,0.47683333333333333,0.04759551799627074,0.4255,0.5195
b729ad24b6b0,658f968893fe,Oracle / ΔW / bridge 5,42,3,accuracy,3,0.37266666666666665,0.02379250582291269,0.3465,0.393
b729ad24b6b0,658f968893fe,Oracle / ΔW / bridge 5,42,4,accuracy,3,0.4533333333333333,0.030287511177601454,0.432,0.488
b729ad24b6b0,658f968893fe,Oracle / ΔW / bridge 5,43,0,accuracy,3,0.436,0.02016804403009872,0.4175,0.4575
b729ad24b6b0,658f968893fe,Oracle / ΔW / bridge 5,43,1,accuracy,3,0.5375,0.03275286247032464,0.505,0.5705
b729ad24b6b0,658f968893fe,Oracle / ΔW / bridge 5,43,2,accuracy,3,0.48616666666666664,0.05096649226043845,0.431,0.5315
b729ad24b6b0,658f968893fe,Oracle / ΔW / bridge 5,43,3,accuracy,3,0.37816666666666665,0.0265015722804013,0.3485,0.3995
b729ad24b6b0,658f968893fe,Oracle / ΔW / bridge 5,43,4,accuracy,3,0.46,0.027032387981826535,0.4355,0.489
b729ad24b6b0,658f968893fe,Oracle / ΔW / bridge 5,44,0,accuracy,3,0.44833333333333336,0.018057777641042487,0.4295,0.4655
b729ad24b6b0,658f968893fe,Oracle / ΔW / bridge 5,44,1,accuracy,3,0.5425,0.024346457647879696,0.517,0.5655
b729ad24b6b0,658f968893fe,Oracle / ΔW / bridge 5,44,2,accuracy,3,0.48816666666666664,0.05063924696649163,0.4325,0.5315
b729ad24b6b0,658f968893fe,Oracle / ΔW / bridge 5,44,3,accuracy,3,0.3843333333333333,0.026806404707333156,0.3555,0.4085
b729ad24b6b0,658f968893fe,Oracle / ΔW / bridge 5,44,4,accuracy,3,0.4598333333333333,0.02089457664881806,0.4405,0.482
b729ad24b6b0,658f968893fe,Oracle / ΔW / bridge 5,45,0,accuracy,3,0.43716666666666665,0.021990528264080746,0.423,0.4625
b729ad24b6b0,658f968893fe,Oracle / ΔW / bridge 5,45,1,accuracy,3,0.5116666666666667,0.026862303202319315,0.4835,0.537
b729ad24b6b0,658f968893fe,Oracle / ΔW / bridge 5,45,2,accuracy,3,0.46349999999999997,0.042579337712087544,0.4165,0.4995
b729ad24b6b0,658f968893fe,Oracle / ΔW / bridge 5,45,3,accuracy,3,0.3515,0.033282878481285236,0.3145,0.379
b729ad24b6b0,658f968893fe,Oracle / ΔW / bridge 5,45,4,accuracy,3,0.43933333333333335,0.022035955466766902,0.4235,0.4645
b729ad24b6b0,658f968893fe,Oracle / ΔW / bridge 5,46,0,accuracy,3,0.43033333333333335,0.017623374629546235,0.411,0.4455
b729ad24b6b0,658f968893fe,Oracle / ΔW / bridge 5,46,1,accuracy,3,0.517,0.030915206614221438,0.4815,0.538
b729ad24b6b0,658f968893fe,Oracle / ΔW / bridge 5,46,2,accuracy,3,0.46649999999999997,0.043637713047317235,0.421,0.508
b729ad24b6b0,658f968893fe,Oracle / ΔW / bridge 5,46,3,accuracy,3,0.3566666666666667,0.021461205309425954,0.3325,0.3735
b729ad24b6b0,658f968893fe,Oracle / ΔW / bridge 5,46,4,accuracy,3,0.4465,0.027622454633866263,0.4245,0.4775
b729ad24b6b0,658f968893fe,Oracle / ΔW / bridge 5,47,0,accuracy,3,0.4345,0.015500000000000014,0.4225,0.452
b729ad24b6b0,658f968893fe,Oracle / ΔW / bridge 5,47,1,accuracy,3,0.5303333333333333,0.028505847353364772,0.4985,0.5535
b729ad24b6b0,658f968893fe,Oracle / ΔW / bridge 5,47,2,accuracy,3,0.47866666666666663,0.04726080123456787,0.432,0.5265
b729ad24b6b0,658f968893fe,Oracle / ΔW / bridge 5,47,3,accuracy,3,0.372,0.027834331319433556,0.343,0.3985
b729ad24b6b0,658f968893fe,Oracle / ΔW / bridge 5,47,4,accuracy,3,0.45666666666666667,0.028923750333131645,0.432,0.4885
b729ad24b6b0,658f968893fe,Oracle / ΔW / bridge 5,48,0,accuracy,3,0.44266666666666665,0.021167978961944715,0.4195,0.461
b729ad24b6b0,658f968893fe,Oracle / ΔW / bridge 5,48,1,accuracy,3,0.5376666666666666,0.02886318300765411,0.506,0.5625
b729ad24b6b0,658f968893fe,Oracle / ΔW / bridge 5,48,2,accuracy,3,0.48133333333333334,0.05232192019921799,0.4275,0.532
b729ad24b6b0,658f968893fe,Oracle / ΔW / bridge 5,48,3,accuracy,3,0.37566666666666665,0.02466948182133817,0.3495,0.3985
b729ad24b6b0,658f968893fe,Oracle / ΔW / bridge 5,48,4,accuracy,3,0.4545,0.024346457647879693,0.4315,0.48
b729ad24b6b0,658f968893fe,Oracle / ΔW / bridge 5,49,0,accuracy,3,0.4495,0.01852025917745215,0.4305,0.4675
b729ad24b6b0,658f968893fe,Oracle / ΔW / bridge 5,49,1,accuracy,3,0.5415,0.029206163733020492,0.5105,0.5685
b729ad24b6b0,658f968893fe,Oracle / ΔW / bridge 5,49,2,accuracy,3,0.4906666666666667,0.043558389930452364,0.442,0.526
b729ad24b6b0,658f968893fe,Oracle / ΔW / bridge 5,49,3,accuracy,3,0.38083333333333336,0.022300971578236996,0.3555,0.3975
b729ad24b6b0,658f968893fe,Oracle / ΔW / bridge 5,49,4,accuracy,3,0.46316666666666667,0.01990184246077063,0.4495,0.486
b729ad24b6b0,658f968893fe,Oracle / ΔW / bridge 5,50,0,accuracy,3,0.43866666666666665,0.011361484644769519,0.4265,0.449
b729ad24b6b0,658f968893fe,Oracle / ΔW / bridge 5,50,1,accuracy,3,0.5133333333333333,0.02703855272260949,0.4855,0.5395
b729ad24b6b0,658f968893fe,Oracle / ΔW / bridge 5,50,2,accuracy,3,0.4676666666666667,0.0353459097114975,0.427,0.491
b729ad24b6b0,658f968893fe,Oracle / ΔW / bridge 5,50,3,accuracy,3,0.34833333333333333,0.026600438592875364,0.3205,0.3735
b729ad24b6b0,658f968893fe,Oracle / ΔW / bridge 5,50,4,accuracy,3,0.4355,0.01882153022471873,0.419,0.456
b729ad24b6b0,8fbe5acc92e3,Oracle / ΔW / feedback / bridge 5,1,0,accuracy,3,0.051,0.009733961166965894,0.0435,0.062
b729ad24b6b0,8fbe5acc92e3,Oracle / ΔW / feedback / bridge 5,1,1,accuracy,3,0.0625,0.014756354563373706,0.0455,0.072
b729ad24b6b0,8fbe5acc92e3,Oracle / ΔW / feedback / bridge 5,1,2,accuracy,3,0.06616666666666667,0.022590558499809895,0.0425,0.0875
b729ad24b6b0,8fbe5acc92e3,Oracle / ΔW / feedback / bridge 5,1,3,accuracy,3,0.05283333333333333,0.0018929694486000928,0.0515,0.055
b729ad24b6b0,8fbe5acc92e3,Oracle / ΔW / feedback / bridge 5,1,4,accuracy,3,0.07666666666666666,0.006825198409814429,0.0705,0.084
b729ad24b6b0,8fbe5acc92e3,Oracle / ΔW / feedback / bridge 5,2,0,accuracy,3,0.12233333333333334,0.008962886439832502,0.112,0.128
b729ad24b6b0,8fbe5acc92e3,Oracle / ΔW / feedback / bridge 5,2,1,accuracy,3,0.11583333333333333,0.003253203549323852,0.1125,0.119
b729ad24b6b0,8fbe5acc92e3,Oracle / ΔW / feedback / bridge 5,2,2,accuracy,3,0.1135,0.01779747173055769,0.0965,0.132
b729ad24b6b0,8fbe5acc92e3,Oracle / ΔW / feedback / bridge 5,2,3,accuracy,3,0.08316666666666667,0.018468441551287792,0.062,0.096
b729ad24b6b0,8fbe5acc92e3,Oracle / ΔW / feedback / bridge 5,2,4,accuracy,3,0.14016666666666666,0.020870633275809652,0.117,0.1575
b729ad24b6b0,8fbe5acc92e3,Oracle / ΔW / feedback / bridge 5,3,0,accuracy,3,0.20450000000000002,0.02178875856950093,0.1835,0.227
b729ad24b6b0,8fbe5acc92e3,Oracle / ΔW / feedback / bridge 5,3,1,accuracy,3,0.2135,0.012134661099511591,0.1995,0.221
b729ad24b6b0,8fbe5acc92e3,Oracle / ΔW / feedback / bridge 5,3,2,accuracy,3,0.1925,0.037513330963805394,0.151,0.224
b729ad24b6b0,8fbe5acc92e3,Oracle / ΔW / feedback / bridge 5,3,3,accuracy,3,0.15233333333333335,0.01578237413488013,0.136,0.1675
b729ad24b6b0,8fbe5acc92e3,Oracle / ΔW / feedback / bridge 5,3,4,accuracy,3,0.20833333333333331,0.03430136051723508,0.173,0.2415
b729ad24b6b0,8fbe5acc92e3,Oracle / ΔW / feedback / bridge 5,4,0,accuracy,3,0.2455,0.022951034835057012,0.2265,0.271
b729ad24b6b0,8fbe5acc92e3,Oracle / ΔW / feedback / bridge 5,4,1,accuracy,3,0.28683333333333333,0.03287983171084264,0.249,0.3085
b729ad24b6b0,8fbe5acc92e3,Oracle / ΔW / feedback / bridge 5,4,2,accuracy,3,0.2818333333333333,0.0570752427356497,0.22,0.3325
b729ad24b6b0,8fbe5acc92e3,Oracle / ΔW / feedback / bridge 5,4,3,accuracy,3,0.19316666666666665,0.021285754234542254,0.178,0.2175
b729ad24b6b0,8fbe5acc92e3,Oracle / ΔW / feedback / bridge 5,4,4,accuracy,3,0.27566666666666667,0.04639594091440902,0.223,0.3105
b729ad24b6b0,8fbe5acc92e3,Oracle / ΔW / feedback / bridge 5,5,0,accuracy,3,0.2683333333333333,0.044945337170092886,0.226,0.3155
b729ad24b6b0,8fbe5acc92e3,Oracle / ΔW / feedback / bridge 5,5,1,accuracy,3,0.32833333333333337,0.015143755588800743,0.311,0.339
b729ad24b6b0,8fbe5acc92e3,Oracle / ΔW / feedback / bridge 5,5,2,accuracy,3,0.2986666666666667,0.030513658144072683,0.265,0.3245
b729ad24b6b0,8fbe5acc92e3,Oracle / ΔW / feedback / bridge 5,5,3,accuracy,3,0.2335,0.012257650672131259,0.2215,0.246
b729ad24b6b0,8fbe5acc92e3,Oracle / ΔW / feedback / bridge 5,5,4,accuracy,3,0.2816666666666667,0.03494757979221642,0.243,0.311
b729ad24b6b0,8fbe5acc92e3,Oracle / ΔW / feedback / bridge 5,6,0,accuracy,3,0.29783333333333334,0.04261552925088848,0.26,0.344
b729ad24b6b0,8fbe5acc92e3,Oracle / ΔW / feedback / bridge 5,6,1,accuracy,3,0.34883333333333333,0.0570270403697521,0.283,0.383
b729ad24b6b0,8fbe5acc92e3,Oracle / ΔW / feedback / bridge 5,6,2,accuracy,3,0.349,0.06985878613317008,0.277,0.4165
b729ad24b6b0,8fbe5acc92e3,Oracle / ΔW / feedback / bridge 5,6,3,accuracy,3,0.265,0.028583211855912897,0.232,0.282
b729ad24b6b0,8fbe5acc92e3,Oracle / ΔW / feedback / bridge 5,6,4,accuracy,3,0.32033333333333336,0.047844365742826314,0.2665,0.358
b729ad24b6b0,8fbe5acc92e3,Oracle / ΔW / feedback / bridge 5,7,0,accuracy,3,0.3323333333333333,0.03679107681671377,0.291,0.3615
b729ad24b6b0,8fbe5acc92e3,Oracle / ΔW / feedback / bridge 5,7,1,accuracy,3,0.405,0.04025232912515747,0.3645,0.445
b729ad24b6b0,8fbe5acc92e3,Oracle / ΔW / feedback / bridge 5,7,2,accuracy,3,0.37666666666666665,0.05013564932593705,0.322,0.4205
b729ad24b6b0,8fbe5acc92e3,Oracle / ΔW / feedback / bridge 5,7,3,accuracy,3,0.29333333333333333,0.022233608194203044,0.28,0.319
b729ad24b6b0,8fbe5acc92e3,Oracle / ΔW / feedback / bridge 5,7,4,accuracy,3,0.35183333333333333,0.0527549365778534,0.291,0.385
b729ad24b6b0,8fbe5acc92e3,Oracle / ΔW / feedback / bridge 5,8,0,accuracy,3,0.352,0.04979708826829137,0.3035,0.403
b729ad24b6b0,8fbe5acc92e3,Oracle / ΔW / feedback / bridge 5,8,1,accuracy,3,0.4161666666666667,0.05242216452354225,0.373,0.4745
b729ad24b6b0,8fbe5acc92e3,Oracle / ΔW / feedback / bridge 5,8,2,accuracy,3,0.41,0.06700559678116447,0.3435,0.4775
b729ad24b6b0,8fbe5acc92e3,Oracle / ΔW / feedback / bridge 5,8,3,accuracy,3,0.31266666666666665,0.018643586922406696,0.2955,0.3325
b729ad24b6b0,8fbe5acc92e3,Oracle / ΔW / feedback / bridge 5,8,4,accuracy,3,0.37466666666666665,0.04839765834555771,0.321,0.415
b729ad24b6b0,8fbe5acc92e3,Oracle / ΔW / feedback / bridge 5,9,0,accuracy,3,0.3691666666666667,0.04432926046454344,0.318,0.396
b729ad24b6b0,8fbe5acc92e3,Oracle / ΔW / feedback / bridge 5,9,1,accuracy,3,0.4475,0.023430749027719983,0.4205,0.4625
b729ad24b6b0,8fbe5acc92e3,Oracle / ΔW / feedback / bridge 5,9,2,accuracy,3,0.4093333333333333,0.047959184035316266,0.359,0.4545
b729ad24b6b0,8fbe5acc92e3,Oracle / ΔW / feedback / bridge 5,9,3,accuracy,3,0.33083333333333337,0.013203534880225585,0.3165,0.3425
b729ad24b6b0,8fbe5acc92e3,Oracle / ΔW / feedback / bridge 5,9,4,accuracy,3,0.39366666666666666,0.03988838594545202,0.352,0.4315
b729ad24b6b0,8fbe5acc92e3,Oracle / ΔW / feedback / bridge 5,10,0,accuracy,3,0.3471666666666667,0.04964457002868828,0.293,0.3905
b729ad24b6b0,8fbe5acc92e3,Oracle / ΔW / feedback / bridge 5,10,1,accuracy,3,0.3915,0.0070887234393789186,0.386,0.3995
b729ad24b6b0,8fbe5acc92e3,Oracle / ΔW / feedback / bridge 5,10,2,accuracy,3,0.38566666666666666,0.044895248449399766,0.343,0.4325
b729ad24b6b0,8fbe5acc92e3,Oracle / ΔW / feedback / bridge 5,10,3,accuracy,3,0.31033333333333335,0.02810842103949158,0.28,0.3355
b729ad24b6b0,8fbe5acc92e3,Oracle / ΔW / feedback / bridge 5,10,4,accuracy,3,0.3681666666666667,0.032948191654980606,0.3415,0.405
b729ad24b6b0,8fbe5acc92e3,Oracle / ΔW / feedback / bridge 5,11,0,accuracy,3,0.3815,0.04465702632285315,0.33,0.4095
b729ad24b6b0,8fbe5acc92e3,Oracle / ΔW / feedback / bridge 5,11,1,accuracy,3,0.44516666666666665,0.04398105652816144,0.3945,0.4735
b729ad24b6b0,8fbe5acc92e3,Oracle / ΔW / feedback / bridge 5,11,2,accuracy,3,0.419,0.05905717568594014,0.3615,0.4795
b729ad24b6b0,8fbe5acc92e3,Oracle / ΔW / feedback / bridge 5,11,3,accuracy,3,0.3418333333333333,0.009385272150200703,0.3335,0.352
b729ad24b6b0,8fbe5acc92e3,Oracle / ΔW / feedback / bridge 5,11,4,accuracy,3,0.3923333333333333,0.035795716689756805,0.353,0.423
b729ad24b6b0,8fbe5acc92e3,Oracle / ΔW / feedback / bridge 5,12,0,accuracy,3,0.375,0.03502855977627399,0.337,0.406
b729ad24b6b0,8fbe5acc92e3,Oracle / ΔW / feedback / bridge 5,12,1,accuracy,3,0.45166666666666666,0.02653927906581739,0.426,0.479
b729ad24b6b0,8fbe5acc92e3,Oracle / ΔW / feedback / bridge 5,12,2,accuracy,3,0.43316666666666664,0.04754296302643886,0.3845,0.4795
b729ad24b6b0,8fbe5acc92e3,Oracle / ΔW / feedback / bridge 5,12,3,accuracy,3,0.35033333333333333,0.017509521219420385,0.339,0.3705
b729ad24b6b0,8fbe5acc92e3,Oracle / ΔW / feedback / bridge 5,12,4,accuracy,3,0.4051666666666667,0.04104063027456247,0.3795,0.4525
b729ad24b6b0,8fbe5acc92e3,Oracle / ΔW / feedback / bridge 5,13,0,accuracy,3,0.407,0.02977834783865619,0.3765,0.436
b729ad24b6b0,8fbe5acc92e3,Oracle / ΔW / feedback / bridge 5,13,1,accuracy,3,0.47983333333333333,0.02254070392275567,0.454,0.4955
b729ad24b6b0,8fbe5acc92e3,Oracle / ΔW / feedback / bridge 5,13,2,accuracy,3,0.4356666666666667,0.04233891039378947,0.3875,0.467
b729ad24b6b0,8fbe5acc92e3,Oracle / ΔW / feedback / bridge 5,13,3,accuracy,3,0.35983333333333334,0.005619905100029126,0.355,0.366
b729ad24b6b0,8fbe5acc92e3,Oracle / ΔW / feedback / bridge 5,13,4,accuracy,3,0.395,0.03800986713999406,0.3575,0.4335
b729ad24b6b0,8fbe5acc92e3,Oracle / ΔW / feedback / bridge 5,14,0,accuracy,3,0.3883333333333333,0.03723685450374848,0.3455,0.413
b729ad24b6b0,8fbe5acc92e3,Oracle / ΔW / feedback / bridge 5,14,1,accuracy,3,0.4696666666666667,0.04275024366402291,0.439,0.5185
b729ad24b6b0,8fbe5acc92e3,Oracle / ΔW / feedback / bridge 5,14,2,accuracy,3,0.4618333333333333,0.038083242158898856,0.4355,0.5055
b729ad24b6b0,8fbe5acc92e3,Oracle / ΔW / feedback / bridge 5,14,3,accuracy,3,0.37516666666666665,0.013787071238422382,0.362,0.3895
b729ad24b6b0,8fbe5acc92e3,Oracle / ΔW / feedback / bridge 5,14,4,accuracy,3,0.437,0.026229754097208027,0.413,0.465
b729ad24b6b0,8fbe5acc92e3,Oracle / ΔW / feedback / bridge 5,15,0,accuracy,3,0.38066666666666665,0.021262251370288476,0.3565,0.3965
b729ad24b6b0,8fbe5acc92e3,Oracle / ΔW / feedback / bridge 5,15,1,accuracy,3,0.4485,0.039934321078490875,0.4135,0.492
b729ad24b6b0,8fbe5acc92e3,Oracle / ΔW / feedback / bridge 5,15,2,accuracy,3,0.41000000000000003,0.03629049462324811,0.382,0.451
b729ad24b6b0,8fbe5acc92e3,Oracle / ΔW / feedback / bridge 5,15,3,accuracy,3,0.3275,0.026678643143908193,0.304,0.3565
b729ad24b6b0,8fbe5acc92e3,Oracle / ΔW / feedback / bridge 5,15,4,accuracy,3,0.36733333333333335,0.039497890239015725,0.3225,0.397
b729ad24b6b0,8fbe5acc92e3,Oracle / ΔW / feedback / bridge 5,16,0,accuracy,3,0.37966666666666665,0.04316344904352908,0.3345,0.4205
b729ad24b6b0,8fbe5acc92e3,Oracle / ΔW / feedback / bridge 5,16,1,accuracy,3,0.44766666666666666,0.05131601439446883,0.391,0.491
b729ad24b6b0,8fbe5acc92e3,Oracle / ΔW / feedback / bridge 5,16,2,accuracy,3,0.44766666666666666,0.0372838213349079,0.4225,0.4905
b729ad24b6b0,8fbe5acc92e3,Oracle / ΔW / feedback / bridge 5,16,3,accuracy,3,0.35866666666666663,0.01056330125166056,0.3465,0.3655
b729ad24b6b0,8fbe5acc92e3,Oracle / ΔW / feedback / bridge 5,16,4,accuracy,3,0.4205,0.034318362431794446,0.3875,0.456
b729ad24b6b0,8fbe5acc92e3,Oracle / ΔW / feedback / bridge 5,17,0,accuracy,3,0.41,0.025578311124857315,0.3805,0.426
b729ad24b6b0,8fbe5acc92e3,Oracle / ΔW / feedback / bridge 5,17,1,accuracy,3,0.48116666666666663,0.012003471720020571,0.4735,0.495
b729ad24b6b0,8fbe5acc92e3,Oracle / ΔW / feedback / bridge 5,17,2,accuracy,3,0.44016666666666665,0.026006409466386063,0.4145,0.4665
b729ad24b6b0,8fbe5acc92e3,Oracle / ΔW / feedback / bridge 5,17,3,accuracy,3,0.3725,0.0032787192621510034,0.3695,0.376
b729ad24b6b0,8fbe5acc92e3,Oracle / ΔW / feedback / bridge 5,17,4,accuracy,3,0.42216666666666663,0.047922680781998545,0.3815,0.475
b729ad24b6b0,8fbe5acc92e3,Oracle / ΔW / feedback / bridge 5,18,0,accuracy,3,0.41383333333333333,0.04049794233455984,0.371,0.4515
b729ad24b6b0,8fbe5acc92e3,Oracle / ΔW / feedback / bridge 5,18,1,accuracy,3,0.47750000000000004,0.038343839140075685,0.4455,0.52
b729ad24b6b0,8fbe5acc92e3,Oracle / ΔW / feedback / bridge 5,18,2,accuracy,3,0.44716666666666666,0.06091045339950552,0.405,0.517
b729ad24b6b0,8fbe5acc92e3,Oracle / ΔW / feedback / bridge 5,18,3,accuracy,3,0.3805,0.015402921800749377,0.3665,0.397
b729ad24b6b0,8fbe5acc92e3,Oracle / ΔW / feedback / bridge 5,18,4,accuracy,3,0.41983333333333334,0.04425588473111044,0.376,0.4645
b729ad24b6b0,8fbe5acc92e3,Oracle / ΔW / feedback / bridge 5,19,0,accuracy,3,0.431,0.008544003745317538,0.422,0.439
b729ad24b6b0,8fbe5acc92e3,Oracle / ΔW / feedback / bridge 5,19,1,accuracy,3,0.5035,0.009987492177719067,0.495,0.5145
b729ad24b6b0,8fbe5acc92e3,Oracle / ΔW / feedback / bridge 5,19,2,accuracy,3,0.4713333333333333,0.04214656965084269,0.439,0.519
b729ad24b6b0,8fbe5acc92e3,Oracle / ΔW / feedback / bridge 5,19,3,accuracy,3,0.38466666666666666,0.00585946527708232,0.378,0.389
b729ad24b6b0,8fbe5acc92e3,Oracle / ΔW / feedback / bridge 5,19,4,accuracy,3,0.423,0.04376928146542962,0.38,0.4675
b729ad24b6b0,8fbe5acc92e3,Oracle / ΔW / feedback / bridge 5,20,0,accuracy,3,0.3805,0.03702701716314721,0.3395,0.4115
b729ad24b6b0,8fbe5acc92e3,Oracle / ΔW / feedback / bridge 5,20,1,accuracy,3,0.4508333333333333,0.04078704859797205,0.422,0.4975
b729ad24b6b0,8fbe5acc92e3,Oracle / ΔW / feedback / bridge 5,20,2,accuracy,3,0.427,0.03830143600441112,0.385,0.46
b729ad24b6b0,8fbe5acc92e3,Oracle / ΔW / feedback / bridge 5,20,3,accuracy,3,0.35416666666666663,0.00381881307912987,0.35,0.3575
b729ad24b6b0,8fbe5acc92e3,Oracle / ΔW / feedback / bridge 5,20,4,accuracy,3,0.4051666666666667,0.01729402594346767,0.39,0.424
b729ad24b6b0,8fbe5acc92e3,Oracle / ΔW / feedback / bridge 5,21,0,accuracy,3,0.4083333333333333,0.04289036410819258,0.3625,0.4475
b729ad24b6b0,8fbe5acc92e3,Oracle / ΔW / feedback / bridge 5,21,1,accuracy,3,0.44833333333333336,0.04250392138771824,0.3995,0.477
b729ad24b6b0,8fbe5acc92e3,Oracle / ΔW / feedback / bridge 5,21,2,accuracy,3,0.4435,0.041463839667835886,0.409,0.4895
b729ad24b6b0,8fbe5acc92e3,Oracle / ΔW / feedback / bridge 5,21,3,accuracy,3,0.38,0.014080127840328735,0.364,0.3905
b729ad24b6b0,8fbe5acc92e3,Oracle / ΔW / feedback / bridge 5,21,4,accuracy,3,0.38666666666666666,0.04056579018499864,0.3435,0.424
b729ad24b6b0,8fbe5acc92e3,Oracle / ΔW / feedback / bridge 5,22,0,accuracy,3,0.4061666666666667,0.028001488055696844,0.378,0.434
b729ad24b6b0,8fbe5acc92e3,Oracle / ΔW / feedback / bridge 5,22,1,accuracy,3,0.4945,0.037239092362730854,0.453,0.525
b729ad24b6b0,8fbe5acc92e3,Oracle / ΔW / feedback / bridge 5,22,2,accuracy,3,0.4543333333333333,0.028828515975216858,0.4215,0.4755
b729ad24b6b0,8fbe5acc92e3,Oracle / ΔW / feedback / bridge 5,22,3,accuracy,3,0.39016666666666666,0.018126867719860836,0.378,0.411
b729ad24b6b0,8fbe5acc92e3,Oracle / ΔW / feedback / bridge 5,22,4,accuracy,3,0.44166666666666665,0.034735908413820606,0.4095,0.4785
b729ad24b6b0,8fbe5acc92e3,Oracle / ΔW / feedback / bridge 5,23,0,accuracy,3,0.42383333333333334,0.017904841058588986,0.413,0.4445
b729ad24b6b0,8fbe5acc92e3,Oracle / ΔW / feedback / bridge 5,23,1,accuracy,3,0.47583333333333333,0.00975106831754003,0.466,0.4855
b729ad24b6b0,8fbe5acc92e3,Oracle / ΔW / feedback / bridge 5,23,2,accuracy,3,0.4728333333333333,0.025643387711714944,0.445,0.4955
b729ad24b6b0,8fbe5acc92e3,Oracle / ΔW / feedback / bridge 5,23,3,accuracy,3,0.3938333333333333,0.01900219285591357,0.38,0.4155
b729ad24b6b0,8fbe5acc92e3,Oracle / ΔW / feedback / bridge 5,23,4,accuracy,3,0.43283333333333335,0.03996978025125147,0.3955,0.475
b729ad24b6b0,8fbe5acc92e3,Oracle / ΔW / feedback / bridge 5,24,0,accuracy,3,0.42733333333333334,0.006806859285554052,0.422,0.435
b729ad24b6b0,8fbe5acc92e3,Oracle / ΔW / feedback / bridge 5,24,1,accuracy,3,0.5016666666666667,0.0345844377333698,0.4625,0.528
b729ad24b6b0,8fbe5acc92e3,Oracle / ΔW / feedback / bridge 5,24,2,accuracy,3,0.4638333333333333,0.03426489943562265,0.4335,0.501
b729ad24b6b0,8fbe5acc92e3,Oracle / ΔW / feedback / bridge 5,24,3,accuracy,3,0.38766666666666666,0.009699656351300982,0.3765,0.394
b729ad24b6b0,8fbe5acc92e3,Oracle / ΔW / feedback / bridge 5,24,4,accuracy,3,0.4668333333333333,0.021830788655780003,0.442,0.483
b729ad24b6b0,8fbe5acc92e3,Oracle / ΔW / feedback / bridge 5,25,0,accuracy,3,0.3835,0.029576172842340497,0.361,0.417
b729ad24b6b0,8fbe5acc92e3,Oracle / ΔW / feedback / bridge 5,25,1,accuracy,3,0.4345,0.02150000000000002,0.4105,0.452
b729ad24b6b0,8fbe5acc92e3,Oracle / ΔW / feedback / bridge 5,25,2,accuracy,3,0.42816666666666664,0.021079215671683187,0.4105,0.4515
b729ad24b6b0,8fbe5acc92e3,Oracle / ΔW / feedback / bridge 5,25,3,accuracy,3,0.3576666666666667,0.018071616788027926,0.337,0.3705
b729ad24b6b0,8fbe5acc92e3,Oracle / ΔW / feedback / bridge 5,25,4,accuracy,3,0.4041666666666667,0.05630349308287484,0.357,0.4665
b729ad24b6b0,8fbe5acc92e3,Oracle / ΔW / feedback / bridge 5,26,0,accuracy,3,0.4131666666666667,0.030928681403081724,0.3805,0.442
b729ad24b6b0,8fbe5acc92e3,Oracle / ΔW / feedback / bridge 5,26,1,accuracy,3,0.45766666666666667,0.03235094022332787,0.4205,0.4795
b729ad24b6b0,8fbe5acc92e3,Oracle / ΔW / feedback / bridge 5,26,2,accuracy,3,0.464,0.04167733196834942,0.437,0.512
b729ad24b6b0,8fbe5acc92e3,Oracle / ΔW / feedback / bridge 5,26,3,accuracy,3,0.3835,0.02987892233665732,0.366,0.418
b729ad24b6b0,8fbe5acc92e3,Oracle / ΔW / feedback / bridge 5,26,4,accuracy,3,0.39716666666666667,0.08639492654857304,0.3175,0.489
b729ad24b6b0,8fbe5acc92e3,Oracle / ΔW / feedback / bridge 5,27,0,accuracy,3,0.41083333333333333,0.03711244175924475,0.3755,0.4495
b729ad24b6b0,8fbe5acc92e3,Oracle / ΔW / feedback / bridge 5,27,1,accuracy,3,0.4845,0.034752697737010264,0.45,0.5195
b729ad24b6b0,8fbe5acc92e3,Oracle / ΔW / feedback / bridge 5,27,2,accuracy,3,0.46399999999999997,0.062367860312824555,0.3955,0.5175
b729ad24b6b0,8fbe5acc92e3,Oracle / ΔW / feedback / bridge 5,27,3,accuracy,3,0.3893333333333333,0.031194283664372435,0.365,0.4245
b729ad24b6b0,8fbe5acc92e3,Oracle / ΔW / feedback / bridge 5,27,4,accuracy,3,0.4165,0.05934854673873657,0.3725,0.484
b729ad24b6b0,8fbe5acc92e3,Oracle / ΔW / feedback / bridge 5,28,0,accuracy,3,0.4345,0.027170756338387073,0.4105,0.464
b729ad24b6b0,8fbe5acc92e3,Oracle / ΔW / feedback / bridge 5,28,1,accuracy,3,0.499,0.02036541185441629,0.48,0.5205
b729ad24b6b0,8fbe5acc92e3,Oracle / ΔW / feedback / bridge 5,28,2,accuracy,3,0.48683333333333334,0.05586665672235392,0.429,0.5405
b729ad24b6b0,8fbe5acc92e3,Oracle / ΔW / feedback / bridge 5,28,3,accuracy,3,0.3735,0.03290896534380867,0.3475,0.4105
b729ad24b6b0,8fbe5acc92e3,Oracle / ΔW / feedback / bridge 5,28,4,accuracy,3,0.42483333333333334,0.025701815759462083,0.4055,0.454
b729ad24b6b0,8fbe5acc92e3,Oracle / ΔW / feedback / bridge 5,29,0,accuracy,3,0.423,0.02001874121916762,0.4095,0.446
b729ad24b6b0,8fbe5acc92e3,Oracle / ΔW / feedback / bridge 5,29,1,accuracy,3,0.5003333333333333,0.030847744379992083,0.4725,0.5335
b729ad24b6b0,8fbe5acc92e3,Oracle / ΔW / feedback / bridge 5,29,2,accuracy,3,0.4756666666666667,0.04073184667227026,0.4455,0.522
b729ad24b6b0,8fbe5acc92e3,Oracle / ΔW / feedback / bridge 5,29,3,accuracy,3,0.3973333333333333,0.024831096096091545,0.3825,0.426
b729ad24b6b0,8fbe5acc92e3,Oracle / ΔW / feedback / bridge 5,29,4,accuracy,3,0.4365,0.060809127604332526,0.381,0.5015
b729ad24b6b0,8fbe5acc92e3,Oracle / ΔW / feedback / bridge 5,30,0,accuracy,3,0.37916666666666665,0.028988503468329183,0.3555,0.4115
b729ad24b6b0,8fbe5acc92e3,Oracle / ΔW / feedback / bridge 5,30,1,accuracy,3,0.45333333333333337,0.012013880860626743,0.441,0.465
b729ad24b6b0,8fbe5acc92e3,Oracle / ΔW / feedback / bridge 5,30,2,accuracy,3,0.45566666666666666,0.028854520154272766,0.4255,0.483
b729ad24b6b0,8fbe5acc92e3,Oracle / ΔW / feedback / bridge 5,30,3,accuracy,3,0.361,0.008046738469715547,0.352,0.3675
b729ad24b6b0,8fbe5acc92e3,Oracle / ΔW / feedback / bridge 5,30,4,accuracy,3,0.4121666666666667,0.03507610772781572,0.3785,0.4485
b729ad24b6b0,8fbe5acc92e3,Oracle / ΔW / feedback / bridge 5,31,0,accuracy,3,0.41433333333333333,0.018057777641042452,0.3935,0.4255
b729ad24b6b0,8fbe5acc92e3,Oracle / ΔW / feedback / bridge 5,31,1,accuracy,3,0.464,0.023350588857671228,0.442,0.4885
b729ad24b6b0,8fbe5acc92e3,Oracle / ΔW / feedback / bridge 5,31,2,accuracy,3,0.45066666666666666,0.03350124375800596,0.427,0.489
b729ad24b6b0,8fbe5acc92e3,Oracle / ΔW / feedback / bridge 5,31,3,accuracy,3,0.37,0.03986539853055529,0.3455,0.416
b729ad24b6b0,8fbe5acc92e3,Oracle / ΔW / feedback / bridge 5,31,4,accuracy,3,0.4145,0.037363083384538816,0.3745,0.4485
b729ad24b6b0,8fbe5acc92e3,Oracle / ΔW / feedback / bridge 5,32,0,accuracy,3,0.39116666666666666,0.024116038922951943,0.365,0.4125
b729ad24b6b0,8fbe5acc92e3,Oracle / ΔW / feedback / bridge 5,32,1,accuracy,3,0.4953333333333333,0.023528351691806483,0.4725,0.5195
b729ad24b6b0,8fbe5acc92e3,Oracle / ΔW / feedback / bridge 5,32,2,accuracy,3,0.4548333333333333,0.027075511691071197,0.4305,0.484
b729ad24b6b0,8fbe5acc92e3,Oracle / ΔW / feedback / bridge 5,32,3,accuracy,3,0.383,0.01732772345116347,0.3725,0.403
b729ad24b6b0,8fbe5acc92e3,Oracle / ΔW / feedback / bridge 5,32,4,accuracy,3,0.4355,0.04480234368869556,0.399,0.4855
b729ad24b6b0,8fbe5acc92e3,Oracle / ΔW / feedback / bridge 5,33,0,accuracy,3,0.431,0.030265491900843107,0.397,0.455
b729ad24b6b0,8fbe5acc92e3,Oracle / ΔW / feedback / bridge 5,33,1,accuracy,3,0.482,0.029635283025474888,0.4555,0.514
b729ad24b6b0,8fbe5acc92e3,Oracle / ΔW / feedback / bridge 5,33,2,accuracy,3,0.4786666666666667,0.05682502383046867,0.4375,0.5435
b729ad24b6b0,8fbe5acc92e3,Oracle / ΔW / feedback / bridge 5,33,3,accuracy,3,0.38966666666666666,0.014511489700693506,0.3755,0.4045
b729ad24b6b0,8fbe5acc92e3,Oracle / ΔW / feedback / bridge 5,33,4,accuracy,3,0.41050000000000003,0.04131888188225814,0.378,0.457
b729ad24b6b0,8fbe5acc92e3,Oracle / ΔW / feedback / bridge 5,34,0,accuracy,3,0.42316666666666664,0.05035457609128819,0.379,0.478
b729ad24b6b0,8fbe5acc92e3,Oracle / ΔW / feedback / bridge 5,34,1,accuracy,3,0.5191666666666667,0.022429519239906465,0.4935,0.535
b729ad24b6b0,8fbe5acc92e3,Oracle / ΔW / feedback / bridge 5,34,2,accuracy,3,0.485,0.0592705660509498,0.421,0.538
b729ad24b6b0,8fbe5acc92e3,Oracle / ΔW / feedback / bridge 5,34,3,accuracy,3,0.385,0.026537709019431192,0.361,0.4135
b729ad24b6b0,8fbe5acc92e3,Oracle / ΔW / feedback / bridge 5,34,4,accuracy,3,0.448,0.05550675634551166,0.393,0.504
b729ad24b6b0,8fbe5acc92e3,Oracle / ΔW / feedback / bridge 5,35,0,accuracy,3,0.39599999999999996,0.029512709126747406,0.362,0.415
b729ad24b6b0,8fbe5acc92e3,Oracle / ΔW / feedback / bridge 5,35,1,accuracy,3,0.465,0.018520259177452123,0.447,0.484
b729ad24b6b0,8fbe5acc92e3,Oracle / ΔW / feedback / bridge 5,35,2,accuracy,3,0.44683333333333336,0.01118406604653842,0.437,0.459
b729ad24b6b0,8fbe5acc92e3,Oracle / ΔW / feedback / bridge 5,35,3,accuracy,3,0.352,0.01617868968736343,0.3405,0.3705
b729ad24b6b0,8fbe5acc92e3,Oracle / ΔW / feedback / bridge 5,35,4,accuracy,3,0.39066666666666666,0.040125843708679,0.3525,0.4325
b729ad24b6b0,8fbe5acc92e3,Oracle / ΔW / feedback / bridge 5,36,0,accuracy,3,0.405,0.024515301344262518,0.381,0.43
b729ad24b6b0,8fbe5acc92e3,Oracle / ΔW / feedback / bridge 5,36,1,accuracy,3,0.47950000000000004,0.0308666486681013,0.459,0.515
b729ad24b6b0,8fbe5acc92e3,Oracle / ΔW / feedback / bridge 5,36,2,accuracy,3,0.4723333333333333,0.04539364860124524,0.4205,0.505
b729ad24b6b0,8fbe5acc92e3,Oracle / ΔW / feedback / bridge 5,36,3,accuracy,3,0.37,0.040978652979325694,0.336,0.4155
b729ad24b6b0,8fbe5acc92e3,Oracle / ΔW / feedback / bridge 5,36,4,accuracy,3,0.409,0.07447986305035745,0.3655,0.495
b729ad24b6b0,8fbe5acc92e3,Oracle / ΔW / feedback / bridge 5,37,0,accuracy,3,0.42666666666666664,0.03693688310257556,0.401,0.469
b729ad24b6b0,8fbe5acc92e3,Oracle / ΔW / feedback / bridge 5,37,1,accuracy,3,0.472,0.00804673846971552,0.4635,0.4795
b729ad24b6b0,8fbe5acc92e3,Oracle / ΔW / feedback / bridge 5,37,2,accuracy,3,0.4703333333333333,0.04459914049993937,0.4205,0.5065
b729ad24b6b0,8fbe5acc92e3,Oracle / ΔW / feedback / bridge 5,37,3,accuracy,3,0.38866666666666666,0.016434212282106307,0.3705,0.4025
b729ad24b6b0,8fbe5acc92e3,Oracle / ΔW / feedback / bridge 5,37,4,accuracy,3,0.42333333333333334,0.05492115560813823,0.377,0.484
b729ad24b6b0,8fbe5acc92e3,Oracle / ΔW / feedback / bridge 5,38,0,accuracy,3,0.4126666666666667,0.03784617990409776,0.369,0.436
b729ad24b6b0,8fbe5acc92e3,Oracle / ΔW / feedback / bridge 5,38,1,accuracy,3,0.4968333333333333,0.023288051299611413,0.4805,0.5235
b729ad24b6b0,8fbe5acc92e3,Oracle / ΔW / feedback / bridge 5,38,2,accuracy,3,0.4671666666666667,0.028532145613909463,0.436,0.492
b729ad24b6b0,8fbe5acc92e3,Oracle / ΔW / feedback / bridge 5,38,3,accuracy,3,0.37733333333333335,0.05956159277028556,0.328,0.4435
b729ad24b6b0,8fbe5acc92e3,Oracle / ΔW / feedback / bridge 5,38,4,accuracy,3,0.44533333333333336,0.0613297100379036,0.388,0.51
b729ad24b6b0,8fbe5acc92e3,Oracle / ΔW / feedback / bridge 5,39,0,accuracy,3,0.4135,0.017691806012954118,0.3945,0.4295
b729ad24b6b0,8fbe5acc92e3,Oracle / ΔW / feedback / bridge 5,39,1,accuracy,3,0.5198333333333334,0.019977070188927457,0.4975,0.536
b729ad24b6b0,8fbe5acc92e3,Oracle / ΔW / feedback / bridge 5,39,2,accuracy,3,0.486,0.049729267036625446,0.447,0.542
b729ad24b6b0,8fbe5acc92e3,Oracle / ΔW / feedback / bridge 5,39,3,accuracy,3,0.3828333333333333,0.038872655341940995,0.352,0.4265
b729ad24b6b0,8fbe5acc92e3,Oracle / ΔW / feedback / bridge 5,39,4,accuracy,3,0.43466666666666665,0.06099658460383933,0.382,0.5015
b729ad24b6b0,8fbe5acc92e3,Oracle / ΔW / feedback / bridge 5,40,0,accuracy,3,0.401,0.05025186563700892,0.343,0.4315
b729ad24b6b0,8fbe5acc92e3,Oracle / ΔW / feedback / bridge 5,40,1,accuracy,3,0.46416666666666667,0.03704839177796161,0.4355,0.506
b729ad24b6b0,8fbe5acc92e3,Oracle / ΔW / feedback / bridge 5,40,2,accuracy,3,0.44716666666666666,0.04650089604871429,0.4005,0.4935
b729ad24b6b0,8fbe5acc92e3,Oracle / ΔW / feedback / bridge 5,40,3,accuracy,3,0.36566666666666664,0.04281452245831234,0.3325,0.414
b729ad24b6b0,8fbe5acc92e3,Oracle / ΔW / feedback / bridge 5,40,4,accuracy,3,0.39466666666666667,0.07173794904604766,0.337,0.475
b729ad24b6b0,8fbe5acc92e3,Oracle / ΔW / feedback / bridge 5,41,0,accuracy,3,0.4036666666666667,0.03233548102832758,0.3845,0.441
b729ad24b6b0,8fbe5acc92e3,Oracle / ΔW / feedback / bridge 5,41,1,accuracy,3,0.51,0.021148285982556587,0.4925,0.5335
b729ad24b6b0,8fbe5acc92e3,Oracle / ΔW / feedback / bridge 5,41,2,accuracy,3,0.45116666666666666,0.05138174124466137,0.408,0.508
b729ad24b6b0,8fbe5acc92e3,Oracle / ΔW / feedback / bridge 5,41,3,accuracy,3,0.3641666666666667,0.06875015151498455,0.322,0.4435
b729ad24b6b0,8fbe5acc92e3,Oracle / ΔW / feedback / bridge 5,41,4,accuracy,3,0.41183333333333333,0.05820724468082415,0.365,0.477
b729ad24b6b0,8fbe5acc92e3,Oracle / ΔW / feedback / bridge 5,42,0,accuracy,3,0.41183333333333333,0.047258156262526094,0.3585,0.4485
b729ad24b6b0,8fbe5acc92e3,Oracle / ΔW / feedback / bridge 5,42,1,accuracy,3,0.48916666666666664,0.04031232235102974,0.444,0.5215
b729ad24b6b0,8fbe5acc92e3,Oracle / ΔW / feedback / bridge 5,42,2,accuracy,3,0.46399999999999997,0.07682935636851318,0.379,0.5285
b729ad24b6b0,8fbe5acc92e3,Oracle / ΔW / feedback / bridge 5,42,3,accuracy,3,0.37766666666666665,0.03609824557140324,0.35,0.4185
b729ad24b6b0,8fbe5acc92e3,Oracle / ΔW / feedback / bridge 5,42,4,accuracy,3,0.4325,0.06933794055205272,0.375,0.5095
b729ad24b6b0,8fbe5acc92e3,Oracle / ΔW / feedback / bridge 5,43,0,accuracy,3,0.42183333333333334,0.039878983604567125,0.3765,0.4515
b729ad24b6b0,8fbe5acc92e3,Oracle / ΔW / feedback / bridge 5,43,1,accuracy,3,0.5078333333333334,0.03690979996333401,0.4665,0.5375
b729ad24b6b0,8fbe5acc92e3,Oracle / ΔW / feedback / bridge 5,43,2,accuracy,3,0.4775,0.04130072638586394,0.447,0.5245
b729ad24b6b0,8fbe5acc92e3,Oracle / ΔW / feedback / bridge 5,43,3,accuracy,3,0.36433333333333334,0.04021608301828178,0.331,0.409
b729ad24b6b0,8fbe5acc92e3,Oracle / ΔW / feedback / bridge 5,43,4,accuracy,3,0.4325,0.03645888094826828,0.394,0.4665
b729ad24b6b0,8fbe5acc92e3,Oracle / ΔW / feedback / bridge 5,44,0,accuracy,3,0.41733333333333333,0.012003471720020571,0.4085,0.431
b729ad24b6b0,8fbe5acc92e3,Oracle / ΔW / feedback / bridge 5,44,1,accuracy,3,0.5053333333333333,0.018036999011291594,0.488,0.524
b729ad24b6b0,8fbe5acc92e3,Oracle / ΔW / feedback / bridge 5,44,2,accuracy,3,0.474,0.061055302800002556,0.4145,0.5365
b729ad24b6b0,8fbe5acc92e3,Oracle / ΔW / feedback / bridge 5,44,3,accuracy,3,0.378,0.050973032085603845,0.33,0.4315
b729ad24b6b0,8fbe5acc92e3,Oracle / ΔW / feedback / bridge 5,44,4,accuracy,3,0.4475,0.05406477596365304,0.4055,0.5085
b729ad24b6b0,8fbe5acc92e3,Oracle / ΔW / feedback / bridge 5,45,0,accuracy,3,0.40016666666666667,0.056047598818623194,0.3375,0.4455
b729ad24b6b0,8fbe5acc92e3,Oracle / ΔW / feedback / bridge 5,45,1,accuracy,3,0.47433333333333333,0.009827681991870356,0.463,0.4805
b729ad24b6b0,8fbe5acc92e3,Oracle / ΔW / feedback / bridge 5,45,2,accuracy,3,0.4331666666666667,0.03200520790954705,0.3965,0.4555
b729ad24b6b0,8fbe5acc92e3,Oracle / ΔW / feedback / bridge 5,45,3,accuracy,3,0.3486666666666667,0.027360250973507774,0.32,0.3745
b729ad24b6b0,8fbe5acc92e3,Oracle / ΔW / feedback / bridge 5,45,4,accuracy,3,0.40850000000000003,0.035696638497203066,0.3765,0.447
b729ad24b6b0,8fbe5acc92e3,Oracle / ΔW / feedback / bridge 5,46,0,accuracy,3,0.40349999999999997,0.046508063816933946,0.3505,0.4375
b729ad24b6b0,8fbe5acc92e3,Oracle / ΔW / feedback / bridge 5,46,1,accuracy,3,0.4895,0.031224989991991966,0.4645,0.5245
b729ad24b6b0,8fbe5acc92e3,Oracle / ΔW / feedback / bridge 5,46,2,accuracy,3,0.44116666666666665,0.046261034719657236,0.3955,0.488
b729ad24b6b0,8fbe5acc92e3,Oracle / ΔW / feedback / bridge 5,46,3,accuracy,3,0.365,0.026678643143908224,0.346,0.3955
b729ad24b6b0,8fbe5acc92e3,Oracle / ΔW / feedback / bridge 5,46,4,accuracy,3,0.43766666666666665,0.05749855070637288,0.3835,0.498
b729ad24b6b0,8fbe5acc92e3,Oracle / ΔW / feedback / bridge 5,47,0,accuracy,3,0.3978333333333333,0.013175102782647764,0.387,0.4125
b729ad24b6b0,8fbe5acc92e3,Oracle / ΔW / feedback / bridge 5,47,1,accuracy,3,0.48766666666666664,0.028041635710730834,0.47,0.52
b729ad24b6b0,8fbe5acc92e3,Oracle / ΔW / feedback / bridge 5,47,2,accuracy,3,0.48683333333333334,0.040939996743201305,0.4605,0.534
b729ad24b6b0,8fbe5acc92e3,Oracle / ΔW / feedback / bridge 5,47,3,accuracy,3,0.359,0.03291276348166468,0.3295,0.3945
b729ad24b6b0,8fbe5acc92e3,Oracle / ΔW / feedback / bridge 5,47,4,accuracy,3,0.4488333333333333,0.024517000904134525,0.4225,0.471
b729ad24b6b0,8fbe5acc92e3,Oracle / ΔW / feedback / bridge 5,48,0,accuracy,3,0.387,0.020130822139197382,0.3695,0.409
b729ad24b6b0,8fbe5acc92e3,Oracle / ΔW / feedback / bridge 5,48,1,accuracy,3,0.5211666666666667,0.02599198594438934,0.501,0.5505
b729ad24b6b0,8fbe5acc92e3,Oracle / ΔW / feedback / bridge 5,48,2,accuracy,3,0.4618333333333333,0.05539930805825405,0.403,0.513
b729ad24b6b0,8fbe5acc92e3,Oracle / ΔW / feedback / bridge 5,48,3,accuracy,3,0.37666666666666665,0.048583261863869666,0.333,0.429
b729ad24b6b0,8fbe5acc92e3,Oracle / ΔW / feedback / bridge 5,48,4,accuracy,3,0.428,0.051529117981972086,0.3875,0.486
b729ad24b6b0,8fbe5acc92e3,Oracle / ΔW / feedback / bridge 5,49,0,accuracy,3,0.43033333333333335,0.015044378795195691,0.416,0.446
b729ad24b6b0,8fbe5acc92e3,Oracle / ΔW / feedback / bridge 5,49,1,accuracy,3,0.5051666666666667,0.017953644012660294,0.4915,0.5255
b729ad24b6b0,8fbe5acc92e3,Oracle / ΔW / feedback / bridge 5,49,2,accuracy,3,0.48633333333333334,0.03524674925909244,0.456,0.525
b729ad24b6b0,8fbe5acc92e3,Oracle / ΔW / feedback / bridge 5,49,3,accuracy,3,0.38233333333333336,0.042989339763868574,0.3355,0.42
b729ad24b6b0,8fbe5acc92e3,Oracle / ΔW / feedback / bridge 5,49,4,accuracy,3,0.43033333333333335,0.0622501673357858,0.368,0.4925
b729ad24b6b0,8fbe5acc92e3,Oracle / ΔW / feedback / bridge 5,50,0,accuracy,3,0.3945,0.04516912662427735,0.365,0.4465
b729ad24b6b0,8fbe5acc92e3,Oracle / ΔW / feedback / bridge 5,50,1,accuracy,3,0.46416666666666667,0.008082903768654743,0.4555,0.4715
b729ad24b6b0,8fbe5acc92e3,Oracle / ΔW / feedback / bridge 5,50,2,accuracy,3,0.42866666666666664,0.051454672609329975,0.3865,0.486
b729ad24b6b0,8fbe5acc92e3,Oracle / ΔW / feedback / bridge 5,50,3,accuracy,3,0.35183333333333333,0.04245389656242798,0.3155,0.3985
b729ad24b6b0,8fbe5acc92e3,Oracle / ΔW / feedback / bridge 5,50,4,accuracy,3,0.4245,0.05832880934838289,0.382,0.491
b729ad24b6b0,cad564bfe53c,MH / ΔW / ring,1,0,accuracy,3,0.034,0.019371370627810518,0.012,0.0485
b729ad24b6b0,cad564bfe53c,MH / ΔW / ring,1,1,accuracy,3,0.042333333333333334,0.027006172134038792,0.015,0.069
b729ad24b6b0,cad564bfe53c,MH / ΔW / ring,1,2,accuracy,3,0.043666666666666666,0.01661575557515617,0.0245,0.054
b729ad24b6b0,cad564bfe53c,MH / ΔW / ring,1,3,accuracy,3,0.022000000000000002,0.017776388834631177,0.008,0.042
b729ad24b6b0,cad564bfe53c,MH / ΔW / ring,1,4,accuracy,3,0.012333333333333333,0.00553022000767902,0.0065,0.0175
b729ad24b6b0,cad564bfe53c,MH / ΔW / ring,2,0,accuracy,3,0.06466666666666666,0.01514375558880073,0.054,0.082
b729ad24b6b0,cad564bfe53c,MH / ΔW / ring,2,1,accuracy,3,0.07916666666666666,0.020101824129499624,0.058,0.098
b729ad24b6b0,cad564bfe53c,MH / ΔW / ring,2,2,accuracy,3,0.08116666666666666,0.034818577416852244,0.0515,0.1195
b729ad24b6b0,cad564bfe53c,MH / ΔW / ring,2,3,accuracy,3,0.04483333333333333,0.008129165598838133,0.036,0.052
b729ad24b6b0,cad564bfe53c,MH / ΔW / ring,2,4,accuracy,3,0.05566666666666667,0.006601767440112785,0.0485,0.0615
b729ad24b6b0,cad564bfe53c,MH / ΔW / ring,3,0,accuracy,3,0.11633333333333334,0.04475023277406871,0.0845,0.1675
b729ad24b6b0,cad564bfe53c,MH / ΔW / ring,3,1,accuracy,3,0.1295,0.03944299684354626,0.0925,0.171
b729ad24b6b0,cad564bfe53c,MH / ΔW / ring,3,2,accuracy,3,0.1245,0.0496160256368847,0.08,0.178
b729ad24b6b0,cad564bfe53c,MH / ΔW / ring,3,3,accuracy,3,0.06283333333333334,0.03284179248051685,0.025,0.084
b729ad24b6b0,cad564bfe53c,MH / ΔW / ring,3,4,accuracy,3,0.089,0.013610657588816195,0.079,0.1045
b729ad24b6b0,cad564bfe53c,MH / ΔW / ring,4,0,accuracy,3,0.145,0.05322593352868505,0.108,0.206
b729ad24b6b0,cad564bfe53c,MH / ΔW / ring,4,1,accuracy,3,0.18216666666666667,0.07305705532892312,0.1075,0.2535
b729ad24b6b0,cad564bfe53c,MH / ΔW / ring,4,2,accuracy,3,0.17400000000000002,0.05583233829959122,0.12,0.2315
b729ad24b6b0,cad564bfe53c,MH / ΔW / ring,4,3,accuracy,3,0.08216666666666667,0.04135617648348712,0.0345,0.1085
b729ad24b6b0,cad564bfe53c,MH / ΔW / ring,4,4,accuracy,3,0.11583333333333334,0.02165833173015257,0.097,0.1395
b729ad24b6b0,cad564bfe53c,MH / ΔW / ring,5,0,accuracy,3,0.16383333333333333,0.06553688528861691,0.125,0.2395
b729ad24b6b0,cad564bfe53c,MH / ΔW / ring,5,1,accuracy,3,0.21766666666666667,0.10240402010337941,0.1275,0.329
b729ad24b6b0,cad564bfe53c,MH / ΔW / ring,5,2,accuracy,3,0.20166666666666666,0.05125020325162949,0.1445,0.2435
b729ad24b6b0,cad564bfe53c,MH / ΔW / ring,5,3,accuracy,3,0.097,0.046861498055439925,0.043,0.127
b729ad24b6b0,cad564bfe53c,MH / ΔW / ring,5,4,accuracy,3,0.13916666666666666,0.023034394572754316,0.1185,0.164
b729ad24b6b0,cad564bfe53c,MH / ΔW / ring,6,0,accuracy,3,0.18183333333333335,0.060616279441527365,0.1325,0.2495
b729ad24b6b0,cad564bfe53c,MH / ΔW / ring,6,1,accuracy,3,0.237,0.12996538000559996,0.122,0.378
b729ad24b6b0,cad564bfe53c,MH / ΔW / ring,6,2,accuracy,3,0.23516666666666666,0.059649671695100985,0.1695,0.286
b729ad24b6b0,cad564bfe53c,MH / ΔW / ring,6,3,accuracy,3,0.10833333333333334,0.0522597678270133,0.048,0.1395
b729ad24b6b0,cad564bfe53c,MH / ΔW / ring,6,4,accuracy,3,0.15466666666666667,0.018936296716447316,0.1335,0.17
b729ad24b6b0,cad564bfe53c,MH / ΔW / ring,7,0,accuracy,3,0.19116666666666668,0.07281712252851891,0.1295,0.2715
b729ad24b6b0,cad564bfe53c,MH / ΔW / ring,7,1,accuracy,3,0.24866666666666667,0.14398292722865907,0.1215,0.405
b729ad24b6b0,cad564bfe53c,MH / ΔW / ring,7,2,accuracy,3,0.2633333333333333,0.06614819221515682,0.1885,0.314
b729ad24b6b0,cad564bfe53c,MH / ΔW / ring,7,3,accuracy,3,0.11733333333333333,0.04944778390720188,0.0605,0.1505
b729ad24b6b0,cad564bfe53c,MH / ΔW / ring,7,4,accuracy,3,0.1615,0.01216552506059645,0.1475,0.1695
b729ad24b6b0,cad564bfe53c,MH / ΔW / ring,8,0,accuracy,3,0.20366666666666666,0.08022520385348567,0.1365,0.2925
b729ad24b6b0,cad564bfe53c,MH / ΔW / ring,8,1,accuracy,3,0.2725,0.1601030917877603,0.1355,0.4485
b729ad24b6b0,cad564bfe53c,MH / ΔW / ring,8,2,accuracy,3,0.2713333333333333,0.05272649555331108,0.2115,0.311
b729ad24b6b0,cad564bfe53c,MH / ΔW / ring,8,3,accuracy,3,0.132,0.0483502843838586,0.0765,0.165
b729ad24b6b0,cad564bfe53c,MH / ΔW / ring,8,4,accuracy,3,0.17433333333333334,0.011361484644769505,0.164,0.1865
b729ad24b6b0,cad564bfe53c,MH / ΔW / ring,9,0,accuracy,3,0.20416666666666666,0.08383068252933011,0.134,0.297
b729ad24b6b0,cad564bfe53c,MH / ΔW / ring,9,1,accuracy,3,0.2826666666666667,0.14516915420754278,0.159,0.4425
b729ad24b6b0,cad564bfe53c,MH / ΔW / ring,9,2,accuracy,3,0.29083333333333333,0.05833166664285647,0.224,0.3315
b729ad24b6b0,cad564bfe53c,MH / ΔW / ring,9,3,accuracy,3,0.14316666666666666,0.050190470543055615,0.086,0.18
b729ad24b6b0,cad564bfe53c,MH / ΔW / ring,9,4,accuracy,3,0.18050000000000002,0.016462077633154326,0.1705,0.1995
b729ad24b6b0,cad564bfe53c,MH / ΔW / ring,10,0,accuracy,3,0.21233333333333335,0.08762181996131632,0.135,0.3075
b729ad24b6b0,cad564bfe53c,MH / ΔW / ring,10,1,accuracy,3,0.2986666666666667,0.14153650883547092,0.1875,0.458
b729ad24b6b0,cad564bfe53c,MH / ΔW / ring,10,2,accuracy,3,0.29700000000000004,0.05778624403783309,0.2305,0.335
b729ad24b6b0,cad564bfe53c,MH / ΔW / ring,10,3,accuracy,3,0.15083333333333335,0.050760056474883214,0.093,0.188
b729ad24b6b0,cad564bfe53c,MH / ΔW / ring,10,4,accuracy,3,0.18783333333333332,0.017480942003603048,0.177,0.208
b729ad24b6b0,cad564bfe53c,MH / ΔW / ring,11,0,accuracy,3,0.2145,0.0917918841728396,0.129,0.3115
b729ad24b6b0,cad564bfe53c,MH / ΔW / ring,11,1,accuracy,3,0.31916666666666665,0.13989311395967038,0.219,0.479
b729ad24b6b0,cad564bfe53c,MH / ΔW / ring,11,2,accuracy,3,0.30666666666666664,0.05364311077233807,0.2465,0.3495
b729ad24b6b0,cad564bfe53c,MH / ΔW / ring,11,3,accuracy,3,0.15366666666666667,0.04923498078940758,0.098,0.1915
b729ad24b6b0,cad564bfe53c,MH / ΔW / ring,11,4,accuracy,3,0.19033333333333333,0.01500277752062375,0.1755,0.2055
b729ad24b6b0,cad564bfe53c,MH / ΔW / ring,12,0,accuracy,3,0.212,0.09508285860237901,0.125,0.3135
b729ad24b6b0,cad564bfe53c,MH / ΔW / ring,12,1,accuracy,3,0.3288333333333333,0.13833775093347922,0.2335,0.4875
b729ad24b6b0,cad564bfe53c,MH / ΔW / ring,12,2,accuracy,3,0.3155,0.059575582246420386,0.249,0.364
b729ad24b6b0,cad564bfe53c,MH / ΔW / ring,12,3,accuracy,3,0.158,0.050269274910227216,0.101,0.196
b729ad24b6b0,cad564bfe53c,MH / ΔW / ring,12,4,accuracy,3,0.19433333333333333,0.010774197572595985,0.184,0.2055
b729ad24b6b0,cad564bfe53c,MH / ΔW / ring,13,0,accuracy,3,0.21833333333333332,0.09932941826736597,0.124,0.322
b729ad24b6b0,cad564bfe53c,MH / ΔW / ring,13,1,accuracy,3,0.3363333333333333,0.135753759923375,0.2465,0.4925
b729ad24b6b0,cad564bfe53c,MH / ΔW / ring,13,2,accuracy,3,0.3195,0.055684378419804594,0.258,0.3665
b729ad24b6b0,cad564bfe53c,MH / ΔW / ring,13,3,accuracy,3,0.159,0.050714889332423865,0.101,0.195
b729ad24b6b0,cad564bfe53c,MH / ΔW / ring,13,4,accuracy,3,0.198,0.008351646544245028,0.189,0.2055
b729ad24b6b0,cad564bfe53c,MH / ΔW / ring,14,0,accuracy,3,0.2255,0.09802678205470178,0.132,0.3275
b729ad24b6b0,cad564bfe53c,MH / ΔW / ring,14,1,accuracy,3,0.346,0.1344070310660867,0.256,0.5005
b729ad24b6b0,cad564bfe53c,MH / ΔW / ring,14,2,accuracy,3,0.32166666666666666,0.06227827336506154,0.2545,0.3775
b729ad24b6b0,cad564bfe53c,MH / ΔW / ring,14,3,accuracy,3,0.1605,0.05190616533707725,0.101,0.1965
b729ad24b6b0,cad564bfe53c,MH / ΔW / ring,14,4,accuracy,3,0.20616666666666666,0.008607167555783562,0.2,0.216
b729ad24b6b0,cad564bfe53c,MH / ΔW / ring,15,0,accuracy,3,0.22883333333333333,0.10696533706455254,0.126,0.3395
b729ad24b6b0,cad564bfe53c,MH / ΔW / ring,15,1,accuracy,3,0.351,0.13277424449041314,0.266,0.504
b729ad24b6b0,cad564bfe53c,MH / ΔW / ring,15,2,accuracy,3,0.32633333333333336,0.05563347313743169,0.2665,0.3765
b729ad24b6b0,cad564bfe53c,MH / ΔW / ring,15,3,accuracy,3,0.16033333333333333,0.04705670338361299,0.107,0.196
b729ad24b6b0,cad564bfe53c,MH / ΔW / ring,15,4,accuracy,3,0.20883333333333334,0.007588368291888135,0.202,0.217
b729ad24b6b0,cad564bfe53c,MH / ΔW / ring,16,0,accuracy,3,0.22833333333333333,0.1048335983038517,0.126,0.3355
b729ad24b6b0,cad564bfe53c,MH / ΔW / ring,16,1,accuracy,3,0.356,0.1260545516829916,0.2725,0.501
b729ad24b6b0,cad564bfe53c,MH / ΔW / ring,16,2,accuracy,3,0.326,0.056824290580701486,0.266,0.379
b729ad24b6b0,cad564bfe53c,MH / ΔW / ring,16,3,accuracy,3,0.15716666666666668,0.053643110772338076,0.097,0.2
b729ad24b6b0,cad564bfe53c,MH / ΔW / ring,16,4,accuracy,3,0.20766666666666667,0.003403429642777026,0.205,0.2115
b729ad24b6b0,cad564bfe53c,MH / ΔW / ring,17,0,accuracy,3,0.233,0.1002584161055819,0.1335,0.334
b729ad24b6b0,cad564bfe53c,MH / ΔW / ring,17,1,accuracy,3,0.35316666666666663,0.13505677818359701,0.2635,0.5085
b729ad24b6b0,cad564bfe53c,MH / ΔW / ring,17,2,accuracy,3,0.32766666666666666,0.05896679856778162,0.266,0.3835
b729ad24b6b0,cad564bfe53c,MH / ΔW / ring,17,3,accuracy,3,0.16616666666666666,0.05256979487627218,0.107,0.2075
b729ad24b6b0,cad564bfe53c,MH / ΔW / ring,17,4,accuracy,3,0.21683333333333332,0.005923118547972292,0.21,0.2205
b729ad24b6b0,cad564bfe53c,MH / ΔW / ring,18,0,accuracy,3,0.23900000000000002,0.10382316697153869,0.133,0.3405
b729ad24b6b0,cad564bfe53c,MH / ΔW / ring,18,1,accuracy,3,0.35866666666666663,0.1265981174162291,0.277,0.5045
b729ad24b6b0,cad564bfe53c,MH / ΔW / ring,18,2,accuracy,3,0.333,0.06385138996137829,0.264,0.39
b729ad24b6b0,cad564bfe53c,MH / ΔW / ring,18,3,accuracy,3,0.161,0.052122451976091846,0.1025,0.2025
b729ad24b6b0,cad564bfe53c,MH / ΔW / ring,18,4,accuracy,3,0.21683333333333332,0.005795112883571242,0.213,0.2235
b729ad24b6b0,cad564bfe53c,MH / ΔW / ring,19,0,accuracy,3,0.23716666666666666,0.10775241683291067,0.129,0.3445
b729ad24b6b0,cad564bfe53c,MH / ΔW / ring,19,1,accuracy,3,0.36283333333333334,0.12500833305557407,0.2845,0.507
b729ad24b6b0,cad564bfe53c,MH / ΔW / ring,19,2,accuracy,3,0.33366666666666667,0.06750987582075184,0.2655,0.4005
b729ad24b6b0,cad564bfe53c,MH / ΔW / ring,19,3,accuracy,3,0.16266666666666665,0.05256979487627218,0.104,0.2055
b729ad24b6b0,cad564bfe53c,MH / ΔW / ring,19,4,accuracy,3,0.217,0.008411301920630368,0.2075,0.2235
b729ad24b6b0,cad564bfe53c,MH / ΔW / ring,20,0,accuracy,3,0.23983333333333334,0.10665872366259281,0.127,0.339
b729ad24b6b0,cad564bfe53c,MH / ΔW / ring,20,1,accuracy,3,0.36183333333333334,0.12327847879225853,0.2845,0.504
b729ad24b6b0,cad564bfe53c,MH / ΔW / ring,20,2,accuracy,3,0.3295,0.06378871373526825,0.2695,0.3965
b729ad24b6b0,cad564bfe53c,MH / ΔW / ring,20,3,accuracy,3,0.16383333333333333,0.058705479585242575,0.0995,0.2145
b729ad24b6b0,cad564bfe53c,MH / ΔW / ring,20,4,accuracy,3,0.22283333333333333,0.011184066046538406,0.213,0.235
b729ad24b6b0,cad564bfe53c,MH / ΔW / ring,21,0,accuracy,3,0.23316666666666666,0.10929928331573513,0.1195,0.3375
b729ad24b6b0,cad564bfe53c,MH / ΔW / ring,21,1,accuracy,3,0.36333333333333334,0.12550929580446757,0.2835,0.508
b729ad24b6b0,cad564bfe53c,MH / ΔW / ring,21,2,accuracy,3,0.3395,0.06328704448779386,0.2775,0.404
b729ad24b6b0,cad564bfe53c,MH / ΔW / ring,21,3,accuracy,3,0.16766666666666666,0.05380597860213429,0.108,0.2125
b729ad24b6b0,cad564bfe53c,MH / ΔW / ring,21,4,accuracy,3,0.22383333333333333,0.011514483632943912,0.214,0.2365
b729ad24b6b0,cad564bfe53c,MH / ΔW / ring,22,0,accuracy,3,0.23716666666666666,0.10746433516908452,0.126,0.3405
b729ad24b6b0,cad564bfe53c,MH / ΔW / ring,22,1,accuracy,3,0.36966666666666664,0.12341022377960967,0.2925,0.512
b729ad24b6b0,cad564bfe53c,MH / ΔW / ring,22,2,accuracy,3,0.3378333333333334,0.05731564649668826,0.279,0.3935
b729ad24b6b0,cad564bfe53c,MH / ΔW / ring,22,3,accuracy,3,0.162,0.056100356505106086,0.0995,0.208
b729ad24b6b0,cad564bfe53c,MH / ΔW / ring,22,4,accuracy,3,0.22216666666666668,0.010539607835841593,0.2105,0.231
b729ad24b6b0,cad564bfe53c,MH / ΔW / ring,23,0,accuracy,3,0.2445,0.10450956893988222,0.136,0.3445
b729ad24b6b0,cad564bfe53c,MH / ΔW / ring,23,1,accuracy,3,0.37133333333333335,0.11576304822063617,0.3035,0.505
b729ad24b6b0,cad564bfe53c,MH / ΔW / ring,23,2,accuracy,3,0.3393333333333334,0.06004442799572108,0.278,0.398
b729ad24b6b0,cad564bfe53c,MH / ΔW / ring,23,3,accuracy,3,0.165,0.05720358380381424,0.1015,0.2125
b729ad24b6b0,cad564bfe53c,MH / ΔW / ring,23,4,accuracy,3,0.22516666666666665,0.009517527690179484,0.216,0.235
b729ad24b6b0,cad564bfe53c,MH / ΔW / ring,24,0,accuracy,3,0.24383333333333332,0.10471071260063762,0.1355,0.3445
b729ad24b6b0,cad564bfe53c,MH / ΔW / ring,24,1,accuracy,3,0.369,0.11516184263895743,0.293,0.5015
b729ad24b6b0,cad564bfe53c,MH / ΔW / ring,24,2,accuracy,3,0.3388333333333334,0.06251666444503684,0.2755,0.4005
b729ad24b6b0,cad564bfe53c,MH / ΔW / ring,24,3,accuracy,3,0.16183333333333333,0.06035174672976196,0.0965,0.2155
b729ad24b6b0,cad564bfe53c,MH / ΔW / ring,24,4,accuracy,3,0.223,0.010476163419878476,0.214,0.2345
b729ad24b6b0,cad564bfe53c,MH / ΔW / ring,25,0,accuracy,3,0.24150000000000002,0.10472941325148348,0.133,0.342
b729ad24b6b0,cad564bfe53c,MH / ΔW / ring,25,1,accuracy,3,0.37366666666666665,0.11869323204519004,0.2985,0.5105
b729ad24b6b0,cad564bfe53c,MH / ΔW / ring,25,2,accuracy,3,0.33866666666666667,0.06354198087354007,0.2765,0.4035
b729ad24b6b0,cad564bfe53c,MH / ΔW / ring,25,3,accuracy,3,0.16633333333333333,0.05711683931498077,0.105,0.218
b729ad24b6b0,cad564bfe53c,MH / ΔW / ring,25,4,accuracy,3,0.22433333333333333,0.009291573243177578,0.214,0.232
b729ad24b6b0,cad564bfe53c,MH / ΔW / ring,26,0,accuracy,3,0.2465,0.10580051984749413,0.134,0.344
b729ad24b6b0,cad564bfe53c,MH / ΔW / ring,26,1,accuracy,3,0.3778333333333333,0.11126694627486335,0.3015,0.5055
b729ad24b6b0,cad564bfe53c,MH / ΔW / ring,26,2,accuracy,3,0.3378333333333334,0.058502848933477875,0.279,0.396
b729ad24b6b0,cad564bfe53c,MH / ΔW / ring,26,3,accuracy,3,0.16466666666666666,0.05390114408185909,0.106,0.212
b729ad24b6b0,cad564bfe53c,MH / ΔW / ring,26,4,accuracy,3,0.226,0.012757350822173072,0.213,0.2385
b729ad24b6b0,cad564bfe53c,MH / ΔW / ring,27,0,accuracy,3,0.24583333333333335,0.10351127152795166,0.135,0.34
b729ad24b6b0,cad564bfe53c,MH / ΔW / ring,27,1,accuracy,3,0.3778333333333333,0.11669333028641066,0.3065,0.5125
b729ad24b6b0,cad564bfe53c,MH / ΔW / ring,27,2,accuracy,3,0.3428333333333333,0.056250185184880376,0.2865,0.399
b729ad24b6b0,cad564bfe53c,MH / ΔW / ring,27,3,accuracy,3,0.16866666666666666,0.061037556744461305,0.1035,0.2245
b729ad24b6b0,cad564bfe53c,MH / ΔW / ring,27,4,accuracy,3,0.22516666666666665,0.013841363131329706,0.2105,0.238
b729ad24b6b0,cad564bfe53c,MH / ΔW / ring,28,0,accuracy,3,0.246,0.0992421281513048,0.143,0.341
b729ad24b6b0,cad564bfe53c,MH / ΔW / ring,28,1,accuracy,3,0.38333333333333336,0.11351798682734528,0.309,0.514
b729ad24b6b0,cad564bfe53c,MH / ΔW / ring,28,2,accuracy,3,0.3471666666666667,0.05728074138253918,0.291,0.4055
b729ad24b6b0,cad564bfe53c,MH / ΔW / ring,28,3,accuracy,3,0.16883333333333334,0.06106622088629141,0.1045,0.226
b729ad24b6b0,cad564bfe53c,MH / ΔW / ring,28,4,accuracy,3,0.22733333333333333,0.012250850310624698,0.215,0.2395
b729ad24b6b0,cad564bfe53c,MH / ΔW / ring,29,0,accuracy,3,0.24716666666666667,0.1032488902280956,0.1375,0.3425
b729ad24b6b0,cad564bfe53c,MH / ΔW / ring,29,1,accuracy,3,0.37766666666666665,0.116887053745628,0.305,0.5125
b729ad24b6b0,cad564bfe53c,MH / ΔW / ring,29,2,accuracy,3,0.3485,0.05460998077274888,0.296,0.405
b729ad24b6b0,cad564bfe53c,MH / ΔW / ring,29,3,accuracy,3,0.17166666666666666,0.0672241276130329,0.1015,0.2355
b729ad24b6b0,cad564bfe53c,MH / ΔW / ring,29,4,accuracy,3,0.22633333333333333,0.015687043486053497,0.2085,0.238
b729ad24b6b0,cad564bfe53c,MH / ΔW / ring,30,0,accuracy,3,0.24883333333333332,0.10063589485533148,0.1435,0.344
b729ad24b6b0,cad564bfe53c,MH / ΔW / ring,30,1,accuracy,3,0.3785,0.11396161634515369,0.3085,0.51
b729ad24b6b0,cad564bfe53c,MH / ΔW / ring,30,2,accuracy,3,0.3501666666666666,0.06275414992917468,0.287,0.4125
b729ad24b6b0,cad564bfe53c,MH / ΔW / ring,30,3,accuracy,3,0.17350000000000002,0.05928954376616505,0.1155,0.234
b729ad24b6b0,cad564bfe53c,MH / ΔW / ring,30,4,accuracy,3,0.22616666666666665,0.019185497995447852,0.2045,0.241
b729ad24b6b0,cad564bfe53c,MH / ΔW / ring,31,0,accuracy,3,0.254,0.1059492803184618,0.1445,0.356
b729ad24b6b0,cad564bfe53c,MH / ΔW / ring,31,1,accuracy,3,0.38033333333333336,0.11126694627486337,0.304,0.508
b729ad24b6b0,cad564bfe53c,MH / ΔW / ring,31,2,accuracy,3,0.34833333333333333,0.057882064003742434,0.287,0.402
b729ad24b6b0,cad564bfe53c,MH / ΔW / ring,31,3,accuracy,3,0.175,0.06399804684519676,0.108,0.2355
b729ad24b6b0,cad564bfe53c,MH / ΔW / ring,31,4,accuracy,3,0.22283333333333333,0.01850900681650243,0.204,0.241
b729ad24b6b0,cad564bfe53c,MH / ΔW / ring,32,0,accuracy,3,0.2505,0.10841932484571187,0.137,0.353
b729ad24b6b0,cad564bfe53c,MH / ΔW / ring,32,1,accuracy,3,0.38283333333333336,0.12160420771228822,0.3055,0.523
b729ad24b6b0,cad564bfe53c,MH / ΔW / ring,32,2,accuracy,3,0.35183333333333333,0.056440972115417494,0.291,0.4025
b729ad24b6b0,cad564bfe53c,MH / ΔW / ring,32,3,accuracy,3,0.17783333333333334,0.06451614784945962,0.1125,0.2415
b729ad24b6b0,cad564bfe53c,MH / ΔW / ring,32,4,accuracy,3,0.224,0.01738533865071371,0.208,0.2425
b729ad24b6b0,cad564bfe53c,MH / ΔW / ring,33,0,accuracy,3,0.25066666666666665,0.10680628882857662,0.1395,0.3525
b729ad24b6b0,cad564bfe53c,MH / ΔW / ring,33,1,accuracy,3,0.382,0.11556924331326218,0.302,0.5145
b729ad24b6b0,cad564bfe53c,MH / ΔW / ring,33,2,accuracy,3,0.3478333333333333,0.0626285344977298,0.2795,0.4025
b729ad24b6b0,cad564bfe53c,MH / ΔW / ring,33,3,accuracy,3,0.177,0.07025133450689745,0.1065,0.247
b729ad24b6b0,cad564bfe53c,MH / ΔW / ring,33,4,accuracy,3,0.21866666666666668,0.010866615541802035,0.2105,0.231
b729ad24b6b0,cad564bfe53c,MH / ΔW / ring,34,0,accuracy,3,0.24966666666666668,0.10859826579339713,0.1385,0.3555
b729ad24b6b0,cad564bfe53c,MH / ΔW / ring,34,1,accuracy,3,0.3813333333333333,0.11289633888365613,0.3015,0.5105
b729ad24b6b0,cad564bfe53c,MH / ΔW / ring,34,2,accuracy,3,0.35133333333333333,0.05927970422778215,0.291,0.4095
b729ad24b6b0,cad564bfe53c,MH / ΔW / ring,34,3,accuracy,3,0.17466666666666666,0.06800061274233736,0.1065,0.2425
b729ad24b6b0,cad564bfe53c,MH / ΔW / ring,34,4,accuracy,3,0.2265,0.021465087933665687,0.2035,0.246
b729ad24b6b0,cad564bfe53c,MH / ΔW / ring,35,0,accuracy,3,0.25016666666666665,0.10787183753572259,0.1375,0.3525
b729ad24b6b0,cad564bfe53c,MH / ΔW / ring,35,1,accuracy,3,0.382,0.11849472562101658,0.301,0.518
b729ad24b6b0,cad564bfe53c,MH / ΔW / ring,35,2,accuracy,3,0.3516666666666666,0.06095968613217537,0.288,0.4095
b729ad24b6b0,cad564bfe53c,MH / ΔW / ring,35,3,accuracy,3,0.177,0.06378675411086536,0.112,0.2395
b729ad24b6b0,cad564bfe53c,MH / ΔW / ring,35,4,accuracy,3,0.2225,0.0227541205059655,0.1975,0.242
b729ad24b6b0,cad564bfe53c,MH / ΔW / ring,36,0,accuracy,3,0.25083333333333335,0.1061618261586213,0.1385,0.3495
b729ad24b6b0,cad564bfe53c,MH / ΔW / ring,36,1,accuracy,3,0.38216666666666665,0.12171414598695308,0.2915,0.5205
b729ad24b6b0,cad564bfe53c,MH / ΔW / ring,36,2,accuracy,3,0.349,0.0575260810415589,0.2905,0.4055
b729ad24b6b0,cad564bfe53c,MH / ΔW / ring,36,3,accuracy,3,0.17833333333333334,0.06231037901773133,0.1145,0.239
b729ad24b6b0,cad564bfe53c,MH / ΔW / ring,36,4,accuracy,3,0.2265,0.024662724910277038,0.1985,0.245
b729ad24b6b0,cad564bfe53c,MH / ΔW / ring,37,0,accuracy,3,0.25416666666666665,0.11436382003646665,0.131,0.357
b729ad24b6b0,cad564bfe53c,MH / ΔW / ring,37,1,accuracy,3,0.38783333333333336,0.12109328360125236,0.3065,0.527
b729ad24b6b0,cad564bfe53c,MH / ΔW / ring,37,2,accuracy,3,0.35383333333333333,0.059702037932832186,0.2915,0.4105
b729ad24b6b0,cad564bfe53c,MH / ΔW / ring,37,3,accuracy,3,0.178,0.0662514150792268,0.1115,0.244
b729ad24b6b0,cad564bfe53c,MH / ΔW / ring,37,4,accuracy,3,0.22616666666666665,0.026326475900380834,0.196,0.2445
b729ad24b6b0,cad564bfe53c,MH / ΔW / ring,38,0,accuracy,3,0.25483333333333336,0.10766421565837617,0.14,0.3535
b729ad24b6b0,cad564bfe53c,MH / ΔW / ring,38,1,accuracy,3,0.38966666666666666,0.11663654373022773,0.304,0.5225
b729ad24b6b0,cad564bfe53c,MH / ΔW / ring,38,2,accuracy,3,0.34983333333333333,0.06151490334328208,0.282,0.402
b729ad24b6b0,cad564bfe53c,MH / ΔW / ring,38,3,accuracy,3,0.18133333333333332,0.061278734756302966,0.119,0.2415
b729ad24b6b0,cad564bfe53c,MH / ΔW / ring,38,4,accuracy,3,0.2265,0.029904013108611356,0.193,0.2505
b729ad24b6b0,cad564bfe53c,MH / ΔW / ring,39,0,accuracy,3,0.25066666666666665,0.10674307159405397,0.1385,0.351
b729ad24b6b0,cad564bfe53c,MH / ΔW / ring,39,1,accuracy,3,0.38933333333333336,0.11096996590669628,0.316,0.517
b729ad24b6b0,cad564bfe53c,MH / ΔW / ring,39,2,accuracy,3,0.3506666666666667,0.05962871232328714,0.2855,0.4025
b729ad24b6b0,cad564bfe53c,MH / ΔW / ring,39,3,accuracy,3,0.18033333333333332,0.06085707299347655,0.1175,0.239
b729ad24b6b0,cad564bfe53c,MH / ΔW / ring,39,4,accuracy,3,0.2285,0.03176476034853718,0.1935,0.2555
b729ad24b6b0,cad564bfe53c,MH / ΔW / ring,40,0,accuracy,3,0.25066666666666665,0.1083170500583049,0.1355,0.3505
b729ad24b6b0,cad564bfe53c,MH / ΔW / ring,40,1,accuracy,3,0.38666666666666666,0.1113287174691837,0.311,0.5145
b729ad24b6b0,cad564bfe53c,MH / ΔW / ring,40,2,accuracy,3,0.35433333333333333,0.058061031108079156,0.2915,0.406
b729ad24b6b0,cad564bfe53c,MH / ΔW / ring,40,3,accuracy,3,0.18366666666666667,0.06583375527290945,0.116,0.2475
b729ad24b6b0,cad564bfe53c,MH / ΔW / ring,40,4,accuracy,3,0.22583333333333333,0.032180480626201546,0.189,0.2485
b729ad24b6b0,cad564bfe53c,MH / ΔW / ring,41,0,accuracy,3,0.25166666666666665,0.10762705669734414,0.137,0.3505
b729ad24b6b0,cad564bfe53c,MH / ΔW / ring,41,1,accuracy,3,0.3898333333333333,0.11610806747738646,0.314,0.5235
b729ad24b6b0,cad564bfe53c,MH / ΔW / ring,41,2,accuracy,3,0.3511666666666666,0.062222048610868906,0.285,0.4085
b729ad24b6b0,cad564bfe53c,MH / ΔW / ring,41,3,accuracy,3,0.18566666666666667,0.06253265813423681,0.122,0.247
b729ad24b6b0,cad564bfe53c,MH / ΔW / ring,41,4,accuracy,3,0.22616666666666665,0.03251666239535252,0.1895,0.2515
b729ad24b6b0,cad564bfe53c,MH / ΔW / ring,42,0,accuracy,3,0.24766666666666667,0.10930957567081362,0.1315,0.3485
b729ad24b6b0,cad564bfe53c,MH / ΔW / ring,42,1,accuracy,3,0.3958333333333333,0.11442282697667165,0.3165,0.527
b729ad24b6b0,cad564bfe53c,MH / ΔW / ring,42,2,accuracy,3,0.35533333333333333,0.056245740579472646,0.294,0.4045
b729ad24b6b0,cad564bfe53c,MH / ΔW / ring,42,3,accuracy,3,0.18216666666666667,0.06351640208114226,0.1195,0.2465
b729ad24b6b0,cad564bfe53c,MH / ΔW / ring,42,4,accuracy,3,0.22516666666666668,0.032172711003789115,0.1895,0.252
b729ad24b6b0,cad564bfe53c,MH / ΔW / ring,43,0,accuracy,3,0.25416666666666665,0.10603104891178496,0.1415,0.352
b729ad24b6b0,cad564bfe53c,MH / ΔW / ring,43,1,accuracy,3,0.39266666666666666,0.11400036549649012,0.3115,0.523
b729ad24b6b0,cad564bfe53c,MH / ΔW / ring,43,2,accuracy,3,0.359,0.056632587791835894,0.2975,0.409
b729ad24b6b0,cad564bfe53c,MH / ΔW / ring,43,3,accuracy,3,0.18166666666666667,0.061839173129443877,0.118,0.2415
b729ad24b6b0,cad564bfe53c,MH / ΔW / ring,43,4,accuracy,3,0.22683333333333333,0.034045312942214724,0.189,0.255
b729ad24b6b0,cad564bfe53c,MH / ΔW / ring,44,0,accuracy,3,0.25283333333333335,0.10550987315570677,0.1375,0.3445
b729ad24b6b0,cad564bfe53c,MH / ΔW / ring,44,1,accuracy,3,0.38766666666666666,0.1166429737846791,0.3045,0.521
b729ad24b6b0,cad564bfe53c,MH / ΔW / ring,44,2,accuracy,3,0.3605,0.059099492383606816,0.2955,0.411
b729ad24b6b0,cad564bfe53c,MH / ΔW / ring,44,3,accuracy,3,0.18166666666666667,0.0638089596634621,0.1195,0.247
b729ad24b6b0,cad564bfe53c,MH / ΔW / ring,44,4,accuracy,3,0.225,0.03045898882103606,0.19,0.2455
b729ad24b6b0,cad564bfe53c,MH / ΔW / ring,45,0,accuracy,3,0.25233333333333335,0.10403645194513957,0.139,0.3435
b729ad24b6b0,cad564bfe53c,MH / ΔW / ring,45,1,accuracy,3,0.391,0.11774867302861634,0.3095,0.526
b729ad24b6b0,cad564bfe53c,MH / ΔW / ring,45,2,accuracy,3,0.36166666666666664,0.05311857804321698,0.303,0.4065
b729ad24b6b0,cad564bfe53c,MH / ΔW / ring,45,3,accuracy,3,0.18333333333333332,0.05701169470672954,0.127,0.241
b729ad24b6b0,cad564bfe53c,MH / ΔW / ring,45,4,accuracy,3,0.2265,0.030385029208476987,0.1925,0.251
b729ad24b6b0,cad564bfe53c,MH / ΔW / ring,46,0,accuracy,3,0.2555,0.10633555379081824,0.1415,0.352
b729ad24b6b0,cad564bfe53c,MH / ΔW / ring,46,1,accuracy,3,0.38816666666666666,0.12040175801595812,0.3035,0.526
b729ad24b6b0,cad564bfe53c,MH / ΔW / ring,46,2,accuracy,3,0.35283333333333333,0.050362022728771876,0.2965,0.3935
b729ad24b6b0,cad564bfe53c,MH / ΔW / ring,46,3,accuracy,3,0.1825,0.06255397669213365,0.1215,0.2465
b729ad24b6b0,cad564bfe53c,MH / ΔW / ring,46,4,accuracy,3,0.2315,0.033878459232969844,0.1945,0.261
b729ad24b6b0,cad564bfe53c,MH / ΔW / ring,47,0,accuracy,3,0.2485,0.11148542505637227,0.1315,0.3535
b729ad24b6b0,cad564bfe53c,MH / ΔW / ring,47,1,accuracy,3,0.39133333333333337,0.11350036710660162,0.31,0.521
b729ad24b6b0,cad564bfe53c,MH / ΔW / ring,47,2,accuracy,3,0.3595,0.0540439635852146,0.299,0.403
b729ad24b6b0,cad564bfe53c,MH / ΔW / ring,47,3,accuracy,3,0.18683333333333332,0.05534964618977553,0.1335,0.244
b729ad24b6b0,cad564bfe53c,MH / ΔW / ring,47,4,accuracy,3,0.2285,0.027554491466909706,0.2,0.255
b729ad24b6b0,cad564bfe53c,MH / ΔW / ring,48,0,accuracy,3,0.25333333333333335,0.10805129954486124,0.1385,0.353
b729ad24b6b0,cad564bfe53c,MH / ΔW / ring,48,1,accuracy,3,0.396,0.11343610536332775,0.321,0.5265
b729ad24b6b0,cad564bfe53c,MH / ΔW / ring,48,2,accuracy,3,0.36083333333333334,0.0571671525732508,0.296,0.404
b729ad24b6b0,cad564bfe53c,MH / ΔW / ring,48,3,accuracy,3,0.18366666666666667,0.06241060273169402,0.124,0.2485
b729ad24b6b0,cad564bfe53c,MH / ΔW / ring,48,4,accuracy,3,0.23033333333333333,0.026633312473917564,0.201,0.253
b729ad24b6b0,cad564bfe53c,MH / ΔW / ring,49,0,accuracy,3,0.25,0.10511541276140239,0.1365,0.344
b729ad24b6b0,cad564bfe53c,MH / ΔW / ring,49,1,accuracy,3,0.38833333333333336,0.11405408073950417,0.32,0.52
b729ad24b6b0,cad564bfe53c,MH / ΔW / ring,49,2,accuracy,3,0.35833333333333334,0.05519359866264688,0.296,0.401
b729ad24b6b0,cad564bfe53c,MH / ΔW / ring,49,3,accuracy,3,0.1865,0.06037590579030678,0.1285,0.249
b729ad24b6b0,cad564bfe53c,MH / ΔW / ring,49,4,accuracy,3,0.22883333333333333,0.028776437120208838,0.197,0.253
b729ad24b6b0,cad564bfe53c,MH / ΔW / ring,50,0,accuracy,3,0.2573333333333333,0.10771993006557948,0.1415,0.3545
b729ad24b6b0,cad564bfe53c,MH / ΔW / ring,50,1,accuracy,3,0.39616666666666667,0.11413405860361459,0.321,0.5275
b729ad24b6b0,cad564bfe53c,MH / ΔW / ring,50,2,accuracy,3,0.354,0.05240944571353528,0.2935,0.3855
b729ad24b6b0,cad564bfe53c,MH / ΔW / ring,50,3,accuracy,3,0.18766666666666668,0.06285366602938394,0.127,0.2525
b729ad24b6b0,cad564bfe53c,MH / ΔW / ring,50,4,accuracy,3,0.22733333333333333,0.027442363843760493,0.1975,0.2515
b729ad24b6b0,d6881822b57c,Oracle / factor zero-pad / bridge 5,1,0,accuracy,3,0.057166666666666664,0.015052685253247452,0.045,0.074
b729ad24b6b0,d6881822b57c,Oracle / factor zero-pad / bridge 5,1,1,accuracy,3,0.071,0.0067268120235368534,0.0635,0.0765
b729ad24b6b0,d6881822b57c,Oracle / factor zero-pad / bridge 5,1,2,accuracy,3,0.0545,0.016575584454250777,0.043,0.0735
b729ad24b6b0,d6881822b57c,Oracle / factor zero-pad / bridge 5,1,3,accuracy,3,0.04683333333333333,0.007522189397597839,0.042,0.0555
b729ad24b6b0,d6881822b57c,Oracle / factor zero-pad / bridge 5,1,4,accuracy,3,0.06683333333333333,0.009504384952922166,0.0575,0.0765
b729ad24b6b0,d6881822b57c,Oracle / factor zero-pad / bridge 5,2,0,accuracy,3,0.06883333333333333,0.014373007108233592,0.0535,0.082
b729ad24b6b0,d6881822b57c,Oracle / factor zero-pad / bridge 5,2,1,accuracy,3,0.0715,0.00852936105461599,0.062,0.0785
b729ad24b6b0,d6881822b57c,Oracle / factor zero-pad / bridge 5,2,2,accuracy,3,0.06533333333333333,0.017904841058588965,0.0545,0.086
b729ad24b6b0,d6881822b57c,Oracle / factor zero-pad / bridge 5,2,3,accuracy,3,0.049166666666666664,0.0052519837521962445,0.044,0.0545
b729ad24b6b0,d6881822b57c,Oracle / factor zero-pad / bridge 5,2,4,accuracy,3,0.07766666666666666,0.01380519225991921,0.0625,0.0895
b729ad24b6b0,d6881822b57c,Oracle / factor zero-pad / bridge 5,3,0,accuracy,3,0.08383333333333333,0.019756855350316595,0.0625,0.1015
b729ad24b6b0,d6881822b57c,Oracle / factor zero-pad / bridge 5,3,1,accuracy,3,0.08666666666666667,0.013805192259919217,0.0715,0.0985
b729ad24b6b0,d6881822b57c,Oracle / factor zero-pad / bridge 5,3,2,accuracy,3,0.08133333333333333,0.022317780654297445,0.0665,0.107
b729ad24b6b0,d6881822b57c,Oracle / factor zero-pad / bridge 5,3,3,accuracy,3,0.060833333333333336,0.003403429642777022,0.057,0.0635
b729ad24b6b0,d6881822b57c,Oracle / factor zero-pad / bridge 5,3,4,accuracy,3,0.09266666666666666,0.01573478100684383,0.0745,0.102
b729ad24b6b0,d6881822b57c,Oracle / factor zero-pad / bridge 5,4,0,accuracy,3,0.11616666666666667,0.02040424792373719,0.0985,0.1385
b729ad24b6b0,d6881822b57c,Oracle / factor zero-pad / bridge 5,4,1,accuracy,3,0.10933333333333334,0.01975052741911804,0.087,0.1245
b729ad24b6b0,d6881822b57c,Oracle / factor zero-pad / bridge 5,4,2,accuracy,3,0.104,0.01603901493234544,0.09,0.1215
b729ad24b6b0,d6881822b57c,Oracle / factor zero-pad / bridge 5,4,3,accuracy,3,0.07616666666666666,0.013250786140200636,0.0655,0.091
b729ad24b6b0,d6881822b57c,Oracle / factor zero-pad / bridge 5,4,4,accuracy,3,0.12133333333333333,0.02351772381276158,0.0955,0.1415
b729ad24b6b0,d6881822b57c,Oracle / factor zero-pad / bridge 5,5,0,accuracy,3,0.11233333333333333,0.009451631252505217,0.105,0.123
b729ad24b6b0,d6881822b57c,Oracle / factor zero-pad / bridge 5,5,1,accuracy,3,0.11699999999999999,0.012124355652982144,0.103,0.124
b729ad24b6b0,d6881822b57c,Oracle / factor zero-pad / bridge 5,5,2,accuracy,3,0.105,0.020934421415458326,0.0905,0.129
b729ad24b6b0,d6881822b57c,Oracle / factor zero-pad / bridge 5,5,3,accuracy,3,0.08216666666666667,0.00721687836487032,0.078,0.0905
b729ad24b6b0,d6881822b57c,Oracle / factor zero-pad / bridge 5,5,4,accuracy,3,0.12483333333333334,0.024110855093366825,0.0995,0.1475
b729ad24b6b0,d6881822b57c,Oracle / factor zero-pad / bridge 5,6,0,accuracy,3,0.14783333333333334,0.014373007108233592,0.1365,0.164
b729ad24b6b0,d6881822b57c,Oracle / factor zero-pad / bridge 5,6,1,accuracy,3,0.14166666666666666,0.010408329997330658,0.13,0.15
b729ad24b6b0,d6881822b57c,Oracle / factor zero-pad / bridge 5,6,2,accuracy,3,0.1225,0.015024979201316726,0.108,0.138
b729ad24b6b0,d6881822b57c,Oracle / factor zero-pad / bridge 5,6,3,accuracy,3,0.09233333333333332,0.008836477427874375,0.0865,0.1025
b729ad24b6b0,d6881822b57c,Oracle / factor zero-pad / bridge 5,6,4,accuracy,3,0.14983333333333335,0.029386788414750828,0.116,0.169
b729ad24b6b0,d6881822b57c,Oracle / factor zero-pad / bridge 5,7,0,accuracy,3,0.17433333333333334,0.012662279942148384,0.163,0.188
b729ad24b6b0,d6881822b57c,Oracle / factor zero-pad / bridge 5,7,1,accuracy,3,0.17333333333333334,0.008460693430998029,0.164,0.1805
b729ad24b6b0,d6881822b57c,Oracle / factor zero-pad / bridge 5,7,2,accuracy,3,0.1355,0.00973396116696589,0.1245,0.143
b729ad24b6b0,d6881822b57c,Oracle / factor zero-pad / bridge 5,7,3,accuracy,3,0.10133333333333333,0.011930353445448856,0.093,0.115
b729ad24b6b0,d6881822b57c,Oracle / factor zero-pad / bridge 5,7,4,accuracy,3,0.1715,0.041306779104645766,0.124,0.199
b729ad24b6b0,d6881822b57c,Oracle / factor zero-pad / bridge 5,8,0,accuracy,3,0.19766666666666666,0.014091959882618642,0.1865,0.2135
b729ad24b6b0,d6881822b57c,Oracle / factor zero-pad / bridge 5,8,1,accuracy,3,0.20266666666666666,0.005346338310781802,0.1965,0.206
b729ad24b6b0,d6881822b57c,Oracle / factor zero-pad / bridge 5,8,2,accuracy,3,0.15666666666666668,0.00956991814663707,0.1465,0.1655
b729ad24b6b0,d6881822b57c,Oracle / factor zero-pad / bridge 5,8,3,accuracy,3,0.12016666666666667,0.015510748961069984,0.105,0.136
b729ad24b6b0,d6881822b57c,Oracle / factor zero-pad / bridge 5,8,4,accuracy,3,0.1965,0.04507771067833859,0.1445,0.2245
b729ad24b6b0,d6881822b57c,Oracle / factor zero-pad / bridge 5,9,0,accuracy,3,0.21716666666666667,0.01950854513625588,0.198,0.237
b729ad24b6b0,d6881822b57c,Oracle / factor zero-pad / bridge 5,9,1,accuracy,3,0.225,0.018993419913222582,0.2105,0.2465
b729ad24b6b0,d6881822b57c,Oracle / factor zero-pad / bridge 5,9,2,accuracy,3,0.17983333333333335,0.018113070786957508,0.163,0.199
b729ad24b6b0,d6881822b57c,Oracle / factor zero-pad / bridge 5,9,3,accuracy,3,0.13466666666666666,0.018009256878986794,0.117,0.153
b729ad24b6b0,d6881822b57c,Oracle / factor zero-pad / bridge 5,9,4,accuracy,3,0.21516666666666667,0.046098626154510644,0.162,0.244
b729ad24b6b0,d6881822b57c,Oracle / factor zero-pad / bridge 5,10,0,accuracy,3,0.21066666666666667,0.018949494276453222,0.1985,0.2325
b729ad24b6b0,d6881822b57c,Oracle / factor zero-pad / bridge 5,10,1,accuracy,3,0.2065,0.004924428900898042,0.201,0.2105
b729ad24b6b0,d6881822b57c,Oracle / factor zero-pad / bridge 5,10,2,accuracy,3,0.1655,0.010259142264341591,0.1555,0.176
b729ad24b6b0,d6881822b57c,Oracle / factor zero-pad / bridge 5,10,3,accuracy,3,0.1245,0.009539392014169458,0.1145,0.1335
b729ad24b6b0,d6881822b57c,Oracle / factor zero-pad / bridge 5,10,4,accuracy,3,0.20350000000000001,0.03797038319532738,0.16,0.23
b729ad24b6b0,d6881822b57c,Oracle / factor zero-pad / bridge 5,11,0,accuracy,3,0.22116666666666665,0.021361959960016157,0.2055,0.2455
b729ad24b6b0,d6881822b57c,Oracle / factor zero-pad / bridge 5,11,1,accuracy,3,0.21616666666666667,0.00956991814663707,0.2055,0.224
b729ad24b6b0,d6881822b57c,Oracle / factor zero-pad / bridge 5,11,2,accuracy,3,0.18616666666666665,0.01654035469188413,0.174,0.205
b729ad24b6b0,d6881822b57c,Oracle / factor zero-pad / bridge 5,11,3,accuracy,3,0.13716666666666666,0.01997707018892744,0.121,0.1595
b729ad24b6b0,d6881822b57c,Oracle / factor zero-pad / bridge 5,11,4,accuracy,3,0.2175,0.039752358420601916,0.172,0.2455
b729ad24b6b0,d6881822b57c,Oracle / factor zero-pad / bridge 5,12,0,accuracy,3,0.23866666666666667,0.020714326765148162,0.225,0.2625
b729ad24b6b0,d6881822b57c,Oracle / factor zero-pad / bridge 5,12,1,accuracy,3,0.23833333333333334,0.020336748347101447,0.217,0.2575
b729ad24b6b0,d6881822b57c,Oracle / factor zero-pad / bridge 5,12,2,accuracy,3,0.21366666666666667,0.023347019795539926,0.1955,0.24
b729ad24b6b0,d6881822b57c,Oracle / factor zero-pad / bridge 5,12,3,accuracy,3,0.15683333333333332,0.029767151918403838,0.134,0.1905
b729ad24b6b0,d6881822b57c,Oracle / factor zero-pad / bridge 5,12,4,accuracy,3,0.23866666666666667,0.04186983799029241,0.191,0.2695
b729ad24b6b0,d6881822b57c,Oracle / factor zero-pad / bridge 5,13,0,accuracy,3,0.25366666666666665,0.025001666611114803,0.238,0.2825
b729ad24b6b0,d6881822b57c,Oracle / factor zero-pad / bridge 5,13,1,accuracy,3,0.26916666666666667,0.03479343807865691,0.23,0.2965
b729ad24b6b0,d6881822b57c,Oracle / factor zero-pad / bridge 5,13,2,accuracy,3,0.23116666666666666,0.02261820800446697,0.21,0.255
b729ad24b6b0,d6881822b57c,Oracle / factor zero-pad / bridge 5,13,3,accuracy,3,0.172,0.027418059741710382,0.1535,0.2035
b729ad24b6b0,d6881822b57c,Oracle / factor zero-pad / bridge 5,13,4,accuracy,3,0.2643333333333333,0.03139400155019001,0.2285,0.287
b729ad24b6b0,d6881822b57c,Oracle / factor zero-pad / bridge 5,14,0,accuracy,3,0.2628333333333333,0.024455742338627403,0.247,0.291
b729ad24b6b0,d6881822b57c,Oracle / factor zero-pad / bridge 5,14,1,accuracy,3,0.285,0.033878459232969844,0.248,0.3145
b729ad24b6b0,d6881822b57c,Oracle / factor zero-pad / bridge 5,14,2,accuracy,3,0.25433333333333336,0.01855622087962239,0.235,0.272
b729ad24b6b0,d6881822b57c,Oracle / factor zero-pad / bridge 5,14,3,accuracy,3,0.18116666666666667,0.027596799331323425,0.164,0.213
b729ad24b6b0,d6881822b57c,Oracle / factor zero-pad / bridge 5,14,4,accuracy,3,0.2798333333333333,0.032925420776860746,0.242,0.302
b729ad24b6b0,d6881822b57c,Oracle / factor zero-pad / bridge 5,15,0,accuracy,3,0.25066666666666665,0.02816173526850454,0.229,0.2825
b729ad24b6b0,d6881822b57c,Oracle / factor zero-pad / bridge 5,15,1,accuracy,3,0.25566666666666665,0.012945398152754268,0.241,0.2655
b729ad24b6b0,d6881822b57c,Oracle / factor zero-pad / bridge 5,15,2,accuracy,3,0.218,0.016116761461286197,0.207,0.2365
b729ad24b6b0,d6881822b57c,Oracle / factor zero-pad / bridge 5,15,3,accuracy,3,0.16016666666666665,0.01853600100704932,0.148,0.1815
b729ad24b6b0,d6881822b57c,Oracle / factor zero-pad / bridge 5,15,4,accuracy,3,0.24866666666666667,0.029194748386196685,0.215,0.267
b729ad24b6b0,d6881822b57c,Oracle / factor zero-pad / bridge 5,16,0,accuracy,3,0.257,0.024713356712514786,0.2415,0.2855
b729ad24b6b0,d6881822b57c,Oracle / factor zero-pad / bridge 5,16,1,accuracy,3,0.2688333333333333,0.03206373860505561,0.2345,0.298
b729ad24b6b0,d6881822b57c,Oracle / factor zero-pad / bridge 5,16,2,accuracy,3,0.24133333333333334,0.012848475914805355,0.2295,0.255
b729ad24b6b0,d6881822b57c,Oracle / factor zero-pad / bridge 5,16,3,accuracy,3,0.17766666666666667,0.03637421247715658,0.1535,0.2195
b729ad24b6b0,d6881822b57c,Oracle / factor zero-pad / bridge 5,16,4,accuracy,3,0.26849999999999996,0.03585735628849398,0.2275,0.294
b729ad24b6b0,d6881822b57c,Oracle / factor zero-pad / bridge 5,17,0,accuracy,3,0.26966666666666667,0.027660139792367876,0.2515,0.3015
b729ad24b6b0,d6881822b57c,Oracle / factor zero-pad / bridge 5,17,1,accuracy,3,0.29533333333333334,0.03497260832899561,0.257,0.3255
b729ad24b6b0,d6881822b57c,Oracle / factor zero-pad / bridge 5,17,2,accuracy,3,0.262,0.009340770846134711,0.2535,0.272
b729ad24b6b0,d6881822b57c,Oracle / factor zero-pad / bridge 5,17,3,accuracy,3,0.19133333333333333,0.030242078852706758,0.168,0.2255
b729ad24b6b0,d6881822b57c,Oracle / factor zero-pad / bridge 5,17,4,accuracy,3,0.29033333333333333,0.02684368330414686,0.2595,0.3085
b729ad24b6b0,d6881822b57c,Oracle / factor zero-pad / bridge 5,18,0,accuracy,3,0.28450000000000003,0.030413812651491092,0.2645,0.3195
b729ad24b6b0,d6881822b57c,Oracle / factor zero-pad / bridge 5,18,1,accuracy,3,0.311,0.04351149273467871,0.265,0.3515
b729ad24b6b0,d6881822b57c,Oracle / factor zero-pad / bridge 5,18,2,accuracy,3,0.2771666666666667,0.016002603954773514,0.261,0.293
b729ad24b6b0,d6881822b57c,Oracle / factor zero-pad / bridge 5,18,3,accuracy,3,0.19933333333333333,0.022585024536921218,0.1825,0.225
b729ad24b6b0,d6881822b57c,Oracle / factor zero-pad / bridge 5,18,4,accuracy,3,0.2991666666666667,0.02439432994229054,0.271,0.3135
b729ad24b6b0,d6881822b57c,Oracle / factor zero-pad / bridge 5,19,0,accuracy,3,0.2985,0.030458988821036075,0.278,0.3335
b729ad24b6b0,d6881822b57c,Oracle / factor zero-pad / bridge 5,19,1,accuracy,3,0.33299999999999996,0.04423799272118934,0.284,0.37
b729ad24b6b0,d6881822b57c,Oracle / factor zero-pad / bridge 5,19,2,accuracy,3,0.29533333333333334,0.008808140174482549,0.29,0.3055
b729ad24b6b0,d6881822b57c,Oracle / factor zero-pad / bridge 5,19,3,accuracy,3,0.214,0.022869193252058537,0.197,0.24
b729ad24b6b0,d6881822b57c,Oracle / factor zero-pad / bridge 5,19,4,accuracy,3,0.30766666666666664,0.01977582699492828,0.2855,0.3235
b729ad24b6b0,d6881822b57c,Oracle / factor zero-pad / bridge 5,20,0,accuracy,3,0.2753333333333333,0.03095292124070575,0.2555,0.311
b729ad24b6b0,d6881822b57c,Oracle / factor zero-pad / bridge 5,20,1,accuracy,3,0.2995,0.02357435046825256,0.274,0.3205
b729ad24b6b0,d6881822b57c,Oracle / factor zero-pad / bridge 5,20,2,accuracy,3,0.25483333333333336,0.006291528696058964,0.249,0.2615
b729ad24b6b0,d6881822b57c,Oracle / factor zero-pad / bridge 5,20,3,accuracy,3,0.18683333333333332,0.02759679933132343,0.164,0.2175
b729ad24b6b0,d6881822b57c,Oracle / factor zero-pad / bridge 5,20,4,accuracy,3,0.2788333333333333,0.034929691285972356,0.2385,0.299
b729ad24b6b0,d6881822b57c,Oracle / factor zero-pad / bridge 5,21,0,accuracy,3,0.2828333333333333,0.03590380666911704,0.258,0.324
b729ad24b6b0,d6881822b57c,Oracle / factor zero-pad / bridge 5,21,1,accuracy,3,0.3061666666666667,0.04320397358268489,0.258,0.3415
b729ad24b6b0,d6881822b57c,Oracle / factor zero-pad / bridge 5,21,2,accuracy,3,0.273,0.009643650760992932,0.266,0.284
b729ad24b6b0,d6881822b57c,Oracle / factor zero-pad / bridge 5,21,3,accuracy,3,0.19566666666666666,0.028063915146203922,0.1745,0.2275
b729ad24b6b0,d6881822b57c,Oracle / factor zero-pad / bridge 5,21,4,accuracy,3,0.2981666666666667,0.02866327499315689,0.266,0.321
b729ad24b6b0,d6881822b57c,Oracle / factor zero-pad / bridge 5,22,0,accuracy,3,0.2941666666666667,0.03278846341830207,0.274,0.332
b729ad24b6b0,d6881822b57c,Oracle / factor zero-pad / bridge 5,22,1,accuracy,3,0.3255,0.03836991008589936,0.2815,0.352
b729ad24b6b0,d6881822b57c,Oracle / factor zero-pad / bridge 5,22,2,accuracy,3,0.29516666666666663,0.006331139971074199,0.2895,0.302
b729ad24b6b0,d6881822b57c,Oracle / factor zero-pad / bridge 5,22,3,accuracy,3,0.2165,0.024561148181630268,0.193,0.242
b729ad24b6b0,d6881822b57c,Oracle / factor zero-pad / bridge 5,22,4,accuracy,3,0.30833333333333335,0.024981659939510282,0.2795,0.3235
b729ad24b6b0,d6881822b57c,Oracle / factor zero-pad / bridge 5,23,0,accuracy,3,0.30433333333333334,0.03378732503962594,0.2805,0.343
b729ad24b6b0,d6881822b57c,Oracle / factor zero-pad / bridge 5,23,1,accuracy,3,0.3451666666666667,0.04294279140127402,0.298,0.382
b729ad24b6b0,d6881822b57c,Oracle / factor zero-pad / bridge 5,23,2,accuracy,3,0.308,0.0017320508075688787,0.307,0.31
b729ad24b6b0,d6881822b57c,Oracle / factor zero-pad / bridge 5,23,3,accuracy,3,0.23,0.023732888572611643,0.2095,0.256
b729ad24b6b0,d6881822b57c,Oracle / factor zero-pad / bridge 5,23,4,accuracy,3,0.31733333333333336,0.019015344680897425,0.296,0.3325
b729ad24b6b0,d6881822b57c,Oracle / factor zero-pad / bridge 5,24,0,accuracy,3,0.3153333333333333,0.02746512940681935,0.293,0.346
b729ad24b6b0,d6881822b57c,Oracle / factor zero-pad / bridge 5,24,1,accuracy,3,0.36233333333333334,0.048919150987454134,0.3075,0.4015
b729ad24b6b0,d6881822b57c,Oracle / factor zero-pad / bridge 5,24,2,accuracy,3,0.32716666666666666,0.005530220007679025,0.322,0.333
b729ad24b6b0,d6881822b57c,Oracle / factor zero-pad / bridge 5,24,3,accuracy,3,0.23933333333333334,0.026572228610587667,0.2165,0.2685
b729ad24b6b0,d6881822b57c,Oracle / factor zero-pad / bridge 5,24,4,accuracy,3,0.3245,0.017385338650713726,0.3045,0.336
b729ad24b6b0,d6881822b57c,Oracle / factor zero-pad / bridge 5,25,0,accuracy,3,0.29333333333333333,0.031895663237081824,0.272,0.33
b729ad24b6b0,d6881822b57c,Oracle / factor zero-pad / bridge 5,25,1,accuracy,3,0.32016666666666665,0.028108421039491613,0.288,0.34
b729ad24b6b0,d6881822b57c,Oracle / factor zero-pad / bridge 5,25,2,accuracy,3,0.27316666666666667,0.01414508159514582,0.2575,0.285
b729ad24b6b0,d6881822b57c,Oracle / factor zero-pad / bridge 5,25,3,accuracy,3,0.20283333333333334,0.02523060311077271,0.184,0.2315
b729ad24b6b0,d6881822b57c,Oracle / factor zero-pad / bridge 5,25,4,accuracy,3,0.2925,0.032752862470324634,0.255,0.3155
b729ad24b6b0,d6881822b57c,Oracle / factor zero-pad / bridge 5,26,0,accuracy,3,0.299,0.03904164443257995,0.2685,0.343
b729ad24b6b0,d6881822b57c,Oracle / factor zero-pad / bridge 5,26,1,accuracy,3,0.3248333333333333,0.03746442757247646,0.282,0.3515
b729ad24b6b0,d6881822b57c,Oracle / factor zero-pad / bridge 5,26,2,accuracy,3,0.29583333333333334,0.004252450274057695,0.2915,0.3
b729ad24b6b0,d6881822b57c,Oracle / factor zero-pad / bridge 5,26,3,accuracy,3,0.2205,0.03263816784073518,0.1985,0.258
b729ad24b6b0,d6881822b57c,Oracle / factor zero-pad / bridge 5,26,4,accuracy,3,0.3056666666666667,0.03132224981276621,0.2695,0.324
b729ad24b6b0,d6881822b57c,Oracle / factor zero-pad / bridge 5,27,0,accuracy,3,0.3085,0.03254612112064969,0.2825,0.345
b729ad24b6b0,d6881822b57c,Oracle / factor zero-pad / bridge 5,27,1,accuracy,3,0.3476666666666667,0.04396684356800399,0.2975,0.3795
b729ad24b6b0,d6881822b57c,Oracle / factor zero-pad / bridge 5,27,2,accuracy,3,0.31133333333333335,0.0076539750021366966,0.3025,0.316
b729ad24b6b0,d6881822b57c,Oracle / factor zero-pad / bridge 5,27,3,accuracy,3,0.23216666666666666,0.0334302756993318,0.205,0.2695
b729ad24b6b0,d6881822b57c,Oracle / factor zero-pad / bridge 5,27,4,accuracy,3,0.31516666666666665,0.02535908778590694,0.286,0.332
b729ad24b6b0,d6881822b57c,Oracle / factor zero-pad / bridge 5,28,0,accuracy,3,0.3188333333333333,0.038289467655392304,0.291,0.3625
b729ad24b6b0,d6881822b57c,Oracle / factor zero-pad / bridge 5,28,1,accuracy,3,0.364,0.04486925450684467,0.3145,0.402
b729ad24b6b0,d6881822b57c,Oracle / factor zero-pad / bridge 5,28,2,accuracy,3,0.327,0.003774917217635378,0.323,0.3305
b729ad24b6b0,d6881822b57c,Oracle / factor zero-pad / bridge 5,28,3,accuracy,3,0.23900000000000002,0.030899029110960763,0.2155,0.274
b729ad24b6b0,d6881822b57c,Oracle / factor zero-pad / bridge 5,28,4,accuracy,3,0.32483333333333336,0.021658331730152584,0.3005,0.342
b729ad24b6b0,d6881822b57c,Oracle / factor zero-pad / bridge 5,29,0,accuracy,3,0.3278333333333333,0.03538832199092426,0.2995,0.3675
b729ad24b6b0,d6881822b57c,Oracle / factor zero-pad / bridge 5,29,1,accuracy,3,0.37666666666666665,0.04333685883094588,0.3285,0.4125
b729ad24b6b0,d6881822b57c,Oracle / factor zero-pad / bridge 5,29,2,accuracy,3,0.33516666666666667,0.010750968948580074,0.3245,0.346
b729ad24b6b0,d6881822b57c,Oracle / factor zero-pad / bridge 5,29,3,accuracy,3,0.251,0.03307189138830737,0.226,0.2885
b729ad24b6b0,d6881822b57c,Oracle / factor zero-pad / bridge 5,29,4,accuracy,3,0.33366666666666667,0.019661722542374898,0.3115,0.349
b729ad24b6b0,d6881822b57c,Oracle / factor zero-pad / bridge 5,30,0,accuracy,3,0.3025,0.033350412291304615,0.2825,0.341
b729ad24b6b0,d6881822b57c,Oracle / factor zero-pad / bridge 5,30,1,accuracy,3,0.3278333333333333,0.03571530950913535,0.288,0.357
b729ad24b6b0,d6881822b57c,Oracle / factor zero-pad / bridge 5,30,2,accuracy,3,0.289,0.014309088021254168,0.274,0.3025
b729ad24b6b0,d6881822b57c,Oracle / factor zero-pad / bridge 5,30,3,accuracy,3,0.2145,0.024879710609249452,0.1925,0.2415
b729ad24b6b0,d6881822b57c,Oracle / factor zero-pad / bridge 5,30,4,accuracy,3,0.3031666666666667,0.04384442191811102,0.2535,0.3365
b729ad24b6b0,d6881822b57c,Oracle / factor zero-pad / bridge 5,31,0,accuracy,3,0.3065,0.040112342240263145,0.2745,0.3515
b729ad24b6b0,d6881822b57c,Oracle / factor zero-pad / bridge 5,31,1,accuracy,3,0.3398333333333333,0.03611555528208494,0.3005,0.3715
b729ad24b6b0,d6881822b57c,Oracle / factor zero-pad / bridge 5,31,2,accuracy,3,0.305,0.007697402159170333,0.2965,0.3115
b729ad24b6b0,d6881822b57c,Oracle / factor zero-pad / bridge 5,31,3,accuracy,3,0.22983333333333333,0.03666515148384544,0.2025,0.2715
b729ad24b6b0,d6881822b57c,Oracle / factor zero-pad / bridge 5,31,4,accuracy,3,0.31533333333333335,0.0336687293097517,0.2775,0.342
b729ad24b6b0,d6881822b57c,Oracle / factor zero-pad / bridge 5,32,0,accuracy,3,0.3203333333333333,0.04092778192540287,0.2885,0.3665
b729ad24b6b0,d6881822b57c,Oracle / factor zero-pad / bridge 5,32,1,accuracy,3,0.36083333333333334,0.041016256939576216,0.3145,0.3925
b729ad24b6b0,d6881822b57c,Oracle / factor zero-pad / bridge 5,32,2,accuracy,3,0.322,0.010758717395675016,0.3115,0.333
b729ad24b6b0,d6881822b57c,Oracle / factor zero-pad / bridge 5,32,3,accuracy,3,0.2405,0.0374199144841353,0.2125,0.283
b729ad24b6b0,d6881822b57c,Oracle / factor zero-pad / bridge 5,32,4,accuracy,3,0.32166666666666666,0.020250514396758765,0.2985,0.336
b729ad24b6b0,d6881822b57c,Oracle / factor zero-pad / bridge 5,33,0,accuracy,3,0.3275,0.03831122550898105,0.297,0.3705
b729ad24b6b0,d6881822b57c,Oracle / factor zero-pad / bridge 5,33,1,accuracy,3,0.377,0.0470850294679742,0.324,0.414
b729ad24b6b0,d6881822b57c,Oracle / factor zero-pad / bridge 5,33,2,accuracy,3,0.33166666666666667,0.006251666444503689,0.3255,0.338
b729ad24b6b0,d6881822b57c,Oracle / factor zero-pad / bridge 5,33,3,accuracy,3,0.25383333333333336,0.03292921701670619,0.2305,0.2915
b729ad24b6b0,d6881822b57c,Oracle / factor zero-pad / bridge 5,33,4,accuracy,3,0.33516666666666667,0.021356107635365888,0.3115,0.353
b729ad24b6b0,d6881822b57c,Oracle / factor zero-pad / bridge 5,34,0,accuracy,3,0.3343333333333333,0.04064582799419067,0.2985,0.3785
b729ad24b6b0,d6881822b57c,Oracle / factor zero-pad / bridge 5,34,1,accuracy,3,0.383,0.04361479106908571,0.3365,0.423
b729ad24b6b0,d6881822b57c,Oracle / factor zero-pad / bridge 5,34,2,accuracy,3,0.3456666666666667,0.013512340039139512,0.3355,0.361
b729ad24b6b0,d6881822b57c,Oracle / factor zero-pad / bridge 5,34,3,accuracy,3,0.25916666666666666,0.03039873900893478,0.238,0.294
b729ad24b6b0,d6881822b57c,Oracle / factor zero-pad / bridge 5,34,4,accuracy,3,0.3423333333333333,0.018770544300401436,0.322,0.359
b729ad24b6b0,d6881822b57c,Oracle / factor zero-pad / bridge 5,35,0,accuracy,3,0.3133333333333333,0.03378732503962593,0.2895,0.352
b729ad24b6b0,d6881822b57c,Oracle / factor zero-pad / bridge 5,35,1,accuracy,3,0.3363333333333333,0.04292532275165015,0.2885,0.3715
b729ad24b6b0,d6881822b57c,Oracle / factor zero-pad / bridge 5,35,2,accuracy,3,0.29616666666666663,0.014502873278538074,0.2815,0.3105
b729ad24b6b0,d6881822b57c,Oracle / factor zero-pad / bridge 5,35,3,accuracy,3,0.22666666666666666,0.022695447414257636,0.207,0.2515
b729ad24b6b0,d6881822b57c,Oracle / factor zero-pad / bridge 5,35,4,accuracy,3,0.30683333333333335,0.04662706653150436,0.253,0.3345
b729ad24b6b0,d6881822b57c,Oracle / factor zero-pad / bridge 5,36,0,accuracy,3,0.3125,0.04545052254925128,0.278,0.364
b729ad24b6b0,d6881822b57c,Oracle / factor zero-pad / bridge 5,36,1,accuracy,3,0.348,0.04396305266925854,0.2985,0.3825
b729ad24b6b0,d6881822b57c,Oracle / factor zero-pad / bridge 5,36,2,accuracy,3,0.311,0.010965856099730664,0.303,0.3235
b729ad24b6b0,d6881822b57c,Oracle / factor zero-pad / bridge 5,36,3,accuracy,3,0.23866666666666667,0.036374212477156595,0.2145,0.2805
b729ad24b6b0,d6881822b57c,Oracle / factor zero-pad / bridge 5,36,4,accuracy,3,0.31883333333333336,0.03832209980329016,0.275,0.346
b729ad24b6b0,d6881822b57c,Oracle / factor zero-pad / bridge 5,37,0,accuracy,3,0.3238333333333333,0.04163031747817129,0.288,0.3695
b729ad24b6b0,d6881822b57c,Oracle / factor zero-pad / bridge 5,37,1,accuracy,3,0.36733333333333335,0.04864754190432783,0.3155,0.412
b729ad24b6b0,d6881822b57c,Oracle / factor zero-pad / bridge 5,37,2,accuracy,3,0.32883333333333337,0.011793359713556335,0.3165,0.34
b729ad24b6b0,d6881822b57c,Oracle / factor zero-pad / bridge 5,37,3,accuracy,3,0.246,0.04033298897924625,0.2205,0.2925
b729ad24b6b0,d6881822b57c,Oracle / factor zero-pad / bridge 5,37,4,accuracy,3,0.33466666666666667,0.02887184326178939,0.3035,0.3605
b729ad24b6b0,d6881822b57c,Oracle / factor zero-pad / bridge 5,38,0,accuracy,3,0.3295,0.03961376023555452,0.2955,0.373
b729ad24b6b0,d6881822b57c,Oracle / factor zero-pad / bridge 5,38,1,accuracy,3,0.38016666666666665,0.045717429207396736,0.329,0.417
b729ad24b6b0,d6881822b57c,Oracle / factor zero-pad / bridge 5,38,2,accuracy,3,0.3401666666666667,0.010912531023247215,0.3305,0.352
b729ad24b6b0,d6881822b57c,Oracle / factor zero-pad / bridge 5,38,3,accuracy,3,0.2583333333333333,0.032304540444546385,0.237,0.2955
b729ad24b6b0,d6881822b57c,Oracle / factor zero-pad / bridge 5,38,4,accuracy,3,0.3406666666666667,0.02203595546676687,0.3155,0.3565
b729ad24b6b0,d6881822b57c,Oracle / factor zero-pad / bridge 5,39,0,accuracy,3,0.3396666666666667,0.041905647988467305,0.3,0.3835
b729ad24b6b0,d6881822b57c,Oracle / factor zero-pad / bridge 5,39,1,accuracy,3,0.3928333333333333,0.0496521231503078,0.3375,0.4335
b729ad24b6b0,d6881822b57c,Oracle / factor zero-pad / bridge 5,39,2,accuracy,3,0.35616666666666663,0.01012834306949234,0.348,0.3675
b729ad24b6b0,d6881822b57c,Oracle / factor zero-pad / bridge 5,39,3,accuracy,3,0.2655,0.02910326442171049,0.2435,0.2985
b729ad24b6b0,d6881822b57c,Oracle / factor zero-pad / bridge 5,39,4,accuracy,3,0.3526666666666667,0.019901842460770633,0.3315,0.371
b729ad24b6b0,d6881822b57c,Oracle / factor zero-pad / bridge 5,40,0,accuracy,3,0.3143333333333333,0.03370954365359064,0.287,0.352
b729ad24b6b0,d6881822b57c,Oracle / factor zero-pad / bridge 5,40,1,accuracy,3,0.3476666666666667,0.04066427588600753,0.301,0.3755
b729ad24b6b0,d6881822b57c,Oracle / factor zero-pad / bridge 5,40,2,accuracy,3,0.306,0.019059118552545936,0.2945,0.328
b729ad24b6b0,d6881822b57c,Oracle / factor zero-pad / bridge 5,40,3,accuracy,3,0.234,0.023921747427811377,0.218,0.2615
b729ad24b6b0,d6881822b57c,Oracle / factor zero-pad / bridge 5,40,4,accuracy,3,0.31366666666666665,0.05042403527419571,0.2555,0.345
b729ad24b6b0,d6881822b57c,Oracle / factor zero-pad / bridge 5,41,0,accuracy,3,0.31666666666666665,0.04102539863710445,0.281,0.3615
b729ad24b6b0,d6881822b57c,Oracle / factor zero-pad / bridge 5,41,1,accuracy,3,0.3581666666666667,0.04758763845089746,0.309,0.404
b729ad24b6b0,d6881822b57c,Oracle / factor zero-pad / bridge 5,41,2,accuracy,3,0.316,0.0030000000000000027,0.313,0.319
b729ad24b6b0,d6881822b57c,Oracle / factor zero-pad / bridge 5,41,3,accuracy,3,0.24583333333333332,0.03873413653785679,0.2215,0.2905
b729ad24b6b0,d6881822b57c,Oracle / factor zero-pad / bridge 5,41,4,accuracy,3,0.32766666666666666,0.03286462130214395,0.29,0.3505
b729ad24b6b0,d6881822b57c,Oracle / factor zero-pad / bridge 5,42,0,accuracy,3,0.329,0.04239398542246294,0.295,0.3765
b729ad24b6b0,d6881822b57c,Oracle / factor zero-pad / bridge 5,42,1,accuracy,3,0.37466666666666665,0.04654657166036326,0.3235,0.4145
b729ad24b6b0,d6881822b57c,Oracle / factor zero-pad / bridge 5,42,2,accuracy,3,0.3345,0.012757350822173054,0.325,0.349
b729ad24b6b0,d6881822b57c,Oracle / factor zero-pad / bridge 5,42,3,accuracy,3,0.2553333333333333,0.035275109260402476,0.233,0.296
b729ad24b6b0,d6881822b57c,Oracle / factor zero-pad / bridge 5,42,4,accuracy,3,0.34349999999999997,0.028987066081271485,0.3115,0.368
b729ad24b6b0,d6881822b57c,Oracle / factor zero-pad / bridge 5,43,0,accuracy,3,0.33866666666666667,0.040262679162387266,0.299,0.3795
b729ad24b6b0,d6881822b57c,Oracle / factor zero-pad / bridge 5,43,1,accuracy,3,0.38633333333333336,0.04598188048931157,0.337,0.428
b729ad24b6b0,d6881822b57c,Oracle / factor zero-pad / bridge 5,43,2,accuracy,3,0.3448333333333333,0.012789970028633094,0.336,0.3595
b729ad24b6b0,d6881822b57c,Oracle / factor zero-pad / bridge 5,43,3,accuracy,3,0.26666666666666666,0.03333291666406247,0.2445,0.305
b729ad24b6b0,d6881822b57c,Oracle / factor zero-pad / bridge 5,43,4,accuracy,3,0.3501666666666667,0.01950854513625588,0.331,0.37
b729ad24b6b0,d6881822b57c,Oracle / factor zero-pad / bridge 5,44,0,accuracy,3,0.3438333333333333,0.04523641600893394,0.3015,0.3915
b729ad24b6b0,d6881822b57c,Oracle / factor zero-pad / bridge 5,44,1,accuracy,3,0.3953333333333333,0.04561067126598045,0.348,0.439
b729ad24b6b0,d6881822b57c,Oracle / factor zero-pad / bridge 5,44,2,accuracy,3,0.35483333333333333,0.011250925887825124,0.346,0.3675
b729ad24b6b0,d6881822b57c,Oracle / factor zero-pad / bridge 5,44,3,accuracy,3,0.2713333333333333,0.03608785575970583,0.25,0.313
b729ad24b6b0,d6881822b57c,Oracle / factor zero-pad / bridge 5,44,4,accuracy,3,0.3561666666666667,0.02413158373031768,0.3295,0.3765
b729ad24b6b0,d6881822b57c,Oracle / factor zero-pad / bridge 5,45,0,accuracy,3,0.32166666666666666,0.035036885325801057,0.2895,0.359
b729ad24b6b0,d6881822b57c,Oracle / factor zero-pad / bridge 5,45,1,accuracy,3,0.3468333333333333,0.037968188438919935,0.303,0.3695
b729ad24b6b0,d6881822b57c,Oracle / factor zero-pad / bridge 5,45,2,accuracy,3,0.31216666666666665,0.021623675296612604,0.2975,0.337
b729ad24b6b0,d6881822b57c,Oracle / factor zero-pad / bridge 5,45,3,accuracy,3,0.23900000000000002,0.018193405398660253,0.228,0.26
b729ad24b6b0,d6881822b57c,Oracle / factor zero-pad / bridge 5,45,4,accuracy,3,0.32216666666666666,0.04743767841424505,0.2675,0.3525
b729ad24b6b0,d6881822b57c,Oracle / factor zero-pad / bridge 5,46,0,accuracy,3,0.323,0.038636122993903003,0.29,0.3655
b729ad24b6b0,d6881822b57c,Oracle / factor zero-pad / bridge 5,46,1,accuracy,3,0.3585,0.0424352447854375,0.3115,0.394
b729ad24b6b0,d6881822b57c,Oracle / factor zero-pad / bridge 5,46,2,accuracy,3,0.32016666666666665,0.013823289526495988,0.3105,0.336
b729ad24b6b0,d6881822b57c,Oracle / factor zero-pad / bridge 5,46,3,accuracy,3,0.2465,0.037692837515899476,0.2235,0.29
b729ad24b6b0,d6881822b57c,Oracle / factor zero-pad / bridge 5,46,4,accuracy,3,0.3358333333333333,0.026945933521281704,0.3055,0.357
b729ad24b6b0,d6881822b57c,Oracle / factor zero-pad / bridge 5,47,0,accuracy,3,0.3343333333333333,0.04046706479760218,0.2965,0.377
b729ad24b6b0,d6881822b57c,Oracle / factor zero-pad / bridge 5,47,1,accuracy,3,0.3775,0.04967645317451719,0.3245,0.423
b729ad24b6b0,d6881822b57c,Oracle / factor zero-pad / bridge 5,47,2,accuracy,3,0.3353333333333333,0.012662279942148367,0.324,0.349
b729ad24b6b0,d6881822b57c,Oracle / factor zero-pad / bridge 5,47,3,accuracy,3,0.2573333333333333,0.04020675730935452,0.23,0.3035
b729ad24b6b0,d6881822b57c,Oracle / factor zero-pad / bridge 5,47,4,accuracy,3,0.3453333333333333,0.02173323108360404,0.322,0.365
b729ad24b6b0,d6881822b57c,Oracle / factor zero-pad / bridge 5,48,0,accuracy,3,0.3421666666666667,0.04251568338076355,0.299,0.384
b729ad24b6b0,d6881822b57c,Oracle / factor zero-pad / bridge 5,48,1,accuracy,3,0.38883333333333336,0.04528888752589681,0.3425,0.433
b729ad24b6b0,d6881822b57c,Oracle / factor zero-pad / bridge 5,48,2,accuracy,3,0.34883333333333333,0.01748094200360303,0.338,0.369
b729ad24b6b0,d6881822b57c,Oracle / factor zero-pad / bridge 5,48,3,accuracy,3,0.2643333333333333,0.02931012339334881,0.2445,0.298
b729ad24b6b0,d6881822b57c,Oracle / factor zero-pad / bridge 5,48,4,accuracy,3,0.35583333333333333,0.020550750189064458,0.3345,0.3755
b729ad24b6b0,d6881822b57c,Oracle / factor zero-pad / bridge 5,49,0,accuracy,3,0.348,0.04025232912515747,0.308,0.3885
b729ad24b6b0,d6881822b57c,Oracle / factor zero-pad / bridge 5,49,1,accuracy,3,0.4043333333333333,0.04952103929981009,0.354,0.453
b729ad24b6b0,d6881822b57c,Oracle / factor zero-pad / bridge 5,49,2,accuracy,3,0.358,0.015256146302392372,0.3475,0.3755
b729ad24b6b0,d6881822b57c,Oracle / factor zero-pad / bridge 5,49,3,accuracy,3,0.27216666666666667,0.032180480626201546,0.2495,0.309
b729ad24b6b0,d6881822b57c,Oracle / factor zero-pad / bridge 5,49,4,accuracy,3,0.36433333333333334,0.024301920363076927,0.341,0.3895
b729ad24b6b0,d6881822b57c,Oracle / factor zero-pad / bridge 5,50,0,accuracy,3,0.32716666666666666,0.0337577151675485,0.293,0.3605
b729ad24b6b0,d6881822b57c,Oracle / factor zero-pad / bridge 5,50,1,accuracy,3,0.35383333333333333,0.03588291143891941,0.3125,0.377
b729ad24b6b0,d6881822b57c,Oracle / factor zero-pad / bridge 5,50,2,accuracy,3,0.31333333333333335,0.02141455891054808,0.2995,0.338
b729ad24b6b0,d6881822b57c,Oracle / factor zero-pad / bridge 5,50,3,accuracy,3,0.24050000000000002,0.02387990787251911,0.225,0.268
b729ad24b6b0,d6881822b57c,Oracle / factor zero-pad / bridge 5,50,4,accuracy,3,0.32716666666666666,0.04142865353029629,0.2795,0.3545
ded87b4e7797,0eac0e17d3ed,FedAvg / ΔW,1,0,accuracy,3,0.014666666666666668,0.017637554630201245,0.0035,0.035
ded87b4e7797,0eac0e17d3ed,FedAvg / ΔW,1,1,accuracy,3,0.009833333333333333,0.008386497083606084,0.0045,0.0195
ded87b4e7797,0eac0e17d3ed,FedAvg / ΔW,1,2,accuracy,3,0.017666666666666667,0.004072263907623539,0.013,0.0205
ded87b4e7797,0eac0e17d3ed,FedAvg / ΔW,1,3,accuracy,3,0.0018333333333333333,0.0007637626158259734,0.001,0.0025
ded87b4e7797,0eac0e17d3ed,FedAvg / ΔW,1,4,accuracy,3,0.007666666666666666,0.003511884584284246,0.004,0.011
ded87b4e7797,0eac0e17d3ed,FedAvg / ΔW,2,0,accuracy,3,0.01,0.005766281297335398,0.004,0.0155
ded87b4e7797,0eac0e17d3ed,FedAvg / ΔW,2,1,accuracy,3,0.006166666666666667,0.006251666444503684,0.0,0.0125
ded87b4e7797,0eac0e17d3ed,FedAvg / ΔW,2,2,accuracy,3,0.018666666666666665,0.0055075705472861025,0.013,0.024
ded87b4e7797,0eac0e17d3ed,FedAvg / ΔW,2,3,accuracy,3,0.0026666666666666666,0.0034034296427770225,0.0,0.0065
ded87b4e7797,0eac0e17d3ed,FedAvg / ΔW,2,4,accuracy,3,0.013833333333333333,0.013714347718113805,0.004,0.0295
ded87b4e7797,0eac0e17d3ed,FedAvg / ΔW,3,0,accuracy,3,0.016666666666666666,0.009928914005737654,0.0055,0.0245
ded87b4e7797,0eac0e17d3ed,FedAvg / ΔW,3,1,accuracy,3,0.006333333333333333,0.007094598884597588,0.0,0.014
ded87b4e7797,0eac0e17d3ed,FedAvg / ΔW,3,2,accuracy,3,0.018666666666666665,0.008504900548115382,0.01,0.027
ded87b4e7797,0eac0e17d3ed,FedAvg / ΔW,3,3,accuracy,3,0.0035,0.0052201532544552745,0.0,0.0095
ded87b4e7797,0eac0e17d3ed,FedAvg / ΔW,3,4,accuracy,3,0.019,0.017298843892006192,0.0025,0.037
ded87b4e7797,0eac0e17d3ed,FedAvg / ΔW,4,0,accuracy,3,0.027,0.015173990905493519,0.0095,0.0365
ded87b4e7797,0eac0e17d3ed,FedAvg / ΔW,4,1,accuracy,3,0.004666666666666666,0.007234178138070235,0.0,0.013
ded87b4e7797,0eac0e17d3ed,FedAvg / ΔW,4,2,accuracy,3,0.020333333333333335,0.010539607835841585,0.014,0.0325
ded87b4e7797,0eac0e17d3ed,FedAvg / ΔW,4,3,accuracy,3,0.005666666666666667,0.007751343969488991,0.0,0.0145
ded87b4e7797,0eac0e17d3ed,FedAvg / ΔW,4,4,accuracy,3,0.018166666666666668,0.01626601774661928,0.0015,0.034
ded87b4e7797,0eac0e17d3ed,FedAvg / ΔW,5,0,accuracy,3,0.03,0.010641898326896382,0.0185,0.0395
ded87b4e7797,0eac0e17d3ed,FedAvg / ΔW,5,1,accuracy,3,0.009666666666666667,0.009504384952922168,0.0,0.019
ded87b4e7797,0eac0e17d3ed,FedAvg / ΔW,5,2,accuracy,3,0.025500000000000002,0.014465476141489434,0.015,0.042
ded87b4e7797,0eac0e17d3ed,FedAvg / ΔW,5,3,accuracy,3,0.009166666666666667,0.013768926368215256,0.0,0.025
ded87b4e7797,0eac0e17d3ed,FedAvg / ΔW,5,4,accuracy,3,0.0315,0.028578838324886478,0.015,0.0645
ded87b4e7797,0eac0e17d3ed,FedAvg / ΔW,6,0,accuracy,3,0.0485,0.02428476888916178,0.025,0.0735
ded87b4e7797,0eac0e17d3ed,FedAvg / ΔW,6,1,accuracy,3,0.0165,0.01502497920131672,0.001,0.031
ded87b4e7797,0eac0e17d3ed,FedAvg / ΔW,6,2,accuracy,3,0.042166666666666665,0.008751190395216716,0.0335,0.051
ded87b4e7797,0eac0e17d3ed,FedAvg / ΔW,6,3,accuracy,3,0.005666666666666667,0.00854887906882144,0.0,0.0155
ded87b4e7797,0eac0e17d3ed,FedAvg / ΔW,6,4,accuracy,3,0.033,0.0037749172176353746,0.0295,0.037
ded87b4e7797,0eac0e17d3ed,FedAvg / ΔW,7,0,accuracy,3,0.06216666666666666,0.03767072249550482,0.02,0.0925
ded87b4e7797,0eac0e17d3ed,FedAvg / ΔW,7,1,accuracy,3,0.03266666666666666,0.02874601421646718,0.002,0.059
ded87b4e7797,0eac0e17d3ed,FedAvg / ΔW,7,2,accuracy,3,0.044,0.009836157786453,0.0335,0.053
ded87b4e7797,0eac0e17d3ed,FedAvg / ΔW,7,3,accuracy,3,0.007166666666666667,0.009411871935663667,0.001,0.018
ded87b4e7797,0eac0e17d3ed,FedAvg / ΔW,7,4,accuracy,3,0.04783333333333333,0.009776672917374978,0.0385,0.058
ded87b4e7797,0eac0e17d3ed,FedAvg / ΔW,8,0,accuracy,3,0.063,0.03943031828428475,0.018,0.0915
ded87b4e7797,0eac0e17d3ed,FedAvg / ΔW,8,1,accuracy,3,0.06583333333333333,0.02968304791178516,0.032,0.0875
ded87b4e7797,0eac0e17d3ed,FedAvg / ΔW,8,2,accuracy,3,0.0555,0.02014323707848369,0.0325,0.07
ded87b4e7797,0eac0e17d3ed,FedAvg / ΔW,8,3,accuracy,3,0.010666666666666666,0.014580237766694114,0.002,0.0275
ded87b4e7797,0eac0e17d3ed,FedAvg / ΔW,8,4,accuracy,3,0.054,0.014908051515875577,0.038,0.0675
ded87b4e7797,0eac0e17d3ed,FedAvg / ΔW,9,0,accuracy,3,0.072,0.04782258880487337,0.018,0.109
ded87b4e7797,0eac0e17d3ed,FedAvg / ΔW,9,1,accuracy,3,0.0905,0.015740076238697196,0.073,0.1035
ded87b4e7797,0eac0e17d3ed,FedAvg / ΔW,9,2,accuracy,3,0.068,0.018794946129212498,0.05,0.0875
ded87b4e7797,0eac0e17d3ed,FedAvg / ΔW,9,3,accuracy,3,0.014333333333333335,0.0180092568789868,0.002,0.035
ded87b4e7797,0eac0e17d3ed,FedAvg / ΔW,9,4,accuracy,3,0.06733333333333333,0.02337912173999129,0.0485,0.0935
ded87b4e7797,0eac0e17d3ed,FedAvg / ΔW,10,0,accuracy,3,0.08216666666666667,0.05460158727851539,0.0235,0.1315
ded87b4e7797,0eac0e17d3ed,FedAvg / ΔW,10,1,accuracy,3,0.10133333333333333,0.005838093296045663,0.095,0.1065
ded87b4e7797,0eac0e17d3ed,FedAvg / ΔW,10,2,accuracy,3,0.08016666666666666,0.021426230030813478,0.0625,0.104
ded87b4e7797,0eac0e17d3ed,FedAvg / ΔW,10,3,accuracy,3,0.017666666666666667,0.017322913534776226,0.0055,0.0375
ded87b4e7797,0eac0e17d3ed,FedAvg / ΔW,10,4,accuracy,3,0.08133333333333333,0.03194656997759436,0.0595,0.118
ded87b4e7797,0eac0e17d3ed,FedAvg / ΔW,11,0,accuracy,3,0.08933333333333333,0.06300066137218985,0.0265,0.1525
ded87b4e7797,0eac0e17d3ed,FedAvg / ΔW,11,1,accuracy,3,0.10016666666666667,0.01450287327853806,0.0855,0.1145
ded87b4e7797,0eac0e17d3ed,FedAvg / ΔW,11,2,accuracy,3,0.09383333333333334,0.029280255007996997,0.0625,0.1205
ded87b4e7797,0eac0e17d3ed,FedAvg / ΔW,11,3,accuracy,3,0.021166666666666667,0.019094065395649337,0.0045,0.042
ded87b4e7797,0eac0e17d3ed,FedAvg / ΔW,11,4,accuracy,3,0.09066666666666667,0.038269875010683456,0.0615,0.134
ded87b4e7797,0eac0e17d3ed,FedAvg / ΔW,12,0,accuracy,3,0.095,0.062371868658875375,0.035,0.1595
ded87b4e7797,0eac0e17d3ed,FedAvg / ΔW,12,1,accuracy,3,0.1085,0.034216224221851256,0.0715,0.139
ded87b4e7797,0eac0e17d3ed,FedAvg / ΔW,12,2,accuracy,3,0.10766666666666667,0.03567328599012619,0.0665,0.1295
ded87b4e7797,0eac0e17d3ed,FedAvg / ΔW,12,3,accuracy,3,0.022,0.01609347693943108,0.009,0.04
ded87b4e7797,0eac0e17d3ed,FedAvg / ΔW,12,4,accuracy,3,0.09816666666666667,0.03874381671097122,0.0685,0.142
ded87b4e7797,0eac0e17d3ed,FedAvg / ΔW,13,0,accuracy,3,0.10566666666666666,0.06264250420707439,0.052,0.1745
ded87b4e7797,0eac0e17d3ed,FedAvg / ΔW,13,1,accuracy,3,0.10566666666666667,0.03480780563800789,0.0685,0.1375
ded87b4e7797,0eac0e17d3ed,FedAvg / ΔW,13,2,accuracy,3,0.11816666666666667,0.045421177146055265,0.068,0.1565
ded87b4e7797,0eac0e17d3ed,FedAvg / ΔW,13,3,accuracy,3,0.027,0.011532562594670797,0.018,0.04
ded87b4e7797,0eac0e17d3ed,FedAvg / ΔW,13,4,accuracy,3,0.10116666666666667,0.037350814359707524,0.0655,0.14
ded87b4e7797,0eac0e17d3ed,FedAvg / ΔW,14,0,accuracy,3,0.1105,0.05861740355901138,0.0645,0.1765
ded87b4e7797,0eac0e17d3ed,FedAvg / ΔW,14,1,accuracy,3,0.1195,0.02475378758897312,0.095,0.1445
ded87b4e7797,0eac0e17d3ed,FedAvg / ΔW,14,2,accuracy,3,0.1215,0.04453088815642464,0.0725,0.1595
ded87b4e7797,0eac0e17d3ed,FedAvg / ΔW,14,3,accuracy,3,0.036833333333333336,0.011015141094572205,0.0295,0.0495
ded87b4e7797,0eac0e17d3ed,FedAvg / ΔW,14,4,accuracy,3,0.11216666666666666,0.03555746522649404,0.0755,0.1465
ded87b4e7797,0eac0e17d3ed,FedAvg / ΔW,15,0,accuracy,3,0.12016666666666667,0.057326549986313785,0.0745,0.1845
ded87b4e7797,0eac0e17d3ed,FedAvg / ΔW,15,1,accuracy,3,0.134,0.03897435053981016,0.092,0.169
ded87b4e7797,0eac0e17d3ed,FedAvg / ΔW,15,2,accuracy,3,0.1265,0.042552908243738176,0.08,0.1635
ded87b4e7797,0eac0e17d3ed,FedAvg / ΔW,15,3,accuracy,3,0.042333333333333334,0.010103629710818452,0.0365,0.054
ded87b4e7797,0eac0e17d3ed,FedAvg / ΔW,15,4,accuracy,3,0.12066666666666667,0.04051645756150621,0.0795,0.1605
ded87b4e7797,0eac0e17d3ed,FedAvg / ΔW,16,0,accuracy,3,0.12666666666666668,0.0566487716842416,0.0795,0.1895
ded87b4e7797,0eac0e17d3ed,FedAvg / ΔW,16,1,accuracy,3,0.15583333333333332,0.051858782605585074,0.0965,0.1925
ded87b4e7797,0eac0e17d3ed,FedAvg / ΔW,16,2,accuracy,3,0.13716666666666666,0.04724757489367399,0.0835,0.1725
ded87b4e7797,0eac0e17d3ed,FedAvg / ΔW,16,3,accuracy,3,0.04866666666666667,0.008779711460710616,0.0395,0.057
ded87b4e7797,0eac0e17d3ed,FedAvg / ΔW,16,4,accuracy,3,0.12416666666666668,0.03988211796448797,0.089,0.1675
ded87b4e7797,0eac0e17d3ed,FedAvg / ΔW,17,0,accuracy,3,0.13416666666666666,0.05052062285179522,0.0845,0.1855
ded87b4e7797,0eac0e17d3ed,FedAvg / ΔW,17,1,accuracy,3,0.18366666666666667,0.05473192243410909,0.1235,0.2305
ded87b4e7797,0eac0e17d3ed,FedAvg / ΔW,17,2,accuracy,3,0.14166666666666666,0.045023142197466996,0.09,0.1725
ded87b4e7797,0eac0e17d3ed,FedAvg / ΔW,17,3,accuracy,3,0.0605,0.0057662812973354,0.055,0.0665
ded87b4e7797,0eac0e17d3ed,FedAvg / ΔW,17,4,accuracy,3,0.13166666666666665,0.042814522458312354,0.0985,0.18
ded87b4e7797,0eac0e17d3ed,FedAvg / ΔW,18,0,accuracy,3,0.1415,0.042393985422462935,0.0955,0.179
ded87b4e7797,0eac0e17d3ed,FedAvg / ΔW,18,1,accuracy,3,0.20116666666666666,0.055471464135475386,0.1395,0.247
ded87b4e7797,0eac0e17d3ed,FedAvg / ΔW,18,2,accuracy,3,0.1465,0.04757099956906518,0.0975,0.1925
ded87b4e7797,0eac0e17d3ed,FedAvg / ΔW,18,3,accuracy,3,0.06766666666666667,0.007023769168568492,0.061,0.075
ded87b4e7797,0eac0e17d3ed,FedAvg / ΔW,18,4,accuracy,3,0.13816666666666666,0.04549816846130549,0.108,0.1905
ded87b4e7797,0eac0e17d3ed,FedAvg / ΔW,19,0,accuracy,3,0.1475,0.04433114029663573,0.097,0.18
ded87b4e7797,0eac0e17d3ed,FedAvg / ΔW,19,1,accuracy,3,0.215,0.04821825380496477,0.16,0.25
ded87b4e7797,0eac0e17d3ed,FedAvg / ΔW,19,2,accuracy,3,0.15133333333333332,0.057698209099878765,0.0995,0.2135
ded87b4e7797,0eac0e17d3ed,FedAvg / ΔW,19,3,accuracy,3,0.07183333333333333,0.0075718777944003635,0.0665,0.0805
ded87b4e7797,0eac0e17d3ed,FedAvg / ΔW,19,4,accuracy,3,0.14466666666666667,0.05225498381334868,0.108,0.2045
ded87b4e7797,0eac0e17d3ed,FedAvg / ΔW,20,0,accuracy,3,0.15066666666666667,0.04871943486262267,0.0945,0.1815
ded87b4e7797,0eac0e17d3ed,FedAvg / ΔW,20,1,accuracy,3,0.225,0.04708768416475798,0.171,0.2575
ded87b4e7797,0eac0e17d3ed,FedAvg / ΔW,20,2,accuracy,3,0.15183333333333335,0.07079959981054508,0.1,0.2325
ded87b4e7797,0eac0e17d3ed,FedAvg / ΔW,20,3,accuracy,3,0.0775,0.012678722333105965,0.0685,0.092
ded87b4e7797,0eac0e17d3ed,FedAvg / ΔW,20,4,accuracy,3,0.15283333333333332,0.047511402140258216,0.1215,0.2075
ded87b4e7797,0eac0e17d3ed,FedAvg / ΔW,21,0,accuracy,3,0.162,0.048992346341035754,0.1095,0.2065
ded87b4e7797,0eac0e17d3ed,FedAvg / ΔW,21,1,accuracy,3,0.23,0.049797088268291365,0.1735,0.2675
ded87b4e7797,0eac0e17d3ed,FedAvg / ΔW,21,2,accuracy,3,0.154,0.07475125417008065,0.0985,0.239
ded87b4e7797,0eac0e17d3ed,FedAvg / ΔW,21,3,accuracy,3,0.08566666666666667,0.010016652800877815,0.076,0.096
ded87b4e7797,0eac0e17d3ed,FedAvg / ΔW,21,4,accuracy,3,0.15716666666666665,0.046044362666165045,0.121,0.209
ded87b4e7797,0eac0e17d3ed,FedAvg / ΔW,22,0,accuracy,3,0.1715,0.05567764362830022,0.1215,0.2315
ded87b4e7797,0eac0e17d3ed,FedAvg / ΔW,22,1,accuracy,3,0.23066666666666666,0.0465948852700952,0.179,0.2695
ded87b4e7797,0eac0e17d3ed,FedAvg / ΔW,22,2,accuracy,3,0.1545,0.0675055553269507,0.1055,0.2315
ded87b4e7797,0eac0e17d3ed,FedAvg / ΔW,22,3,accuracy,3,0.09616666666666666,0.00652559065015063,0.09,0.103
ded87b4e7797,0eac0e17d3ed,FedAvg / ΔW,22,4,accuracy,3,0.17,0.04706113045816048,0.135,0.2235
ded87b4e7797,0eac0e17d3ed,FedAvg / ΔW,23,0,accuracy,3,0.18316666666666667,0.05629683235612225,0.1305,0.2425
ded87b4e7797,0eac0e17d3ed,FedAvg / ΔW,23,1,accuracy,3,0.22633333333333333,0.04278239513320092,0.181,0.266
ded87b4e7797,0eac0e17d3ed,FedAvg / ΔW,23,2,accuracy,3,0.15966666666666668,0.06057295876324132,0.1145,0.2285
ded87b4e7797,0eac0e17d3ed,FedAvg / ΔW,23,3,accuracy,3,0.1065,0.005894913061275797,0.1015,0.113
ded87b4e7797,0eac0e17d3ed,FedAvg / ΔW,23,4,accuracy,3,0.17966666666666667,0.0419593056822123,0.1455,0.2265
ded87b4e7797,0eac0e17d3ed,FedAvg / ΔW,24,0,accuracy,3,0.18416666666666667,0.05058244095863043,0.132,0.233
ded87b4e7797,0eac0e17d3ed,FedAvg / ΔW,24,1,accuracy,3,0.22816666666666666,0.038517312124982626,0.186,0.2615
ded87b4e7797,0eac0e17d3ed,FedAvg / ΔW,24,2,accuracy,3,0.16833333333333333,0.059534303836807675,0.124,0.236
ded87b4e7797,0eac0e17d3ed,FedAvg / ΔW,24,3,accuracy,3,0.11066666666666666,0.02033674834710145,0.0945,0.1335
ded87b4e7797,0eac0e17d3ed,FedAvg / ΔW,24,4,accuracy,3,0.18333333333333335,0.044040700872412714,0.1475,0.2325
ded87b4e7797,0eac0e17d3ed,FedAvg / ΔW,25,0,accuracy,3,0.18533333333333332,0.04977532856077729,0.1365,0.236
ded87b4e7797,0eac0e17d3ed,FedAvg / ΔW,25,1,accuracy,3,0.23416666666666666,0.034786252073676076,0.194,0.2545
ded87b4e7797,0eac0e17d3ed,FedAvg / ΔW,25,2,accuracy,3,0.17383333333333334,0.06245865299006482,0.131,0.2455
ded87b4e7797,0eac0e17d3ed,FedAvg / ΔW,25,3,accuracy,3,0.11816666666666667,0.0279836261648367,0.0925,0.148
ded87b4e7797,0eac0e17d3ed,FedAvg / ΔW,25,4,accuracy,3,0.1845,0.05018714974971183,0.1495,0.242
ded87b4e7797,0eac0e17d3ed,FedAvg / ΔW,26,0,accuracy,3,0.1875,0.049689032995219366,0.1405,0.2395
ded87b4e7797,0eac0e17d3ed,FedAvg / ΔW,26,1,accuracy,3,0.24300000000000002,0.03467347689517162,0.203,0.2645
ded87b4e7797,0eac0e17d3ed,FedAvg / ΔW,26,2,accuracy,3,0.17166666666666666,0.055530021910074306,0.1345,0.2355
ded87b4e7797,0eac0e17d3ed,FedAvg / ΔW,26,3,accuracy,3,0.12066666666666667,0.021554195260629263,0.1015,0.144
ded87b4e7797,0eac0e17d3ed,FedAvg / ΔW,26,4,accuracy,3,0.18683333333333332,0.05708838177189238,0.149,0.2525
ded87b4e7797,0eac0e17d3ed,FedAvg / ΔW,27,0,accuracy,3,0.18383333333333332,0.05062690325640442,0.1395,0.239
ded87b4e7797,0eac0e17d3ed,FedAvg / ΔW,27,1,accuracy,3,0.24733333333333335,0.035750291374103994,0.2065,0.273
ded87b4e7797,0eac0e17d3ed,FedAvg / ΔW,27,2,accuracy,3,0.179,0.056020085683618874,0.1425,0.2435
ded87b4e7797,0eac0e17d3ed,FedAvg / ΔW,27,3,accuracy,3,0.12516666666666665,0.02551633463750884,0.104,0.1535
ded87b4e7797,0eac0e17d3ed,FedAvg / ΔW,27,4,accuracy,3,0.19383333333333333,0.065041012702243,0.1495,0.2685
ded87b4e7797,0eac0e17d3ed,FedAvg / ΔW,28,0,accuracy,3,0.18183333333333335,0.05660020612447743,0.139,0.246
ded87b4e7797,0eac0e17d3ed,FedAvg / ΔW,28,1,accuracy,3,0.25466666666666665,0.03529990557116736,0.2205,0.291
ded87b4e7797,0eac0e17d3ed,FedAvg / ΔW,28,2,accuracy,3,0.18566666666666667,0.05359648620323289,0.1525,0.2475
ded87b4e7797,0eac0e17d3ed,FedAvg / ΔW,28,3,accuracy,3,0.1305,0.018006943105369103,0.1145,0.15
ded87b4e7797,0eac0e17d3ed,FedAvg / ΔW,28,4,accuracy,3,0.19716666666666668,0.06809246164835968,0.14,0.2725
ded87b4e7797,0eac0e17d3ed,FedAvg / ΔW,29,0,accuracy,3,0.17783333333333332,0.05141578875533598,0.144,0.237
ded87b4e7797,0eac0e17d3ed,FedAvg / ΔW,29,1,accuracy,3,0.257,0.04014660633229164,0.2235,0.3015
ded87b4e7797,0eac0e17d3ed,FedAvg / ΔW,29,2,accuracy,3,0.19316666666666668,0.05138417395787669,0.1635,0.2525
ded87b4e7797,0eac0e17d3ed,FedAvg / ΔW,29,3,accuracy,3,0.13333333333333333,0.01726509001810686,0.1165,0.151
ded87b4e7797,0eac0e17d3ed,FedAvg / ΔW,29,4,accuracy,3,0.19866666666666669,0.070528953865298,0.127,0.268
ded87b4e7797,0eac0e17d3ed,FedAvg / ΔW,30,0,accuracy,3,0.17283333333333334,0.051682524448147214,0.142,0.2325
ded87b4e7797,0eac0e17d3ed,FedAvg / ΔW,30,1,accuracy,3,0.2595,0.034252737116907885,0.231,0.2975
ded87b4e7797,0eac0e17d3ed,FedAvg / ΔW,30,2,accuracy,3,0.20483333333333334,0.041401489506216235,0.171,0.251
ded87b4e7797,0eac0e17d3ed,FedAvg / ΔW,30,3,accuracy,3,0.1395,0.020621590627301283,0.1215,0.162
ded87b4e7797,0eac0e17d3ed,FedAvg / ΔW,30,4,accuracy,3,0.1935,0.08266952280012267,0.104,0.267
ded87b4e7797,0eac0e17d3ed,FedAvg / ΔW,31,0,accuracy,3,0.17416666666666666,0.055795011724466305,0.139,0.2385
ded87b4e7797,0eac0e17d3ed,FedAvg / ΔW,31,1,accuracy,3,0.24983333333333335,0.022306576010973394,0.2325,0.275
ded87b4e7797,0eac0e17d3ed,FedAvg / ΔW,31,2,accuracy,3,0.21333333333333332,0.04055038018728473,0.174,0.255
ded87b4e7797,0eac0e17d3ed,FedAvg / ΔW,31,3,accuracy,3,0.1395,0.024561148181630278,0.1175,0.166
ded87b4e7797,0eac0e17d3ed,FedAvg / ΔW,31,4,accuracy,3,0.19816666666666666,0.07732453254519767,0.1145,0.267
ded87b4e7797,0eac0e17d3ed,FedAvg / ΔW,32,0,accuracy,3,0.18216666666666667,0.057210867266047745,0.1445,0.248
ded87b4e7797,0eac0e17d3ed,FedAvg / ΔW,32,1,accuracy,3,0.2613333333333333,0.023538974772350067,0.247,0.2885
ded87b4e7797,0eac0e17d3ed,FedAvg / ΔW,32,2,accuracy,3,0.21033333333333334,0.049034001808269057,0.166,0.263
ded87b4e7797,0eac0e17d3ed,FedAvg / ΔW,32,3,accuracy,3,0.13716666666666666,0.02575040452756681,0.109,0.1595
ded87b4e7797,0eac0e17d3ed,FedAvg / ΔW,32,4,accuracy,3,0.19866666666666666,0.08191509832340638,0.1085,0.2685
ded87b4e7797,0eac0e17d3ed,FedAvg / ΔW,33,0,accuracy,3,0.18733333333333332,0.05500075757054019,0.145,0.2495
ded87b4e7797,0eac0e17d3ed,FedAvg / ΔW,33,1,accuracy,3,0.2713333333333333,0.02952259022059774,0.2425,0.3015
ded87b4e7797,0eac0e17d3ed,FedAvg / ΔW,33,2,accuracy,3,0.20916666666666667,0.05432387443227272,0.1655,0.27
ded87b4e7797,0eac0e17d3ed,FedAvg / ΔW,33,3,accuracy,3,0.142,0.038311225508981035,0.099,0.1725
ded87b4e7797,0eac0e17d3ed,FedAvg / ΔW,33,4,accuracy,3,0.20566666666666666,0.08374116868860462,0.1155,0.281
ded87b4e7797,0eac0e17d3ed,FedAvg / ΔW,34,0,accuracy,3,0.1905,0.058367371021830344,0.144,0.256
ded87b4e7797,0eac0e17d3ed,FedAvg / ΔW,34,1,accuracy,3,0.2745,0.037539978689391934,0.238,0.313
ded87b4e7797,0eac0e17d3ed,FedAvg / ΔW,34,2,accuracy,3,0.20666666666666667,0.06463229326995396,0.158,0.28
ded87b4e7797,0eac0e17d3ed,FedAvg / ΔW,34,3,accuracy,3,0.143,0.046073311146476115,0.09,0.1735
ded87b4e7797,0eac0e17d3ed,FedAvg / ΔW,34,4,accuracy,3,0.20933333333333334,0.07934943814125803,0.122,0.277
ded87b4e7797,0eac0e17d3ed,FedAvg / ΔW,35,0,accuracy,3,0.19333333333333333,0.05727419430540542,0.146,0.257
ded87b4e7797,0eac0e17d3ed,FedAvg / ΔW,35,1,accuracy,3,0.2753333333333333,0.05179124765183142,0.227,0.33
ded87b4e7797,0eac0e17d3ed,FedAvg / ΔW,35,2,accuracy,3,0.20616666666666666,0.0631868921006037,0.166,0.279
ded87b4e7797,0eac0e17d3ed,FedAvg / ΔW,35,3,accuracy,3,0.14250000000000002,0.05078631705489186,0.0845,0.179
ded87b4e7797,0eac0e17d3ed,FedAvg / ΔW,35,4,accuracy,3,0.20833333333333334,0.0744602802394225,0.124,0.265
ded87b4e7797,0eac0e17d3ed,FedAvg / ΔW,36,0,accuracy,3,0.18733333333333332,0.05112810707754917,0.1495,0.2455
ded87b4e7797,0eac0e17d3ed,FedAvg / ΔW,36,1,accuracy,3,0.2758333333333333,0.053968354925209044,0.241,0.338
ded87b4e7797,0eac0e17d3ed,FedAvg / ΔW,36,2,accuracy,3,0.20783333333333334,0.06164481594857215,0.171,0.279
ded87b4e7797,0eac0e17d3ed,FedAvg / ΔW,36,3,accuracy,3,0.14233333333333334,0.043730233629988007,0.092,0.171
ded87b4e7797,0eac0e17d3ed,FedAvg / ΔW,36,4,accuracy,3,0.2185,0.07414681382230795,0.138,0.284
ded87b4e7797,0eac0e17d3ed,FedAvg / ΔW,37,0,accuracy,3,0.18616666666666667,0.031868218232799485,0.156,0.2195
ded87b4e7797,0eac0e17d3ed,FedAvg / ΔW,37,1,accuracy,3,0.2801666666666667,0.051147662051489066,0.243,0.3385
ded87b4e7797,0eac0e17d3ed,FedAvg / ΔW,37,2,accuracy,3,0.21366666666666667,0.0579446575046685,0.1775,0.2805
ded87b4e7797,0eac0e17d3ed,FedAvg / ΔW,37,3,accuracy,3,0.14150000000000001,0.03930966802200192,0.097,0.1715
ded87b4e7797,0eac0e17d3ed,FedAvg / ΔW,37,4,accuracy,3,0.221,0.07102992327181551,0.1455,0.2865
ded87b4e7797,0eac0e17d3ed,FedAvg / ΔW,38,0,accuracy,3,0.18766666666666668,0.023876417933461732,0.1625,0.21
ded87b4e7797,0eac0e17d3ed,FedAvg / ΔW,38,1,accuracy,3,0.2826666666666667,0.03009291167921996,0.2575,0.316
ded87b4e7797,0eac0e17d3ed,FedAvg / ΔW,38,2,accuracy,3,0.23099999999999998,0.0566060950781804,0.1875,0.295
ded87b4e7797,0eac0e17d3ed,FedAvg / ΔW,38,3,accuracy,3,0.151,0.045752049134437686,0.1055,0.197
ded87b4e7797,0eac0e17d3ed,FedAvg / ΔW,38,4,accuracy,3,0.214,0.07202083032012335,0.143,0.287
ded87b4e7797,0eac0e17d3ed,FedAvg / ΔW,39,0,accuracy,3,0.2085,0.02981610303175116,0.1755,0.2335
ded87b4e7797,0eac0e17d3ed,FedAvg / ΔW,39,1,accuracy,3,0.2823333333333333,0.030989245446337237,0.262,0.318
ded87b4e7797,0eac0e17d3ed,FedAvg / ΔW,39,2,accuracy,3,0.23483333333333334,0.05143280405862908,0.1975,0.2935
ded87b4e7797,0eac0e17d3ed,FedAvg / ΔW,39,3,accuracy,3,0.14566666666666667,0.054932534379303254,0.0935,0.203
ded87b4e7797,0eac0e17d3ed,FedAvg / ΔW,39,4,accuracy,3,0.21016666666666667,0.07186329614854396,0.1345,0.2775
ded87b4e7797,0eac0e17d3ed,FedAvg / ΔW,40,0,accuracy,3,0.21216666666666667,0.031069813860616115,0.1775,0.2375
ded87b4e7797,0eac0e17d3ed,FedAvg / ΔW,40,1,accuracy,3,0.2798333333333333,0.03214550253664318,0.2565,0.3165
ded87b4e7797,0eac0e17d3ed,FedAvg / ΔW,40,2,accuracy,3,0.2383333333333333,0.05429165067792039,0.2055,0.301
ded87b4e7797,0eac0e17d3ed,FedAvg / ΔW,40,3,accuracy,3,0.15066666666666667,0.0569919584970839,0.1065,0.215
ded87b4e7797,0eac0e17d3ed,FedAvg / ΔW,40,4,accuracy,3,0.20516666666666666,0.06908388620607075,0.1325,0.27
ded87b4e7797,0eac0e17d3ed,FedAvg / ΔW,41,0,accuracy,3,0.2165,0.028075790282732917,0.1845,0.237
ded87b4e7797,0eac0e17d3ed,FedAvg / ΔW,41,1,accuracy,3,0.28900000000000003,0.03210529551335729,0.262,0.3245
ded87b4e7797,0eac0e17d3ed,FedAvg / ΔW,41,2,accuracy,3,0.24316666666666667,0.06607256112285442,0.198,0.319
ded87b4e7797,0eac0e17d3ed,FedAvg / ΔW,41,3,accuracy,3,0.14733333333333334,0.06061421725415031,0.0995,0.2155
ded87b4e7797,0eac0e17d3ed,FedAvg / ΔW,41,4,accuracy,3,0.20533333333333334,0.05378274196555372,0.1505,0.258
ded87b4e7797,0eac0e17d3ed,FedAvg / ΔW,42,0,accuracy,3,0.22266666666666668,0.0285715476187996,0.193,0.25
ded87b4e7797,0eac0e17d3ed,FedAvg / ΔW,42,1,accuracy,3,0.29383333333333334,0.028811166816589243,0.264,0.3215
ded87b4e7797,0eac0e17d3ed,FedAvg / ΔW,42,2,accuracy,3,0.25466666666666665,0.05985468514104251,0.2075,0.322
ded87b4e7797,0eac0e17d3ed,FedAvg / ΔW,42,3,accuracy,3,0.14016666666666666,0.05978572850884509,0.0975,0.2085
ded87b4e7797,0eac0e17d3ed,FedAvg / ΔW,42,4,accuracy,3,0.2085,0.045713783479383985,0.1595,0.25
ded87b4e7797,0eac0e17d3ed,FedAvg / ΔW,43,0,accuracy,3,0.21383333333333332,0.031868218232799485,0.1805,0.244
ded87b4e7797,0eac0e17d3ed,FedAvg / ΔW,43,1,accuracy,3,0.29583333333333334,0.0234591844132172,0.2695,0.3145
ded87b4e7797,0eac0e17d3ed,FedAvg / ΔW,43,2,accuracy,3,0.26766666666666666,0.06305619187148345,0.2085,0.334
ded87b4e7797,0eac0e17d3ed,FedAvg / ΔW,43,3,accuracy,3,0.14183333333333334,0.06115622072474175,0.097,0.2115
ded87b4e7797,0eac0e17d3ed,FedAvg / ΔW,43,4,accuracy,3,0.20566666666666666,0.027098585448936882,0.18,0.234
ded87b4e7797,0eac0e17d3ed,FedAvg / ΔW,44,0,accuracy,3,0.2105,0.031096623610932426,0.1765,0.2375
ded87b4e7797,0eac0e17d3ed,FedAvg / ΔW,44,1,accuracy,3,0.29733333333333334,0.024986663109213544,0.27,0.319
ded87b4e7797,0eac0e17d3ed,FedAvg / ΔW,44,2,accuracy,3,0.2713333333333333,0.06074811382531424,0.214,0.335
ded87b4e7797,0eac0e17d3ed,FedAvg / ΔW,44,3,accuracy,3,0.13966666666666666,0.05783885660465059,0.095,0.205
ded87b4e7797,0eac0e17d3ed,FedAvg / ΔW,44,4,accuracy,3,0.20666666666666667,0.028915105625491547,0.185,0.2395
ded87b4e7797,0eac0e17d3ed,FedAvg / ΔW,45,0,accuracy,3,0.2155,0.03584340943604557,0.184,0.2545
ded87b4e7797,0eac0e17d3ed,FedAvg / ΔW,45,1,accuracy,3,0.2955,0.02493491527958336,0.269,0.3185
ded87b4e7797,0eac0e17d3ed,FedAvg / ΔW,45,2,accuracy,3,0.2755,0.0504752414555889,0.228,0.3285
ded87b4e7797,0eac0e17d3ed,FedAvg / ΔW,45,3,accuracy,3,0.13816666666666666,0.05876719606492497,0.091,0.204
ded87b4e7797,0eac0e17d3ed,FedAvg / ΔW,45,4,accuracy,3,0.20400000000000001,0.02783433131943357,0.1775,0.233
ded87b4e7797,0eac0e17d3ed,FedAvg / ΔW,46,0,accuracy,3,0.22866666666666668,0.04104063027456248,0.192,0.273
ded87b4e7797,0eac0e17d3ed,FedAvg / ΔW,46,1,accuracy,3,0.29333333333333333,0.034486712417006835,0.256,0.324
ded87b4e7797,0eac0e17d3ed,FedAvg / ΔW,46,2,accuracy,3,0.26583333333333337,0.05631681217303883,0.208,0.3205
ded87b4e7797,0eac0e17d3ed,FedAvg / ΔW,46,3,accuracy,3,0.13616666666666666,0.05678981716235169,0.093,0.2005
ded87b4e7797,0eac0e17d3ed,FedAvg / ΔW,46,4,accuracy,3,0.20816666666666667,0.03619507332957529,0.167,0.235
ded87b4e7797,0eac0e17d3ed,FedAvg / ΔW,47,0,accuracy,3,0.23,0.046122120506325394,0.1785,0.2675
ded87b4e7797,0eac0e17d3ed,FedAvg / ΔW,47,1,accuracy,3,0.2945,0.033589432862136864,0.2585,0.325
ded87b4e7797,0eac0e17d3ed,FedAvg / ΔW,47,2,accuracy,3,0.264,0.07053367989832943,0.189,0.329
ded87b4e7797,0eac0e17d3ed,FedAvg / ΔW,47,3,accuracy,3,0.144,0.06494035725186612,0.0965,0.218
ded87b4e7797,0eac0e17d3ed,FedAvg / ΔW,47,4,accuracy,3,0.20450000000000002,0.03293554311074891,0.168,0.232
ded87b4e7797,0eac0e17d3ed,FedAvg / ΔW,48,0,accuracy,3,0.22616666666666668,0.05318442754541346,0.1695,0.275
ded87b4e7797,0eac0e17d3ed,FedAvg / ΔW,48,1,accuracy,3,0.29033333333333333,0.03039051387083366,0.257,0.3165
ded87b4e7797,0eac0e17d3ed,FedAvg / ΔW,48,2,accuracy,3,0.26316666666666666,0.06748394870881026,0.1895,0.322
ded87b4e7797,0eac0e17d3ed,FedAvg / ΔW,48,3,accuracy,3,0.14616666666666667,0.06573494757990861,0.094,0.22
ded87b4e7797,0eac0e17d3ed,FedAvg / ΔW,48,4,accuracy,3,0.21566666666666667,0.03295577845133283,0.1795,0.244
ded87b4e7797,0eac0e17d3ed,FedAvg / ΔW,49,0,accuracy,3,0.23416666666666666,0.052700411130591145,0.1755,0.2775
ded87b4e7797,0eac0e17d3ed,FedAvg / ΔW,49,1,accuracy,3,0.2956666666666667,0.03779660478579172,0.2535,0.3265
ded87b4e7797,0eac0e17d3ed,FedAvg / ΔW,49,2,accuracy,3,0.256,0.059726459797982336,0.1885,0.302
ded87b4e7797,0eac0e17d3ed,FedAvg / ΔW,49,3,accuracy,3,0.15366666666666667,0.06454133042735742,0.1055,0.227
ded87b4e7797,0eac0e17d3ed,FedAvg / ΔW,49,4,accuracy,3,0.21566666666666667,0.034019602192461536,0.177,0.241
ded87b4e7797,0eac0e17d3ed,FedAvg / ΔW,50,0,accuracy,3,0.23700000000000002,0.047357681531088505,0.1845,0.2765
ded87b4e7797,0eac0e17d3ed,FedAvg / ΔW,50,1,accuracy,3,0.297,0.03592005011132362,0.2565,0.325
ded87b4e7797,0eac0e17d3ed,FedAvg / ΔW,50,2,accuracy,3,0.25666666666666665,0.06653257347595487,0.1815,0.308
ded87b4e7797,0eac0e17d3ed,FedAvg / ΔW,50,3,accuracy,3,0.1535,0.06603597504391073,0.1065,0.229
ded87b4e7797,0eac0e17d3ed,FedAvg / ΔW,50,4,accuracy,3,0.21566666666666667,0.030538227409811023,0.183,0.2435
ded87b4e7797,51d33462378d,Local / ΔW,1,0,accuracy,3,0.05683333333333333,0.0063705049512054615,0.0495,0.061
ded87b4e7797,51d33462378d,Local / ΔW,1,1,accuracy,3,0.05516666666666667,0.011150485789118486,0.0425,0.0635
ded87b4e7797,51d33462378d,Local / ΔW,1,2,accuracy,3,0.05416666666666667,0.005346338310781814,0.048,0.0575
ded87b4e7797,51d33462378d,Local / ΔW,1,3,accuracy,3,0.04416666666666667,0.0050579969684978405,0.041,0.05
ded87b4e7797,51d33462378d,Local / ΔW,1,4,accuracy,3,0.0655,0.017349351572897475,0.0505,0.0845
ded87b4e7797,51d33462378d,Local / ΔW,2,0,accuracy,3,0.10600000000000001,0.008231038816577163,0.101,0.1155
ded87b4e7797,51d33462378d,Local / ΔW,2,1,accuracy,3,0.1035,0.012757350822173079,0.0905,0.116
ded87b4e7797,51d33462378d,Local / ΔW,2,2,accuracy,3,0.09366666666666666,0.01437300710823359,0.0775,0.105
ded87b4e7797,51d33462378d,Local / ΔW,2,3,accuracy,3,0.085,0.008544003745317531,0.077,0.094
ded87b4e7797,51d33462378d,Local / ΔW,2,4,accuracy,3,0.09933333333333333,0.011590225767142477,0.087,0.11
ded87b4e7797,51d33462378d,Local / ΔW,3,0,accuracy,3,0.20133333333333334,0.008098353742170886,0.192,0.2065
ded87b4e7797,51d33462378d,Local / ΔW,3,1,accuracy,3,0.20833333333333334,0.026135862972806803,0.18,0.2315
ded87b4e7797,51d33462378d,Local / ΔW,3,2,accuracy,3,0.17033333333333334,0.011449162997063724,0.1575,0.1795
ded87b4e7797,51d33462378d,Local / ΔW,3,3,accuracy,3,0.14266666666666666,0.01977582699492826,0.1205,0.1585
ded87b4e7797,51d33462378d,Local / ΔW,3,4,accuracy,3,0.17566666666666667,0.007182153808805072,0.1675,0.181
ded87b4e7797,51d33462378d,Local / ΔW,4,0,accuracy,3,0.27666666666666667,0.01755942292142122,0.26,0.295
ded87b4e7797,51d33462378d,Local / ΔW,4,1,accuracy,3,0.31383333333333335,0.04800347209664455,0.2595,0.3505
ded87b4e7797,51d33462378d,Local / ΔW,4,2,accuracy,3,0.25416666666666665,0.0225407039227557,0.235,0.279
ded87b4e7797,51d33462378d,Local / ΔW,4,3,accuracy,3,0.20316666666666666,0.012003471720020557,0.191,0.215
ded87b4e7797,51d33462378d,Local / ΔW,4,4,accuracy,3,0.25383333333333336,0.030184156992258935,0.22,0.278
ded87b4e7797,51d33462378d,Local / ΔW,5,0,accuracy,3,0.32666666666666666,0.02352835169180651,0.2995,0.3405
ded87b4e7797,51d33462378d,Local / ΔW,5,1,accuracy,3,0.3815,0.04203569911396739,0.3345,0.4155
ded87b4e7797,51d33462378d,Local / ΔW,5,2,accuracy,3,0.3175,0.022961925006410058,0.3035,0.344
ded87b4e7797,51d33462378d,Local / ΔW,5,3,accuracy,3,0.25233333333333335,0.007005949852327907,0.2455,0.2595
ded87b4e7797,51d33462378d,Local / ΔW,5,4,accuracy,3,0.31383333333333335,0.021692932796957956,0.294,0.337
ded87b4e7797,51d33462378d,Local / ΔW,6,0,accuracy,3,0.36533333333333334,0.021007935008784992,0.344,0.386
ded87b4e7797,51d33462378d,Local / ΔW,6,1,accuracy,3,0.42033333333333334,0.046492830988587204,0.3675,0.455
ded87b4e7797,51d33462378d,Local / ΔW,6,2,accuracy,3,0.37566666666666665,0.032180480626201546,0.353,0.4125
ded87b4e7797,51d33462378d,Local / ΔW,6,3,accuracy,3,0.29083333333333333,0.021779194965226168,0.2665,0.3085
ded87b4e7797,51d33462378d,Local / ΔW,6,4,accuracy,3,0.35133333333333333,0.027795383309703308,0.3245,0.38
ded87b4e7797,51d33462378d,Local / ΔW,7,0,accuracy,3,0.39716666666666667,0.02126225137028845,0.3755,0.418
ded87b4e7797,51d33462378d,Local / ΔW,7,1,accuracy,3,0.45366666666666666,0.03523256069793016,0.413,0.475
ded87b4e7797,51d33462378d,Local / ΔW,7,2,accuracy,3,0.4103333333333333,0.029365512652316034,0.39,0.444
ded87b4e7797,51d33462378d,Local / ΔW,7,3,accuracy,3,0.3253333333333333,0.030501366089625122,0.295,0.356
ded87b4e7797,51d33462378d,Local / ΔW,7,4,accuracy,3,0.3833333333333333,0.03951687403291579,0.3445,0.4235
ded87b4e7797,51d33462378d,Local / ΔW,8,0,accuracy,3,0.4231666666666667,0.020894576648818063,0.405,0.446
ded87b4e7797,51d33462378d,Local / ΔW,8,1,accuracy,3,0.4721666666666667,0.03608785575970583,0.4305,0.4935
ded87b4e7797,51d33462378d,Local / ΔW,8,2,accuracy,3,0.4395,0.03057368149242089,0.418,0.4745
ded87b4e7797,51d33462378d,Local / ΔW,8,3,accuracy,3,0.3505,0.042623350407963015,0.305,0.3895
ded87b4e7797,51d33462378d,Local / ΔW,8,4,accuracy,3,0.4071666666666667,0.04407474711593175,0.3665,0.454
ded87b4e7797,51d33462378d,Local / ΔW,9,0,accuracy,3,0.4375,0.022522211259110435,0.424,0.4635
ded87b4e7797,51d33462378d,Local / ΔW,9,1,accuracy,3,0.493,0.030327380368241463,0.458,0.5115
ded87b4e7797,51d33462378d,Local / ΔW,9,2,accuracy,3,0.4663333333333333,0.04328490884053395,0.4275,0.513
ded87b4e7797,51d33462378d,Local / ΔW,9,3,accuracy,3,0.3671666666666667,0.03640169409977142,0.329,0.4015
ded87b4e7797,51d33462378d,Local / ΔW,9,4,accuracy,3,0.435,0.044969434063594785,0.4035,0.4865
ded87b4e7797,51d33462378d,Local / ΔW,10,0,accuracy,3,0.4485,0.017385338650713726,0.4325,0.467
ded87b4e7797,51d33462378d,Local / ΔW,10,1,accuracy,3,0.5085,0.026851443164195094,0.4775,0.5245
ded87b4e7797,51d33462378d,Local / ΔW,10,2,accuracy,3,0.4835,0.0472202287160916,0.4445,0.536
ded87b4e7797,51d33462378d,Local / ΔW,10,3,accuracy,3,0.37933333333333336,0.03650114153466069,0.343,0.416
ded87b4e7797,51d33462378d,Local / ΔW,10,4,accuracy,3,0.4503333333333333,0.045081407845511366,0.419,0.502
ded87b4e7797,51d33462378d,Local / ΔW,11,0,accuracy,3,0.4585,0.019576771950451884,0.438,0.477
ded87b4e7797,51d33462378d,Local / ΔW,11,1,accuracy,3,0.5236666666666667,0.025750404527566828,0.4955,0.546
ded87b4e7797,51d33462378d,Local / ΔW,11,2,accuracy,3,0.49583333333333335,0.040104031385053196,0.4575,0.5375
ded87b4e7797,51d33462378d,Local / ΔW,11,3,accuracy,3,0.40116666666666667,0.0402937133227174,0.362,0.4425
ded87b4e7797,51d33462378d,Local / ΔW,11,4,accuracy,3,0.4618333333333333,0.03700450423034108,0.4385,0.5045
ded87b4e7797,51d33462378d,Local / ΔW,12,0,accuracy,3,0.4638333333333333,0.019263523388345468,0.445,0.4835
ded87b4e7797,51d33462378d,Local / ΔW,12,1,accuracy,3,0.5413333333333333,0.02240721609958129,0.5155,0.5555
ded87b4e7797,51d33462378d,Local / ΔW,12,2,accuracy,3,0.5095,0.04250882261366455,0.4675,0.5525
ded87b4e7797,51d33462378d,Local / ΔW,12,3,accuracy,3,0.3998333333333333,0.04075025562292013,0.359,0.4405
ded87b4e7797,51d33462378d,Local / ΔW,12,4,accuracy,3,0.47333333333333333,0.04217325376744523,0.4475,0.522
ded87b4e7797,51d33462378d,Local / ΔW,13,0,accuracy,3,0.4731666666666667,0.020508128469788094,0.453,0.494
ded87b4e7797,51d33462378d,Local / ΔW,13,1,accuracy,3,0.5526666666666666,0.020882608393908382,0.529,0.5685
ded87b4e7797,51d33462378d,Local / ΔW,13,2,accuracy,3,0.5196666666666666,0.04151606114907015,0.4835,0.565
ded87b4e7797,51d33462378d,Local / ΔW,13,3,accuracy,3,0.4141666666666667,0.035575038065100276,0.38,0.451
ded87b4e7797,51d33462378d,Local / ΔW,13,4,accuracy,3,0.4895,0.039500000000000014,0.464,0.535
ded87b4e7797,51d33462378d,Local / ΔW,14,0,accuracy,3,0.4831666666666667,0.018230011885167076,0.4635,0.4995
ded87b4e7797,51d33462378d,Local / ΔW,14,1,accuracy,3,0.5648333333333333,0.015494622723168584,0.547,0.575
ded87b4e7797,51d33462378d,Local / ΔW,14,2,accuracy,3,0.5263333333333333,0.046028071145045084,0.4835,0.575
ded87b4e7797,51d33462378d,Local / ΔW,14,3,accuracy,3,0.4255,0.035252659474144646,0.3905,0.461
ded87b4e7797,51d33462378d,Local / ΔW,14,4,accuracy,3,0.4976666666666667,0.046360903068569916,0.467,0.551
ded87b4e7797,51d33462378d,Local / ΔW,15,0,accuracy,3,0.4868333333333333,0.020526405757787525,0.4695,0.5095
ded87b4e7797,51d33462378d,Local / ΔW,15,1,accuracy,3,0.575,0.020018741219167618,0.5545,0.5945
ded87b4e7797,51d33462378d,Local / ΔW,15,2,accuracy,3,0.534,0.04404826897847407,0.4945,0.5815
ded87b4e7797,51d33462378d,Local / ΔW,15,3,accuracy,3,0.43383333333333335,0.03633295106832545,0.399,0.4715
ded87b4e7797,51d33462378d,Local / ΔW,15,4,accuracy,3,0.507,0.040610959112042655,0.4785,0.5535
ded87b4e7797,51d33462378d,Local / ΔW,16,0,accuracy,3,0.49283333333333335,0.018277946638868763,0.473,0.509
ded87b4e7797,51d33462378d,Local / ΔW,16,1,accuracy,3,0.5811666666666667,0.020774583830568856,0.561,0.6025
ded87b4e7797,51d33462378d,Local / ΔW,16,2,accuracy,3,0.5451666666666667,0.04788614970253228,0.4995,0.595
ded87b4e7797,51d33462378d,Local / ΔW,16,3,accuracy,3,0.4335,0.03401102762340474,0.399,0.467
ded87b4e7797,51d33462378d,Local / ΔW,16,4,accuracy,3,0.5146666666666666,0.04539089482851524,0.486,0.567
ded87b4e7797,51d33462378d,Local / ΔW,17,0,accuracy,3,0.4945,0.01657558445425079,0.481,0.513
ded87b4e7797,51d33462378d,Local / ΔW,17,1,accuracy,3,0.595,0.018993419913222585,0.5735,0.6095
ded87b4e7797,51d33462378d,Local / ΔW,17,2,accuracy,3,0.5458333333333334,0.049750209379793915,0.496,0.5955
ded87b4e7797,51d33462378d,Local / ΔW,17,3,accuracy,3,0.4403333333333333,0.03253203549323856,0.407,0.472
ded87b4e7797,51d33462378d,Local / ΔW,17,4,accuracy,3,0.5228333333333333,0.0410193043984577,0.4955,0.57
ded87b4e7797,51d33462378d,Local / ΔW,18,0,accuracy,3,0.5083333333333333,0.023045245351988184,0.4845,0.5305
ded87b4e7797,51d33462378d,Local / ΔW,18,1,accuracy,3,0.5938333333333333,0.021061418122560863,0.571,0.6125
ded87b4e7797,51d33462378d,Local / ΔW,18,2,accuracy,3,0.5505,0.047908767464838846,0.505,0.6005
ded87b4e7797,51d33462378d,Local / ΔW,18,3,accuracy,3,0.44866666666666666,0.031306282649547094,0.4185,0.481
ded87b4e7797,51d33462378d,Local / ΔW,18,4,accuracy,3,0.5318333333333333,0.03915460807278413,0.5075,0.577
ded87b4e7797,51d33462378d,Local / ΔW,19,0,accuracy,3,0.5061666666666667,0.02021344437084716,0.494,0.5295
ded87b4e7797,51d33462378d,Local / ΔW,19,1,accuracy,3,0.5988333333333333,0.014682756326158045,0.582,0.609
ded87b4e7797,51d33462378d,Local / ΔW,19,2,accuracy,3,0.5588333333333334,0.04457110424179924,0.52,0.6075
ded87b4e7797,51d33462378d,Local / ΔW,19,3,accuracy,3,0.459,0.0290516780926679,0.429,0.487
ded87b4e7797,51d33462378d,Local / ΔW,19,4,accuracy,3,0.5329999999999999,0.04444940944489589,0.5025,0.584
ded87b4e7797,51d33462378d,Local / ΔW,20,0,accuracy,3,0.5133333333333333,0.020275190093642377,0.4925,0.533
ded87b4e7797,51d33462378d,Local / ΔW,20,1,accuracy,3,0.6055,0.015803480629279096,0.5905,0.622
ded87b4e7797,51d33462378d,Local / ΔW,20,2,accuracy,3,0.5616666666666666,0.04446440523984701,0.5225,0.61
ded87b4e7797,51d33462378d,Local / ΔW,20,3,accuracy,3,0.4565,0.031048349392520047,0.4265,0.4885
ded87b4e7797,51d33462378d,Local / ΔW,20,4,accuracy,3,0.5369999999999999,0.04168632869418942,0.5045,0.584
ded87b4e7797,51d33462378d,Local / ΔW,21,0,accuracy,3,0.5116666666666666,0.010727690027836105,0.5045,0.524
ded87b4e7797,51d33462378d,Local / ΔW,21,1,accuracy,3,0.6083333333333334,0.022827249797847594,0.5845,0.63
ded87b4e7797,51d33462378d,Local / ΔW,21,2,accuracy,3,0.5683333333333334,0.04508140784551134,0.53,0.618
ded87b4e7797,51d33462378d,Local / ΔW,21,3,accuracy,3,0.46849999999999997,0.033999999999999975,0.4345,0.5025
ded87b4e7797,51d33462378d,Local / ΔW,21,4,accuracy,3,0.5445,0.04036396908134777,0.513,0.59
ded87b4e7797,51d33462378d,Local / ΔW,22,0,accuracy,3,0.5253333333333333,0.02478574859336176,0.503,0.552
ded87b4e7797,51d33462378d,Local / ΔW,22,1,accuracy,3,0.611,0.01788155474224766,0.592,0.6275
ded87b4e7797,51d33462378d,Local / ΔW,22,2,accuracy,3,0.5706666666666667,0.04049794233455984,0.533,0.6135
ded87b4e7797,51d33462378d,Local / ΔW,22,3,accuracy,3,0.4675,0.03554222840509582,0.433,0.504
ded87b4e7797,51d33462378d,Local / ΔW,22,4,accuracy,3,0.5489999999999999,0.03747999466382033,0.5165,0.59
ded87b4e7797,51d33462378d,Local / ΔW,23,0,accuracy,3,0.5125,0.01917680891076513,0.495,0.533
ded87b4e7797,51d33462378d,Local / ΔW,23,1,accuracy,3,0.6178333333333333,0.01625064101299801,0.6015,0.634
ded87b4e7797,51d33462378d,Local / ΔW,23,2,accuracy,3,0.575,0.038742741255621015,0.539,0.616
ded87b4e7797,51d33462378d,Local / ΔW,23,3,accuracy,3,0.475,0.029904013108611325,0.451,0.5085
ded87b4e7797,51d33462378d,Local / ΔW,23,4,accuracy,3,0.5446666666666666,0.043761665111525815,0.5125,0.5945
ded87b4e7797,51d33462378d,Local / ΔW,24,0,accuracy,3,0.5235,0.02062159062730132,0.5055,0.546
ded87b4e7797,51d33462378d,Local / ΔW,24,1,accuracy,3,0.6183333333333333,0.016973017802775475,0.6,0.6335
ded87b4e7797,51d33462378d,Local / ΔW,24,2,accuracy,3,0.577,0.04675200530458561,0.5305,0.624
ded87b4e7797,51d33462378d,Local / ΔW,24,3,accuracy,3,0.4716666666666667,0.030084602927965214,0.4445,0.504
ded87b4e7797,51d33462378d,Local / ΔW,24,4,accuracy,3,0.5551666666666667,0.03896900477730133,0.523,0.5985
ded87b4e7797,51d33462378d,Local / ΔW,25,0,accuracy,3,0.5263333333333333,0.016825080485196296,0.514,0.5455
ded87b4e7797,51d33462378d,Local / ΔW,25,1,accuracy,3,0.6236666666666667,0.016645820296198446,0.6045,0.6345
ded87b4e7797,51d33462378d,Local / ΔW,25,2,accuracy,3,0.5816666666666667,0.03893049361789979,0.5465,0.6235
ded87b4e7797,51d33462378d,Local / ΔW,25,3,accuracy,3,0.47633333333333333,0.030332875454419612,0.45,0.5095
ded87b4e7797,51d33462378d,Local / ΔW,25,4,accuracy,3,0.5556666666666666,0.036953799985026375,0.5225,0.5955
ded87b4e7797,51d33462378d,Local / ΔW,26,0,accuracy,3,0.5225,0.021254411306832317,0.509,0.547
ded87b4e7797,51d33462378d,Local / ΔW,26,1,accuracy,3,0.6263333333333333,0.012220201853215583,0.613,0.637
ded87b4e7797,51d33462378d,Local / ΔW,26,2,accuracy,3,0.581,0.040009373901624644,0.5415,0.6215
ded87b4e7797,51d33462378d,Local / ΔW,26,3,accuracy,3,0.4771666666666667,0.028259216785561016,0.4525,0.508
ded87b4e7797,51d33462378d,Local / ΔW,26,4,accuracy,3,0.5591666666666667,0.03478625207367608,0.5235,0.593
ded87b4e7797,51d33462378d,Local / ΔW,27,0,accuracy,3,0.5321666666666667,0.017616280348965098,0.5215,0.5525
ded87b4e7797,51d33462378d,Local / ΔW,27,1,accuracy,3,0.6336666666666667,0.016645820296198446,0.6145,0.6445
ded87b4e7797,51d33462378d,Local / ΔW,27,2,accuracy,3,0.5896666666666667,0.043523939772650774,0.547,0.634
ded87b4e7797,51d33462378d,Local / ΔW,27,3,accuracy,3,0.4835,0.030995967479657736,0.4505,0.512
ded87b4e7797,51d33462378d,Local / ΔW,27,4,accuracy,3,0.5561666666666667,0.033802120249081025,0.5235,0.591
ded87b4e7797,51d33462378d,Local / ΔW,28,0,accuracy,3,0.533,0.016822603841260737,0.52,0.552
ded87b4e7797,51d33462378d,Local / ΔW,28,1,accuracy,3,0.6331666666666667,0.013156113914577251,0.618,0.6415
ded87b4e7797,51d33462378d,Local / ΔW,28,2,accuracy,3,0.587,0.038742741255621015,0.551,0.628
ded87b4e7797,51d33462378d,Local / ΔW,28,3,accuracy,3,0.48133333333333334,0.02935273979262129,0.4535,0.512
ded87b4e7797,51d33462378d,Local / ΔW,28,4,accuracy,3,0.568,0.03451086785347477,0.533,0.602
ded87b4e7797,51d33462378d,Local / ΔW,29,0,accuracy,3,0.537,0.014756354563373751,0.5275,0.554
ded87b4e7797,51d33462378d,Local / ΔW,29,1,accuracy,3,0.6323333333333333,0.013003204733192976,0.6195,0.6455
ded87b4e7797,51d33462378d,Local / ΔW,29,2,accuracy,3,0.5901666666666666,0.04428976555970159,0.547,0.6355
ded87b4e7797,51d33462378d,Local / ΔW,29,3,accuracy,3,0.487,0.024743686063317234,0.471,0.5155
ded87b4e7797,51d33462378d,Local / ΔW,29,4,accuracy,3,0.5666666666666667,0.03593164807427199,0.533,0.6045
ded87b4e7797,51d33462378d,Local / ΔW,30,0,accuracy,3,0.5373333333333333,0.02685764943797821,0.518,0.568
ded87b4e7797,51d33462378d,Local / ΔW,30,1,accuracy,3,0.6351666666666667,0.009878427675158275,0.6245,0.644
ded87b4e7797,51d33462378d,Local / ΔW,30,2,accuracy,3,0.5955,0.042517643396594744,0.556,0.6405
ded87b4e7797,51d33462378d,Local / ΔW,30,3,accuracy,3,0.48883333333333334,0.03234321154946323,0.458,0.5225
ded87b4e7797,51d33462378d,Local / ΔW,30,4,accuracy,3,0.5650000000000001,0.0333878720495931,0.53,0.5965
ded87b4e7797,51d33462378d,Local / ΔW,31,0,accuracy,3,0.5351666666666667,0.0237135685491099,0.5155,0.5615
ded87b4e7797,51d33462378d,Local / ΔW,31,1,accuracy,3,0.6426666666666666,0.014868871286460616,0.629,0.6585
ded87b4e7797,51d33462378d,Local / ΔW,31,2,accuracy,3,0.5893333333333334,0.043431939092485064,0.552,0.637
ded87b4e7797,51d33462378d,Local / ΔW,31,3,accuracy,3,0.48833333333333334,0.033709543653590655,0.461,0.526
ded87b4e7797,51d33462378d,Local / ΔW,31,4,accuracy,3,0.5666666666666667,0.033861236441295725,0.5345,0.602
ded87b4e7797,51d33462378d,Local / ΔW,32,0,accuracy,3,0.5375,0.02523390576189105,0.518,0.566
ded87b4e7797,51d33462378d,Local / ΔW,32,1,accuracy,3,0.6405,0.013228756555322966,0.6255,0.6505
ded87b4e7797,51d33462378d,Local / ΔW,32,2,accuracy,3,0.5953333333333333,0.04404637707386763,0.5525,0.6405
ded87b4e7797,51d33462378d,Local / ΔW,32,3,accuracy,3,0.49433333333333335,0.02985939271541422,0.4675,0.5265
ded87b4e7797,51d33462378d,Local / ΔW,32,4,accuracy,3,0.5685,0.03616628264005028,0.5305,0.6025
ded87b4e7797,51d33462378d,Local / ΔW,33,0,accuracy,3,0.5348333333333334,0.014767644813352417,0.5205,0.55
ded87b4e7797,51d33462378d,Local / ΔW,33,1,accuracy,3,0.645,0.01558845726811991,0.627,0.654
ded87b4e7797,51d33462378d,Local / ΔW,33,2,accuracy,3,0.5951666666666666,0.04101625693957619,0.5535,0.6355
ded87b4e7797,51d33462378d,Local / ΔW,33,3,accuracy,3,0.4975,0.021754309917807083,0.476,0.5195
ded87b4e7797,51d33462378d,Local / ΔW,33,4,accuracy,3,0.5706666666666667,0.03450120770833003,0.536,0.605
ded87b4e7797,51d33462378d,Local / ΔW,34,0,accuracy,3,0.5425,0.021219095173922915,0.53,0.567
ded87b4e7797,51d33462378d,Local / ΔW,34,1,accuracy,3,0.643,0.009000000000000008,0.634,0.652
ded87b4e7797,51d33462378d,Local / ΔW,34,2,accuracy,3,0.6051666666666666,0.0413561764834871,0.5695,0.6505
ded87b4e7797,51d33462378d,Local / ΔW,34,3,accuracy,3,0.49283333333333335,0.02379250582291269,0.4725,0.519
ded87b4e7797,51d33462378d,Local / ΔW,34,4,accuracy,3,0.5711666666666667,0.03602892356612024,0.538,0.6095
ded87b4e7797,51d33462378d,Local / ΔW,35,0,accuracy,3,0.5381666666666667,0.024136763108033605,0.523,0.566
ded87b4e7797,51d33462378d,Local / ΔW,35,1,accuracy,3,0.647,0.01105667219374801,0.6345,0.6555
ded87b4e7797,51d33462378d,Local / ΔW,35,2,accuracy,3,0.6,0.04181207959429904,0.5655,0.6465
ded87b4e7797,51d33462378d,Local / ΔW,35,3,accuracy,3,0.49016666666666664,0.030717801570641926,0.463,0.5235
ded87b4e7797,51d33462378d,Local / ΔW,35,4,accuracy,3,0.5735,0.03454345089883173,0.54,0.609
ded87b4e7797,51d33462378d,Local / ΔW,36,0,accuracy,3,0.5343333333333333,0.023228933107943977,0.5185,0.561
ded87b4e7797,51d33462378d,Local / ΔW,36,1,accuracy,3,0.6443333333333333,0.011898879499067724,0.6315,0.655
ded87b4e7797,51d33462378d,Local / ΔW,36,2,accuracy,3,0.6006666666666667,0.03831557559705102,0.5655,0.6415
ded87b4e7797,51d33462378d,Local / ΔW,36,3,accuracy,3,0.49833333333333335,0.031085902485424696,0.466,0.528
ded87b4e7797,51d33462378d,Local / ΔW,36,4,accuracy,3,0.5716666666666667,0.031750328082294416,0.54,0.6035
ded87b4e7797,51d33462378d,Local / ΔW,37,0,accuracy,3,0.5386666666666666,0.022618208004466952,0.5205,0.564
ded87b4e7797,51d33462378d,Local / ΔW,37,1,accuracy,3,0.6458333333333333,0.016072751268321604,0.6275,0.6575
ded87b4e7797,51d33462378d,Local / ΔW,37,2,accuracy,3,0.6056666666666667,0.04583212119609272,0.5675,0.6565
ded87b4e7797,51d33462378d,Local / ΔW,37,3,accuracy,3,0.49333333333333335,0.026656768996510653,0.4685,0.5215
ded87b4e7797,51d33462378d,Local / ΔW,37,4,accuracy,3,0.5753333333333334,0.034439560585659855,0.5445,0.6125
ded87b4e7797,51d33462378d,Local / ΔW,38,0,accuracy,3,0.5391666666666667,0.019107153983085358,0.5255,0.561
ded87b4e7797,51d33462378d,Local / ΔW,38,1,accuracy,3,0.6475,0.010476163419878467,0.636,0.6565
ded87b4e7797,51d33462378d,Local / ΔW,38,2,accuracy,3,0.6021666666666666,0.04106498914322676,0.5625,0.6445
ded87b4e7797,51d33462378d,Local / ΔW,38,3,accuracy,3,0.49716666666666665,0.029035897322682053,0.469,0.527
ded87b4e7797,51d33462378d,Local / ΔW,38,4,accuracy,3,0.574,0.030112289849827126,0.5455,0.6055
ded87b4e7797,51d33462378d,Local / ΔW,39,0,accuracy,3,0.5438333333333334,0.02052031513728122,0.531,0.5675
ded87b4e7797,51d33462378d,Local / ΔW,39,1,accuracy,3,0.6493333333333333,0.007251436639269008,0.642,0.6565
ded87b4e7797,51d33462378d,Local / ΔW,39,2,accuracy,3,0.6053333333333333,0.03669241520169169,0.571,0.644
ded87b4e7797,51d33462378d,Local / ΔW,39,3,accuracy,3,0.4978333333333333,0.029547983574743863,0.471,0.5295
ded87b4e7797,51d33462378d,Local / ΔW,39,4,accuracy,3,0.5746666666666667,0.033287885684334675,0.5405,0.607
ded87b4e7797,51d33462378d,Local / ΔW,40,0,accuracy,3,0.5468333333333333,0.027537852736430536,0.5285,0.5785
ded87b4e7797,51d33462378d,Local / ΔW,40,1,accuracy,3,0.6478333333333334,0.014852048119142787,0.636,0.6645
ded87b4e7797,51d33462378d,Local / ΔW,40,2,accuracy,3,0.6061666666666666,0.04189968178081232,0.568,0.651
ded87b4e7797,51d33462378d,Local / ΔW,40,3,accuracy,3,0.49683333333333335,0.03234321154946323,0.466,0.5305
ded87b4e7797,51d33462378d,Local / ΔW,40,4,accuracy,3,0.5763333333333334,0.029267444940297285,0.5465,0.605
ded87b4e7797,51d33462378d,Local / ΔW,41,0,accuracy,3,0.5463333333333333,0.021179785960517478,0.531,0.5705
ded87b4e7797,51d33462378d,Local / ΔW,41,1,accuracy,3,0.6471666666666667,0.009451631252505225,0.6365,0.6545
ded87b4e7797,51d33462378d,Local / ΔW,41,2,accuracy,3,0.6051666666666666,0.0374243681754727,0.57,0.6445
ded87b4e7797,51d33462378d,Local / ΔW,41,3,accuracy,3,0.5041666666666667,0.025031646636474687,0.4835,0.532
ded87b4e7797,51d33462378d,Local / ΔW,41,4,accuracy,3,0.5751666666666666,0.02480087364052591,0.5495,0.599
ded87b4e7797,51d33462378d,Local / ΔW,42,0,accuracy,3,0.5448333333333334,0.023142673426666437,0.53,0.5715
ded87b4e7797,51d33462378d,Local / ΔW,42,1,accuracy,3,0.647,0.0018027756377319655,0.645,0.6485
ded87b4e7797,51d33462378d,Local / ΔW,42,2,accuracy,3,0.6081666666666666,0.04220880634812283,0.57,0.6535
ded87b4e7797,51d33462378d,Local / ΔW,42,3,accuracy,3,0.49983333333333335,0.033167504177030495,0.478,0.538
ded87b4e7797,51d33462378d,Local / ΔW,42,4,accuracy,3,0.58,0.029137604568666896,0.548,0.605
ded87b4e7797,51d33462378d,Local / ΔW,43,0,accuracy,3,0.5506666666666666,0.022485180304665866,0.5355,0.5765
ded87b4e7797,51d33462378d,Local / ΔW,43,1,accuracy,3,0.6436666666666666,0.00975106831754007,0.6325,0.6505
ded87b4e7797,51d33462378d,Local / ΔW,43,2,accuracy,3,0.6081666666666666,0.04539364860124524,0.565,0.6555
ded87b4e7797,51d33462378d,Local / ΔW,43,3,accuracy,3,0.5028333333333334,0.031425838625776324,0.4775,0.538
ded87b4e7797,51d33462378d,Local / ΔW,43,4,accuracy,3,0.5788333333333333,0.02736025097350778,0.553,0.6075
ded87b4e7797,51d33462378d,Local / ΔW,44,0,accuracy,3,0.5508333333333333,0.026421266686768304,0.5285,0.58
ded87b4e7797,51d33462378d,Local / ΔW,44,1,accuracy,3,0.6473333333333333,0.008082903768654767,0.638,0.652
ded87b4e7797,51d33462378d,Local / ΔW,44,2,accuracy,3,0.6076666666666667,0.04211986862910819,0.5675,0.6515
ded87b4e7797,51d33462378d,Local / ΔW,44,3,accuracy,3,0.5013333333333333,0.027075511691071197,0.477,0.5305
ded87b4e7797,51d33462378d,Local / ΔW,44,4,accuracy,3,0.5816666666666667,0.03291782698376874,0.547,0.6125
ded87b4e7797,51d33462378d,Local / ΔW,45,0,accuracy,3,0.5461666666666667,0.021876547564305748,0.527,0.57
ded87b4e7797,51d33462378d,Local / ΔW,45,1,accuracy,3,0.6506666666666666,0.010610529361598032,0.6385,0.658
ded87b4e7797,51d33462378d,Local / ΔW,45,2,accuracy,3,0.6046666666666667,0.03825027233018523,0.5665,0.643
ded87b4e7797,51d33462378d,Local / ΔW,45,3,accuracy,3,0.4995,0.03256915718897254,0.471,0.535
ded87b4e7797,51d33462378d,Local / ΔW,45,4,accuracy,3,0.5823333333333334,0.031162210020044066,0.5495,0.6115
ded87b4e7797,51d33462378d,Local / ΔW,46,0,accuracy,3,0.5485,0.021639085008382367,0.532,0.573
ded87b4e7797,51d33462378d,Local / ΔW,46,1,accuracy,3,0.6485,0.008185352771872458,0.6395,0.6555
ded87b4e7797,51d33462378d,Local / ΔW,46,2,accuracy,3,0.6036666666666667,0.04217325376744521,0.5665,0.6495
ded87b4e7797,51d33462378d,Local / ΔW,46,3,accuracy,3,0.5048333333333334,0.02576981438298178,0.4785,0.53
ded87b4e7797,51d33462378d,Local / ΔW,46,4,accuracy,3,0.5798333333333333,0.02980911493710159,0.549,0.6085
ded87b4e7797,51d33462378d,Local / ΔW,47,0,accuracy,3,0.5493333333333333,0.020984120980716146,0.533,0.573
ded87b4e7797,51d33462378d,Local / ΔW,47,1,accuracy,3,0.6483333333333333,0.014338177476002065,0.635,0.6635
ded87b4e7797,51d33462378d,Local / ΔW,47,2,accuracy,3,0.6113333333333333,0.040016663195890485,0.572,0.652
ded87b4e7797,51d33462378d,Local / ΔW,47,3,accuracy,3,0.5018333333333334,0.028505847353364797,0.473,0.53
ded87b4e7797,51d33462378d,Local / ΔW,47,4,accuracy,3,0.5838333333333333,0.029267444940297285,0.554,0.6125
ded87b4e7797,51d33462378d,Local / ΔW,48,0,accuracy,3,0.549,0.025578311124857332,0.533,0.5785
ded87b4e7797,51d33462378d,Local / ΔW,48,1,accuracy,3,0.651,0.007858116822750838,0.644,0.6595
ded87b4e7797,51d33462378d,Local / ΔW,48,2,accuracy,3,0.6128333333333333,0.04051645756150624,0.573,0.654
ded87b4e7797,51d33462378d,Local / ΔW,48,3,accuracy,3,0.5005,0.023732888572611625,0.48,0.5265
ded87b4e7797,51d33462378d,Local / ΔW,48,4,accuracy,3,0.5803333333333334,0.030088757590391323,0.549,0.609
ded87b4e7797,51d33462378d,Local / ΔW,49,0,accuracy,3,0.5526666666666666,0.02272296928953898,0.532,0.577
ded87b4e7797,51d33462378d,Local / ΔW,49,1,accuracy,3,0.6498333333333334,0.006048415770541335,0.643,0.6545
ded87b4e7797,51d33462378d,Local / ΔW,49,2,accuracy,3,0.6074999999999999,0.03927149093171789,0.569,0.6475
ded87b4e7797,51d33462378d,Local / ΔW,49,3,accuracy,3,0.5018333333333334,0.023180451534284937,0.4805,0.5265
ded87b4e7797,51d33462378d,Local / ΔW,49,4,accuracy,3,0.5853333333333334,0.031025527124181686,0.5505,0.61
ded87b4e7797,51d33462378d,Local / ΔW,50,0,accuracy,3,0.5481666666666667,0.0221208800307161,0.5275,0.5715
ded87b4e7797,51d33462378d,Local / ΔW,50,1,accuracy,3,0.6526666666666667,0.010263202878893778,0.644,0.664
ded87b4e7797,51d33462378d,Local / ΔW,50,2,accuracy,3,0.609,0.03875241927931727,0.57,0.6475
ded87b4e7797,51d33462378d,Local / ΔW,50,3,accuracy,3,0.5058333333333334,0.025614123708089926,0.487,0.535
ded87b4e7797,51d33462378d,Local / ΔW,50,4,accuracy,3,0.5808333333333333,0.03856920187576263,0.541,0.618
ded87b4e7797,658f968893fe,Oracle / ΔW / bridge 5,1,0,accuracy,3,0.052,0.010037429949942367,0.045,0.0635
ded87b4e7797,658f968893fe,Oracle / ΔW / bridge 5,1,1,accuracy,3,0.0645,0.012678722333105965,0.05,0.0735
ded87b4e7797,658f968893fe,Oracle / ΔW / bridge 5,1,2,accuracy,3,0.06616666666666667,0.023586719427112646,0.0415,0.0885
ded87b4e7797,658f968893fe,Oracle / ΔW / bridge 5,1,3,accuracy,3,0.055,0.0032787192621510034,0.052,0.0585
ded87b4e7797,658f968893fe,Oracle / ΔW / bridge 5,1,4,accuracy,3,0.07616666666666666,0.005686240703077332,0.0715,0.0825
ded87b4e7797,658f968893fe,Oracle / ΔW / bridge 5,2,0,accuracy,3,0.14466666666666667,0.014002975874196643,0.1285,0.153
ded87b4e7797,658f968893fe,Oracle / ΔW / bridge 5,2,1,accuracy,3,0.14683333333333334,0.009928914005737652,0.139,0.158
ded87b4e7797,658f968893fe,Oracle / ΔW / bridge 5,2,2,accuracy,3,0.124,0.03241913015489466,0.089,0.153
ded87b4e7797,658f968893fe,Oracle / ΔW / bridge 5,2,3,accuracy,3,0.08966666666666667,0.0300055550412475,0.057,0.116
ded87b4e7797,658f968893fe,Oracle / ΔW / bridge 5,2,4,accuracy,3,0.15216666666666667,0.028750362316557563,0.1235,0.181
ded87b4e7797,658f968893fe,Oracle / ΔW / bridge 5,3,0,accuracy,3,0.2665,0.04264094276631322,0.222,0.307
ded87b4e7797,658f968893fe,Oracle / ΔW / bridge 5,3,1,accuracy,3,0.2853333333333333,0.029035897322682025,0.2555,0.3135
ded87b4e7797,658f968893fe,Oracle / ΔW / bridge 5,3,2,accuracy,3,0.25016666666666665,0.07296289011088672,0.166,0.2955
ded87b4e7797,658f968893fe,Oracle / ΔW / bridge 5,3,3,accuracy,3,0.18416666666666667,0.030847744379992086,0.152,0.2135
ded87b4e7797,658f968893fe,Oracle / ΔW / bridge 5,3,4,accuracy,3,0.26866666666666666,0.044755818988521844,0.217,0.2955
ded87b4e7797,658f968893fe,Oracle / ΔW / bridge 5,4,0,accuracy,3,0.34349999999999997,0.049373575928830606,0.2885,0.384
ded87b4e7797,658f968893fe,Oracle / ΔW / bridge 5,4,1,accuracy,3,0.4256666666666667,0.051682524448147214,0.3665,0.462
ded87b4e7797,658f968893fe,Oracle / ΔW / bridge 5,4,2,accuracy,3,0.382,0.11062210448188009,0.2585,0.472
ded87b4e7797,658f968893fe,Oracle / ΔW / bridge 5,4,3,accuracy,3,0.30983333333333335,0.04289036410819255,0.264,0.349
ded87b4e7797,658f968893fe,Oracle / ΔW / bridge 5,4,4,accuracy,3,0.3555,0.0462087654022481,0.306,0.3975
ded87b4e7797,658f968893fe,Oracle / ΔW / bridge 5,5,0,accuracy,3,0.4083333333333333,0.06203695135428024,0.3375,0.453
ded87b4e7797,658f968893fe,Oracle / ΔW / bridge 5,5,1,accuracy,3,0.5061666666666667,0.0464659373448264,0.453,0.539
ded87b4e7797,658f968893fe,Oracle / ΔW / bridge 5,5,2,accuracy,3,0.4523333333333333,0.08704644354213062,0.3565,0.5265
ded87b4e7797,658f968893fe,Oracle / ΔW / bridge 5,5,3,accuracy,3,0.3778333333333333,0.04148594139384249,0.347,0.425
ded87b4e7797,658f968893fe,Oracle / ΔW / bridge 5,5,4,accuracy,3,0.4028333333333333,0.0456353298808427,0.361,0.4515
ded87b4e7797,658f968893fe,Oracle / ΔW / bridge 5,6,0,accuracy,3,0.44016666666666665,0.0689951689129995,0.3605,0.4805
ded87b4e7797,658f968893fe,Oracle / ΔW / bridge 5,6,1,accuracy,3,0.5491666666666667,0.030892285984260456,0.5135,0.5675
ded87b4e7797,658f968893fe,Oracle / ΔW / bridge 5,6,2,accuracy,3,0.4935,0.08503969661281723,0.407,0.577
ded87b4e7797,658f968893fe,Oracle / ΔW / bridge 5,6,3,accuracy,3,0.41283333333333333,0.03130628264954709,0.388,0.448
ded87b4e7797,658f968893fe,Oracle / ΔW / bridge 5,6,4,accuracy,3,0.4573333333333333,0.06475402175412219,0.393,0.5225
ded87b4e7797,658f968893fe,Oracle / ΔW / bridge 5,7,0,accuracy,3,0.49283333333333335,0.050951774584731914,0.434,0.5225
ded87b4e7797,658f968893fe,Oracle / ΔW / bridge 5,7,1,accuracy,3,0.6266666666666667,0.027867244810589584,0.5945,0.6435
ded87b4e7797,658f968893fe,Oracle / ΔW / bridge 5,7,2,accuracy,3,0.5526666666666666,0.07256950691119056,0.473,0.615
ded87b4e7797,658f968893fe,Oracle / ΔW / bridge 5,7,3,accuracy,3,0.4458333333333333,0.05038931765099955,0.4155,0.504
ded87b4e7797,658f968893fe,Oracle / ΔW / bridge 5,7,4,accuracy,3,0.5086666666666666,0.06179873245733548,0.4455,0.569
ded87b4e7797,658f968893fe,Oracle / ΔW / bridge 5,8,0,accuracy,3,0.5226666666666666,0.04747192152560639,0.468,0.5535
ded87b4e7797,658f968893fe,Oracle / ΔW / bridge 5,8,1,accuracy,3,0.653,0.03698986347636334,0.6235,0.6945
ded87b4e7797,658f968893fe,Oracle / ΔW / bridge 5,8,2,accuracy,3,0.5881666666666666,0.05751159303421641,0.525,0.6375
ded87b4e7797,658f968893fe,Oracle / ΔW / bridge 5,8,3,accuracy,3,0.48350000000000004,0.039582192966029564,0.457,0.529
ded87b4e7797,658f968893fe,Oracle / ΔW / bridge 5,8,4,accuracy,3,0.5465,0.071005281493703,0.475,0.617
ded87b4e7797,658f968893fe,Oracle / ΔW / bridge 5,9,0,accuracy,3,0.5513333333333333,0.04013830257165011,0.505,0.5755
ded87b4e7797,658f968893fe,Oracle / ΔW / bridge 5,9,1,accuracy,3,0.6755,0.032638167840735165,0.6535,0.713
ded87b4e7797,658f968893fe,Oracle / ΔW / bridge 5,9,2,accuracy,3,0.6198333333333333,0.03863073042712669,0.5795,0.6565
ded87b4e7797,658f968893fe,Oracle / ΔW / bridge 5,9,3,accuracy,3,0.5101666666666667,0.03234707611722168,0.4905,0.5475
ded87b4e7797,658f968893fe,Oracle / ΔW / bridge 5,9,4,accuracy,3,0.5655,0.07104751930926229,0.491,0.6325
ded87b4e7797,658f968893fe,Oracle / ΔW / bridge 5,10,0,accuracy,3,0.5623333333333334,0.0432906841402782,0.5135,0.596
ded87b4e7797,658f968893fe,Oracle / ΔW / bridge 5,10,1,accuracy,3,0.6921666666666667,0.028461962921297823,0.6745,0.725
ded87b4e7797,658f968893fe,Oracle / ΔW / bridge 5,10,2,accuracy,3,0.6341666666666667,0.04098881961380854,0.589,0.669
ded87b4e7797,658f968893fe,Oracle / ΔW / bridge 5,10,3,accuracy,3,0.513,0.03997811901528135,0.4835,0.5585
ded87b4e7797,658f968893fe,Oracle / ΔW / bridge 5,10,4,accuracy,3,0.5803333333333334,0.06927541651504765,0.5165,0.654
ded87b4e7797,658f968893fe,Oracle / ΔW / bridge 5,11,0,accuracy,3,0.5563333333333333,0.0377038901618034,0.5135,0.5845
ded87b4e7797,658f968893fe,Oracle / ΔW / bridge 5,11,1,accuracy,3,0.6846666666666666,0.03000555504124747,0.655,0.715
ded87b4e7797,658f968893fe,Oracle / ΔW / bridge 5,11,2,accuracy,3,0.6141666666666666,0.057204312191768664,0.5525,0.6655
ded87b4e7797,658f968893fe,Oracle / ΔW / bridge 5,11,3,accuracy,3,0.5195,0.038314488121336046,0.4935,0.5635
ded87b4e7797,658f968893fe,Oracle / ΔW / bridge 5,11,4,accuracy,3,0.5843333333333333,0.07288747034527494,0.5075,0.6525
ded87b4e7797,658f968893fe,Oracle / ΔW / bridge 5,12,0,accuracy,3,0.5750000000000001,0.033819373146171706,0.54,0.6075
ded87b4e7797,658f968893fe,Oracle / ΔW / bridge 5,12,1,accuracy,3,0.7010000000000001,0.027372431386341996,0.683,0.7325
ded87b4e7797,658f968893fe,Oracle / ΔW / bridge 5,12,2,accuracy,3,0.6421666666666667,0.04428976555970165,0.599,0.6875
ded87b4e7797,658f968893fe,Oracle / ΔW / bridge 5,12,3,accuracy,3,0.5371666666666667,0.038956171954304404,0.5065,0.581
ded87b4e7797,658f968893fe,Oracle / ΔW / bridge 5,12,4,accuracy,3,0.598,0.07795351178747496,0.517,0.6725
ded87b4e7797,658f968893fe,Oracle / ΔW / bridge 5,13,0,accuracy,3,0.5896666666666667,0.03539185405334585,0.549,0.6135
ded87b4e7797,658f968893fe,Oracle / ΔW / bridge 5,13,1,accuracy,3,0.7135,0.027032387981826545,0.6925,0.744
ded87b4e7797,658f968893fe,Oracle / ΔW / bridge 5,13,2,accuracy,3,0.6578333333333334,0.03827640700657952,0.6155,0.69
ded87b4e7797,658f968893fe,Oracle / ΔW / bridge 5,13,3,accuracy,3,0.5515,0.04071547617307207,0.5185,0.597
ded87b4e7797,658f968893fe,Oracle / ΔW / bridge 5,13,4,accuracy,3,0.6183333333333334,0.061770408233500745,0.5575,0.681
ded87b4e7797,658f968893fe,Oracle / ΔW / bridge 5,14,0,accuracy,3,0.6036666666666667,0.03608439182435161,0.562,0.6245
ded87b4e7797,658f968893fe,Oracle / ΔW / bridge 5,14,1,accuracy,3,0.7273333333333334,0.024291630931934826,0.7095,0.755
ded87b4e7797,658f968893fe,Oracle / ΔW / bridge 5,14,2,accuracy,3,0.6808333333333334,0.02600160251471692,0.653,0.7045
ded87b4e7797,658f968893fe,Oracle / ΔW / bridge 5,14,3,accuracy,3,0.5538333333333334,0.03940283407742816,0.524,0.5985
ded87b4e7797,658f968893fe,Oracle / ΔW / bridge 5,14,4,accuracy,3,0.6281666666666667,0.06651002430711724,0.561,0.694
ded87b4e7797,658f968893fe,Oracle / ΔW / bridge 5,15,0,accuracy,3,0.6008333333333333,0.0318603724606812,0.5645,0.624
ded87b4e7797,658f968893fe,Oracle / ΔW / bridge 5,15,1,accuracy,3,0.7315,0.027780388766178204,0.7105,0.763
ded87b4e7797,658f968893fe,Oracle / ΔW / bridge 5,15,2,accuracy,3,0.6831666666666667,0.02525041253788407,0.658,0.7085
ded87b4e7797,658f968893fe,Oracle / ΔW / bridge 5,15,3,accuracy,3,0.5588333333333333,0.038840485750481185,0.53,0.603
ded87b4e7797,658f968893fe,Oracle / ΔW / bridge 5,15,4,accuracy,3,0.6348333333333334,0.06529612035437739,0.571,0.7015
ded87b4e7797,658f968893fe,Oracle / ΔW / bridge 5,16,0,accuracy,3,0.5921666666666666,0.03287222738625013,0.5555,0.619
ded87b4e7797,658f968893fe,Oracle / ΔW / bridge 5,16,1,accuracy,3,0.717,0.016039014932345472,0.707,0.7355
ded87b4e7797,658f968893fe,Oracle / ΔW / bridge 5,16,2,accuracy,3,0.6645,0.030277879714405365,0.6335,0.694
ded87b4e7797,658f968893fe,Oracle / ΔW / bridge 5,16,3,accuracy,3,0.5563333333333333,0.04343193909248506,0.519,0.604
ded87b4e7797,658f968893fe,Oracle / ΔW / bridge 5,16,4,accuracy,3,0.6218333333333333,0.07603507962337737,0.5445,0.6965
ded87b4e7797,658f968893fe,Oracle / ΔW / bridge 5,17,0,accuracy,3,0.6061666666666666,0.03515797680944306,0.567,0.635
ded87b4e7797,658f968893fe,Oracle / ΔW / bridge 5,17,1,accuracy,3,0.7256666666666667,0.02574069411133531,0.705,0.7545
ded87b4e7797,658f968893fe,Oracle / ΔW / bridge 5,17,2,accuracy,3,0.6841666666666667,0.026759733431656847,0.657,0.7105
ded87b4e7797,658f968893fe,Oracle / ΔW / bridge 5,17,3,accuracy,3,0.5680000000000001,0.03877176807936416,0.5415,0.6125
ded87b4e7797,658f968893fe,Oracle / ΔW / bridge 5,17,4,accuracy,3,0.6378333333333334,0.0648350471067411,0.575,0.7045
ded87b4e7797,658f968893fe,Oracle / ΔW / bridge 5,18,0,accuracy,3,0.6213333333333333,0.03969361829480065,0.5765,0.652
ded87b4e7797,658f968893fe,Oracle / ΔW / bridge 5,18,1,accuracy,3,0.7388333333333333,0.01900219285591357,0.725,0.7605
ded87b4e7797,658f968893fe,Oracle / ΔW / bridge 5,18,2,accuracy,3,0.6931666666666667,0.027790885796126305,0.6615,0.7135
ded87b4e7797,658f968893fe,Oracle / ΔW / bridge 5,18,3,accuracy,3,0.5658333333333333,0.04016320870315684,0.5315,0.61
ded87b4e7797,658f968893fe,Oracle / ΔW / bridge 5,18,4,accuracy,3,0.6446666666666667,0.06407872761949424,0.5825,0.7105
ded87b4e7797,658f968893fe,Oracle / ΔW / bridge 5,19,0,accuracy,3,0.6295,0.04003748243833517,0.5835,0.6565
ded87b4e7797,658f968893fe,Oracle / ΔW / bridge 5,19,1,accuracy,3,0.7556666666666667,0.017616280348965098,0.745,0.776
ded87b4e7797,658f968893fe,Oracle / ΔW / bridge 5,19,2,accuracy,3,0.6986666666666667,0.025181011364385927,0.6705,0.719
ded87b4e7797,658f968893fe,Oracle / ΔW / bridge 5,19,3,accuracy,3,0.5825,0.042296571965113175,0.5475,0.6295
ded87b4e7797,658f968893fe,Oracle / ΔW / bridge 5,19,4,accuracy,3,0.6618333333333334,0.06312949653952052,0.5965,0.7225
ded87b4e7797,658f968893fe,Oracle / ΔW / bridge 5,20,0,accuracy,3,0.622,0.03465544690232694,0.582,0.643
ded87b4e7797,658f968893fe,Oracle / ΔW / bridge 5,20,1,accuracy,3,0.7516666666666667,0.019655363983740775,0.737,0.774
ded87b4e7797,658f968893fe,Oracle / ΔW / bridge 5,20,2,accuracy,3,0.699,0.027055498516937337,0.673,0.727
ded87b4e7797,658f968893fe,Oracle / ΔW / bridge 5,20,3,accuracy,3,0.58,0.041118730525151165,0.5455,0.6255
ded87b4e7797,658f968893fe,Oracle / ΔW / bridge 5,20,4,accuracy,3,0.6535,0.05905717568594014,0.596,0.714
ded87b4e7797,658f968893fe,Oracle / ΔW / bridge 5,21,0,accuracy,3,0.6053333333333333,0.03582713124621249,0.564,0.6275
ded87b4e7797,658f968893fe,Oracle / ΔW / bridge 5,21,1,accuracy,3,0.7388333333333333,0.023739910137431708,0.72,0.7655
ded87b4e7797,658f968893fe,Oracle / ΔW / bridge 5,21,2,accuracy,3,0.6865,0.03179622619116932,0.6525,0.7155
ded87b4e7797,658f968893fe,Oracle / ΔW / bridge 5,21,3,accuracy,3,0.5736666666666667,0.0508732084041623,0.528,0.6285
ded87b4e7797,658f968893fe,Oracle / ΔW / bridge 5,21,4,accuracy,3,0.644,0.0669552089086428,0.573,0.706
ded87b4e7797,658f968893fe,Oracle / ΔW / bridge 5,22,0,accuracy,3,0.621,0.034536212878658226,0.5815,0.6455
ded87b4e7797,658f968893fe,Oracle / ΔW / bridge 5,22,1,accuracy,3,0.7503333333333333,0.023180451534284968,0.735,0.777
ded87b4e7797,658f968893fe,Oracle / ΔW / bridge 5,22,2,accuracy,3,0.6965,0.02933001875212493,0.6685,0.727
ded87b4e7797,658f968893fe,Oracle / ΔW / bridge 5,22,3,accuracy,3,0.5841666666666667,0.03439597844709952,0.556,0.6225
ded87b4e7797,658f968893fe,Oracle / ΔW / bridge 5,22,4,accuracy,3,0.649,0.070910154420929,0.5755,0.717
ded87b4e7797,658f968893fe,Oracle / ΔW / bridge 5,23,0,accuracy,3,0.6303333333333333,0.03454103839396454,0.5905,0.652
ded87b4e7797,658f968893fe,Oracle / ΔW / bridge 5,23,1,accuracy,3,0.7516666666666667,0.01677299416721218,0.741,0.771
ded87b4e7797,658f968893fe,Oracle / ΔW / bridge 5,23,2,accuracy,3,0.7083333333333334,0.026501572280401245,0.682,0.735
ded87b4e7797,658f968893fe,Oracle / ΔW / bridge 5,23,3,accuracy,3,0.5846666666666667,0.03475749319691127,0.5495,0.619
ded87b4e7797,658f968893fe,Oracle / ΔW / bridge 5,23,4,accuracy,3,0.663,0.06059909240244444,0.6005,0.7215
ded87b4e7797,658f968893fe,Oracle / ΔW / bridge 5,24,0,accuracy,3,0.6423333333333333,0.03128231662350685,0.607,0.6665
ded87b4e7797,658f968893fe,Oracle / ΔW / bridge 5,24,1,accuracy,3,0.761,0.01344432965974875,0.7525,0.7765
ded87b4e7797,658f968893fe,Oracle / ΔW / bridge 5,24,2,accuracy,3,0.7133333333333334,0.028479524808769776,0.683,0.7395
ded87b4e7797,658f968893fe,Oracle / ΔW / bridge 5,24,3,accuracy,3,0.592,0.030720514318611263,0.5695,0.627
ded87b4e7797,658f968893fe,Oracle / ΔW / bridge 5,24,4,accuracy,3,0.6643333333333333,0.06380895966346213,0.599,0.7265
ded87b4e7797,658f968893fe,Oracle / ΔW / bridge 5,25,0,accuracy,3,0.6461666666666667,0.03662080465163668,0.604,0.67
ded87b4e7797,658f968893fe,Oracle / ΔW / bridge 5,25,1,accuracy,3,0.7666666666666666,0.016854771826795314,0.753,0.7855
ded87b4e7797,658f968893fe,Oracle / ΔW / bridge 5,25,2,accuracy,3,0.7193333333333334,0.02480087364052591,0.6955,0.745
ded87b4e7797,658f968893fe,Oracle / ΔW / bridge 5,25,3,accuracy,3,0.5866666666666667,0.04485903847981289,0.555,0.638
ded87b4e7797,658f968893fe,Oracle / ΔW / bridge 5,25,4,accuracy,3,0.6675,0.057751623353807145,0.61,0.7255
ded87b4e7797,658f968893fe,Oracle / ΔW / bridge 5,26,0,accuracy,3,0.6125,0.036403983298534795,0.5705,0.635
ded87b4e7797,658f968893fe,Oracle / ΔW / bridge 5,26,1,accuracy,3,0.7471666666666666,0.013041600106326403,0.736,0.7615
ded87b4e7797,658f968893fe,Oracle / ΔW / bridge 5,26,2,accuracy,3,0.6996666666666667,0.03475749319691127,0.6645,0.734
ded87b4e7797,658f968893fe,Oracle / ΔW / bridge 5,26,3,accuracy,3,0.5838333333333333,0.035778252239780164,0.554,0.6235
ded87b4e7797,658f968893fe,Oracle / ΔW / bridge 5,26,4,accuracy,3,0.654,0.06470896383036898,0.5925,0.7215
ded87b4e7797,658f968893fe,Oracle / ΔW / bridge 5,27,0,accuracy,3,0.627,0.04146986857948792,0.5795,0.656
ded87b4e7797,658f968893fe,Oracle / ΔW / bridge 5,27,1,accuracy,3,0.755,0.014730919862656249,0.746,0.772
ded87b4e7797,658f968893fe,Oracle / ΔW / bridge 5,27,2,accuracy,3,0.703,0.03011228984982712,0.6715,0.7315
ded87b4e7797,658f968893fe,Oracle / ΔW / bridge 5,27,3,accuracy,3,0.5863333333333334,0.03889837185967209,0.554,0.6295
ded87b4e7797,658f968893fe,Oracle / ΔW / bridge 5,27,4,accuracy,3,0.6625,0.0650749567806234,0.594,0.7235
ded87b4e7797,658f968893fe,Oracle / ΔW / bridge 5,28,0,accuracy,3,0.6396666666666667,0.041714306099146996,0.5915,0.664
ded87b4e7797,658f968893fe,Oracle / ΔW / bridge 5,28,1,accuracy,3,0.7611666666666667,0.012271240089466626,0.7485,0.773
ded87b4e7797,658f968893fe,Oracle / ΔW / bridge 5,28,2,accuracy,3,0.7133333333333334,0.022306576010973432,0.692,0.7365
ded87b4e7797,658f968893fe,Oracle / ΔW / bridge 5,28,3,accuracy,3,0.589,0.03798683982644514,0.555,0.63
ded87b4e7797,658f968893fe,Oracle / ΔW / bridge 5,28,4,accuracy,3,0.6666666666666666,0.06225016733578577,0.6045,0.729
ded87b4e7797,658f968893fe,Oracle / ΔW / bridge 5,29,0,accuracy,3,0.6471666666666667,0.03035759103310625,0.6125,0.669
ded87b4e7797,658f968893fe,Oracle / ΔW / bridge 5,29,1,accuracy,3,0.7666666666666667,0.012858201014657285,0.752,0.776
ded87b4e7797,658f968893fe,Oracle / ΔW / bridge 5,29,2,accuracy,3,0.719,0.022113344387496,0.702,0.744
ded87b4e7797,658f968893fe,Oracle / ΔW / bridge 5,29,3,accuracy,3,0.5983333333333333,0.035582064770517924,0.568,0.6375
ded87b4e7797,658f968893fe,Oracle / ΔW / bridge 5,29,4,accuracy,3,0.6666666666666666,0.06850060826980542,0.598,0.735
ded87b4e7797,658f968893fe,Oracle / ΔW / bridge 5,30,0,accuracy,3,0.645,0.023092206477510945,0.6195,0.6645
ded87b4e7797,658f968893fe,Oracle / ΔW / bridge 5,30,1,accuracy,3,0.7671666666666667,0.014935974468823063,0.7555,0.784
ded87b4e7797,658f968893fe,Oracle / ΔW / bridge 5,30,2,accuracy,3,0.7195,0.024015619917045677,0.696,0.744
ded87b4e7797,658f968893fe,Oracle / ΔW / bridge 5,30,3,accuracy,3,0.597,0.03904164443257993,0.565,0.6405
ded87b4e7797,658f968893fe,Oracle / ΔW / bridge 5,30,4,accuracy,3,0.6713333333333333,0.056272402946145245,0.616,0.7285
ded87b4e7797,658f968893fe,Oracle / ΔW / bridge 5,31,0,accuracy,3,0.6236666666666667,0.03498690231119829,0.5835,0.6475
ded87b4e7797,658f968893fe,Oracle / ΔW / bridge 5,31,1,accuracy,3,0.7511666666666666,0.012503332889007316,0.7425,0.7655
ded87b4e7797,658f968893fe,Oracle / ΔW / bridge 5,31,2,accuracy,3,0.7066666666666667,0.025026652459594585,0.681,0.731
ded87b4e7797,658f968893fe,Oracle / ΔW / bridge 5,31,3,accuracy,3,0.5895,0.03404408906109843,0.5565,0.6245
ded87b4e7797,658f968893fe,Oracle / ΔW / bridge 5,31,4,accuracy,3,0.6586666666666666,0.06738014049653902,0.589,0.7235
ded87b4e7797,658f968893fe,Oracle / ΔW / bridge 5,32,0,accuracy,3,0.6408333333333334,0.03800438571182714,0.5975,0.6685
ded87b4e7797,658f968893fe,Oracle / ΔW / bridge 5,32,1,accuracy,3,0.7648333333333333,0.012503332889007379,0.7525,0.7775
ded87b4e7797,658f968893fe,Oracle / ΔW / bridge 5,32,2,accuracy,3,0.7125,0.02475378758897318,0.688,0.7375
ded87b4e7797,658f968893fe,Oracle / ΔW / bridge 5,32,3,accuracy,3,0.5983333333333334,0.043767377501208925,0.561,0.6465
ded87b4e7797,658f968893fe,Oracle / ΔW / bridge 5,32,4,accuracy,3,0.6666666666666666,0.057802104921303075,0.6075,0.723
ded87b4e7797,658f968893fe,Oracle / ΔW / bridge 5,33,0,accuracy,3,0.6558333333333334,0.032393414968683545,0.6185,0.6765
ded87b4e7797,658f968893fe,Oracle / ΔW / bridge 5,33,1,accuracy,3,0.7716666666666666,0.01373256470340972,0.7605,0.787
ded87b4e7797,658f968893fe,Oracle / ΔW / bridge 5,33,2,accuracy,3,0.7195,0.022566568192793533,0.698,0.743
ded87b4e7797,658f968893fe,Oracle / ΔW / bridge 5,33,3,accuracy,3,0.5996666666666667,0.037072002014098666,0.573,0.642
ded87b4e7797,658f968893fe,Oracle / ΔW / bridge 5,33,4,accuracy,3,0.6668333333333334,0.06158192375472962,0.6035,0.7265
ded87b4e7797,658f968893fe,Oracle / ΔW / bridge 5,34,0,accuracy,3,0.6528333333333334,0.03235094022332787,0.6175,0.681
ded87b4e7797,658f968893fe,Oracle / ΔW / bridge 5,34,1,accuracy,3,0.7725,0.01125833024919774,0.7615,0.784
ded87b4e7797,658f968893fe,Oracle / ΔW / bridge 5,34,2,accuracy,3,0.7245,0.01975474626513844,0.702,0.739
ded87b4e7797,658f968893fe,Oracle / ΔW / bridge 5,34,3,accuracy,3,0.6036666666666667,0.03482216726933194,0.579,0.6435
ded87b4e7797,658f968893fe,Oracle / ΔW / bridge 5,34,4,accuracy,3,0.6746666666666667,0.05956998685020279,0.6135,0.7325
ded87b4e7797,658f968893fe,Oracle / ΔW / bridge 5,35,0,accuracy,3,0.6538333333333334,0.022684429314693666,0.628,0.6705
ded87b4e7797,658f968893fe,Oracle / ΔW / bridge 5,35,1,accuracy,3,0.767,0.022422087324778628,0.7475,0.7915
ded87b4e7797,658f968893fe,Oracle / ΔW / bridge 5,35,2,accuracy,3,0.7238333333333333,0.01563116545025782,0.7095,0.7405
ded87b4e7797,658f968893fe,Oracle / ΔW / bridge 5,35,3,accuracy,3,0.6034999999999999,0.03645888094826828,0.58,0.6455
ded87b4e7797,658f968893fe,Oracle / ΔW / bridge 5,35,4,accuracy,3,0.6721666666666667,0.05293943079910602,0.622,0.7275
ded87b4e7797,658f968893fe,Oracle / ΔW / bridge 5,36,0,accuracy,3,0.635,0.03252306873589881,0.5975,0.6555
ded87b4e7797,658f968893fe,Oracle / ΔW / bridge 5,36,1,accuracy,3,0.7585,0.007697402159170326,0.75,0.765
ded87b4e7797,658f968893fe,Oracle / ΔW / bridge 5,36,2,accuracy,3,0.7151666666666666,0.020738450601077534,0.6975,0.738
ded87b4e7797,658f968893fe,Oracle / ΔW / bridge 5,36,3,accuracy,3,0.5853333333333334,0.03845885247031343,0.5565,0.629
ded87b4e7797,658f968893fe,Oracle / ΔW / bridge 5,36,4,accuracy,3,0.6626666666666666,0.0722881963624307,0.596,0.7395
ded87b4e7797,658f968893fe,Oracle / ΔW / bridge 5,37,0,accuracy,3,0.651,0.03929058411375428,0.6085,0.686
ded87b4e7797,658f968893fe,Oracle / ΔW / bridge 5,37,1,accuracy,3,0.765,0.01851350858157358,0.7495,0.7855
ded87b4e7797,658f968893fe,Oracle / ΔW / bridge 5,37,2,accuracy,3,0.7133333333333334,0.017623374629546266,0.694,0.7285
ded87b4e7797,658f968893fe,Oracle / ΔW / bridge 5,37,3,accuracy,3,0.5983333333333333,0.035994212497752094,0.569,0.6385
ded87b4e7797,658f968893fe,Oracle / ΔW / bridge 5,37,4,accuracy,3,0.6713333333333333,0.059758541927772434,0.611,0.7305
ded87b4e7797,658f968893fe,Oracle / ΔW / bridge 5,38,0,accuracy,3,0.6515,0.02778488797889957,0.6195,0.6695
ded87b4e7797,658f968893fe,Oracle / ΔW / bridge 5,38,1,accuracy,3,0.7648333333333333,0.010016652800877822,0.7545,0.7745
ded87b4e7797,658f968893fe,Oracle / ΔW / bridge 5,38,2,accuracy,3,0.7203333333333334,0.019838934783232013,0.6995,0.739
ded87b4e7797,658f968893fe,Oracle / ΔW / bridge 5,38,3,accuracy,3,0.6038333333333333,0.038289467655392304,0.576,0.6475
ded87b4e7797,658f968893fe,Oracle / ΔW / bridge 5,38,4,accuracy,3,0.6763333333333333,0.060676052387522154,0.6185,0.7395
ded87b4e7797,658f968893fe,Oracle / ΔW / bridge 5,39,0,accuracy,3,0.6518333333333334,0.030701520049231,0.6165,0.672
ded87b4e7797,658f968893fe,Oracle / ΔW / bridge 5,39,1,accuracy,3,0.7735,0.02016804403009873,0.755,0.795
ded87b4e7797,658f968893fe,Oracle / ΔW / bridge 5,39,2,accuracy,3,0.7271666666666666,0.022673405860905303,0.701,0.741
ded87b4e7797,658f968893fe,Oracle / ΔW / bridge 5,39,3,accuracy,3,0.6045,0.041797129088012704,0.5715,0.6515
ded87b4e7797,658f968893fe,Oracle / ΔW / bridge 5,39,4,accuracy,3,0.6773333333333333,0.05950070027599114,0.618,0.737
ded87b4e7797,658f968893fe,Oracle / ΔW / bridge 5,40,0,accuracy,3,0.6565,0.01757839583124696,0.6365,0.6695
ded87b4e7797,658f968893fe,Oracle / ΔW / bridge 5,40,1,accuracy,3,0.7653333333333333,0.011094292827095092,0.7535,0.7755
ded87b4e7797,658f968893fe,Oracle / ΔW / bridge 5,40,2,accuracy,3,0.7236666666666667,0.021990528264080742,0.6995,0.7425
ded87b4e7797,658f968893fe,Oracle / ΔW / bridge 5,40,3,accuracy,3,0.6043333333333333,0.04895235779136014,0.568,0.66
ded87b4e7797,658f968893fe,Oracle / ΔW / bridge 5,40,4,accuracy,3,0.6846666666666666,0.05043890694031084,0.6385,0.7385
ded87b4e7797,658f968893fe,Oracle / ΔW / bridge 5,41,0,accuracy,3,0.6411666666666667,0.030685229888878684,0.606,0.6625
ded87b4e7797,658f968893fe,Oracle / ΔW / bridge 5,41,1,accuracy,3,0.7636666666666666,0.011814539065631563,0.7545,0.777
ded87b4e7797,658f968893fe,Oracle / ΔW / bridge 5,41,2,accuracy,3,0.7063333333333334,0.026496855159307737,0.678,0.7305
ded87b4e7797,658f968893fe,Oracle / ΔW / bridge 5,41,3,accuracy,3,0.5933333333333334,0.04114101765067716,0.558,0.6385
ded87b4e7797,658f968893fe,Oracle / ΔW / bridge 5,41,4,accuracy,3,0.667,0.06586539303761878,0.6055,0.7365
ded87b4e7797,658f968893fe,Oracle / ΔW / bridge 5,42,0,accuracy,3,0.643,0.029954131601500313,0.609,0.6655
ded87b4e7797,658f968893fe,Oracle / ΔW / bridge 5,42,1,accuracy,3,0.7705,0.017036725037400856,0.7585,0.79
ded87b4e7797,658f968893fe,Oracle / ΔW / bridge 5,42,2,accuracy,3,0.7153333333333334,0.026633312473917533,0.686,0.738
ded87b4e7797,658f968893fe,Oracle / ΔW / bridge 5,42,3,accuracy,3,0.5983333333333333,0.04233891039378946,0.567,0.6465
ded87b4e7797,658f968893fe,Oracle / ΔW / bridge 5,42,4,accuracy,3,0.6751666666666667,0.06434347933810647,0.615,0.743
ded87b4e7797,658f968893fe,Oracle / ΔW / bridge 5,43,0,accuracy,3,0.6521666666666667,0.028431203515386597,0.6205,0.6755
ded87b4e7797,658f968893fe,Oracle / ΔW / bridge 5,43,1,accuracy,3,0.7706666666666667,0.0237135685491099,0.749,0.796
ded87b4e7797,658f968893fe,Oracle / ΔW / bridge 5,43,2,accuracy,3,0.7205,0.03183158808479399,0.684,0.7425
ded87b4e7797,658f968893fe,Oracle / ΔW / bridge 5,43,3,accuracy,3,0.6048333333333333,0.0443066962583912,0.568,0.654
ded87b4e7797,658f968893fe,Oracle / ΔW / bridge 5,43,4,accuracy,3,0.6691666666666667,0.06025432211330014,0.6085,0.729
ded87b4e7797,658f968893fe,Oracle / ΔW / bridge 5,44,0,accuracy,3,0.664,0.019918584287042074,0.641,0.6755
ded87b4e7797,658f968893fe,Oracle / ΔW / bridge 5,44,1,accuracy,3,0.777,0.019576771950451908,0.7585,0.7975
ded87b4e7797,658f968893fe,Oracle / ΔW / bridge 5,44,2,accuracy,3,0.7248333333333333,0.017694160995462154,0.705,0.739
ded87b4e7797,658f968893fe,Oracle / ΔW / bridge 5,44,3,accuracy,3,0.6096666666666667,0.042703434678411215,0.571,0.6555
ded87b4e7797,658f968893fe,Oracle / ΔW / bridge 5,44,4,accuracy,3,0.6798333333333334,0.0547730164710082,0.626,0.7355
ded87b4e7797,658f968893fe,Oracle / ΔW / bridge 5,45,0,accuracy,3,0.6526666666666667,0.027790885796126305,0.621,0.673
ded87b4e7797,658f968893fe,Oracle / ΔW / bridge 5,45,1,accuracy,3,0.7776666666666666,0.017623374629546266,0.7625,0.797
ded87b4e7797,658f968893fe,Oracle / ΔW / bridge 5,45,2,accuracy,3,0.7315,0.02146508793366567,0.7085,0.751
ded87b4e7797,658f968893fe,Oracle / ΔW / bridge 5,45,3,accuracy,3,0.606,0.041913601610932945,0.5725,0.653
ded87b4e7797,658f968893fe,Oracle / ΔW / bridge 5,45,4,accuracy,3,0.6765,0.05560800302114795,0.623,0.734
ded87b4e7797,658f968893fe,Oracle / ΔW / bridge 5,46,0,accuracy,3,0.6376666666666666,0.03286462130214394,0.6,0.6605
ded87b4e7797,658f968893fe,Oracle / ΔW / bridge 5,46,1,accuracy,3,0.7635000000000001,0.01525614630239234,0.7465,0.776
ded87b4e7797,658f968893fe,Oracle / ΔW / bridge 5,46,2,accuracy,3,0.7158333333333333,0.02136195996001617,0.6915,0.7315
ded87b4e7797,658f968893fe,Oracle / ΔW / bridge 5,46,3,accuracy,3,0.5915,0.037513330963805366,0.56,0.633
ded87b4e7797,658f968893fe,Oracle / ΔW / bridge 5,46,4,accuracy,3,0.663,0.0660700385954178,0.5935,0.725
ded87b4e7797,658f968893fe,Oracle / ΔW / bridge 5,47,0,accuracy,3,0.6435,0.023563743335896378,0.621,0.668
ded87b4e7797,658f968893fe,Oracle / ΔW / bridge 5,47,1,accuracy,3,0.7666666666666666,0.01225085031062474,0.7545,0.779
ded87b4e7797,658f968893fe,Oracle / ΔW / bridge 5,47,2,accuracy,3,0.7136666666666667,0.019008769905844353,0.695,0.733
ded87b4e7797,658f968893fe,Oracle / ΔW / bridge 5,47,3,accuracy,3,0.6015,0.03459768778401236,0.5745,0.6405
ded87b4e7797,658f968893fe,Oracle / ΔW / bridge 5,47,4,accuracy,3,0.6688333333333334,0.0618391731294439,0.609,0.7325
ded87b4e7797,658f968893fe,Oracle / ΔW / bridge 5,48,0,accuracy,3,0.6568333333333334,0.0343013605172351,0.618,0.683
ded87b4e7797,658f968893fe,Oracle / ΔW / bridge 5,48,1,accuracy,3,0.7736666666666666,0.017918798322804318,0.7545,0.79
ded87b4e7797,658f968893fe,Oracle / ΔW / bridge 5,48,2,accuracy,3,0.721,0.02662705391138872,0.696,0.749
ded87b4e7797,658f968893fe,Oracle / ΔW / bridge 5,48,3,accuracy,3,0.6014999999999999,0.04157222630555165,0.577,0.6495
ded87b4e7797,658f968893fe,Oracle / ΔW / bridge 5,48,4,accuracy,3,0.6775,0.05810335618533579,0.6175,0.7335
ded87b4e7797,658f968893fe,Oracle / ΔW / bridge 5,49,0,accuracy,3,0.6541666666666667,0.03426854728950924,0.6165,0.6835
ded87b4e7797,658f968893fe,Oracle / ΔW / bridge 5,49,1,accuracy,3,0.7736666666666667,0.007505553499465142,0.766,0.781
ded87b4e7797,658f968893fe,Oracle / ΔW / bridge 5,49,2,accuracy,3,0.727,0.0242538656712698,0.7025,0.751
ded87b4e7797,658f968893fe,Oracle / ΔW / bridge 5,49,3,accuracy,3,0.6144999999999999,0.037891291875574794,0.586,0.6575
ded87b4e7797,658f968893fe,Oracle / ΔW / bridge 5,49,4,accuracy,3,0.6828333333333333,0.0535381483928361,0.6305,0.7375
ded87b4e7797,658f968893fe,Oracle / ΔW / bridge 5,50,0,accuracy,3,0.6566666666666666,0.01981371578814365,0.636,0.6755
ded87b4e7797,658f968893fe,Oracle / ΔW / bridge 5,50,1,accuracy,3,0.781,0.016889345754054524,0.763,0.7965
ded87b4e7797,658f968893fe,Oracle / ΔW / bridge 5,50,2,accuracy,3,0.7281666666666666,0.016510097920161886,0.712,0.745
ded87b4e7797,658f968893fe,Oracle / ΔW / bridge 5,50,3,accuracy,3,0.6048333333333333,0.04451497875247539,0.575,0.656
ded87b4e7797,658f968893fe,Oracle / ΔW / bridge 5,50,4,accuracy,3,0.6781666666666667,0.054754756262203705,0.623,0.7325
ded87b4e7797,cad564bfe53c,MH / ΔW / ring,1,0,accuracy,3,0.0335,0.01899341991322258,0.012,0.048
ded87b4e7797,cad564bfe53c,MH / ΔW / ring,1,1,accuracy,3,0.0425,0.026781523481684163,0.015,0.0685
ded87b4e7797,cad564bfe53c,MH / ΔW / ring,1,2,accuracy,3,0.045,0.018248287590894658,0.024,0.057
ded87b4e7797,cad564bfe53c,MH / ΔW / ring,1,3,accuracy,3,0.021666666666666667,0.016854771826795324,0.008,0.0405
ded87b4e7797,cad564bfe53c,MH / ΔW / ring,1,4,accuracy,3,0.013333333333333332,0.005033222956847166,0.008,0.018
ded87b4e7797,cad564bfe53c,MH / ΔW / ring,2,0,accuracy,3,0.06533333333333333,0.021548395145191978,0.043,0.086
ded87b4e7797,cad564bfe53c,MH / ΔW / ring,2,1,accuracy,3,0.08683333333333333,0.02804163571073081,0.0545,0.1045
ded87b4e7797,cad564bfe53c,MH / ΔW / ring,2,2,accuracy,3,0.07816666666666666,0.036056668361529653,0.041,0.113
ded87b4e7797,cad564bfe53c,MH / ΔW / ring,2,3,accuracy,3,0.047,0.007937253933193772,0.041,0.056
ded87b4e7797,cad564bfe53c,MH / ΔW / ring,2,4,accuracy,3,0.06,0.006726812023536857,0.0525,0.0655
ded87b4e7797,cad564bfe53c,MH / ΔW / ring,3,0,accuracy,3,0.12733333333333333,0.054333077709010136,0.0865,0.189
ded87b4e7797,cad564bfe53c,MH / ΔW / ring,3,1,accuracy,3,0.16199999999999998,0.051402820934263904,0.1055,0.206
ded87b4e7797,cad564bfe53c,MH / ΔW / ring,3,2,accuracy,3,0.14500000000000002,0.06340544140686981,0.077,0.2025
ded87b4e7797,cad564bfe53c,MH / ΔW / ring,3,3,accuracy,3,0.07683333333333334,0.02430192036307693,0.0535,0.102
ded87b4e7797,cad564bfe53c,MH / ΔW / ring,3,4,accuracy,3,0.09983333333333333,0.02191080403210556,0.085,0.125
ded87b4e7797,cad564bfe53c,MH / ΔW / ring,4,0,accuracy,3,0.163,0.063876834611618,0.115,0.2355
ded87b4e7797,cad564bfe53c,MH / ΔW / ring,4,1,accuracy,3,0.24033333333333334,0.09094824535598989,0.1415,0.3205
ded87b4e7797,cad564bfe53c,MH / ΔW / ring,4,2,accuracy,3,0.21683333333333335,0.06864643714959527,0.1405,0.2735
ded87b4e7797,cad564bfe53c,MH / ΔW / ring,4,3,accuracy,3,0.10766666666666667,0.031226324364762078,0.0745,0.1365
ded87b4e7797,cad564bfe53c,MH / ΔW / ring,4,4,accuracy,3,0.133,0.04431986010808247,0.097,0.1825
ded87b4e7797,cad564bfe53c,MH / ΔW / ring,5,0,accuracy,3,0.18966666666666668,0.07672244347864146,0.124,0.274
ded87b4e7797,cad564bfe53c,MH / ΔW / ring,5,1,accuracy,3,0.31,0.11675294428835616,0.1875,0.42
ded87b4e7797,cad564bfe53c,MH / ΔW / ring,5,2,accuracy,3,0.2753333333333333,0.07304165478227703,0.191,0.3185
ded87b4e7797,cad564bfe53c,MH / ΔW / ring,5,3,accuracy,3,0.12983333333333333,0.030067978537529478,0.101,0.161
ded87b4e7797,cad564bfe53c,MH / ΔW / ring,5,4,accuracy,3,0.1595,0.04501944024529848,0.121,0.209
ded87b4e7797,cad564bfe53c,MH / ΔW / ring,6,0,accuracy,3,0.211,0.07113191969854321,0.1445,0.286
ded87b4e7797,cad564bfe53c,MH / ΔW / ring,6,1,accuracy,3,0.34833333333333333,0.10525009897065815,0.243,0.4535
ded87b4e7797,cad564bfe53c,MH / ΔW / ring,6,2,accuracy,3,0.31533333333333335,0.08648747500842728,0.2155,0.3675
ded87b4e7797,cad564bfe53c,MH / ΔW / ring,6,3,accuracy,3,0.14233333333333334,0.03640169409977142,0.108,0.1805
ded87b4e7797,cad564bfe53c,MH / ΔW / ring,6,4,accuracy,3,0.181,0.05204805471869241,0.136,0.238
ded87b4e7797,cad564bfe53c,MH / ΔW / ring,7,0,accuracy,3,0.22516666666666665,0.06924112458166268,0.1595,0.2975
ded87b4e7797,cad564bfe53c,MH / ΔW / ring,7,1,accuracy,3,0.37933333333333336,0.1230216783064405,0.255,0.501
ded87b4e7797,cad564bfe53c,MH / ΔW / ring,7,2,accuracy,3,0.3521666666666667,0.09337335451472938,0.245,0.416
ded87b4e7797,cad564bfe53c,MH / ΔW / ring,7,3,accuracy,3,0.15033333333333332,0.042048583012193566,0.1095,0.1935
ded87b4e7797,cad564bfe53c,MH / ΔW / ring,7,4,accuracy,3,0.20283333333333334,0.05206806442852791,0.164,0.262
ded87b4e7797,cad564bfe53c,MH / ΔW / ring,8,0,accuracy,3,0.23933333333333334,0.06858632030757543,0.175,0.3115
ded87b4e7797,cad564bfe53c,MH / ΔW / ring,8,1,accuracy,3,0.4121666666666667,0.1438109291164386,0.266,0.5535
ded87b4e7797,cad564bfe53c,MH / ΔW / ring,8,2,accuracy,3,0.377,0.09273753285482636,0.2725,0.4495
ded87b4e7797,cad564bfe53c,MH / ΔW / ring,8,3,accuracy,3,0.1675,0.038797551469132684,0.133,0.2095
ded87b4e7797,cad564bfe53c,MH / ΔW / ring,8,4,accuracy,3,0.21616666666666667,0.049359227438578644,0.1805,0.2725
ded87b4e7797,cad564bfe53c,MH / ΔW / ring,9,0,accuracy,3,0.2525,0.06775138374970655,0.185,0.3205
ded87b4e7797,cad564bfe53c,MH / ΔW / ring,9,1,accuracy,3,0.4315,0.13909708839512064,0.2895,0.5675
ded87b4e7797,cad564bfe53c,MH / ΔW / ring,9,2,accuracy,3,0.3958333333333333,0.1029627764453413,0.2805,0.4785
ded87b4e7797,cad564bfe53c,MH / ΔW / ring,9,3,accuracy,3,0.17716666666666667,0.038256807673057794,0.143,0.2185
ded87b4e7797,cad564bfe53c,MH / ΔW / ring,9,4,accuracy,3,0.23133333333333334,0.0421465696508427,0.207,0.28
ded87b4e7797,cad564bfe53c,MH / ΔW / ring,10,0,accuracy,3,0.267,0.06876772498781678,0.195,0.332
ded87b4e7797,cad564bfe53c,MH / ΔW / ring,10,1,accuracy,3,0.44666666666666666,0.1365158720930769,0.3055,0.578
ded87b4e7797,cad564bfe53c,MH / ΔW / ring,10,2,accuracy,3,0.42016666666666663,0.1054636588277371,0.303,0.5075
ded87b4e7797,cad564bfe53c,MH / ΔW / ring,10,3,accuracy,3,0.18416666666666667,0.03693349879625993,0.152,0.2245
ded87b4e7797,cad564bfe53c,MH / ΔW / ring,10,4,accuracy,3,0.24833333333333332,0.050927235673393204,0.2155,0.307
ded87b4e7797,cad564bfe53c,MH / ΔW / ring,11,0,accuracy,3,0.27849999999999997,0.07092954250522132,0.2035,0.3445
ded87b4e7797,cad564bfe53c,MH / ΔW / ring,11,1,accuracy,3,0.4651666666666667,0.13781993082763225,0.3195,0.5935
ded87b4e7797,cad564bfe53c,MH / ΔW / ring,11,2,accuracy,3,0.434,0.09772026401929129,0.328,0.5205
ded87b4e7797,cad564bfe53c,MH / ΔW / ring,11,3,accuracy,3,0.19783333333333333,0.039224779582979596,0.169,0.2425
ded87b4e7797,cad564bfe53c,MH / ΔW / ring,11,4,accuracy,3,0.25983333333333336,0.05137687547266117,0.2265,0.319
ded87b4e7797,cad564bfe53c,MH / ΔW / ring,12,0,accuracy,3,0.2841666666666667,0.060299944720814916,0.2225,0.343
ded87b4e7797,cad564bfe53c,MH / ΔW / ring,12,1,accuracy,3,0.479,0.12081080249712774,0.3535,0.5945
ded87b4e7797,cad564bfe53c,MH / ΔW / ring,12,2,accuracy,3,0.44866666666666666,0.09777056475920211,0.3415,0.533
ded87b4e7797,cad564bfe53c,MH / ΔW / ring,12,3,accuracy,3,0.20099999999999998,0.032752862470324634,0.178,0.2385
ded87b4e7797,cad564bfe53c,MH / ΔW / ring,12,4,accuracy,3,0.26083333333333336,0.04183997291267447,0.2335,0.309
ded87b4e7797,cad564bfe53c,MH / ΔW / ring,13,0,accuracy,3,0.29233333333333333,0.06347506071941429,0.226,0.3525
ded87b4e7797,cad564bfe53c,MH / ΔW / ring,13,1,accuracy,3,0.4836666666666667,0.12351349453939574,0.353,0.5985
ded87b4e7797,cad564bfe53c,MH / ΔW / ring,13,2,accuracy,3,0.45283333333333337,0.10371153905585113,0.34,0.544
ded87b4e7797,cad564bfe53c,MH / ΔW / ring,13,3,accuracy,3,0.20299999999999999,0.03619046835839514,0.1755,0.244
ded87b4e7797,cad564bfe53c,MH / ΔW / ring,13,4,accuracy,3,0.2693333333333333,0.052576927766210674,0.237,0.33
ded87b4e7797,cad564bfe53c,MH / ΔW / ring,14,0,accuracy,3,0.30316666666666664,0.06203292136707196,0.238,0.3615
ded87b4e7797,cad564bfe53c,MH / ΔW / ring,14,1,accuracy,3,0.4895,0.1404893234377616,0.3395,0.618
ded87b4e7797,cad564bfe53c,MH / ΔW / ring,14,2,accuracy,3,0.46366666666666667,0.09826028360092054,0.356,0.5485
ded87b4e7797,cad564bfe53c,MH / ΔW / ring,14,3,accuracy,3,0.20633333333333334,0.029968038529962767,0.1845,0.2405
ded87b4e7797,cad564bfe53c,MH / ΔW / ring,14,4,accuracy,3,0.2755,0.05111751167652824,0.2445,0.3345
ded87b4e7797,cad564bfe53c,MH / ΔW / ring,15,0,accuracy,3,0.318,0.06122091146005587,0.254,0.376
ded87b4e7797,cad564bfe53c,MH / ΔW / ring,15,1,accuracy,3,0.49766666666666665,0.13590468473652165,0.35,0.6175
ded87b4e7797,cad564bfe53c,MH / ΔW / ring,15,2,accuracy,3,0.4681666666666667,0.09779740964531389,0.3625,0.5555
ded87b4e7797,cad564bfe53c,MH / ΔW / ring,15,3,accuracy,3,0.213,0.027780388766178193,0.192,0.2445
ded87b4e7797,cad564bfe53c,MH / ΔW / ring,15,4,accuracy,3,0.2861666666666667,0.04821134029803916,0.2485,0.3405
ded87b4e7797,cad564bfe53c,MH / ΔW / ring,16,0,accuracy,3,0.3205,0.05235217282978806,0.265,0.369
ded87b4e7797,cad564bfe53c,MH / ΔW / ring,16,1,accuracy,3,0.5013333333333333,0.13267661185504148,0.3565,0.617
ded87b4e7797,cad564bfe53c,MH / ΔW / ring,16,2,accuracy,3,0.4785,0.09941202140586416,0.3715,0.568
ded87b4e7797,cad564bfe53c,MH / ΔW / ring,16,3,accuracy,3,0.22066666666666668,0.028975564417856182,0.2015,0.254
ded87b4e7797,cad564bfe53c,MH / ΔW / ring,16,4,accuracy,3,0.29083333333333333,0.04357847327905527,0.259,0.3405
ded87b4e7797,cad564bfe53c,MH / ΔW / ring,17,0,accuracy,3,0.32133333333333336,0.04937188808758819,0.2675,0.3645
ded87b4e7797,cad564bfe53c,MH / ΔW / ring,17,1,accuracy,3,0.5078333333333334,0.13846870885992016,0.36,0.6345
ded87b4e7797,cad564bfe53c,MH / ΔW / ring,17,2,accuracy,3,0.47916666666666663,0.10513364510628045,0.364,0.57
ded87b4e7797,cad564bfe53c,MH / ΔW / ring,17,3,accuracy,3,0.22233333333333333,0.02460860283180119,0.205,0.2505
ded87b4e7797,cad564bfe53c,MH / ΔW / ring,17,4,accuracy,3,0.29833333333333334,0.04225616325855119,0.2675,0.3465
ded87b4e7797,cad564bfe53c,MH / ΔW / ring,18,0,accuracy,3,0.3265,0.05532630477449221,0.2665,0.3755
ded87b4e7797,cad564bfe53c,MH / ΔW / ring,18,1,accuracy,3,0.5118333333333334,0.1320893006012725,0.372,0.6345
ded87b4e7797,cad564bfe53c,MH / ΔW / ring,18,2,accuracy,3,0.48216666666666663,0.09400310278567048,0.38,0.565
ded87b4e7797,cad564bfe53c,MH / ΔW / ring,18,3,accuracy,3,0.22533333333333333,0.020942381271797473,0.2125,0.2495
ded87b4e7797,cad564bfe53c,MH / ΔW / ring,18,4,accuracy,3,0.29783333333333334,0.04355838993045234,0.2625,0.3465
ded87b4e7797,cad564bfe53c,MH / ΔW / ring,19,0,accuracy,3,0.33266666666666667,0.046076928427721084,0.281,0.3695
ded87b4e7797,cad564bfe53c,MH / ΔW / ring,19,1,accuracy,3,0.5215,0.13423766237535575,0.378,0.644
ded87b4e7797,cad564bfe53c,MH / ΔW / ring,19,2,accuracy,3,0.4918333333333333,0.09622413072266918,0.388,0.578
ded87b4e7797,cad564bfe53c,MH / ΔW / ring,19,3,accuracy,3,0.22816666666666666,0.02157738013136288,0.214,0.253
ded87b4e7797,cad564bfe53c,MH / ΔW / ring,19,4,accuracy,3,0.30033333333333334,0.047292529360706985,0.2615,0.353
ded87b4e7797,cad564bfe53c,MH / ΔW / ring,20,0,accuracy,3,0.3421666666666667,0.0486424026270633,0.286,0.3705
ded87b4e7797,cad564bfe53c,MH / ΔW / ring,20,1,accuracy,3,0.5235,0.1267162183779172,0.3865,0.6365
ded87b4e7797,cad564bfe53c,MH / ΔW / ring,20,2,accuracy,3,0.4875,0.09943968020865715,0.382,0.5795
ded87b4e7797,cad564bfe53c,MH / ΔW / ring,20,3,accuracy,3,0.231,0.02256656819279352,0.2165,0.257
ded87b4e7797,cad564bfe53c,MH / ΔW / ring,20,4,accuracy,3,0.31,0.04110656881813415,0.2785,0.3565
ded87b4e7797,cad564bfe53c,MH / ΔW / ring,21,0,accuracy,3,0.33666666666666667,0.04460194315647396,0.286,0.37
ded87b4e7797,cad564bfe53c,MH / ΔW / ring,21,1,accuracy,3,0.532,0.12551195162214632,0.3975,0.646
ded87b4e7797,cad564bfe53c,MH / ΔW / ring,21,2,accuracy,3,0.49516666666666664,0.10354266431444252,0.3835,0.588
ded87b4e7797,cad564bfe53c,MH / ΔW / ring,21,3,accuracy,3,0.2375,0.015898113095584646,0.223,0.2545
ded87b4e7797,cad564bfe53c,MH / ΔW / ring,21,4,accuracy,3,0.31766666666666665,0.04459914049993939,0.2815,0.3675
ded87b4e7797,cad564bfe53c,MH / ΔW / ring,22,0,accuracy,3,0.34983333333333333,0.04112278362821921,0.3035,0.382
ded87b4e7797,cad564bfe53c,MH / ΔW / ring,22,1,accuracy,3,0.5318333333333334,0.12491730598012961,0.3975,0.6445
ded87b4e7797,cad564bfe53c,MH / ΔW / ring,22,2,accuracy,3,0.49233333333333335,0.09863738304179268,0.385,0.579
ded87b4e7797,cad564bfe53c,MH / ΔW / ring,22,3,accuracy,3,0.24066666666666667,0.014597374193098334,0.2315,0.2575
ded87b4e7797,cad564bfe53c,MH / ΔW / ring,22,4,accuracy,3,0.3178333333333333,0.0402160830182818,0.2845,0.3625
ded87b4e7797,cad564bfe53c,MH / ΔW / ring,23,0,accuracy,3,0.3511666666666667,0.0387986254052039,0.3065,0.3765
ded87b4e7797,cad564bfe53c,MH / ΔW / ring,23,1,accuracy,3,0.538,0.11952823934116995,0.409,0.645
ded87b4e7797,cad564bfe53c,MH / ΔW / ring,23,2,accuracy,3,0.49683333333333335,0.10519188815366579,0.3815,0.5875
ded87b4e7797,cad564bfe53c,MH / ΔW / ring,23,3,accuracy,3,0.2485,0.014499999999999999,0.234,0.263
ded87b4e7797,cad564bfe53c,MH / ΔW / ring,23,4,accuracy,3,0.3198333333333333,0.04079317753415801,0.287,0.3655
ded87b4e7797,cad564bfe53c,MH / ΔW / ring,24,0,accuracy,3,0.3515,0.04071547617307208,0.3045,0.376
ded87b4e7797,cad564bfe53c,MH / ΔW / ring,24,1,accuracy,3,0.5415,0.12043981899687498,0.4125,0.651
ded87b4e7797,cad564bfe53c,MH / ΔW / ring,24,2,accuracy,3,0.5021666666666667,0.11311093374795089,0.376,0.5945
ded87b4e7797,cad564bfe53c,MH / ΔW / ring,24,3,accuracy,3,0.243,0.015206906325745555,0.233,0.2605
ded87b4e7797,cad564bfe53c,MH / ΔW / ring,24,4,accuracy,3,0.3245,0.045697374103989837,0.286,0.375
ded87b4e7797,cad564bfe53c,MH / ΔW / ring,25,0,accuracy,3,0.3531666666666667,0.04604436266616505,0.3,0.38
ded87b4e7797,cad564bfe53c,MH / ΔW / ring,25,1,accuracy,3,0.5433333333333333,0.11895412280931393,0.4145,0.649
ded87b4e7797,cad564bfe53c,MH / ΔW / ring,25,2,accuracy,3,0.5078333333333334,0.10601925925667154,0.39,0.5955
ded87b4e7797,cad564bfe53c,MH / ΔW / ring,25,3,accuracy,3,0.24516666666666667,0.010016652800877822,0.2375,0.2565
ded87b4e7797,cad564bfe53c,MH / ΔW / ring,25,4,accuracy,3,0.32766666666666666,0.045935643386517774,0.292,0.3795
ded87b4e7797,cad564bfe53c,MH / ΔW / ring,26,0,accuracy,3,0.3565,0.04808066139312146,0.301,0.3855
ded87b4e7797,cad564bfe53c,MH / ΔW / ring,26,1,accuracy,3,0.5429999999999999,0.11737866075228495,0.416,0.6475
ded87b4e7797,cad564bfe53c,MH / ΔW / ring,26,2,accuracy,3,0.5135000000000001,0.10604598059332564,0.3945,0.598
ded87b4e7797,cad564bfe53c,MH / ΔW / ring,26,3,accuracy,3,0.24466666666666667,0.012553220038433698,0.234,0.2585
ded87b4e7797,cad564bfe53c,MH / ΔW / ring,26,4,accuracy,3,0.32916666666666666,0.04790702801607854,0.293,0.3835
ded87b4e7797,cad564bfe53c,MH / ΔW / ring,27,0,accuracy,3,0.35883333333333334,0.048130897906992494,0.3035,0.391
ded87b4e7797,cad564bfe53c,MH / ΔW / ring,27,1,accuracy,3,0.5466666666666666,0.12066724217173994,0.4175,0.6565
ded87b4e7797,cad564bfe53c,MH / ΔW / ring,27,2,accuracy,3,0.5145,0.1045071767870513,0.398,0.6
ded87b4e7797,cad564bfe53c,MH / ΔW / ring,27,3,accuracy,3,0.25316666666666665,0.010263202878893778,0.2445,0.2645
ded87b4e7797,cad564bfe53c,MH / ΔW / ring,27,4,accuracy,3,0.33166666666666667,0.044627159144777905,0.293,0.3805
ded87b4e7797,cad564bfe53c,MH / ΔW / ring,28,0,accuracy,3,0.3615,0.04027095727692601,0.315,0.385
ded87b4e7797,cad564bfe53c,MH / ΔW / ring,28,1,accuracy,3,0.5473333333333333,0.12330585279431523,0.415,0.659
ded87b4e7797,cad564bfe53c,MH / ΔW / ring,28,2,accuracy,3,0.5165,0.10784711400867433,0.3955,0.6025
ded87b4e7797,cad564bfe53c,MH / ΔW / ring,28,3,accuracy,3,0.2465,0.011169153951844334,0.234,0.2555
ded87b4e7797,cad564bfe53c,MH / ΔW / ring,28,4,accuracy,3,0.336,0.04576843890717708,0.2985,0.387
ded87b4e7797,cad564bfe53c,MH / ΔW / ring,29,0,accuracy,3,0.35683333333333334,0.04104063027456247,0.3095,0.3825
ded87b4e7797,cad564bfe53c,MH / ΔW / ring,29,1,accuracy,3,0.5513333333333333,0.1225707278812251,0.4205,0.6635
ded87b4e7797,cad564bfe53c,MH / ΔW / ring,29,2,accuracy,3,0.5205,0.10574142991278299,0.403,0.608
ded87b4e7797,cad564bfe53c,MH / ΔW / ring,29,3,accuracy,3,0.25583333333333336,0.010016652800877822,0.2445,0.2635
ded87b4e7797,cad564bfe53c,MH / ΔW / ring,29,4,accuracy,3,0.3375,0.051558219519296844,0.293,0.394
ded87b4e7797,cad564bfe53c,MH / ΔW / ring,30,0,accuracy,3,0.35883333333333334,0.045788462884588446,0.306,0.387
ded87b4e7797,cad564bfe53c,MH / ΔW / ring,30,1,accuracy,3,0.5531666666666666,0.11109942994153178,0.435,0.6555
ded87b4e7797,cad564bfe53c,MH / ΔW / ring,30,2,accuracy,3,0.5288333333333334,0.10076747160335689,0.4185,0.616
ded87b4e7797,cad564bfe53c,MH / ΔW / ring,30,3,accuracy,3,0.25666666666666665,0.009251126057585286,0.246,0.2625
ded87b4e7797,cad564bfe53c,MH / ΔW / ring,30,4,accuracy,3,0.3375,0.049122296363260556,0.2935,0.3905
ded87b4e7797,cad564bfe53c,MH / ΔW / ring,31,0,accuracy,3,0.3646666666666667,0.036661742093541234,0.3225,0.389
ded87b4e7797,cad564bfe53c,MH / ΔW / ring,31,1,accuracy,3,0.5508333333333333,0.1129262296073562,0.4305,0.6545
ded87b4e7797,cad564bfe53c,MH / ΔW / ring,31,2,accuracy,3,0.5241666666666667,0.09772708597586106,0.415,0.6035
ded87b4e7797,cad564bfe53c,MH / ΔW / ring,31,3,accuracy,3,0.25483333333333336,0.012848475914805367,0.24,0.2625
ded87b4e7797,cad564bfe53c,MH / ΔW / ring,31,4,accuracy,3,0.3388333333333333,0.047371756705164886,0.2965,0.39
ded87b4e7797,cad564bfe53c,MH / ΔW / ring,32,0,accuracy,3,0.3635,0.04379212257929502,0.313,0.391
ded87b4e7797,cad564bfe53c,MH / ΔW / ring,32,1,accuracy,3,0.5573333333333333,0.1100480955461444,0.4415,0.6605
ded87b4e7797,cad564bfe53c,MH / ΔW / ring,32,2,accuracy,3,0.5335,0.09984863544385573,0.4225,0.616
ded87b4e7797,cad564bfe53c,MH / ΔW / ring,32,3,accuracy,3,0.2615,0.009178779875342918,0.251,0.268
ded87b4e7797,cad564bfe53c,MH / ΔW / ring,32,4,accuracy,3,0.3408333333333333,0.04831235176777606,0.296,0.392
ded87b4e7797,cad564bfe53c,MH / ΔW / ring,33,0,accuracy,3,0.36433333333333334,0.044973140132009176,0.3125,0.393
ded87b4e7797,cad564bfe53c,MH / ΔW / ring,33,1,accuracy,3,0.5660000000000001,0.11404275514034198,0.445,0.6715
ded87b4e7797,cad564bfe53c,MH / ΔW / ring,33,2,accuracy,3,0.5263333333333333,0.09291707772704294,0.4255,0.6085
ded87b4e7797,cad564bfe53c,MH / ΔW / ring,33,3,accuracy,3,0.26083333333333336,0.005795112883571242,0.257,0.2675
ded87b4e7797,cad564bfe53c,MH / ΔW / ring,33,4,accuracy,3,0.3468333333333333,0.04081768407606357,0.3105,0.391
ded87b4e7797,cad564bfe53c,MH / ΔW / ring,34,0,accuracy,3,0.36683333333333334,0.044029346274199146,0.316,0.393
ded87b4e7797,cad564bfe53c,MH / ΔW / ring,34,1,accuracy,3,0.5678333333333333,0.11003673628990152,0.451,0.6695
ded87b4e7797,cad564bfe53c,MH / ΔW / ring,34,2,accuracy,3,0.527,0.09829420125317669,0.4215,0.616
ded87b4e7797,cad564bfe53c,MH / ΔW / ring,34,3,accuracy,3,0.2635,0.012816005617976307,0.25,0.2755
ded87b4e7797,cad564bfe53c,MH / ΔW / ring,34,4,accuracy,3,0.3456666666666667,0.040624294865675314,0.307,0.388
ded87b4e7797,cad564bfe53c,MH / ΔW / ring,35,0,accuracy,3,0.36733333333333335,0.051471675058553656,0.308,0.4
ded87b4e7797,cad564bfe53c,MH / ΔW / ring,35,1,accuracy,3,0.5625,0.11186263898192284,0.4445,0.667
ded87b4e7797,cad564bfe53c,MH / ΔW / ring,35,2,accuracy,3,0.5241666666666667,0.09991287871607611,0.416,0.613
ded87b4e7797,cad564bfe53c,MH / ΔW / ring,35,3,accuracy,3,0.26283333333333336,0.005346338310781819,0.257,0.2675
ded87b4e7797,cad564bfe53c,MH / ΔW / ring,35,4,accuracy,3,0.34600000000000003,0.042142615011410964,0.306,0.39
ded87b4e7797,cad564bfe53c,MH / ΔW / ring,36,0,accuracy,3,0.3686666666666667,0.04356699821347959,0.3185,0.397
ded87b4e7797,cad564bfe53c,MH / ΔW / ring,36,1,accuracy,3,0.5598333333333333,0.10518594646307716,0.4475,0.656
ded87b4e7797,cad564bfe53c,MH / ΔW / ring,36,2,accuracy,3,0.5211666666666667,0.10541860999526284,0.4035,0.607
ded87b4e7797,cad564bfe53c,MH / ΔW / ring,36,3,accuracy,3,0.2685,0.01331352695569433,0.256,0.2825
ded87b4e7797,cad564bfe53c,MH / ΔW / ring,36,4,accuracy,3,0.3495,0.04250000000000001,0.307,0.392
ded87b4e7797,cad564bfe53c,MH / ΔW / ring,37,0,accuracy,3,0.3706666666666667,0.04691037554031447,0.3165,0.398
ded87b4e7797,cad564bfe53c,MH / ΔW / ring,37,1,accuracy,3,0.5658333333333333,0.11666333328571292,0.4395,0.6695
ded87b4e7797,cad564bfe53c,MH / ΔW / ring,37,2,accuracy,3,0.5271666666666667,0.10784750035737188,0.4055,0.611
ded87b4e7797,cad564bfe53c,MH / ΔW / ring,37,3,accuracy,3,0.271,0.013332291625973365,0.2605,0.286
ded87b4e7797,cad564bfe53c,MH / ΔW / ring,37,4,accuracy,3,0.3485,0.04008428619796043,0.31,0.39
ded87b4e7797,cad564bfe53c,MH / ΔW / ring,38,0,accuracy,3,0.36933333333333335,0.03975655082289375,0.3235,0.3945
ded87b4e7797,cad564bfe53c,MH / ΔW / ring,38,1,accuracy,3,0.5621666666666667,0.09660788442634136,0.459,0.6505
ded87b4e7797,cad564bfe53c,MH / ΔW / ring,38,2,accuracy,3,0.5235000000000001,0.10989426736640999,0.4,0.6105
ded87b4e7797,cad564bfe53c,MH / ΔW / ring,38,3,accuracy,3,0.2723333333333333,0.013650396819628827,0.263,0.288
ded87b4e7797,cad564bfe53c,MH / ΔW / ring,38,4,accuracy,3,0.3446666666666667,0.037028142450483977,0.3085,0.3825
ded87b4e7797,cad564bfe53c,MH / ΔW / ring,39,0,accuracy,3,0.37333333333333335,0.04796179034745611,0.318,0.403
ded87b4e7797,cad564bfe53c,MH / ΔW / ring,39,1,accuracy,3,0.5685,0.10476521369233203,0.455,0.6615
ded87b4e7797,cad564bfe53c,MH / ΔW / ring,39,2,accuracy,3,0.5271666666666667,0.10254064234894052,0.4105,0.603
ded87b4e7797,cad564bfe53c,MH / ΔW / ring,39,3,accuracy,3,0.271,0.016822603841260705,0.258,0.29
ded87b4e7797,cad564bfe53c,MH / ΔW / ring,39,4,accuracy,3,0.3485,0.035815499438092445,0.3115,0.383
ded87b4e7797,cad564bfe53c,MH / ΔW / ring,40,0,accuracy,3,0.3706666666666667,0.04710184002067577,0.3165,0.402
ded87b4e7797,cad564bfe53c,MH / ΔW / ring,40,1,accuracy,3,0.5758333333333333,0.09439456199026157,0.4735,0.6595
ded87b4e7797,cad564bfe53c,MH / ΔW / ring,40,2,accuracy,3,0.5291666666666667,0.10840817927321417,0.4075,0.6155
ded87b4e7797,cad564bfe53c,MH / ΔW / ring,40,3,accuracy,3,0.27366666666666667,0.016312060977489412,0.2595,0.2915
ded87b4e7797,cad564bfe53c,MH / ΔW / ring,40,4,accuracy,3,0.3443333333333333,0.035342373057469324,0.3065,0.3765
ded87b4e7797,cad564bfe53c,MH / ΔW / ring,41,0,accuracy,3,0.3701666666666667,0.04451497875247537,0.3195,0.403
ded87b4e7797,cad564bfe53c,MH / ΔW / ring,41,1,accuracy,3,0.5716666666666667,0.10471071260063765,0.459,0.666
ded87b4e7797,cad564bfe53c,MH / ΔW / ring,41,2,accuracy,3,0.53,0.10236332350993692,0.4145,0.6095
ded87b4e7797,cad564bfe53c,MH / ΔW / ring,41,3,accuracy,3,0.2773333333333333,0.020647840887931423,0.263,0.301
ded87b4e7797,cad564bfe53c,MH / ΔW / ring,41,4,accuracy,3,0.35033333333333333,0.04202776859807494,0.305,0.388
ded87b4e7797,cad564bfe53c,MH / ΔW / ring,42,0,accuracy,3,0.3721666666666667,0.04554210506040903,0.32,0.404
ded87b4e7797,cad564bfe53c,MH / ΔW / ring,42,1,accuracy,3,0.581,0.09880789442144795,0.478,0.675
ded87b4e7797,cad564bfe53c,MH / ΔW / ring,42,2,accuracy,3,0.5246666666666666,0.10088896536952559,0.4125,0.608
ded87b4e7797,cad564bfe53c,MH / ΔW / ring,42,3,accuracy,3,0.2773333333333333,0.01837344097694639,0.2655,0.2985
ded87b4e7797,cad564bfe53c,MH / ΔW / ring,42,4,accuracy,3,0.34933333333333333,0.04306197084822447,0.305,0.391
ded87b4e7797,cad564bfe53c,MH / ΔW / ring,43,0,accuracy,3,0.37433333333333335,0.043615746392023765,0.324,0.401
ded87b4e7797,cad564bfe53c,MH / ΔW / ring,43,1,accuracy,3,0.5733333333333334,0.10868110844729793,0.4595,0.676
ded87b4e7797,cad564bfe53c,MH / ΔW / ring,43,2,accuracy,3,0.5291666666666667,0.10339527713262991,0.415,0.6165
ded87b4e7797,cad564bfe53c,MH / ΔW / ring,43,3,accuracy,3,0.2771666666666667,0.019977070188927425,0.261,0.2995
ded87b4e7797,cad564bfe53c,MH / ΔW / ring,43,4,accuracy,3,0.3511666666666667,0.04735328218121036,0.3075,0.4015
ded87b4e7797,cad564bfe53c,MH / ΔW / ring,44,0,accuracy,3,0.37583333333333335,0.04235957192103495,0.3275,0.4065
ded87b4e7797,cad564bfe53c,MH / ΔW / ring,44,1,accuracy,3,0.5743333333333334,0.09601085008129727,0.4745,0.666
ded87b4e7797,cad564bfe53c,MH / ΔW / ring,44,2,accuracy,3,0.5275,0.10868877586945211,0.4055,0.614
ded87b4e7797,cad564bfe53c,MH / ΔW / ring,44,3,accuracy,3,0.26716666666666666,0.026221810260417432,0.246,0.2965
ded87b4e7797,cad564bfe53c,MH / ΔW / ring,44,4,accuracy,3,0.3565,0.04250882261366458,0.3145,0.3995
ded87b4e7797,cad564bfe53c,MH / ΔW / ring,45,0,accuracy,3,0.37433333333333335,0.0485601002195561,0.32,0.4135
ded87b4e7797,cad564bfe53c,MH / ΔW / ring,45,1,accuracy,3,0.57,0.09909465172248196,0.4685,0.6665
ded87b4e7797,cad564bfe53c,MH / ΔW / ring,45,2,accuracy,3,0.5335,0.10670168695948534,0.413,0.616
ded87b4e7797,cad564bfe53c,MH / ΔW / ring,45,3,accuracy,3,0.2775,0.018999999999999986,0.2615,0.2985
ded87b4e7797,cad564bfe53c,MH / ΔW / ring,45,4,accuracy,3,0.3526666666666667,0.041122783628219216,0.3135,0.3955
ded87b4e7797,cad564bfe53c,MH / ΔW / ring,46,0,accuracy,3,0.37533333333333335,0.045938364504337026,0.323,0.409
ded87b4e7797,cad564bfe53c,MH / ΔW / ring,46,1,accuracy,3,0.5733333333333334,0.10262837489375601,0.466,0.6705
ded87b4e7797,cad564bfe53c,MH / ΔW / ring,46,2,accuracy,3,0.5261666666666667,0.10048051220676246,0.4135,0.6065
ded87b4e7797,cad564bfe53c,MH / ΔW / ring,46,3,accuracy,3,0.275,0.022588713996153024,0.2575,0.3005
ded87b4e7797,cad564bfe53c,MH / ΔW / ring,46,4,accuracy,3,0.358,0.04385487430149585,0.3125,0.4
ded87b4e7797,cad564bfe53c,MH / ΔW / ring,47,0,accuracy,3,0.37666666666666665,0.04669403959107985,0.323,0.408
ded87b4e7797,cad564bfe53c,MH / ΔW / ring,47,1,accuracy,3,0.5705,0.10367738422626217,0.4635,0.6705
ded87b4e7797,cad564bfe53c,MH / ΔW / ring,47,2,accuracy,3,0.5276666666666666,0.10708680279723237,0.4075,0.613
ded87b4e7797,cad564bfe53c,MH / ΔW / ring,47,3,accuracy,3,0.274,0.024979991993593582,0.254,0.302
ded87b4e7797,cad564bfe53c,MH / ΔW / ring,47,4,accuracy,3,0.3575,0.0402616442783948,0.3225,0.4015
ded87b4e7797,cad564bfe53c,MH / ΔW / ring,48,0,accuracy,3,0.37916666666666665,0.043652987679348276,0.329,0.4085
ded87b4e7797,cad564bfe53c,MH / ΔW / ring,48,1,accuracy,3,0.5713333333333334,0.10139074579730306,0.467,0.6695
ded87b4e7797,cad564bfe53c,MH / ΔW / ring,48,2,accuracy,3,0.5285,0.11004658104639142,0.406,0.619
ded87b4e7797,cad564bfe53c,MH / ΔW / ring,48,3,accuracy,3,0.273,0.02449999999999999,0.2535,0.3005
ded87b4e7797,cad564bfe53c,MH / ΔW / ring,48,4,accuracy,3,0.36233333333333334,0.041525092815469226,0.32,0.403
ded87b4e7797,cad564bfe53c,MH / ΔW / ring,49,0,accuracy,3,0.3695,0.03869108424430621,0.3265,0.4015
ded87b4e7797,cad564bfe53c,MH / ΔW / ring,49,1,accuracy,3,0.5761666666666667,0.09612795292386778,0.4755,0.667
ded87b4e7797,cad564bfe53c,MH / ΔW / ring,49,2,accuracy,3,0.5291666666666667,0.11478494384427486,0.401,0.6225
ded87b4e7797,cad564bfe53c,MH / ΔW / ring,49,3,accuracy,3,0.27566666666666667,0.026890208874855045,0.2505,0.304
ded87b4e7797,cad564bfe53c,MH / ΔW / ring,49,4,accuracy,3,0.3576666666666667,0.03821430796617065,0.322,0.398
ded87b4e7797,cad564bfe53c,MH / ΔW / ring,50,0,accuracy,3,0.3766666666666667,0.03378732503962593,0.338,0.4005
ded87b4e7797,cad564bfe53c,MH / ΔW / ring,50,1,accuracy,3,0.5711666666666667,0.10200040849591407,0.469,0.673
ded87b4e7797,cad564bfe53c,MH / ΔW / ring,50,2,accuracy,3,0.534,0.11046605813551964,0.4085,0.6165
ded87b4e7797,cad564bfe53c,MH / ΔW / ring,50,3,accuracy,3,0.276,0.024020824298928618,0.257,0.303
ded87b4e7797,cad564bfe53c,MH / ΔW / ring,50,4,accuracy,3,0.3571666666666667,0.034847285881878,0.3255,0.3945
