context_id,variant_id,label,seed,directory,classification,round,personalized_accuracy,personalized_sample_weighted_accuracy,consensus_accuracy,accuracy_gap,worst_domain_accuracy,consensus_distance,mean_train_loss,mean_tail_mass,max_tail_mass,mean_residual_energy,mean_merge_error_energy,mean_relative_merge_error,effective_messages,effective_floats,operational_messages,operational_floats,wall_seconds,cumulative_effective_floats,cumulative_operational_floats
ded87b4e7797,51d33462378d,Local / ΔW,42,/home/gogoi/ahlora-runs/p3-uniform16,full_data_benchmark,1,0.05660157909033471,0.0566,0.0148,0.0225,0.041,3.5577412923177083,3.479545249748264,0.0,0.0,0.0,,,0,0,0,0,0.5868245083838701,0,0
ded87b4e7797,51d33462378d,Local / ΔW,42,/home/gogoi/ahlora-runs/p3-uniform16,full_data_benchmark,2,0.10151560856208532,0.1015,0.0101,0.032,0.084,12.788026936848958,2.5560912340748407,0.0,0.0,0.0,,,0,0,0,0,0.46945768874138594,0,0
ded87b4e7797,51d33462378d,Local / ΔW,42,/home/gogoi/ahlora-runs/p3-uniform16,full_data_benchmark,3,0.18552285418852138,0.1855,0.0146,0.08250000000000002,0.149,41.93650716145833,2.1907722373133227,0.0,0.0,0.0,,,0,0,0,0,0.4707539025694132,0,0
ded87b4e7797,51d33462378d,Local / ΔW,42,/home/gogoi/ahlora-runs/p3-uniform16,full_data_benchmark,4,0.27042634838736795,0.2704,0.0301,0.13549999999999998,0.215,74.07721354166667,1.7266149696935158,0.0,0.0,0.0,,,0,0,0,0,0.5143805583938956,0,0
ded87b4e7797,51d33462378d,Local / ΔW,42,/home/gogoi/ahlora-runs/p3-uniform16,full_data_benchmark,5,0.3230234732483608,0.323,0.0479,0.15599999999999997,0.2595,97.20940755208333,1.3795278669113265,0.0,0.0,0.0,,,0,0,0,0,0.4453176250681281,0,0
ded87b4e7797,51d33462378d,Local / ΔW,42,/home/gogoi/ahlora-runs/p3-uniform16,full_data_benchmark,6,0.365919742831287,0.3659,0.0633,0.15750000000000003,0.2975,112.11429036458334,1.1554974930590822,0.0,0.0,0.0,,,0,0,0,0,0.4940453637391329,0,0
ded87b4e7797,51d33462378d,Local / ΔW,42,/home/gogoi/ahlora-runs/p3-uniform16,full_data_benchmark,7,0.398827162995079,0.3988,0.0766,0.14799999999999996,0.325,120.75728352864583,1.0088216985266376,0.0,0.0,0.0,,,0,0,0,0,0.4935445003211498,0,0
ded87b4e7797,51d33462378d,Local / ΔW,42,/home/gogoi/ahlora-runs/p3-uniform16,full_data_benchmark,8,0.4269282776029403,0.4269,0.092,0.1355,0.357,128.271435546875,0.9054083932214124,0.0,0.0,0.0,,,0,0,0,0,0.48785486817359924,0,0
ded87b4e7797,51d33462378d,Local / ΔW,42,/home/gogoi/ahlora-runs/p3-uniform16,full_data_benchmark,9,0.4503285894590243,0.4503,0.0992,0.14049999999999996,0.371,132.45758463541668,0.8282023504674811,0.0,0.0,0.0,,,0,0,0,0,0.4712939169257879,0,0
ded87b4e7797,51d33462378d,Local / ΔW,42,/home/gogoi/ahlora-runs/p3-uniform16,full_data_benchmark,10,0.46162924543734146,0.4616,0.1069,0.14549999999999996,0.379,136.88528645833333,0.7667490728665541,0.0,0.0,0.0,,,0,0,0,0,0.4594038650393486,0,0
ded87b4e7797,51d33462378d,Local / ΔW,42,/home/gogoi/ahlora-runs/p3-uniform16,full_data_benchmark,11,0.47602685143914525,0.476,0.1129,0.14700000000000002,0.399,141.84173177083332,0.7181014199933263,0.0,0.0,0.0,,,0,0,0,0,0.5067519210278988,0,0
ded87b4e7797,51d33462378d,Local / ΔW,42,/home/gogoi/ahlora-runs/p3-uniform16,full_data_benchmark,12,0.4857245551398474,0.4857,0.1162,0.15300000000000002,0.4,149.20358072916667,0.6759104460934791,0.0,0.0,0.0,,,0,0,0,0,0.5221399879083037,0,0
ded87b4e7797,51d33462378d,Local / ΔW,42,/home/gogoi/ahlora-runs/p3-uniform16,full_data_benchmark,13,0.4957285621453537,0.4957,0.1211,0.15700000000000003,0.4115,154.99280598958333,0.6410549329646936,0.0,0.0,0.0,,,0,0,0,0,0.5181806506589055,0,0
ded87b4e7797,51d33462378d,Local / ΔW,42,/home/gogoi/ahlora-runs/p3-uniform16,full_data_benchmark,14,0.5070247158702931,0.507,0.1254,0.14999999999999997,0.425,162.14679361979168,0.6113926098716587,0.0,0.0,0.0,,,0,0,0,0,0.5914932461455464,0,0
ded87b4e7797,51d33462378d,Local / ΔW,42,/home/gogoi/ahlora-runs/p3-uniform16,full_data_benchmark,15,0.5149230189709949,0.5149,0.1272,0.16350000000000003,0.431,170.61331380208333,0.5824339732938169,0.0,0.0,0.0,,,0,0,0,0,0.4859727332368493,0,0
ded87b4e7797,51d33462378d,Local / ΔW,42,/home/gogoi/ahlora-runs/p3-uniform16,full_data_benchmark,16,0.5236257246752,0.5236,0.1332,0.16800000000000004,0.4345,177.05279947916668,0.5587809539663824,0.0,0.0,0.0,,,0,0,0,0,0.4789408929646015,0,0
ded87b4e7797,51d33462378d,Local / ΔW,42,/home/gogoi/ahlora-runs/p3-uniform16,full_data_benchmark,17,0.5297220758989875,0.5297,0.1343,0.16750000000000004,0.442,183.5302734375,0.536672590905629,0.0,0.0,0.0,,,0,0,0,0,0.4705173159018159,0,0
ded87b4e7797,51d33462378d,Local / ΔW,42,/home/gogoi/ahlora-runs/p3-uniform16,full_data_benchmark,18,0.5333235784510146,0.5333,0.1353,0.16600000000000004,0.4465,190.63277994791667,0.5170270505838711,0.0,0.0,0.0,,,0,0,0,0,0.4572152607142925,0,0
ded87b4e7797,51d33462378d,Local / ΔW,42,/home/gogoi/ahlora-runs/p3-uniform16,full_data_benchmark,19,0.5389212300756528,0.5389,0.135,0.14450000000000002,0.461,199.47457682291667,0.49775715057189146,0.0,0.0,0.0,,,0,0,0,0,0.48243211302906275,0,0
ded87b4e7797,51d33462378d,Local / ΔW,42,/home/gogoi/ahlora-runs/p3-uniform16,full_data_benchmark,20,0.5411223817520668,0.5411,0.1348,0.16749999999999998,0.4545,206.258544921875,0.4802414559160841,0.0,0.0,0.0,,,0,0,0,0,0.46737626660615206,0,0
ded87b4e7797,51d33462378d,Local / ΔW,42,/home/gogoi/ahlora-runs/p3-uniform16,full_data_benchmark,21,0.5504246375310843,0.5504,0.1382,0.16149999999999998,0.4685,210.616796875,0.4621125806281109,0.0,0.0,0.0,,,0,0,0,0,0.45137473195791245,0,0
ded87b4e7797,51d33462378d,Local / ΔW,42,/home/gogoi/ahlora-runs/p3-uniform16,full_data_benchmark,22,0.5503218360789575,0.5503,0.1354,0.16199999999999992,0.4655,218.68473307291666,0.4476814029374349,0.0,0.0,0.0,,,0,0,0,0,0.47266059555113316,0,0
ded87b4e7797,51d33462378d,Local / ΔW,42,/home/gogoi/ahlora-runs/p3-uniform16,full_data_benchmark,23,0.5518216867542204,0.5518,0.1365,0.16849999999999998,0.4655,222.02874348958332,0.43149552674902514,0.0,0.0,0.0,,,0,0,0,0,0.4747907128185034,0,0
ded87b4e7797,51d33462378d,Local / ΔW,42,/home/gogoi/ahlora-runs/p3-uniform16,full_data_benchmark,24,0.5561225393309351,0.5561,0.1379,0.16699999999999993,0.4665,226.12775065104168,0.4197924072045891,0.0,0.0,0.0,,,0,0,0,0,0.45194925740361214,0,0
ded87b4e7797,51d33462378d,Local / ΔW,42,/home/gogoi/ahlora-runs/p3-uniform16,full_data_benchmark,25,0.558821490155823,0.5588,0.1387,0.16499999999999998,0.4695,231.40589192708333,0.40655384243467146,0.0,0.0,0.0,,,0,0,0,0,0.46580716501921415,0,0
ded87b4e7797,51d33462378d,Local / ΔW,42,/home/gogoi/ahlora-runs/p3-uniform16,full_data_benchmark,26,0.5585229907568738,0.5585,0.1401,0.16600000000000004,0.471,237.66178385416666,0.3918947065550445,0.0,0.0,0.0,,,0,0,0,0,0.4602129561826587,0,0
ded87b4e7797,51d33462378d,Local / ΔW,42,/home/gogoi/ahlora-runs/p3-uniform16,full_data_benchmark,27,0.5661211436323881,0.5661,0.1417,0.15400000000000003,0.488,245.15236002604166,0.38091300781100373,0.0,0.0,0.0,,,0,0,0,0,0.5292303822934628,0,0
ded87b4e7797,51d33462378d,Local / ΔW,42,/home/gogoi/ahlora-runs/p3-uniform16,full_data_benchmark,28,0.5648199924061994,0.5648,0.1386,0.16299999999999998,0.4785,248.40852864583334,0.37127711192645957,0.0,0.0,0.0,,,0,0,0,0,0.4882487626746297,0,0
ded87b4e7797,51d33462378d,Local / ΔW,42,/home/gogoi/ahlora-runs/p3-uniform16,full_data_benchmark,29,0.5684168426297361,0.5684,0.1418,0.17099999999999999,0.4745,253.35558268229167,0.3612716480943172,0.0,0.0,0.0,,,0,0,0,0,0.47603614162653685,0,0
ded87b4e7797,51d33462378d,Local / ΔW,42,/home/gogoi/ahlora-runs/p3-uniform16,full_data_benchmark,30,0.5669192430811621,0.5669,0.1423,0.15800000000000003,0.486,257.87364908854164,0.35052417227514193,0.0,0.0,0.0,,,0,0,0,0,0.4733564658090472,0,0
ded87b4e7797,51d33462378d,Local / ΔW,42,/home/gogoi/ahlora-runs/p3-uniform16,full_data_benchmark,31,0.5666189427808618,0.5666,0.1469,0.1805,0.478,262.5620442708333,0.3398452212938264,0.0,0.0,0.0,,,0,0,0,0,0.471167653799057,0,0
ded87b4e7797,51d33462378d,Local / ΔW,42,/home/gogoi/ahlora-runs/p3-uniform16,full_data_benchmark,32,0.5706181443812627,0.5706,0.1445,0.16149999999999998,0.489,269.65496419270835,0.3302550973322482,0.0,0.0,0.0,,,0,0,0,0,0.5184716982766986,0,0
ded87b4e7797,51d33462378d,Local / ΔW,42,/home/gogoi/ahlora-runs/p3-uniform16,full_data_benchmark,33,0.5746174960567764,0.5746,0.1441,0.15700000000000003,0.497,276.39166666666665,0.32146697754815173,0.0,0.0,0.0,,,0,0,0,0,0.49704900570213795,0,0
ded87b4e7797,51d33462378d,Local / ΔW,42,/home/gogoi/ahlora-runs/p3-uniform16,full_data_benchmark,34,0.5749201975588782,0.5749,0.1435,0.16500000000000004,0.487,281.717578125,0.3124507576680503,0.0,0.0,0.0,,,0,0,0,0,0.4905772116035223,0,0
ded87b4e7797,51d33462378d,Local / ΔW,42,/home/gogoi/ahlora-runs/p3-uniform16,full_data_benchmark,35,0.5719185452318886,0.5719,0.1466,0.17149999999999999,0.484,285.6518229166667,0.30436387862897185,0.0,0.0,0.0,,,0,0,0,0,0.49042567051947117,0,0
ded87b4e7797,51d33462378d,Local / ΔW,42,/home/gogoi/ahlora-runs/p3-uniform16,full_data_benchmark,36,0.5746174960567765,0.5746,0.1476,0.15400000000000003,0.501,291.8743489583333,0.2944846295347598,0.0,0.0,0.0,,,0,0,0,0,0.49390577152371407,0,0
ded87b4e7797,51d33462378d,Local / ΔW,42,/home/gogoi/ahlora-runs/p3-uniform16,full_data_benchmark,37,0.5737177957567763,0.5737,0.1471,0.16249999999999998,0.49,298.6098958333333,0.2872650598186615,0.0,0.0,0.0,,,0,0,0,0,0.4908946845680475,0,0
ded87b4e7797,51d33462378d,Local / ΔW,42,/home/gogoi/ahlora-runs/p3-uniform16,full_data_benchmark,38,0.576515796155976,0.5765,0.1464,0.16099999999999998,0.4955,304.0042317708333,0.2797548926947933,0.0,0.0,0.0,,,0,0,0,0,0.5091999545693398,0,0
ded87b4e7797,51d33462378d,Local / ΔW,42,/home/gogoi/ahlora-runs/p3-uniform16,full_data_benchmark,39,0.5777162469816143,0.5777,0.1444,0.16349999999999998,0.493,311.76653645833335,0.2722086954791262,0.0,0.0,0.0,,,0,0,0,0,0.4914864329621196,0,0
ded87b4e7797,51d33462378d,Local / ΔW,42,/home/gogoi/ahlora-runs/p3-uniform16,full_data_benchmark,40,0.5783174478826653,0.5783,0.1425,0.17049999999999998,0.494,316.2099283854167,0.26435524672528476,0.0,0.0,0.0,,,0,0,0,0,0.4653414972126484,0,0
ded87b4e7797,51d33462378d,Local / ΔW,42,/home/gogoi/ahlora-runs/p3-uniform16,full_data_benchmark,41,0.5765147456301878,0.5765,0.1449,0.15749999999999997,0.497,323.40068359375,0.2577651121784482,0.0,0.0,0.0,,,0,0,0,0,0.45830468088388443,0,0
ded87b4e7797,51d33462378d,Local / ΔW,42,/home/gogoi/ahlora-runs/p3-uniform16,full_data_benchmark,42,0.5742169455812635,0.5742,0.1506,0.16499999999999998,0.4835,330.66930338541664,0.2499787392614728,0.0,0.0,0.0,,,0,0,0,0,0.47496114391833544,0,0
ded87b4e7797,51d33462378d,Local / ΔW,42,/home/gogoi/ahlora-runs/p3-uniform16,full_data_benchmark,43,0.5781137959548754,0.5781,0.1497,0.15749999999999997,0.493,339.12330729166666,0.24320296042645542,0.0,0.0,0.0,,,0,0,0,0,0.4796253116801381,0,0
ded87b4e7797,51d33462378d,Local / ΔW,42,/home/gogoi/ahlora-runs/p3-uniform16,full_data_benchmark,44,0.5787170979075026,0.5787,0.1524,0.15550000000000003,0.4965,344.02265625,0.23682458268839832,0.0,0.0,0.0,,,0,0,0,0,0.5312188379466534,0,0
ded87b4e7797,51d33462378d,Local / ΔW,42,/home/gogoi/ahlora-runs/p3-uniform16,full_data_benchmark,45,0.5787167977572776,0.5787,0.1545,0.16550000000000004,0.4925,352.05442708333334,0.22968656017249953,0.0,0.0,0.0,,,0,0,0,0,0.4882734287530184,0,0
ded87b4e7797,51d33462378d,Local / ΔW,42,/home/gogoi/ahlora-runs/p3-uniform16,full_data_benchmark,46,0.5794176485330909,0.5794,0.1537,0.14949999999999997,0.506,358.7529622395833,0.2236202056445157,0.0,0.0,0.0,,,0,0,0,0,0.4973999038338661,0,0
ded87b4e7797,51d33462378d,Local / ΔW,42,/home/gogoi/ahlora-runs/p3-uniform16,full_data_benchmark,47,0.5843170006588297,0.5843,0.1559,0.16100000000000003,0.5025,365.2461263020833,0.2170231175553548,0.0,0.0,0.0,,,0,0,0,0,0.49268034007400274,0,0
ded87b4e7797,51d33462378d,Local / ΔW,42,/home/gogoi/ahlora-runs/p3-uniform16,full_data_benchmark,48,0.5821146483815149,0.5821,0.1545,0.16449999999999998,0.495,375.74427083333336,0.21246715711054096,0.0,0.0,0.0,,,0,0,0,0,0.4984129313379526,0,0
ded87b4e7797,51d33462378d,Local / ΔW,42,/home/gogoi/ahlora-runs/p3-uniform16,full_data_benchmark,49,0.5802137970054013,0.5802,0.1601,0.15599999999999997,0.4985,382.1756184895833,0.20762274553295726,0.0,0.0,0.0,,,0,0,0,0,0.5114973308518529,0,0
ded87b4e7797,51d33462378d,Local / ΔW,42,/home/gogoi/ahlora-runs/p3-uniform16,full_data_benchmark,50,0.582915749332541,0.5829,0.1546,0.16850000000000004,0.4955,391.3818359375,0.20099908127288282,0.0,0.0,0.0,,,0,0,0,0,0.4939378025010228,0,0
ded87b4e7797,0eac0e17d3ed,FedAvg / ΔW,42,/home/gogoi/ahlora-runs/p3-uniform16,full_data_benchmark,1,0.014799507153330244,0.0148,0.0148,0.033,0.002,8.12120769938529e-14,3.479545249748264,5.788541958034614e-06,5.788541958034615e-06,3.177043254254386e-05,,,210,2056320,30,914880,0.663140494376421,2056320,914880
ded87b4e7797,0eac0e17d3ed,FedAvg / ΔW,42,/home/gogoi/ahlora-runs/p3-uniform16,full_data_benchmark,2,0.013099606352979664,0.0131,0.0131,0.0295,0.0,3.7397798977970945e-13,3.311438220242091,2.727499627177118e-06,2.727499627177119e-06,6.978721648920327e-05,,,210,2056320,30,914880,0.6690974747762084,4112640,1829760
ded87b4e7797,0eac0e17d3ed,FedAvg / ΔW,42,/home/gogoi/ahlora-runs/p3-uniform16,full_data_benchmark,3,0.015399057228142686,0.0154,0.0154,0.037,0.0,7.596596962589075e-13,3.2114672691185406,1.3046123372037446e-06,1.3046123372037442e-06,7.238738180603832e-05,,,210,2056320,30,914880,0.6645378777757287,6168960,2744640
ded87b4e7797,0eac0e17d3ed,FedAvg / ΔW,42,/home/gogoi/ahlora-runs/p3-uniform16,full_data_benchmark,4,0.017099408253831043,0.0171,0.0171,0.035,0.0,1.1802399335625324e-12,3.1240646453936214,1.1221063931429565e-06,1.1221063931429565e-06,0.00010186007420998067,,,210,2056320,30,914880,0.6650973195210099,8225280,3659520
ded87b4e7797,0eac0e17d3ed,FedAvg / ΔW,42,/home/gogoi/ahlora-runs/p3-uniform16,full_data_benchmark,5,0.022798810804807803,0.0228,0.0228,0.0645,0.0,2.0983527415641134e-12,3.032443395836481,1.3615692499824802e-06,1.3615692499824798e-06,0.00017461273819208145,,,210,2056320,30,914880,0.6647357987239957,10281600,4574400
ded87b4e7797,0eac0e17d3ed,FedAvg / ΔW,42,/home/gogoi/ahlora-runs/p3-uniform16,full_data_benchmark,6,0.021299110204657433,0.0213,0.0213,0.041,0.001,2.7689621429072275e-12,2.92479223564056,1.1696651563707891e-06,1.169665156370789e-06,0.00019436102593317628,,,210,2056320,30,914880,0.6677025780081749,12337920,5489280
ded87b4e7797,0eac0e17d3ed,FedAvg / ΔW,42,/home/gogoi/ahlora-runs/p3-uniform16,full_data_benchmark,7,0.024899262080671378,0.0249,0.0249,0.051,0.002,2.937445425787999e-12,2.8244618176753558,9.805921523099866e-07,9.805921523099864e-07,0.0002017238875851035,,,210,2056320,30,914880,0.5742055373266339,14394240,6404160
ded87b4e7797,0eac0e17d3ed,FedAvg / ΔW,42,/home/gogoi/ahlora-runs/p3-uniform16,full_data_benchmark,8,0.0367985676831254,0.0368,0.0368,0.065,0.0025,3.143287713447407e-12,2.7253690670122617,7.845065872013513e-07,7.845065872013515e-07,0.00019162072567269206,,,210,2056320,30,914880,0.5787764173001051,16450560,7319040
ded87b4e7797,0eac0e17d3ed,FedAvg / ΔW,42,/home/gogoi/ahlora-runs/p3-uniform16,full_data_benchmark,9,0.0513989251620436,0.0514,0.0514,0.0875,0.006,3.5833271535186856e-12,2.6088190582474757,8.431886441291085e-07,8.431886441291087e-07,0.0002415190974716097,,,210,2056320,30,914880,0.5681178979575634,18506880,8233920
ded87b4e7797,0eac0e17d3ed,FedAvg / ΔW,42,/home/gogoi/ahlora-runs/p3-uniform16,full_data_benchmark,10,0.06179792986389687,0.0618,0.0618,0.108,0.01,4.28609370217714e-12,2.5108922487563223,8.592136592712279e-07,8.592136592712282e-07,0.00028038962045684457,,,210,2056320,30,914880,0.57922044955194,20563200,9148800
ded87b4e7797,0eac0e17d3ed,FedAvg / ΔW,42,/home/gogoi/ahlora-runs/p3-uniform16,full_data_benchmark,11,0.06809928369148759,0.0681,0.0681,0.117,0.017,4.997334953256901e-12,2.4286017786181824,7.592198593445596e-07,7.592198593445598e-07,0.00027339556254446507,,,210,2056320,30,914880,0.5700817862525582,22619520,10063680
ded87b4e7797,0eac0e17d3ed,FedAvg / ΔW,42,/home/gogoi/ahlora-runs/p3-uniform16,full_data_benchmark,12,0.07509848679263972,0.0751,0.0751,0.12499999999999999,0.017,5.730530864648623e-12,2.3514001369571806,7.610889429842438e-07,7.610889429842438e-07,0.0002994510577991605,,,210,2056320,30,914880,0.5746783567592502,24675840,10978560
ded87b4e7797,0eac0e17d3ed,FedAvg / ΔW,42,/home/gogoi/ahlora-runs/p3-uniform16,full_data_benchmark,13,0.07879888884386635,0.0788,0.0788,0.11700000000000002,0.023,6.3160310315169e-12,2.287012341654361,7.370863452255063e-07,7.370863452255063e-07,0.00031222112011164427,,,210,2056320,30,914880,0.5699486136436462,26732160,11893440
ded87b4e7797,0eac0e17d3ed,FedAvg / ΔW,42,/home/gogoi/ahlora-runs/p3-uniform16,full_data_benchmark,14,0.08639899269584426,0.0864,0.0864,0.11699999999999999,0.0295,6.835915167258122e-12,2.221816842345621,7.625999110186793e-07,7.625999110186794e-07,0.0003403487498871982,,,210,2056320,30,914880,0.5764146754518151,28788480,12808320
ded87b4e7797,0eac0e17d3ed,FedAvg / ΔW,42,/home/gogoi/ahlora-runs/p3-uniform16,full_data_benchmark,15,0.09849894872383629,0.0985,0.0985,0.124,0.0365,7.093949501898086e-12,2.174792361253062,8.233009132011025e-07,8.233009132011027e-07,0.00038183765718713403,,,210,2056320,30,914880,0.5583269996568561,30844800,13723200
ded87b4e7797,0eac0e17d3ed,FedAvg / ΔW,42,/home/gogoi/ahlora-runs/p3-uniform16,full_data_benchmark,16,0.1145002573788181,0.1145,0.1145,0.14300000000000002,0.0495,7.294641742502014e-12,2.122685783598826,7.249625137178327e-07,7.249625137178329e-07,0.0003478103899396956,,,210,2056320,30,914880,0.5795151023194194,32901120,14638080
ded87b4e7797,0eac0e17d3ed,FedAvg / ΔW,42,/home/gogoi/ahlora-runs/p3-uniform16,full_data_benchmark,17,0.1289985637811725,0.129,0.129,0.1705,0.06,7.590185887214792e-12,2.068875523589379,7.328972065995764e-07,7.328972065995762e-07,0.00036392960464581847,,,210,2056320,30,914880,0.5729462448507547,34957440,15552960
ded87b4e7797,0eac0e17d3ed,FedAvg / ΔW,42,/home/gogoi/ahlora-runs/p3-uniform16,full_data_benchmark,18,0.1394988691840266,0.1395,0.1395,0.18,0.067,7.756133698263076e-12,2.0264506276184577,7.231189999559691e-07,7.231189999559689e-07,0.00037372170481830835,,,210,2056320,30,914880,0.5752818519249558,37013760,16467840
ded87b4e7797,0eac0e17d3ed,FedAvg / ΔW,42,/home/gogoi/ahlora-runs/p3-uniform16,full_data_benchmark,19,0.1438987713350532,0.1439,0.1439,0.1815,0.0685,8.08896468325789e-12,1.9863458554718976,5.970194280666665e-07,5.970194280666664e-07,0.0003201148647349328,,,210,2056320,30,914880,0.5739694004878402,39070080,17382720
ded87b4e7797,0eac0e17d3ed,FedAvg / ΔW,42,/home/gogoi/ahlora-runs/p3-uniform16,full_data_benchmark,20,0.14559747153450303,0.1456,0.1456,0.189,0.0685,8.309445724089907e-12,1.9572538657982794,5.657053533718212e-07,5.657053533718214e-07,0.00031455064890906215,,,210,2056320,30,914880,0.584779554978013,41126400,18297600
ded87b4e7797,0eac0e17d3ed,FedAvg / ΔW,42,/home/gogoi/ahlora-runs/p3-uniform16,full_data_benchmark,21,0.15209752481116798,0.1521,0.1521,0.1915,0.076,8.35116050386849e-12,1.9351175210652254,5.882837347769913e-07,5.882837347769913e-07,0.0003357603563927114,,,210,2056320,30,914880,0.5775317791849375,43182720,19212480
ded87b4e7797,0eac0e17d3ed,FedAvg / ΔW,42,/home/gogoi/ahlora-runs/p3-uniform16,full_data_benchmark,22,0.1619978299138719,0.162,0.162,0.17950000000000002,0.09,8.475294540251829e-12,1.9074576744068106,5.563216610393253e-07,5.563216610393253e-07,0.0003254033508710563,,,210,2056320,30,914880,0.5673428289592266,45239040,20127360
ded87b4e7797,0eac0e17d3ed,FedAvg / ΔW,42,/home/gogoi/ahlora-runs/p3-uniform16,full_data_benchmark,23,0.16849773311542426,0.1685,0.1685,0.16100000000000003,0.105,8.773215487423159e-12,1.8793732662057414,5.936399949985923e-07,5.936399949985923e-07,0.00035735388519242406,,,210,2056320,30,914880,0.5821563256904483,47295360,21042240
ded87b4e7797,0eac0e17d3ed,FedAvg / ΔW,42,/home/gogoi/ahlora-runs/p3-uniform16,full_data_benchmark,24,0.17079793436615026,0.1708,0.1708,0.15750000000000003,0.104,8.897840797494894e-12,1.8601497539686458,6.013090410671455e-07,6.013090410671454e-07,0.0003715480270329863,,,210,2056320,30,914880,0.5636839140206575,49351680,21957120
ded87b4e7797,0eac0e17d3ed,FedAvg / ΔW,42,/home/gogoi/ahlora-runs/p3-uniform16,full_data_benchmark,25,0.1755988372180276,0.1756,0.1756,0.1405,0.114,9.131808272518545e-12,1.8357630071975346,5.977006063063069e-07,5.97700606306307e-07,0.00037941738264635205,,,210,2056320,30,914880,0.5600720988586545,51408000,22872000
ded87b4e7797,0eac0e17d3ed,FedAvg / ΔW,42,/home/gogoi/ahlora-runs/p3-uniform16,full_data_benchmark,26,0.1810975893434664,0.1811,0.1811,0.14500000000000002,0.1165,9.251066579452072e-12,1.8155094883943128,5.443982593953354e-07,5.443982593953353e-07,0.0003548761596903205,,,210,2056320,30,914880,0.6265360051766038,53464320,23786880
ded87b4e7797,0eac0e17d3ed,FedAvg / ΔW,42,/home/gogoi/ahlora-runs/p3-uniform16,full_data_benchmark,27,0.1861975918947433,0.1862,0.1862,0.15050000000000002,0.118,9.454574160609279e-12,1.8012387506615402,5.686407316845375e-07,5.686407316845376e-07,0.00037750060437247157,,,210,2056320,30,914880,0.6120823733508587,55520640,24701760
ded87b4e7797,0eac0e17d3ed,FedAvg / ΔW,42,/home/gogoi/ahlora-runs/p3-uniform16,full_data_benchmark,28,0.1886961924443184,0.1887,0.1887,0.14550000000000002,0.127,9.534225261139303e-12,1.7835874068836737,5.676910407036894e-07,5.676910407036894e-07,0.00038151658372953534,,,210,2056320,30,914880,0.6411024359986186,57576960,25616640
ded87b4e7797,0eac0e17d3ed,FedAvg / ΔW,42,/home/gogoi/ahlora-runs/p3-uniform16,full_data_benchmark,29,0.19079664372018196,0.1908,0.1908,0.1355,0.1325,9.744109223201273e-12,1.7649751182325661,5.184109351219994e-07,5.184109351219994e-07,0.000353294046362862,,,210,2056320,30,914880,0.6663311515003443,59633280,26531520
ded87b4e7797,0eac0e17d3ed,FedAvg / ΔW,42,/home/gogoi/ahlora-runs/p3-uniform16,full_data_benchmark,30,0.1929980955468212,0.193,0.193,0.132,0.135,9.780424618336762e-12,1.7472908434888867,4.998864446476809e-07,4.99886444647681e-07,0.00034425791818648577,,,210,2056320,30,914880,0.6605986282229424,61689600,27446400
ded87b4e7797,0eac0e17d3ed,FedAvg / ΔW,42,/home/gogoi/ahlora-runs/p3-uniform16,full_data_benchmark,31,0.19259799529664598,0.1926,0.1926,0.132,0.135,9.769129024247055e-12,1.7319671365986102,4.989403877475713e-07,4.989403877475712e-07,0.0003451635129749775,,,210,2056320,30,914880,0.6525142136961222,63745920,28361280
ded87b4e7797,0eac0e17d3ed,FedAvg / ΔW,42,/home/gogoi/ahlora-runs/p3-uniform16,full_data_benchmark,32,0.19379769574672123,0.1938,0.1938,0.12550000000000003,0.143,9.905193332215845e-12,1.7200833391825279,5.362174599769015e-07,5.362174599769013e-07,0.00037393614184111357,,,210,2056320,30,914880,0.6394326370209455,65802240,29276160
ded87b4e7797,0eac0e17d3ed,FedAvg / ΔW,42,/home/gogoi/ahlora-runs/p3-uniform16,full_data_benchmark,33,0.19769859814837326,0.1977,0.1977,0.13600000000000004,0.145,9.928829980410114e-12,1.7097029486829218,5.311300745338994e-07,5.311300745338993e-07,0.0003713593469001353,,,210,2056320,30,914880,0.6370504507794976,67858560,30191040
ded87b4e7797,0eac0e17d3ed,FedAvg / ΔW,42,/home/gogoi/ahlora-runs/p3-uniform16,full_data_benchmark,34,0.1964985975480728,0.1965,0.1965,0.13300000000000003,0.144,9.982351982055586e-12,1.6988252206559697,5.052282961630917e-07,5.052282961630916e-07,0.0003544095088727772,,,210,2056320,30,914880,0.6849592374637723,69914880,31105920
ded87b4e7797,0eac0e17d3ed,FedAvg / ΔW,42,/home/gogoi/ahlora-runs/p3-uniform16,full_data_benchmark,35,0.1965989977983981,0.1966,0.1966,0.11900000000000002,0.146,9.94823852925227e-12,1.68641396471987,4.7543420211254454e-07,4.7543420211254475e-07,0.0003342375566717237,,,210,2056320,30,914880,0.6656683264300227,71971200,32020800
ded87b4e7797,0eac0e17d3ed,FedAvg / ΔW,42,/home/gogoi/ahlora-runs/p3-uniform16,full_data_benchmark,36,0.20189784987386186,0.2019,0.2019,0.13449999999999998,0.1495,1.0169821466436228e-11,1.679609105952738,5.161132214890211e-07,5.161132214890209e-07,0.0003630688297562301,,,210,2056320,30,914880,0.5959727726876736,74027520,32935680
ded87b4e7797,0eac0e17d3ed,FedAvg / ΔW,42,/home/gogoi/ahlora-runs/p3-uniform16,full_data_benchmark,37,0.20699845272558914,0.207,0.207,0.13049999999999998,0.156,1.0103817782436409e-11,1.6598448710372973,5.450567584033498e-07,5.450567584033497e-07,0.00038590613985434175,,,210,2056320,30,914880,0.6031559184193611,76083840,33850560
ded87b4e7797,0eac0e17d3ed,FedAvg / ΔW,42,/home/gogoi/ahlora-runs/p3-uniform16,full_data_benchmark,38,0.20899985442714084,0.209,0.209,0.13649999999999998,0.1505,1.021452459652276e-11,1.648288879934016,5.548890264883191e-07,5.548890264883191e-07,0.0003950583632104099,,,210,2056320,30,914880,0.6688937302678823,78140160,34765440
ded87b4e7797,0eac0e17d3ed,FedAvg / ΔW,42,/home/gogoi/ahlora-runs/p3-uniform16,full_data_benchmark,39,0.2105995050522787,0.2106,0.2106,0.137,0.1405,1.0219412353388673e-11,1.6359009806890938,5.78985487866156e-07,5.789854878661562e-07,0.00041380870970897377,,,210,2056320,30,914880,0.662195848301053,80196480,35680320
ded87b4e7797,0eac0e17d3ed,FedAvg / ΔW,42,/home/gogoi/ahlora-runs/p3-uniform16,full_data_benchmark,40,0.2105986046016031,0.2106,0.2107,0.1395,0.1305,1.0237239759606591e-11,1.6228131575245246,5.307400143767939e-07,5.307400143767939e-07,0.00038364145439118147,,,210,2056320,30,914880,0.6266714781522751,82252800,36595200
ded87b4e7797,0eac0e17d3ed,FedAvg / ΔW,42,/home/gogoi/ahlora-runs/p3-uniform16,full_data_benchmark,41,0.21249885567726648,0.2125,0.2125,0.15350000000000003,0.127,1.0464334954107813e-11,1.617361412807549,5.529076274653696e-07,5.529076274653696e-07,0.00040394498500972986,,,210,2056320,30,914880,0.5878201825544238,84309120,37510080
ded87b4e7797,0eac0e17d3ed,FedAvg / ΔW,42,/home/gogoi/ahlora-runs/p3-uniform16,full_data_benchmark,42,0.21759780770275522,0.2176,0.2176,0.1815,0.1145,1.0681733275674787e-11,1.6028959385572144,5.806415873506012e-07,5.806415873506012e-07,0.00042987699271179736,,,210,2056320,30,914880,0.564452275633812,86365440,38424960
ded87b4e7797,0eac0e17d3ed,FedAvg / ΔW,42,/home/gogoi/ahlora-runs/p3-uniform16,full_data_benchmark,43,0.21909990950470712,0.2191,0.2191,0.1865,0.117,1.0736549612329801e-11,1.6031974449842255,5.730122126749626e-07,5.730122126749628e-07,0.0004302654415369034,,,210,2056320,30,914880,0.567556188441813,88421760,39339840
ded87b4e7797,0eac0e17d3ed,FedAvg / ΔW,42,/home/gogoi/ahlora-runs/p3-uniform16,full_data_benchmark,44,0.22060006033019527,0.2206,0.2206,0.184,0.119,1.0942725429489523e-11,1.5921389026237882,5.675725305136206e-07,5.675725305136204e-07,0.0004309798823669553,,,210,2056320,30,914880,0.6301686111837626,90478080,40254720
ded87b4e7797,0eac0e17d3ed,FedAvg / ΔW,42,/home/gogoi/ahlora-runs/p3-uniform16,full_data_benchmark,45,0.221100110605358,0.2211,0.2211,0.1795,0.1195,1.10380760087736e-11,1.587504760455333,5.925003073567614e-07,5.925003073567613e-07,0.00045384865370579064,,,210,2056320,30,914880,0.6220554634928703,92534400,41169600
ded87b4e7797,0eac0e17d3ed,FedAvg / ΔW,42,/home/gogoi/ahlora-runs/p3-uniform16,full_data_benchmark,46,0.22220001110555834,0.2222,0.2222,0.185,0.115,1.1173786895746218e-11,1.5850876131289895,6.020727519790077e-07,6.020727519790078e-07,0.00046760885743424296,,,210,2056320,30,914880,0.6583501901477575,94590720,42084480
ded87b4e7797,0eac0e17d3ed,FedAvg / ΔW,42,/home/gogoi/ahlora-runs/p3-uniform16,full_data_benchmark,47,0.22039820930375656,0.2204,0.2204,0.1825,0.1175,1.1344991612816103e-11,1.5730685984588222,6.050115709077722e-07,6.05011570907772e-07,0.0004761535965371877,,,210,2056320,30,914880,0.6629070499911904,96647040,42999360
ded87b4e7797,0eac0e17d3ed,FedAvg / ΔW,42,/home/gogoi/ahlora-runs/p3-uniform16,full_data_benchmark,48,0.22269841055448253,0.2227,0.2227,0.173,0.1245,1.1436834812528219e-11,1.5668573914249224,6.171981656696862e-07,6.171981656696862e-07,0.0004884754307568073,,,210,2056320,30,914880,0.6614936459809542,98703360,43914240
ded87b4e7797,0eac0e17d3ed,FedAvg / ΔW,42,/home/gogoi/ahlora-runs/p3-uniform16,full_data_benchmark,49,0.22589801195498344,0.2259,0.2259,0.1785,0.1285,1.1508161090745262e-11,1.5634015634103267,6.376428750836329e-07,6.376428750836329e-07,0.0005128891207277775,,,210,2056320,30,914880,0.6604844005778432,100759680,44829120
ded87b4e7797,0eac0e17d3ed,FedAvg / ΔW,42,/home/gogoi/ahlora-runs/p3-uniform16,full_data_benchmark,50,0.22859786323054687,0.2286,0.2286,0.1845,0.125,1.1771123890428707e-11,1.5564492242074361,6.227318260045835e-07,6.227318260045837e-07,0.0005074676009826362,,,210,2056320,30,914880,0.6560625080019236,102816000,45744000
ded87b4e7797,cad564bfe53c,MH / ΔW / ring,42,/home/gogoi/ahlora-runs/p3-uniform16,full_data_benchmark,1,0.039898369133751437,0.0399,0.0148,0.060500000000000005,0.008,1.0593454360961914,3.479545249748264,1.6156830183423333e-06,3.0659191487617517e-06,1.0776087704774302e-05,,,30,293760,30,293760,0.6449925331398845,293760,293760
ded87b4e7797,cad564bfe53c,MH / ΔW / ring,42,/home/gogoi/ahlora-runs/p3-uniform16,full_data_benchmark,2,0.08190769480124804,0.0819,0.0148,0.069,0.044,2.2167043050130206,2.870872693055667,1.5306291745735984e-05,3.333513749192251e-05,0.0003324298003766065,,,30,293760,30,293760,0.6570827942341566,587520,587520
ded87b4e7797,cad564bfe53c,MH / ΔW / ring,42,/home/gogoi/ahlora-runs/p3-uniform16,full_data_benchmark,3,0.1461156808982896,0.1461,0.0221,0.1275,0.075,3.5125628153483075,2.42255456249078,5.59061319464413e-05,0.00014869408470641356,0.0023337119821614277,,,30,293760,30,293760,0.6562645817175508,881280,881280
ded87b4e7797,cad564bfe53c,MH / ΔW / ring,42,/home/gogoi/ahlora-runs/p3-uniform16,full_data_benchmark,4,0.1999204601903253,0.1999,0.0289,0.16150000000000003,0.112,5.083044942220052,2.1061384118793485,0.00011296857321153318,0.00032034907276612103,0.007479482446797192,,,30,293760,30,293760,0.6490572681650519,1175040,1175040
ded87b4e7797,cad564bfe53c,MH / ΔW / ring,42,/home/gogoi/ahlora-runs/p3-uniform16,full_data_benchmark,5,0.23822878350614482,0.2382,0.035,0.195,0.1275,6.856172688802084,1.8613803041602202,0.00016670340198658736,0.0003514580636379969,0.015790875162929298,,,30,293760,30,293760,0.630986318923533,1468800,1468800
ded87b4e7797,cad564bfe53c,MH / ΔW / ring,42,/home/gogoi/ahlora-runs/p3-uniform16,full_data_benchmark,6,0.26193299746523135,0.2619,0.0401,0.22899999999999998,0.1385,8.730723063151041,1.6720509771583607,0.00020415589131120158,0.0003988598317368186,0.025907649161914983,,,30,293760,30,293760,0.6272761961445212,1762560,1762560
ded87b4e7797,cad564bfe53c,MH / ΔW / ring,42,/home/gogoi/ahlora-runs/p3-uniform16,full_data_benchmark,7,0.28113330722026375,0.2811,0.0424,0.24750000000000003,0.148,10.409250895182291,1.540652470157037,0.00023500062376026224,0.00043560858922610414,0.0375721941391627,,,30,293760,30,293760,0.631079725921154,2056320,2056320
ded87b4e7797,cad564bfe53c,MH / ΔW / ring,42,/home/gogoi/ahlora-runs/p3-uniform16,full_data_benchmark,8,0.29863731797764786,0.2986,0.0458,0.257,0.16,11.921455891927083,1.4332073164560464,0.0002516132273872554,0.0005067030971099017,0.048475798405706885,,,30,293760,30,293760,0.6324290204793215,2350080,2350080
ded87b4e7797,cad564bfe53c,MH / ΔW / ring,42,/home/gogoi/ahlora-runs/p3-uniform16,full_data_benchmark,9,0.3127377752565159,0.3127,0.0492,0.26749999999999996,0.17,13.294560750325521,1.3536867685970262,0.00025004929432400854,0.0005532759961698299,0.05646378739426534,,,30,293760,30,293760,0.6164954667910933,2643840,2643840
ded87b4e7797,cad564bfe53c,MH / ΔW / ring,42,/home/gogoi/ahlora-runs/p3-uniform16,full_data_benchmark,10,0.32743808276042163,0.3274,0.0536,0.2805,0.176,14.642631022135417,1.2879020171466034,0.00023924301247775517,0.0005469852560023985,0.062919081064562,,,30,293760,30,293760,0.745961076579988,2937600,2937600
ded87b4e7797,cad564bfe53c,MH / ΔW / ring,42,/home/gogoi/ahlora-runs/p3-uniform16,full_data_benchmark,11,0.33933348640994815,0.3393,0.0554,0.3005,0.182,16.09989725748698,1.2387523811426158,0.00022937417442163226,0.000548709567572534,0.06854371211181085,,,30,293760,30,293760,0.6980758970603347,3231360,3231360
ded87b4e7797,cad564bfe53c,MH / ΔW / ring,42,/home/gogoi/ahlora-runs/p3-uniform16,full_data_benchmark,12,0.34603193898546214,0.346,0.0564,0.3025,0.1865,17.649003092447916,1.1922217639952484,0.00021886345515568796,0.0005224062708446095,0.07409112906704346,,,30,293760,30,293760,0.6338348798453808,3525120,3525120
ded87b4e7797,cad564bfe53c,MH / ΔW / ring,42,/home/gogoi/ahlora-runs/p3-uniform16,full_data_benchmark,13,0.3514314914614765,0.3514,0.0578,0.31,0.1895,19.318452962239583,1.159899826932213,0.00020679953945832694,0.0004827297516639605,0.07806495502591133,,,30,293760,30,293760,0.6228452008217573,3818880,3818880
ded87b4e7797,cad564bfe53c,MH / ΔW / ring,42,/home/gogoi/ahlora-runs/p3-uniform16,full_data_benchmark,14,0.3601299950625288,0.3601,0.0615,0.317,0.194,20.747111002604168,1.1307362392904976,0.00019218862634608406,0.00044403656774505895,0.08077997689445814,,,30,293760,30,293760,0.6193471439182758,4112640,4112640
ded87b4e7797,cad564bfe53c,MH / ΔW / ring,42,/home/gogoi/ahlora-runs/p3-uniform16,full_data_benchmark,15,0.3720270495382939,0.372,0.0617,0.32299999999999995,0.2025,22.056722005208332,1.107226547575651,0.00017811154214728223,0.00039977516252089,0.08267944442729155,,,30,293760,30,293760,0.623169032856822,4406400,4406400
ded87b4e7797,cad564bfe53c,MH / ΔW / ring,42,/home/gogoi/ahlora-runs/p3-uniform16,full_data_benchmark,16,0.3750272011141576,0.375,0.0633,0.32399999999999995,0.2065,23.30059814453125,1.0857666649203368,0.00016501241339202214,0.0003621743010989822,0.083960580949982,,,30,293760,30,293760,0.6392763564363122,4700160,4700160
ded87b4e7797,cad564bfe53c,MH / ΔW / ring,42,/home/gogoi/ahlora-runs/p3-uniform16,full_data_benchmark,17,0.37792455123789453,0.3779,0.065,0.3175,0.2115,24.622027587890624,1.0621255299825934,0.00015485003194805105,0.0003461459223559965,0.08527039221177499,,,30,293760,30,293760,0.6298269750550389,4993920,4993920
ded87b4e7797,cad564bfe53c,MH / ΔW / ring,42,/home/gogoi/ahlora-runs/p3-uniform16,full_data_benchmark,18,0.380628454541498,0.3806,0.0696,0.3165,0.2125,25.73382568359375,1.0467891622834848,0.00014612224044665921,0.000334370917930455,0.08706465996801853,,,30,293760,30,293760,0.6353242434561253,5287680,5287680
ded87b4e7797,cad564bfe53c,MH / ΔW / ring,42,/home/gogoi/ahlora-runs/p3-uniform16,full_data_benchmark,19,0.3844288066177121,0.3844,0.0725,0.3285,0.214,27.076300048828124,1.0329003425160013,0.0001367594079862023,0.00031751028042354426,0.08800889793783426,,,30,293760,30,293760,0.6417481265962124,5581440,5581440
ded87b4e7797,cad564bfe53c,MH / ΔW / ring,42,/home/gogoi/ahlora-runs/p3-uniform16,full_data_benchmark,20,0.38672480576528556,0.3867,0.073,0.32799999999999996,0.2195,28.77869873046875,1.0211516534187288,0.00012813696181160561,0.0003088943048833803,0.08876022764792045,,,30,293760,30,293760,0.596548642963171,5875200,5875200
ded87b4e7797,cad564bfe53c,MH / ΔW / ring,42,/home/gogoi/ahlora-runs/p3-uniform16,full_data_benchmark,21,0.39272360816588703,0.3927,0.0761,0.3295,0.223,29.95372314453125,1.0110724357056546,0.00012036790640937926,0.0002936914981740104,0.08913057825217645,,,30,293760,30,293760,0.6494030551984906,6168960,6168960
ded87b4e7797,cad564bfe53c,MH / ΔW / ring,42,/home/gogoi/ahlora-runs/p3-uniform16,full_data_benchmark,22,0.3976237106671888,0.3976,0.0758,0.3205,0.233,31.19487101236979,1.0039192494848548,0.00011332645206998883,0.00027477013459584985,0.08955522999167442,,,30,293760,30,293760,0.657013725489378,6462720,6462720
ded87b4e7797,cad564bfe53c,MH / ΔW / ring,42,/home/gogoi/ahlora-runs/p3-uniform16,full_data_benchmark,23,0.3998224611418015,0.3998,0.0776,0.32600000000000007,0.234,32.60888671875,0.992849457398438,0.00010791553249292055,0.00026891367229378143,0.09110655076801777,,,30,293760,30,293760,0.6959285978227854,6756480,6756480
ded87b4e7797,cad564bfe53c,MH / ΔW / ring,42,/home/gogoi/ahlora-runs/p3-uniform16,full_data_benchmark,24,0.4037244140692417,0.4037,0.0799,0.32800000000000007,0.233,33.611968994140625,0.9824534392481721,0.00010138489506405224,0.00025103942173227345,0.0907316184292237,,,30,293760,30,293760,0.6290222499519587,7050240,7050240
ded87b4e7797,cad564bfe53c,MH / ΔW / ring,42,/home/gogoi/ahlora-runs/p3-uniform16,full_data_benchmark,25,0.40742376559468013,0.4074,0.0809,0.325,0.2415,34.989628092447916,0.9742108278546816,9.542501911076472e-05,0.0002349929599380589,0.09083205790569385,,,30,293760,30,293760,0.6109519749879837,7344000,7344000
ded87b4e7797,cad564bfe53c,MH / ΔW / ring,42,/home/gogoi/ahlora-runs/p3-uniform16,full_data_benchmark,26,0.41032516774645705,0.4103,0.0845,0.324,0.2415,36.19482421875,0.969663234427177,8.909280465096895e-05,0.000224835231064368,0.0897590318073829,,,30,293760,30,293760,0.6001262329518795,7637760,7637760
ded87b4e7797,cad564bfe53c,MH / ΔW / ring,42,/home/gogoi/ahlora-runs/p3-uniform16,full_data_benchmark,27,0.4149233191212202,0.4149,0.0862,0.31549999999999995,0.2505,37.75327962239583,0.9611814455805399,8.463199075101786e-05,0.00021376277784936564,0.09028756972402334,,,30,293760,30,293760,0.6759718777611852,7931520,7931520
ded87b4e7797,cad564bfe53c,MH / ΔW / ring,42,/home/gogoi/ahlora-runs/p3-uniform16,full_data_benchmark,28,0.4154263708986348,0.4154,0.0871,0.31799999999999995,0.25,38.882771809895836,0.9551050345427505,7.950574830715746e-05,0.00020230079975914423,0.08983179101099571,,,30,293760,30,293760,0.6768431179225445,8225280,8225280
ded87b4e7797,cad564bfe53c,MH / ΔW / ring,42,/home/gogoi/ahlora-runs/p3-uniform16,full_data_benchmark,29,0.4168262715489103,0.4168,0.0868,0.31049999999999994,0.2595,40.41259765625,0.9479913013525109,7.464672116958656e-05,0.00018736426399065315,0.08937852897991737,,,30,293760,30,293760,0.6095610884949565,8519040,8519040
ded87b4e7797,cad564bfe53c,MH / ΔW / ring,42,/home/gogoi/ahlora-runs/p3-uniform16,full_data_benchmark,30,0.41892462177319756,0.4189,0.0895,0.30749999999999994,0.2615,41.80640462239583,0.9407552067404013,7.069585057734125e-05,0.00018087735270288458,0.0894447776178519,,,30,293760,30,293760,0.5976364286616445,8812800,8812800
ded87b4e7797,cad564bfe53c,MH / ΔW / ring,42,/home/gogoi/ahlora-runs/p3-uniform16,full_data_benchmark,31,0.41922702312507415,0.4192,0.0929,0.3055,0.262,42.94090983072917,0.9352118455825457,6.749383202245443e-05,0.00017234628510412188,0.08984565852830807,,,30,293760,30,293760,0.6141642211005092,9106560,9106560
ded87b4e7797,cad564bfe53c,MH / ΔW / ring,42,/home/gogoi/ahlora-runs/p3-uniform16,full_data_benchmark,32,0.4246253750001877,0.4246,0.0946,0.30449999999999994,0.2655,43.69615071614583,0.9313357650864948,6.395717135456061e-05,0.0001608645345654953,0.08936789991954962,,,30,293760,30,293760,0.5867078509181738,9400320,9400320
ded87b4e7797,cad564bfe53c,MH / ΔW / ring,42,/home/gogoi/ahlora-runs/p3-uniform16,full_data_benchmark,33,0.4241290766028397,0.4241,0.0937,0.314,0.2675,44.634912109375,0.9295277622771649,6.088617706082766e-05,0.00015051516534084935,0.0893362599114577,,,30,293760,30,293760,0.557182184420526,9694080,9694080
ded87b4e7797,cad564bfe53c,MH / ΔW / ring,42,/home/gogoi/ahlora-runs/p3-uniform16,full_data_benchmark,34,0.42712757735246487,0.4271,0.0941,0.30749999999999994,0.2755,45.496647135416666,0.9257397697297429,5.842722506710317e-05,0.00014376984613138005,0.08954451667765777,,,30,293760,30,293760,0.5612289430573583,9987840,9987840
ded87b4e7797,cad564bfe53c,MH / ΔW / ring,42,/home/gogoi/ahlora-runs/p3-uniform16,full_data_benchmark,35,0.42462867665266474,0.4246,0.095,0.30849999999999994,0.2675,46.9660400390625,0.9159023053754641,5.631006963661291e-05,0.00013722127739008462,0.09039905766646067,,,30,293760,30,293760,0.5677674738690257,10281600,10281600
ded87b4e7797,cad564bfe53c,MH / ΔW / ring,42,/home/gogoi/ahlora-runs/p3-uniform16,full_data_benchmark,36,0.43032747890319106,0.4303,0.0968,0.2935,0.2825,47.55513102213542,0.9189875138831554,5.3200435950801404e-05,0.0001308255242129466,0.08910249223311742,,,30,293760,30,293760,0.5592456543818116,10575360,10575360
ded87b4e7797,cad564bfe53c,MH / ΔW / ring,42,/home/gogoi/ahlora-runs/p3-uniform16,full_data_benchmark,37,0.43663138400769586,0.4366,0.0971,0.30250000000000005,0.286,48.930293782552084,0.9160784737020402,5.078449927527219e-05,0.0001243674672148258,0.08879006666441759,,,30,293760,30,293760,0.5581648452207446,10869120,10869120
ded87b4e7797,cad564bfe53c,MH / ΔW / ring,42,/home/gogoi/ahlora-runs/p3-uniform16,full_data_benchmark,38,0.4316272794533665,0.4316,0.097,0.289,0.288,49.70387369791667,0.9084710517196571,4.866233494117297e-05,0.00011914867775208486,0.0890135436008374,,,30,293760,30,293760,0.6028870409354568,11162880,11162880
ded87b4e7797,cad564bfe53c,MH / ΔW / ring,42,/home/gogoi/ahlora-runs/p3-uniform16,full_data_benchmark,39,0.4402285343814579,0.4402,0.1004,0.299,0.29,49.50666910807292,0.9063183175665306,4.654054405218418e-05,0.00011355666466045999,0.08852445222437381,,,30,293760,30,293760,0.575316364876926,11456640,11456640
ded87b4e7797,cad564bfe53c,MH / ΔW / ring,42,/home/gogoi/ahlora-runs/p3-uniform16,full_data_benchmark,40,0.4388268328298313,0.4388,0.1001,0.30300000000000005,0.2915,50.41298828125,0.900691669660102,4.446710466145662e-05,0.00010923359065694138,0.08852131962776184,,,30,293760,30,293760,0.5749332327395678,11750400,11750400
ded87b4e7797,cad564bfe53c,MH / ΔW / ring,42,/home/gogoi/ahlora-runs/p3-uniform16,full_data_benchmark,41,0.440626833730282,0.4406,0.0982,0.289,0.301,51.33651529947917,0.8974587455296934,4.37953843395967e-05,0.00010829843092951257,0.09052102367083231,,,30,293760,30,293760,0.5707286782562733,12044160,12044160
ded87b4e7797,cad564bfe53c,MH / ΔW / ring,42,/home/gogoi/ahlora-runs/p3-uniform16,full_data_benchmark,42,0.43732698215456833,0.4373,0.0996,0.2915,0.2985,51.32455647786458,0.8954693213134363,4.16187369931942e-05,0.00010212139312411335,0.08932348837455113,,,30,293760,30,293760,0.5781717533245683,12337920,12337920
ded87b4e7797,cad564bfe53c,MH / ΔW / ring,42,/home/gogoi/ahlora-runs/p3-uniform16,full_data_benchmark,43,0.43652768210489357,0.4365,0.1011,0.28500000000000003,0.2995,52.223697916666666,0.8943128316237813,4.009251786312723e-05,9.991561751742594e-05,0.08906411627928416,,,30,293760,30,293760,0.5652205822989345,12631680,12631680
ded87b4e7797,cad564bfe53c,MH / ΔW / ring,42,/home/gogoi/ahlora-runs/p3-uniform16,full_data_benchmark,44,0.4382260821541182,0.4382,0.1015,0.28600000000000003,0.2965,52.736751302083334,0.8916869470149461,3.855333084379852e-05,9.55787701091146e-05,0.08904164222379525,,,30,293760,30,293760,0.5745919058099389,12925440,12925440
ded87b4e7797,cad564bfe53c,MH / ΔW / ring,42,/home/gogoi/ahlora-runs/p3-uniform16,full_data_benchmark,45,0.43672878275576915,0.4367,0.1034,0.27649999999999997,0.2985,54.21067708333333,0.8886263196456532,3.730578680953873e-05,9.148657664430968e-05,0.0894246389468511,,,30,293760,30,293760,0.6617849953472614,13219200,13219200
ded87b4e7797,cad564bfe53c,MH / ΔW / ring,42,/home/gogoi/ahlora-runs/p3-uniform16,full_data_benchmark,46,0.43962943453198317,0.4396,0.1023,0.28300000000000003,0.3005,54.2654296875,0.8883612153657535,3.6126011383005045e-05,8.981141512159416e-05,0.08970094720522563,,,30,293760,30,293760,0.5748155526816845,13512960,13512960
ded87b4e7797,cad564bfe53c,MH / ΔW / ring,42,/home/gogoi/ahlora-runs/p3-uniform16,full_data_benchmark,47,0.437926082004043,0.4379,0.1031,0.2755,0.302,55.272054036458336,0.8838556687421939,3.5191097685844164e-05,8.893420078294894e-05,0.09015947443743547,,,30,293760,30,293760,0.5675592944025993,13806720,13806720
ded87b4e7797,cad564bfe53c,MH / ΔW / ring,42,/home/gogoi/ahlora-runs/p3-uniform16,full_data_benchmark,48,0.44052568310439366,0.4405,0.1042,0.277,0.3005,56.32791748046875,0.8830346169118973,3.417542241340411e-05,8.575840660314887e-05,0.09050329253077508,,,30,293760,30,293760,0.5718355607241392,14100480,14100480
ded87b4e7797,cad564bfe53c,MH / ΔW / ring,42,/home/gogoi/ahlora-runs/p3-uniform16,full_data_benchmark,49,0.43752523137830485,0.4375,0.1032,0.282,0.304,57.38459065755208,0.8790664263199053,3.317854394261904e-05,8.530364064742501e-05,0.09046863056719304,,,30,293760,30,293760,0.5847342507913709,14394240,14394240
ded87b4e7797,cad564bfe53c,MH / ΔW / ring,42,/home/gogoi/ahlora-runs/p3-uniform16,full_data_benchmark,50,0.43892633262948105,0.4389,0.1046,0.27399999999999997,0.303,56.91903483072917,0.8813686695263322,3.18632651808629e-05,8.079832852301342e-05,0.08978626256187756,,,30,293760,30,293760,0.6247202316299081,14688000,14688000
ded87b4e7797,658f968893fe,Oracle / ΔW / bridge 5,42,/home/gogoi/ahlora-runs/p3-uniform16,full_data_benchmark,1,0.07169583376479928,0.0717,0.0148,0.029999999999999992,0.0585,2.823926798502604,3.479545249748264,4.739853063494362e-07,7.531169396503276e-07,3.886389413310098e-06,,,30,293760,30,293760,0.5642871018499136,293760,293760
ded87b4e7797,658f968893fe,Oracle / ΔW / bridge 5,42,/home/gogoi/ahlora-runs/p3-uniform16,full_data_benchmark,2,0.13750031890961428,0.1375,0.017,0.062,0.096,3.7528338114420574,2.719456316173727,3.5561821806889225e-06,7.2171051919792774e-06,4.812126135220751e-05,,,30,293760,30,293760,0.6028215298429132,587520,587520
ded87b4e7797,658f968893fe,Oracle / ΔW / bridge 5,42,/home/gogoi/ahlora-runs/p3-uniform16,full_data_benchmark,3,0.25399822611216916,0.254,0.0219,0.1615,0.152,5.945748901367187,2.2170255702547244,3.865559222447193e-06,4.888253043197193e-06,8.89063478098251e-05,,,30,293760,30,293760,0.5588261066004634,881280,881280
ded87b4e7797,658f968893fe,Oracle / ΔW / bridge 5,42,/home/gogoi/ahlora-runs/p3-uniform16,full_data_benchmark,4,0.36549623086354727,0.3655,0.0317,0.198,0.264,9.119842529296875,1.767680939129585,2.2601799769387918e-06,3.528771101868655e-06,7.615776121383533e-05,,,30,293760,30,293760,0.5756798414513469,1175040,1175040
ded87b4e7797,658f968893fe,Oracle / ΔW / bridge 5,42,/home/gogoi/ahlora-runs/p3-uniform16,full_data_benchmark,5,0.4298010154082118,0.4298,0.0408,0.2015,0.3375,6.0290171305338545,1.4278211474675664,0.0012879206041014788,0.0016457739009103278,0.04757218733429909,,,210,2056320,80,2853760,0.5815963968634605,3231360,4028800
ded87b4e7797,658f968893fe,Oracle / ΔW / bridge 5,42,/home/gogoi/ahlora-runs/p3-uniform16,full_data_benchmark,6,0.466995781388585,0.467,0.0585,0.20700000000000002,0.3605,10.630226643880208,1.3411084589240303,1.573733513623622e-06,1.7001310236469638e-06,8.542568393750116e-05,,,30,293760,30,293760,0.55648482311517,3525120,4322560
ded87b4e7797,658f968893fe,Oracle / ΔW / bridge 5,42,/home/gogoi/ahlora-runs/p3-uniform16,full_data_benchmark,7,0.5260968614791703,0.5261,0.0727,0.22650000000000003,0.4155,15.165242513020834,1.141580358649217,1.3714530513224751e-06,1.7515328370226413e-06,9.36557655222714e-05,,,30,293760,30,293760,0.5649091321974993,3818880,4616320
ded87b4e7797,658f968893fe,Oracle / ΔW / bridge 5,42,/home/gogoi/ahlora-runs/p3-uniform16,full_data_benchmark,8,0.556994625810218,0.557,0.0848,0.184,0.457,19.620599365234376,1.0033583227147023,1.2610213668866716e-06,1.796413032581716e-06,9.883927850751206e-05,,,30,293760,30,293760,0.5616149073466659,4112640,4910080
ded87b4e7797,658f968893fe,Oracle / ΔW / bridge 5,42,/home/gogoi/ahlora-runs/p3-uniform16,full_data_benchmark,9,0.5822954888921906,0.5823,0.1018,0.16950000000000004,0.4905,22.86567586263021,0.9106576105494457,7.197604644870484e-07,9.22554695355489e-07,6.135733856353909e-05,,,30,293760,30,293760,0.5626271003857255,4406400,5203840
ded87b4e7797,658f968893fe,Oracle / ΔW / bridge 5,42,/home/gogoi/ahlora-runs/p3-uniform16,full_data_benchmark,10,0.5939957948953452,0.594,0.101,0.191,0.4835,11.963816324869791,0.8393356140732676,0.0026648476548154364,0.0032689254224680933,0.19937819838523865,,,210,2056320,80,2853760,0.5998242478817701,6462720,8057600
ded87b4e7797,658f968893fe,Oracle / ΔW / bridge 5,42,/home/gogoi/ahlora-runs/p3-uniform16,full_data_benchmark,11,0.5935964450207329,0.5936,0.1107,0.19050000000000006,0.4935,16.85860799153646,0.8944837152467664,1.1304536238258595e-06,1.772722422168322e-06,0.000106430085725151,,,30,293760,30,293760,0.5802928637713194,6756480,8351360
ded87b4e7797,658f968893fe,Oracle / ΔW / bridge 5,42,/home/gogoi/ahlora-runs/p3-uniform16,full_data_benchmark,12,0.6083952017985002,0.6084,0.1138,0.1765000000000001,0.5065,21.732051595052084,0.8221505791745171,9.038554971037809e-07,1.1733153540546189e-06,9.847325272858143e-05,,,30,293760,30,293760,0.5848501669242978,7050240,8645120
ded87b4e7797,658f968893fe,Oracle / ΔW / bridge 5,42,/home/gogoi/ahlora-runs/p3-uniform16,full_data_benchmark,13,0.621797359578469,0.6218,0.1263,0.17400000000000004,0.5185,25.670338948567707,0.7752566167013495,5.876050012349239e-07,9.113275247590049e-07,6.710043671773747e-05,,,30,293760,30,293760,0.6990461759269238,7344000,8938880
ded87b4e7797,658f968893fe,Oracle / ΔW / bridge 5,42,/home/gogoi/ahlora-runs/p3-uniform16,full_data_benchmark,14,0.6348963656309984,0.6349,0.1342,0.1855,0.524,28.137276204427085,0.7376473459276043,2.986082381787657e-07,4.545586416717096e-07,3.523688501445576e-05,,,30,293760,30,293760,0.651170851662755,7637760,9232640
ded87b4e7797,658f968893fe,Oracle / ΔW / bridge 5,42,/home/gogoi/ahlora-runs/p3-uniform16,full_data_benchmark,15,0.637894266080173,0.6379,0.1152,0.1805,0.53,14.88230692545573,0.7080352706738129,0.0031519904350501998,0.003603084342911446,0.32445831298828126,,,210,2056320,80,2853760,0.6478836629539728,9694080,12086400
ded87b4e7797,658f968893fe,Oracle / ΔW / bridge 5,42,/home/gogoi/ahlora-runs/p3-uniform16,full_data_benchmark,16,0.6287956622289456,0.6288,0.1297,0.18799999999999994,0.519,19.934405517578124,0.7714838315081763,1.0250559340602274e-06,1.5130882255484036e-06,0.0001259662167285569,,,30,293760,30,293760,0.628370682708919,9987840,12380160
ded87b4e7797,658f968893fe,Oracle / ΔW / bridge 5,42,/home/gogoi/ahlora-runs/p3-uniform16,full_data_benchmark,17,0.6405971188579884,0.6406,0.1297,0.16349999999999998,0.5415,24.792683919270832,0.728600180851766,7.537283955311329e-07,1.010593404910938e-06,0.00010392345575382933,,,30,293760,30,293760,0.627771183848381,10281600,12673920
ded87b4e7797,658f968893fe,Oracle / ΔW / bridge 5,42,/home/gogoi/ahlora-runs/p3-uniform16,full_data_benchmark,18,0.6495957726842285,0.6496,0.1351,0.1935,0.5315,28.881966145833335,0.6960118242593306,4.1142338227762315e-07,6.310504660476032e-07,6.020119035383686e-05,,,30,293760,30,293760,0.630669042468071,10575360,12967680
ded87b4e7797,658f968893fe,Oracle / ΔW / bridge 5,42,/home/gogoi/ahlora-runs/p3-uniform16,full_data_benchmark,19,0.660995328161745,0.661,0.1405,0.1975,0.5475,31.59893798828125,0.6701729901076525,2.7216453612736375e-07,3.392049606443252e-07,4.0717193769523874e-05,,,30,293760,30,293760,0.6714333109557629,10869120,13261440
ded87b4e7797,658f968893fe,Oracle / ΔW / bridge 5,42,/home/gogoi/ahlora-runs/p3-uniform16,full_data_benchmark,20,0.655094224659442,0.6551,0.1161,0.1915,0.5455,16.848347981770832,0.6477178760871095,0.003116419080577563,0.003574308144126464,0.4102515637874603,,,210,2056320,80,2853760,0.6432436862960458,12925440,16115200
ded87b4e7797,658f968893fe,Oracle / ΔW / bridge 5,42,/home/gogoi/ahlora-runs/p3-uniform16,full_data_benchmark,21,0.6418945182063622,0.6419,0.1298,0.19199999999999995,0.528,22.105904134114585,0.714288008879704,1.0028141096945676e-06,1.6647378943677596e-06,0.00015305012639146298,,,30,293760,30,293760,0.6316579934209585,13219200,16408960
ded87b4e7797,658f968893fe,Oracle / ΔW / bridge 5,42,/home/gogoi/ahlora-runs/p3-uniform16,full_data_benchmark,22,0.6574955765360564,0.6575,0.1308,0.18299999999999994,0.556,27.136442057291667,0.6867977439459497,7.594952518287716e-07,1.1012950942339593e-06,0.00012713406176771968,,,30,293760,30,293760,0.6304143546149135,13512960,16702720
ded87b4e7797,658f968893fe,Oracle / ΔW / bridge 5,42,/home/gogoi/ahlora-runs/p3-uniform16,full_data_benchmark,23,0.6620946283614949,0.6621,0.1374,0.1915,0.5495,31.397652180989585,0.653979883731802,3.5257300537900376e-07,4.984343721174779e-07,6.242175004445016e-05,,,30,293760,30,293760,0.6311521399766207,13806720,16996480
ded87b4e7797,658f968893fe,Oracle / ΔW / bridge 5,42,/home/gogoi/ahlora-runs/p3-uniform16,full_data_benchmark,24,0.6748951350150751,0.6749,0.1409,0.1845,0.5695,34.19983723958333,0.6338498990649839,2.3614293618732436e-07,2.9208138439424534e-07,4.1916907866834664e-05,,,30,293760,30,293760,0.659040292724967,14100480,17290240
ded87b4e7797,658f968893fe,Oracle / ΔW / bridge 5,42,/home/gogoi/ahlora-runs/p3-uniform16,full_data_benchmark,25,0.6709961835898868,0.671,0.1151,0.19799999999999995,0.555,18.348819986979166,0.6121175568048479,0.0029890997124433715,0.0034107200203802616,0.4750426173210144,,,210,2056320,80,2853760,0.6523255044594407,16156800,20144000
ded87b4e7797,658f968893fe,Oracle / ΔW / bridge 5,42,/home/gogoi/ahlora-runs/p3-uniform16,full_data_benchmark,26,0.6564945755350552,0.6565,0.1275,0.18199999999999994,0.554,23.668638102213542,0.6825753742573354,1.0387449184406134e-06,1.9717653920259613e-06,0.00018961458845296876,,,30,293760,30,293760,0.5740599418058991,16450560,20437760
ded87b4e7797,658f968893fe,Oracle / ΔW / bridge 5,42,/home/gogoi/ahlora-runs/p3-uniform16,full_data_benchmark,27,0.661996329162746,0.662,0.1328,0.19299999999999995,0.554,28.994639078776043,0.6548256592568141,6.471465745407236e-07,9.651434244487583e-07,0.00012895263498649,,,30,293760,30,293760,0.6672107111662626,16744320,20731520
ded87b4e7797,658f968893fe,Oracle / ΔW / bridge 5,42,/home/gogoi/ahlora-runs/p3-uniform16,full_data_benchmark,28,0.6670952811882347,0.6671,0.1352,0.1935,0.555,33.34923502604167,0.6351490850543802,3.1136046008009594e-07,4.0600421678244965e-07,6.566131196450442e-05,,,30,293760,30,293760,0.6042347103357315,17038080,21025280
ded87b4e7797,658f968893fe,Oracle / ΔW / bridge 5,42,/home/gogoi/ahlora-runs/p3-uniform16,full_data_benchmark,29,0.6756953355154255,0.6757,0.1381,0.18400000000000005,0.568,36.26738688151042,0.6154450605009089,2.2985106715190397e-07,2.961779895350042e-07,4.876136881648563e-05,,,30,293760,30,293760,0.5936053348705173,17331840,21319040
ded87b4e7797,658f968893fe,Oracle / ΔW / bridge 5,42,/home/gogoi/ahlora-runs/p3-uniform16,full_data_benchmark,30,0.6773922348135241,0.6774,0.1133,0.1905,0.565,19.493440755208333,0.5977161691057338,0.0027135307284055967,0.0031172378479154394,0.5176800966262818,,,210,2056320,80,2853760,0.6527448305860162,19388160,24172800
ded87b4e7797,658f968893fe,Oracle / ΔW / bridge 5,42,/home/gogoi/ahlora-runs/p3-uniform16,full_data_benchmark,31,0.6627927777852815,0.6628,0.1259,0.18600000000000005,0.5565,25.132330322265624,0.6662197550467212,1.1107641542587878e-06,2.4118210965821202e-06,0.00023936904035508632,,,30,293760,30,293760,0.576766075566411,19681920,24466560
ded87b4e7797,658f968893fe,Oracle / ΔW / bridge 5,42,/home/gogoi/ahlora-runs/p3-uniform16,full_data_benchmark,32,0.6691958825392109,0.6692,0.1296,0.1914999999999999,0.561,30.630879720052082,0.635600527762797,6.792490253865765e-07,1.2314171573447512e-06,0.0001599175317096524,,,30,293760,30,293760,0.5422416375949979,19975680,24760320
ded87b4e7797,658f968893fe,Oracle / ΔW / bridge 5,42,/home/gogoi/ahlora-runs/p3-uniform16,full_data_benchmark,33,0.6791961376669023,0.6792,0.1366,0.1875,0.573,35.2146240234375,0.614580770380628,3.2089863818218313e-07,5.329688956682374e-07,7.93905506725423e-05,,,30,293760,30,293760,0.5736762005835772,20269440,25054080
ded87b4e7797,658f968893fe,Oracle / ΔW / bridge 5,42,/home/gogoi/ahlora-runs/p3-uniform16,full_data_benchmark,34,0.684595840218029,0.6846,0.1395,0.1825,0.579,38.14381510416667,0.6018334498969425,2.360960798687755e-07,3.2188972086454474e-07,5.8809273468796164e-05,,,30,293760,30,293760,0.5528694717213511,20563200,25347840
ded87b4e7797,658f968893fe,Oracle / ΔW / bridge 5,42,/home/gogoi/ahlora-runs/p3-uniform16,full_data_benchmark,35,0.6808939374156767,0.6809,0.1121,0.1675000000000001,0.58,20.565681966145835,0.5827773261845032,0.002460492272439346,0.0027553911362955424,0.5532082915306091,,,210,2056320,80,2853760,0.6218493264168501,22619520,28201600
ded87b4e7797,658f968893fe,Oracle / ΔW / bridge 5,42,/home/gogoi/ahlora-runs/p3-uniform16,full_data_benchmark,36,0.6706954330642485,0.6707,0.1272,0.1935,0.5565,26.4578857421875,0.6509542864364799,1.1195635123476844e-06,2.4431086210672927e-06,0.0002819392480887473,,,30,293760,30,293760,0.5742286369204521,22913280,28495360
ded87b4e7797,658f968893fe,Oracle / ΔW / bridge 5,42,/home/gogoi/ahlora-runs/p3-uniform16,full_data_benchmark,37,0.6749949349649499,0.675,0.1258,0.1805000000000001,0.569,32.21719970703125,0.6249228614547104,7.366229126684071e-07,1.1773117406594757e-06,0.0002007050847169012,,,30,293760,30,293760,0.5791490040719509,23207040,28789120
ded87b4e7797,658f968893fe,Oracle / ΔW / bridge 5,42,/home/gogoi/ahlora-runs/p3-uniform16,full_data_benchmark,38,0.6823949886918402,0.6824,0.1334,0.1785,0.576,36.75686848958333,0.6060897508359475,2.643230939243804e-07,3.747503053389254e-07,7.634160792804323e-05,,,30,293760,30,293760,0.5826163049787283,23500800,29082880
ded87b4e7797,658f968893fe,Oracle / ΔW / bridge 5,42,/home/gogoi/ahlora-runs/p3-uniform16,full_data_benchmark,39,0.6838948393671033,0.6839,0.1352,0.1835,0.5715,39.90365397135417,0.5897708990334926,2.3871121177639866e-07,3.103154612290972e-07,6.976129370741546e-05,,,30,293760,30,293760,0.5553971352055669,23794560,29376640
ded87b4e7797,658f968893fe,Oracle / ΔW / bridge 5,42,/home/gogoi/ahlora-runs/p3-uniform16,full_data_benchmark,40,0.6850946898922913,0.6851,0.1143,0.1855,0.568,21.523722330729168,0.5741026397686558,0.002164462744645481,0.0024167813274270475,0.5794876337051391,,,210,2056320,80,2853760,0.6059303767979145,25850880,32230400
ded87b4e7797,658f968893fe,Oracle / ΔW / bridge 5,42,/home/gogoi/ahlora-runs/p3-uniform16,full_data_benchmark,41,0.6730961846404125,0.6731,0.124,0.1964999999999999,0.558,27.6887451171875,0.6414267238687802,1.0865717453016333e-06,2.1396538982854068e-06,0.0003228582150768489,,,30,293760,30,293760,0.5562377348542213,26144640,32524160
ded87b4e7797,658f968893fe,Oracle / ΔW / bridge 5,42,/home/gogoi/ahlora-runs/p3-uniform16,full_data_benchmark,42,0.6798953376164769,0.6799,0.1303,0.1915,0.567,33.61740315755208,0.6154443596188922,6.144861438960617e-07,1.0554578757089838e-06,0.0001969534292584285,,,30,293760,30,293760,0.5683933682739735,26438400,32817920
ded87b4e7797,658f968893fe,Oracle / ΔW / bridge 5,42,/home/gogoi/ahlora-runs/p3-uniform16,full_data_benchmark,43,0.680294387340864,0.6803,0.1298,0.18100000000000005,0.568,38.41871744791667,0.59704349386478,3.0454563514473475e-07,4.018177300839367e-07,0.00010289581332472153,,,30,293760,30,293760,0.5601166486740112,26732160,33111680
ded87b4e7797,658f968893fe,Oracle / ΔW / bridge 5,42,/home/gogoi/ahlora-runs/p3-uniform16,full_data_benchmark,44,0.687294040667354,0.6873,0.1363,0.1875,0.571,41.60076090494792,0.5784991777758288,2.604314783249162e-07,3.6407481331332833e-07,8.916459773899987e-05,,,30,293760,30,293760,0.6753865722566843,27025920,33405440
ded87b4e7797,658f968893fe,Oracle / ΔW / bridge 5,42,/home/gogoi/ahlora-runs/p3-uniform16,full_data_benchmark,45,0.6849956403179792,0.685,0.1117,0.18999999999999995,0.5725,22.507743326822915,0.5655223273429713,0.001907065971080854,0.002129730174561777,0.6008492231369018,,,210,2056320,80,2853760,0.5827496517449617,29082240,36259200
ded87b4e7797,658f968893fe,Oracle / ΔW / bridge 5,42,/home/gogoi/ahlora-runs/p3-uniform16,full_data_benchmark,46,0.6711933822878351,0.6712,0.123,0.1865,0.56,29.06832275390625,0.6326811306466283,1.1224967636514482e-06,1.8754312678200495e-06,0.00039282715879380704,,,30,293760,30,293760,0.5693217013031244,29376000,36552960
ded87b4e7797,658f968893fe,Oracle / ΔW / bridge 5,42,/home/gogoi/ahlora-runs/p3-uniform16,full_data_benchmark,47,0.679098288693491,0.6791,0.1277,0.17999999999999994,0.5745,35.3834716796875,0.6101698803509185,5.710169993226007e-07,8.509005042877477e-07,0.0002154701214749366,,,30,293760,30,293760,0.5689073000103235,29669760,36846720
ded87b4e7797,658f968893fe,Oracle / ΔW / bridge 5,42,/home/gogoi/ahlora-runs/p3-uniform16,full_data_benchmark,48,0.6801966884425654,0.6802,0.1276,0.1775,0.577,40.38619791666667,0.5857331276805874,2.9106015051085026e-07,3.9467037382235634e-07,0.0001152828277554363,,,30,293760,30,293760,0.5690858792513609,29963520,37140480
ded87b4e7797,658f968893fe,Oracle / ΔW / bridge 5,42,/home/gogoi/ahlora-runs/p3-uniform16,full_data_benchmark,49,0.6866940403672039,0.6867,0.1291,0.18000000000000005,0.586,43.63597005208333,0.5729690375514417,2.618389519631374e-07,3.256970550937463e-07,0.00010384759807493537,,,30,293760,30,293760,0.6217998825013638,30257280,37434240
ded87b4e7797,658f968893fe,Oracle / ΔW / bridge 5,42,/home/gogoi/ahlora-runs/p3-uniform16,full_data_benchmark,50,0.6867956412184298,0.6868,0.1097,0.18800000000000006,0.575,23.533662923177083,0.560485239326033,0.0016613123924496009,0.0018257655009720833,0.6183391094207764,,,210,2056320,80,2853760,0.656273178756237,32313600,40288000
ded87b4e7797,51d33462378d,Local / ΔW,43,/home/gogoi/ahlora-runs/p3-uniform16,full_data_benchmark,1,0.05549927738833286,0.0555,0.0097,0.043000000000000003,0.0415,3.4204368591308594,3.5620145652072868,0.0,0.0,0.0,,,0,0,0,0,0.4813283374533057,0,0
ded87b4e7797,51d33462378d,Local / ΔW,43,/home/gogoi/ahlora-runs/p3-uniform16,full_data_benchmark,2,0.09411735573654616,0.0941,0.0106,0.038500000000000006,0.077,10.462327067057291,2.557805928386949,0.0,0.0,0.0,,,0,0,0,0,0.46943843085318804,0,0
ded87b4e7797,51d33462378d,Local / ΔW,43,/home/gogoi/ahlora-runs/p3-uniform16,full_data_benchmark,3,0.17313430371901137,0.1731,0.0142,0.093,0.1205,33.88531697591146,2.1794244043147457,0.0,0.0,0.0,,,0,0,0,0,0.5029342882335186,0,0
ded87b4e7797,51d33462378d,Local / ΔW,43,/home/gogoi/ahlora-runs/p3-uniform16,full_data_benchmark,4,0.25054214634424526,0.2505,0.0298,0.1405,0.191,67.14921468098959,1.7470686444157448,0.0,0.0,0.0,,,0,0,0,0,0.47366522066295147,0,0
ded87b4e7797,51d33462378d,Local / ΔW,43,/home/gogoi/ahlora-runs/p3-uniform16,full_data_benchmark,5,0.3171372271822047,0.3171,0.041,0.14250000000000002,0.252,88.95447591145833,1.4094079158006387,0.0,0.0,0.0,,,0,0,0,0,0.4682575184851885,0,0
ded87b4e7797,51d33462378d,Local / ΔW,43,/home/gogoi/ahlora-runs/p3-uniform16,full_data_benchmark,6,0.36384090237163697,0.3638,0.0519,0.13,0.3085,104.43074544270833,1.1728194905470108,0.0,0.0,0.0,,,0,0,0,0,0.4775980347767472,0,0
ded87b4e7797,51d33462378d,Local / ΔW,43,/home/gogoi/ahlora-runs/p3-uniform16,full_data_benchmark,7,0.39674231953092526,0.3967,0.0638,0.1305,0.3445,116.27490234375,1.0139125775025044,0.0,0.0,0.0,,,0,0,0,0,0.4680304201319814,0,0
ded87b4e7797,51d33462378d,Local / ΔW,43,/home/gogoi/ahlora-runs/p3-uniform16,full_data_benchmark,8,0.422744033388711,0.4227,0.0723,0.127,0.3665,126.78705240885417,0.903341453479616,0.0,0.0,0.0,,,0,0,0,0,0.46660708263516426,0,0
ded87b4e7797,51d33462378d,Local / ΔW,43,/home/gogoi/ahlora-runs/p3-uniform16,full_data_benchmark,9,0.44114159136647896,0.4411,0.0832,0.10799999999999993,0.4015,134.18273111979167,0.8237777472065602,0.0,0.0,0.0,,,0,0,0,0,0.4681011466309428,0,0
ded87b4e7797,51d33462378d,Local / ΔW,43,/home/gogoi/ahlora-runs/p3-uniform16,full_data_benchmark,10,0.4540427984206095,0.454,0.0918,0.10749999999999998,0.416,139.36463216145833,0.760626518912759,0.0,0.0,0.0,,,0,0,0,0,0.4642031919211149,0,0
ded87b4e7797,51d33462378d,Local / ΔW,43,/home/gogoi/ahlora-runs/p3-uniform16,full_data_benchmark,11,0.4698416557487023,0.4698,0.0977,0.08699999999999997,0.4425,143.64013671875,0.7159771736033845,0.0,0.0,0.0,,,0,0,0,0,0.4873730465769768,0,0
ded87b4e7797,51d33462378d,Local / ΔW,43,/home/gogoi/ahlora-runs/p3-uniform16,full_data_benchmark,12,0.47894116005060533,0.4789,0.1016,0.11499999999999999,0.4405,149.76072591145834,0.6745127200939813,0.0,0.0,0.0,,,0,0,0,0,0.4720587423071265,0,0
ded87b4e7797,51d33462378d,Local / ΔW,43,/home/gogoi/ahlora-runs/p3-uniform16,full_data_benchmark,13,0.49174076625350993,0.4917,0.1059,0.10949999999999999,0.451,154.20865885416666,0.64134444067744,0.0,0.0,0.0,,,0,0,0,0,0.45681323669850826,0,0
ded87b4e7797,51d33462378d,Local / ΔW,43,/home/gogoi/ahlora-runs/p3-uniform16,full_data_benchmark,14,0.4983355169262216,0.4983,0.11,0.11149999999999999,0.461,156.99619140625,0.6108041541229225,0.0,0.0,0.0,,,0,0,0,0,0.4546930193901062,0,0
ded87b4e7797,51d33462378d,Local / ΔW,43,/home/gogoi/ahlora-runs/p3-uniform16,full_data_benchmark,15,0.508136622379501,0.5081,0.1102,0.10449999999999998,0.4715,160.96025390625,0.5843569261073619,0.0,0.0,0.0,,,0,0,0,0,0.47489910013973713,0,0
ded87b4e7797,51d33462378d,Local / ΔW,43,/home/gogoi/ahlora-runs/p3-uniform16,full_data_benchmark,16,0.5093373733553643,0.5093,0.1143,0.11299999999999993,0.467,167.05419921875,0.5617914861158904,0.0,0.0,0.0,,,0,0,0,0,0.4607172878459096,0,0
ded87b4e7797,51d33462378d,Local / ΔW,43,/home/gogoi/ahlora-runs/p3-uniform16,full_data_benchmark,17,0.5172319245782514,0.5172,0.1162,0.13,0.472,174.88938802083334,0.5407533304063463,0.0,0.0,0.0,,,0,0,0,0,0.46297324169427156,0,0
ded87b4e7797,51d33462378d,Local / ΔW,43,/home/gogoi/ahlora-runs/p3-uniform16,full_data_benchmark,18,0.5251342797069933,0.5251,0.1173,0.11699999999999999,0.481,180.55162760416667,0.5202018641128349,0.0,0.0,0.0,,,0,0,0,0,0.45696210861206055,0,0
ded87b4e7797,51d33462378d,Local / ΔW,43,/home/gogoi/ahlora-runs/p3-uniform16,full_data_benchmark,19,0.5316325320823072,0.5316,0.1233,0.122,0.487,186.10916341145833,0.502545286648426,0.0,0.0,0.0,,,0,0,0,0,0.4714741753414273,0,0
ded87b4e7797,51d33462378d,Local / ΔW,43,/home/gogoi/ahlora-runs/p3-uniform16,full_data_benchmark,20,0.534130832481657,0.5341,0.12,0.11549999999999999,0.4885,191.48430989583332,0.4834357717981608,0.0,0.0,0.0,,,0,0,0,0,0.4777732389047742,0,0
ded87b4e7797,51d33462378d,Local / ΔW,43,/home/gogoi/ahlora-runs/p3-uniform16,full_data_benchmark,21,0.5395338366852609,0.5395,0.1191,0.1080000000000001,0.5025,199.52594401041668,0.4681032308209621,0.0,0.0,0.0,,,0,0,0,0,0.48784986324608326,0,0
ded87b4e7797,51d33462378d,Local / ΔW,43,/home/gogoi/ahlora-runs/p3-uniform16,full_data_benchmark,22,0.5486328907618263,0.5486,0.1237,0.10950000000000004,0.504,204.99684244791666,0.4527622677960063,0.0,0.0,0.0,,,0,0,0,0,0.5204660417512059,0,0
ded87b4e7797,51d33462378d,Local / ΔW,43,/home/gogoi/ahlora-runs/p3-uniform16,full_data_benchmark,23,0.5451295373334354,0.5451,0.1205,0.10950000000000004,0.5085,213.74501953125,0.43859080989591515,0.0,0.0,0.0,,,0,0,0,0,0.45643897354602814,0,0
ded87b4e7797,51d33462378d,Local / ΔW,43,/home/gogoi/ahlora-runs/p3-uniform16,full_data_benchmark,24,0.5492301897099499,0.5492,0.1209,0.11750000000000005,0.504,222.41767578125,0.423432664903796,0.0,0.0,0.0,,,0,0,0,0,0.4710227781906724,0,0
ded87b4e7797,51d33462378d,Local / ΔW,43,/home/gogoi/ahlora-runs/p3-uniform16,full_data_benchmark,25,0.5565281923602764,0.5565,0.122,0.12250000000000005,0.5095,229.26935221354168,0.41041646447889274,0.0,0.0,0.0,,,0,0,0,0,0.501292665489018,0,0
ded87b4e7797,51d33462378d,Local / ΔW,43,/home/gogoi/ahlora-runs/p3-uniform16,full_data_benchmark,26,0.5573292933113023,0.5573,0.122,0.121,0.508,237.54069010416666,0.3996204894718983,0.0,0.0,0.0,,,0,0,0,0,0.48004013765603304,0,0
ded87b4e7797,51d33462378d,Local / ΔW,43,/home/gogoi/ahlora-runs/p3-uniform16,full_data_benchmark,27,0.5620278449363906,0.562,0.1231,0.13249999999999995,0.512,241.721484375,0.38622039137976816,0.0,0.0,0.0,,,0,0,0,0,0.4895388027653098,0,0
ded87b4e7797,51d33462378d,Local / ΔW,43,/home/gogoi/ahlora-runs/p3-uniform16,full_data_benchmark,28,0.5648292970631802,0.5648,0.1212,0.128,0.512,248.99091796875,0.37569428242013125,0.0,0.0,0.0,,,0,0,0,0,0.47955884132534266,0,0
ded87b4e7797,51d33462378d,Local / ΔW,43,/home/gogoi/ahlora-runs/p3-uniform16,full_data_benchmark,29,0.5622253437845642,0.5622,0.1206,0.11650000000000005,0.5155,257.38759765625,0.36460080230455955,0.0,0.0,0.0,,,0,0,0,0,0.47181757539510727,0,0
ded87b4e7797,51d33462378d,Local / ΔW,43,/home/gogoi/ahlora-runs/p3-uniform16,full_data_benchmark,30,0.5704260482371428,0.5704,0.125,0.11450000000000005,0.5225,261.34905598958335,0.35441208979929484,0.0,0.0,0.0,,,0,0,0,0,0.5259059527888894,0,0
ded87b4e7797,51d33462378d,Local / ΔW,43,/home/gogoi/ahlora-runs/p3-uniform16,full_data_benchmark,31,0.5687289988639314,0.5687,0.1221,0.11449999999999994,0.526,267.3126627604167,0.34421296844075827,0.0,0.0,0.0,,,0,0,0,0,0.5937818111851811,0,0
ded87b4e7797,51d33462378d,Local / ΔW,43,/home/gogoi/ahlora-runs/p3-uniform16,full_data_benchmark,32,0.572625999312656,0.5726,0.1221,0.119,0.5265,272.1094563802083,0.3349454262285757,0.0,0.0,0.0,,,0,0,0,0,0.4915561154484749,0,0
ded87b4e7797,51d33462378d,Local / ΔW,43,/home/gogoi/ahlora-runs/p3-uniform16,full_data_benchmark,33,0.5696274985630307,0.5696,0.1217,0.13450000000000006,0.5195,279.07330729166665,0.324965635302652,0.0,0.0,0.0,,,0,0,0,0,0.5298356479033828,0,0
ded87b4e7797,51d33462378d,Local / ΔW,43,/home/gogoi/ahlora-runs/p3-uniform16,full_data_benchmark,34,0.572927950439195,0.5729,0.1213,0.124,0.519,285.07646484375,0.31561860026264255,0.0,0.0,0.0,,,0,0,0,0,0.4704467626288533,0,0
ded87b4e7797,51d33462378d,Local / ΔW,43,/home/gogoi/ahlora-runs/p3-uniform16,full_data_benchmark,35,0.5755260507884196,0.5755,0.1237,0.12750000000000006,0.5235,289.9363606770833,0.30725408837956786,0.0,0.0,0.0,,,0,0,0,0,0.46474573854357004,0,0
ded87b4e7797,51d33462378d,Local / ΔW,43,/home/gogoi/ahlora-runs/p3-uniform16,full_data_benchmark,36,0.574526700613657,0.5745,0.124,0.11849999999999994,0.528,298.79309895833336,0.30029261924049183,0.0,0.0,0.0,,,0,0,0,0,0.4778480166569352,0,0
ded87b4e7797,51d33462378d,Local / ΔW,43,/home/gogoi/ahlora-runs/p3-uniform16,full_data_benchmark,37,0.5759257008132571,0.5759,0.1212,0.136,0.5215,308.507421875,0.2912904053311912,0.0,0.0,0.0,,,0,0,0,0,0.4650148721411824,0,0
ded87b4e7797,51d33462378d,Local / ΔW,43,/home/gogoi/ahlora-runs/p3-uniform16,full_data_benchmark,38,0.5743245494369933,0.5743,0.1238,0.123,0.527,314.02825520833335,0.283314048278253,0.0,0.0,0.0,,,0,0,0,0,0.46768312621861696,0,0
ded87b4e7797,51d33462378d,Local / ΔW,43,/home/gogoi/ahlora-runs/p3-uniform16,full_data_benchmark,39,0.5788241014627821,0.5788,0.1242,0.12,0.5295,319.35651041666665,0.27501101467572264,0.0,0.0,0.0,,,0,0,0,0,0.5078532863408327,0,0
ded87b4e7797,51d33462378d,Local / ΔW,43,/home/gogoi/ahlora-runs/p3-uniform16,full_data_benchmark,40,0.5795258526892709,0.5795,0.1261,0.11250000000000004,0.5305,326.4409505208333,0.26829902157646657,0.0,0.0,0.0,,,0,0,0,0,0.4539806880056858,0,0
ded87b4e7797,51d33462378d,Local / ΔW,43,/home/gogoi/ahlora-runs/p3-uniform16,full_data_benchmark,41,0.5800230515372944,0.58,0.1234,0.11849999999999994,0.532,333.2473958333333,0.26094012935446176,0.0,0.0,0.0,,,0,0,0,0,0.4580248035490513,0,0
ded87b4e7797,51d33462378d,Local / ΔW,43,/home/gogoi/ahlora-runs/p3-uniform16,full_data_benchmark,42,0.5828266047156602,0.5828,0.1259,0.10949999999999993,0.538,338.138671875,0.25357054336609786,0.0,0.0,0.0,,,0,0,0,0,0.46769693586975336,0,0
ded87b4e7797,51d33462378d,Local / ΔW,43,/home/gogoi/ahlora-runs/p3-uniform16,full_data_benchmark,43,0.5807257032144589,0.5807,0.1238,0.10999999999999999,0.538,347.47630208333334,0.24715672182819132,0.0,0.0,0.0,,,0,0,0,0,0.4582605501636863,0,0
ded87b4e7797,51d33462378d,Local / ΔW,43,/home/gogoi/ahlora-runs/p3-uniform16,full_data_benchmark,44,0.583123753438596,0.5831,0.1257,0.12150000000000005,0.5305,350.9819010416667,0.24019455352345936,0.0,0.0,0.0,,,0,0,0,0,0.46350464411079884,0,0
ded87b4e7797,51d33462378d,Local / ΔW,43,/home/gogoi/ahlora-runs/p3-uniform16,full_data_benchmark,45,0.582625654139897,0.5826,0.1236,0.12049999999999994,0.535,357.44225260416664,0.23347554858333075,0.0,0.0,0.0,,,0,0,0,0,0.4528660736978054,0,0
ded87b4e7797,51d33462378d,Local / ΔW,43,/home/gogoi/ahlora-runs/p3-uniform16,full_data_benchmark,46,0.5804239021630325,0.5804,0.1233,0.12049999999999994,0.53,364.159765625,0.22716179815344295,0.0,0.0,0.0,,,0,0,0,0,0.4611258925870061,0,0
ded87b4e7797,51d33462378d,Local / ΔW,43,/home/gogoi/ahlora-runs/p3-uniform16,full_data_benchmark,47,0.5813228520874698,0.5813,0.1263,0.11649999999999994,0.53,371.89173177083336,0.2207156671181848,0.0,0.0,0.0,,,0,0,0,0,0.45251418743282557,0,0
ded87b4e7797,51d33462378d,Local / ΔW,43,/home/gogoi/ahlora-runs/p3-uniform16,full_data_benchmark,48,0.5821241031136084,0.5821,0.1272,0.123,0.5265,375.9210611979167,0.21389119178955499,0.0,0.0,0.0,,,0,0,0,0,0.45795984845608473,0,0
ded87b4e7797,51d33462378d,Local / ΔW,43,/home/gogoi/ahlora-runs/p3-uniform16,full_data_benchmark,49,0.5840239039639339,0.584,0.1275,0.12550000000000006,0.5265,385.36243489583336,0.20913819122933,0.0,0.0,0.0,,,0,0,0,0,0.46250923816114664,0,0
ded87b4e7797,51d33462378d,Local / ΔW,43,/home/gogoi/ahlora-runs/p3-uniform16,full_data_benchmark,50,0.5820240030135081,0.582,0.1293,0.11499999999999999,0.535,389.78193359375,0.20540696105738282,0.0,0.0,0.0,,,0,0,0,0,0.46063430793583393,0,0
ded87b4e7797,0eac0e17d3ed,FedAvg / ΔW,43,/home/gogoi/ahlora-runs/p3-uniform16,full_data_benchmark,1,0.009699054376715545,0.0097,0.0097,0.017,0.0025,7.343871604587049e-14,3.5620145652072868,5.612384702554183e-06,5.612384702554184e-06,2.821367706928868e-05,,,210,2056320,30,914880,0.6166399773210287,2056320,914880
ded87b4e7797,0eac0e17d3ed,FedAvg / ΔW,43,/home/gogoi/ahlora-runs/p3-uniform16,full_data_benchmark,2,0.009299254276765522,0.0093,0.0093,0.009,0.004,3.106646884187825e-13,3.3903643394422653,2.511309090772722e-06,2.5113090907727225e-06,5.63939793210011e-05,,,210,2056320,30,914880,0.6986069269478321,4112640,1829760
ded87b4e7797,0eac0e17d3ed,FedAvg / ΔW,43,/home/gogoi/ahlora-runs/p3-uniform16,full_data_benchmark,3,0.01209950580265423,0.0121,0.0121,0.022000000000000002,0.0025,7.24695477238857e-13,3.2928747893233274,2.735754308422645e-06,2.7357543084226457e-06,0.00013057637261226773,,,210,2056320,30,914880,0.6764630973339081,6168960,2744640
ded87b4e7797,0eac0e17d3ed,FedAvg / ΔW,43,/home/gogoi/ahlora-runs/p3-uniform16,full_data_benchmark,4,0.01600010805408107,0.016,0.016,0.034999999999999996,0.0015,9.45413886066504e-13,3.1996304756318112,1.937943931639217e-06,1.9379439316392167e-06,0.00014905212447047234,,,210,2056320,30,914880,0.6086891321465373,8225280,3659520
ded87b4e7797,0eac0e17d3ed,FedAvg / ΔW,43,/home/gogoi/ahlora-runs/p3-uniform16,full_data_benchmark,5,0.023600061830946383,0.0236,0.0236,0.0245,0.015,1.620599487939245e-12,3.0962228574235713,1.3725874331014845e-06,1.3725874331014848e-06,0.00014969235053285956,,,210,2056320,30,914880,0.6457366310060024,10281600,4574400
ded87b4e7797,0eac0e17d3ed,FedAvg / ΔW,43,/home/gogoi/ahlora-runs/p3-uniform16,full_data_benchmark,6,0.03659986823405115,0.0366,0.0366,0.057999999999999996,0.0155,2.358894329868022e-12,2.984885616691563,1.1644036888797262e-06,1.1644036888797262e-06,0.0001650109770707786,,,210,2056320,30,914880,0.6207148525863886,12337920,5489280
ded87b4e7797,0eac0e17d3ed,FedAvg / ΔW,43,/home/gogoi/ahlora-runs/p3-uniform16,full_data_benchmark,7,0.050700475588031806,0.0507,0.0507,0.0745,0.018,2.769159901383489e-12,2.8789424169194286,1.017767133885757e-06,1.0177671338857575e-06,0.00018003913282882422,,,210,2056320,30,914880,0.6162930177524686,14394240,6404160
ded87b4e7797,0eac0e17d3ed,FedAvg / ΔW,43,/home/gogoi/ahlora-runs/p3-uniform16,full_data_benchmark,8,0.06050023036529782,0.0605,0.0605,0.06,0.0275,2.9420355041054336e-12,2.7790138373850146,1.0228971444728348e-06,1.0228971444728348e-06,0.00021804444259032607,,,210,2056320,30,914880,0.614371320232749,16450560,7319040
ded87b4e7797,0eac0e17d3ed,FedAvg / ΔW,43,/home/gogoi/ahlora-runs/p3-uniform16,full_data_benchmark,9,0.0727010368689529,0.0727,0.0727,0.06849999999999999,0.035,3.239322005077483e-12,2.6763444296379406,1.3900262584256758e-06,1.3900262584256756e-06,0.000348124245647341,,,210,2056320,30,914880,0.6288145752623677,18506880,8233920
ded87b4e7797,0eac0e17d3ed,FedAvg / ΔW,43,/home/gogoi/ahlora-runs/p3-uniform16,full_data_benchmark,10,0.07900119009564288,0.079,0.079,0.0665,0.0375,3.6941873171603135e-12,2.581195456365259,1.2539838028643148e-06,1.2539838028643148e-06,0.00035734791890718043,,,210,2056320,30,914880,0.6114199999719858,20563200,9148800
ded87b4e7797,0eac0e17d3ed,FedAvg / ΔW,43,/home/gogoi/ahlora-runs/p3-uniform16,full_data_benchmark,11,0.08550034292163228,0.0855,0.0855,0.07849999999999999,0.042,4.249265754078616e-12,2.491579972033585,1.1543261013017335e-06,1.1543261013017335e-06,0.00036465615266934037,,,210,2056320,30,914880,0.6164801390841603,22619520,10063680
ded87b4e7797,0eac0e17d3ed,FedAvg / ΔW,43,/home/gogoi/ahlora-runs/p3-uniform16,full_data_benchmark,12,0.09299899599749675,0.093,0.093,0.099,0.04,4.8686397506140604e-12,2.4158090018792095,9.655974947959153e-07,9.655974947959153e-07,0.0003348171594552696,,,210,2056320,30,914880,0.6178505206480622,24675840,10978560
ded87b4e7797,0eac0e17d3ed,FedAvg / ΔW,43,/home/gogoi/ahlora-runs/p3-uniform16,full_data_benchmark,13,0.09799859829844836,0.098,0.098,0.11649999999999999,0.04,5.401290988545545e-12,2.3499643754986232,9.25078807241141e-07,9.250788072411412e-07,0.0003466302587185055,,,210,2056320,30,914880,0.6193991722539067,26732160,11893440
ded87b4e7797,0eac0e17d3ed,FedAvg / ΔW,43,/home/gogoi/ahlora-runs/p3-uniform16,full_data_benchmark,14,0.10390000195097646,0.1039,0.1039,0.11,0.0495,6.0532902764383795e-12,2.28573144258875,9.188677928153323e-07,9.18867792815332e-07,0.0003706525021698326,,,210,2056320,30,914880,0.6875570137053728,28788480,12808320
ded87b4e7797,0eac0e17d3ed,FedAvg / ΔW,43,/home/gogoi/ahlora-runs/p3-uniform16,full_data_benchmark,15,0.11349955652804228,0.1135,0.1135,0.11500000000000002,0.054,6.52477701497863e-12,2.2319089156057688,8.916444874068448e-07,8.91644487406845e-07,0.0003840027202386409,,,210,2056320,30,914880,0.6046295035630465,30844800,13723200
ded87b4e7797,0eac0e17d3ed,FedAvg / ΔW,43,/home/gogoi/ahlora-runs/p3-uniform16,full_data_benchmark,16,0.12160001080540811,0.1216,0.1216,0.1215,0.057,7.000234188610695e-12,2.176558721418611,7.946365178365422e-07,7.94636517836542e-07,0.0003666156262625009,,,210,2056320,30,914880,0.682956569828093,32901120,14638080
ded87b4e7797,0eac0e17d3ed,FedAvg / ΔW,43,/home/gogoi/ahlora-runs/p3-uniform16,full_data_benchmark,17,0.13139916528222378,0.1314,0.1314,0.1305,0.0665,7.45468177928051e-12,2.1284152352843813,8.052219112570076e-07,8.052219112570077e-07,0.00039466528687626123,,,210,2056320,30,914880,0.6832143515348434,34957440,15552960
ded87b4e7797,0eac0e17d3ed,FedAvg / ΔW,43,/home/gogoi/ahlora-runs/p3-uniform16,full_data_benchmark,18,0.1399013706360033,0.1399,0.1399,0.14200000000000002,0.075,7.807010593552377e-12,2.0794590788431333,7.925455037285114e-07,7.925455037285116e-07,0.0004119531949982047,,,210,2056320,30,914880,0.5798356514424086,37013760,16467840
ded87b4e7797,0eac0e17d3ed,FedAvg / ΔW,43,/home/gogoi/ahlora-runs/p3-uniform16,full_data_benchmark,19,0.14600192396294345,0.146,0.146,0.15449999999999997,0.0805,8.118858363381776e-12,2.041472562267814,8.007880726742745e-07,8.007880726742744e-07,0.00043661249219439924,,,210,2056320,30,914880,0.6183234425261617,39070080,17382720
ded87b4e7797,0eac0e17d3ed,FedAvg / ΔW,43,/home/gogoi/ahlora-runs/p3-uniform16,full_data_benchmark,20,0.15290132711422066,0.1529,0.1529,0.1545,0.092,8.416983776626807e-12,2.002661033292428,7.88657144446674e-07,7.886571444466742e-07,0.00044853007420897484,,,210,2056320,30,914880,0.6515510249882936,41126400,18297600
ded87b4e7797,0eac0e17d3ed,FedAvg / ΔW,43,/home/gogoi/ahlora-runs/p3-uniform16,full_data_benchmark,21,0.15940002971487227,0.1594,0.1594,0.153,0.096,8.564866408692732e-12,1.9688855788381765,7.795228196236883e-07,7.795228196236887e-07,0.0004582788678817451,,,210,2056320,30,914880,0.6372401723638177,43182720,19212480
ded87b4e7797,0eac0e17d3ed,FedAvg / ΔW,43,/home/gogoi/ahlora-runs/p3-uniform16,full_data_benchmark,22,0.16789938364151258,0.1679,0.1679,0.1405,0.103,8.76696770735208e-12,1.9365617422110164,7.478101268018537e-07,7.478101268018535e-07,0.0004528028657659888,,,210,2056320,30,914880,0.6740706879645586,45239040,20127360
ded87b4e7797,0eac0e17d3ed,FedAvg / ΔW,43,/home/gogoi/ahlora-runs/p3-uniform16,full_data_benchmark,23,0.17379823601712655,0.1738,0.1738,0.1295,0.113,8.946952438175042e-12,1.9081279502973894,7.238990202078032e-07,7.238990202078034e-07,0.00045042327838018537,,,210,2056320,30,914880,0.6214004782959819,47295360,21042240
ded87b4e7797,0eac0e17d3ed,FedAvg / ΔW,43,/home/gogoi/ahlora-runs/p3-uniform16,full_data_benchmark,24,0.17919943931937934,0.1792,0.1792,0.10349999999999998,0.1335,9.096453220299357e-12,1.891131120779697,7.725491608060458e-07,7.725491608060456e-07,0.0004922908265143633,,,210,2056320,30,914880,0.6892935950309038,49351680,21957120
ded87b4e7797,0eac0e17d3ed,FedAvg / ΔW,43,/home/gogoi/ahlora-runs/p3-uniform16,full_data_benchmark,25,0.1864989427208318,0.1865,0.1865,0.10900000000000001,0.145,9.217689574588424e-12,1.875509973973732,6.849838764122289e-07,6.84983876412229e-07,0.00044248110498301685,,,210,2056320,30,914880,0.6023581754416227,51408000,22872000
ded87b4e7797,0eac0e17d3ed,FedAvg / ΔW,43,/home/gogoi/ahlora-runs/p3-uniform16,full_data_benchmark,26,0.18839979409694552,0.1884,0.1884,0.12050000000000002,0.144,9.255030075649983e-12,1.851040618902931,6.845482022037273e-07,6.845482022037275e-07,0.00044667735346592963,,,210,2056320,30,914880,0.5844912510365248,53464320,23786880
ded87b4e7797,0eac0e17d3ed,FedAvg / ΔW,43,/home/gogoi/ahlora-runs/p3-uniform16,full_data_benchmark,27,0.19320039679859768,0.1932,0.1932,0.12350000000000003,0.1495,9.382559544116967e-12,1.836094355845838,6.242502394629582e-07,6.242502394629582e-07,0.000412664347095415,,,210,2056320,30,914880,0.6009475728496909,55520640,24701760
ded87b4e7797,0eac0e17d3ed,FedAvg / ΔW,43,/home/gogoi/ahlora-runs/p3-uniform16,full_data_benchmark,28,0.19679949814882347,0.1968,0.1968,0.15099999999999997,0.14,9.419489262659415e-12,1.8156134509224364,5.87193738988558e-07,5.871937389885581e-07,0.00039040122646838427,,,210,2056320,30,914880,0.5857829926535487,57576960,25616640
ded87b4e7797,0eac0e17d3ed,FedAvg / ΔW,43,/home/gogoi/ahlora-runs/p3-uniform16,full_data_benchmark,29,0.19600034817426124,0.196,0.196,0.1745,0.127,9.41629552109191e-12,1.797950652330323,5.651316675470373e-07,5.651316675470373e-07,0.0003799164551310241,,,210,2056320,30,914880,0.6453084526583552,59633280,26531520
ded87b4e7797,0eac0e17d3ed,FedAvg / ΔW,43,/home/gogoi/ahlora-runs/p3-uniform16,full_data_benchmark,30,0.19770159965062514,0.1977,0.1977,0.1935,0.104,9.436821694445522e-12,1.7937884221769782,5.629398428172028e-07,5.62939842817203e-07,0.00037954116123728454,,,210,2056320,30,914880,0.6046586679294705,61689600,27446400
ded87b4e7797,0eac0e17d3ed,FedAvg / ΔW,43,/home/gogoi/ahlora-runs/p3-uniform16,full_data_benchmark,31,0.2009988999494247,0.201,0.201,0.16050000000000003,0.1145,9.74093768609426e-12,1.7854361477404193,5.717586095082887e-07,5.717586095082887e-07,0.0003919538576155901,,,210,2056320,30,914880,0.6397402174770832,63745920,28361280
ded87b4e7797,0eac0e17d3ed,FedAvg / ΔW,43,/home/gogoi/ahlora-runs/p3-uniform16,full_data_benchmark,32,0.2012996504750628,0.2013,0.2013,0.18,0.1085,9.852374471819303e-12,1.7692757104034527,5.867689083869887e-07,5.867689083869886e-07,0.00040812778752297163,,,210,2056320,30,914880,0.6886025397107005,65802240,29276160
ded87b4e7797,0eac0e17d3ed,FedAvg / ΔW,43,/home/gogoi/ahlora-runs/p3-uniform16,full_data_benchmark,33,0.20619885252568906,0.2062,0.2062,0.186,0.1155,9.864365805671109e-12,1.7696810238202862,5.769545488887635e-07,5.769545488887637e-07,0.000403982208808884,,,210,2056320,30,914880,0.5915374355390668,67858560,30191040
ded87b4e7797,0eac0e17d3ed,FedAvg / ΔW,43,/home/gogoi/ahlora-runs/p3-uniform16,full_data_benchmark,34,0.20929820375097732,0.2093,0.2093,0.191,0.122,9.956975984456069e-12,1.7673443963371334,5.78623240262903e-07,5.786232402629031e-07,0.0004040235362481326,,,210,2056320,30,914880,0.602215020917356,69914880,31105920
ded87b4e7797,0eac0e17d3ed,FedAvg / ΔW,43,/home/gogoi/ahlora-runs/p3-uniform16,full_data_benchmark,35,0.2096972534753644,0.2097,0.2097,0.20600000000000002,0.124,9.889553990542292e-12,1.7561592428524266,6.151559257016989e-07,6.15155925701699e-07,0.00042959247366525233,,,210,2056320,30,914880,0.5912545006722212,71971200,32020800
ded87b4e7797,0eac0e17d3ed,FedAvg / ΔW,43,/home/gogoi/ahlora-runs/p3-uniform16,full_data_benchmark,36,0.21319820570195386,0.2132,0.2132,0.2,0.138,9.959120565265305e-12,1.746654728626657,6.588558658119623e-07,6.588558658119623e-07,0.00046428877976723015,,,210,2056320,30,914880,0.7288037780672312,74027520,32935680
ded87b4e7797,0eac0e17d3ed,FedAvg / ΔW,43,/home/gogoi/ahlora-runs/p3-uniform16,full_data_benchmark,37,0.21159705432569,0.2116,0.2116,0.19300000000000003,0.1455,1.0055115073903665e-11,1.7410859476485447,6.130388987243046e-07,6.130388987243045e-07,0.00043717448716051877,,,210,2056320,30,914880,0.740797103382647,76083840,33850560
ded87b4e7797,0eac0e17d3ed,FedAvg / ΔW,43,/home/gogoi/ahlora-runs/p3-uniform16,full_data_benchmark,38,0.21529790660225442,0.2153,0.2153,0.17300000000000001,0.143,1.0296587656573783e-11,1.7368022407721446,5.755582403853891e-07,5.755582403853891e-07,0.0004167614970356226,,,210,2056320,30,914880,0.6815405143424869,78140160,34765440
ded87b4e7797,0eac0e17d3ed,FedAvg / ΔW,43,/home/gogoi/ahlora-runs/p3-uniform16,full_data_benchmark,39,0.22049695872784328,0.2205,0.2205,0.1835,0.1345,1.0520101456634733e-11,1.7327552405862867,5.89978031310467e-07,5.899780313104669e-07,0.0004351667012088001,,,210,2056320,30,914880,0.6614445149898529,80196480,35680320
ded87b4e7797,0eac0e17d3ed,FedAvg / ΔW,43,/home/gogoi/ahlora-runs/p3-uniform16,full_data_benchmark,40,0.22139695917806862,0.2214,0.2214,0.184,0.1325,1.07889743435526e-11,1.7351948756316824,5.486363893040282e-07,5.486363893040282e-07,0.00041101069655269384,,,210,2056320,30,914880,0.6602900046855211,82252800,36595200
ded87b4e7797,0eac0e17d3ed,FedAvg / ΔW,43,/home/gogoi/ahlora-runs/p3-uniform16,full_data_benchmark,41,0.22329630980305643,0.2233,0.2233,0.17400000000000002,0.1505,1.0861848457703141e-11,1.7324942212315289,5.760482199623376e-07,5.760482199623376e-07,0.0004375931457616389,,,210,2056320,30,914880,0.6939617488533258,84309120,37510080
ded87b4e7797,0eac0e17d3ed,FedAvg / ΔW,43,/home/gogoi/ahlora-runs/p3-uniform16,full_data_benchmark,42,0.2243971107539324,0.2244,0.2244,0.162,0.1595,1.1001309122941431e-11,1.7268448720733303,5.111750892983875e-07,5.111750892983874e-07,0.00039324452518485487,,,210,2056320,30,914880,0.6623969357460737,86365440,38424960
ded87b4e7797,0eac0e17d3ed,FedAvg / ΔW,43,/home/gogoi/ahlora-runs/p3-uniform16,full_data_benchmark,43,0.22629901265583427,0.2263,0.2263,0.1345,0.18,1.1145641816886116e-11,1.7211701143494162,5.332250497583546e-07,5.332250497583546e-07,0.00041613430948928,,,210,2056320,30,914880,0.648310961201787,88421760,39339840
ded87b4e7797,0eac0e17d3ed,FedAvg / ΔW,43,/home/gogoi/ahlora-runs/p3-uniform16,full_data_benchmark,44,0.22809901355628492,0.2281,0.2281,0.134,0.185,1.1489537099507175e-11,1.724096385926739,5.241111201793868e-07,5.241111201793871e-07,0.0004149249289184809,,,210,2056320,30,914880,0.6423921082168818,90478080,40254720
ded87b4e7797,0eac0e17d3ed,FedAvg / ΔW,43,/home/gogoi/ahlora-runs/p3-uniform16,full_data_benchmark,45,0.22719826273049662,0.2272,0.2272,0.14100000000000001,0.1775,1.1527399405390307e-11,1.7197356383198599,5.363370943722309e-07,5.36337094372231e-07,0.00042937404941767454,,,210,2056320,30,914880,0.6278508203104138,92534400,41169600
ded87b4e7797,0eac0e17d3ed,FedAvg / ΔW,43,/home/gogoi/ahlora-runs/p3-uniform16,full_data_benchmark,46,0.2241001121061091,0.2241,0.2241,0.157,0.167,1.1789954198112202e-11,1.7170508547342682,5.561249047878825e-07,5.561249047878826e-07,0.0004523741081357002,,,210,2056320,30,914880,0.6354265660047531,94590720,42084480
ded87b4e7797,0eac0e17d3ed,FedAvg / ΔW,43,/home/gogoi/ahlora-runs/p3-uniform16,full_data_benchmark,47,0.22880106493299895,0.2288,0.2289,0.157,0.168,1.184016033365746e-11,1.710051177894379,5.401694741589823e-07,5.401694741589822e-07,0.00044492975575849414,,,210,2056320,30,914880,0.6249237889423966,96647040,42999360
ded87b4e7797,0eac0e17d3ed,FedAvg / ΔW,43,/home/gogoi/ahlora-runs/p3-uniform16,full_data_benchmark,48,0.22790046418232324,0.2279,0.2279,0.137,0.1795,1.2105516589144827e-11,1.7129317525550658,5.569755401725664e-07,5.569755401725663e-07,0.00046294525964185596,,,210,2056320,30,914880,0.647054048255086,98703360,43914240
ded87b4e7797,0eac0e17d3ed,FedAvg / ΔW,43,/home/gogoi/ahlora-runs/p3-uniform16,full_data_benchmark,49,0.23370146758452606,0.2337,0.2337,0.14950000000000002,0.177,1.216915179735878e-11,1.7098126584345723,5.174059200507471e-07,5.174059200507471e-07,0.0004343782493378967,,,210,2056320,30,914880,0.6178697245195508,100759680,44829120
ded87b4e7797,0eac0e17d3ed,FedAvg / ΔW,43,/home/gogoi/ahlora-runs/p3-uniform16,full_data_benchmark,50,0.23370026698362528,0.2337,0.2337,0.14350000000000002,0.1815,1.2396124867327293e-11,1.6989493418084856,5.684970892037635e-07,5.684970892037635e-07,0.0004829581594094634,,,210,2056320,30,914880,0.6233072783797979,102816000,45744000
ded87b4e7797,cad564bfe53c,MH / ΔW / ring,43,/home/gogoi/ahlora-runs/p3-uniform16,full_data_benchmark,1,0.027798112955534245,0.0278,0.0097,0.03,0.014,1.0850654602050782,3.5620145652072868,1.6392220147543628e-06,3.3244591848924054e-06,1.0377315235624944e-05,,,30,293760,30,293760,0.6028291238471866,293760,293760
ded87b4e7797,cad564bfe53c,MH / ΔW / ring,43,/home/gogoi/ahlora-runs/p3-uniform16,full_data_benchmark,2,0.060597929263596424,0.0606,0.0083,0.060500000000000005,0.041,2.3232460021972656,3.040662924101111,1.5679485575869542e-05,4.119809595095909e-05,0.0002653052065094622,,,30,293760,30,293760,0.5709578581154346,587520,587520
ded87b4e7797,cad564bfe53c,MH / ΔW / ring,43,/home/gogoi/ahlora-runs/p3-uniform16,full_data_benchmark,3,0.10559825192508851,0.1056,0.0092,0.1525,0.0535,3.8313201904296874,2.5879790609810964,4.639411943867411e-05,0.00013185488923957904,0.0015002011593120794,,,30,293760,30,293760,0.5733109675347805,881280,881280
ded87b4e7797,cad564bfe53c,MH / ΔW / ring,43,/home/gogoi/ahlora-runs/p3-uniform16,full_data_benchmark,4,0.15419512465989227,0.1542,0.016,0.246,0.0745,5.586448160807292,2.229442827439864,9.792398469388705e-05,0.00037824386580554873,0.005012611454973618,,,30,293760,30,293760,0.5747571447864175,1175040,1175040
ded87b4e7797,cad564bfe53c,MH / ΔW / ring,43,/home/gogoi/ahlora-runs/p3-uniform16,full_data_benchmark,5,0.20079014546780663,0.2008,0.0278,0.31899999999999995,0.101,7.522661336263021,1.9552154222109037,0.0001594168563678273,0.0005948003704707606,0.01187630887143314,,,30,293760,30,293760,0.5985574573278427,1468800,1468800
ded87b4e7797,cad564bfe53c,MH / ΔW / ring,43,/home/gogoi/ahlora-runs/p3-uniform16,full_data_benchmark,6,0.22308890599745174,0.2231,0.0424,0.34550000000000003,0.108,9.357692464192708,1.7645570608587848,0.00020946861316570122,0.0007427451271287644,0.020971635977427166,,,30,293760,30,293760,0.6020729895681143,1762560,1762560
ded87b4e7797,cad564bfe53c,MH / ΔW / ring,43,/home/gogoi/ahlora-runs/p3-uniform16,full_data_benchmark,7,0.2475889682786234,0.2476,0.0562,0.3915,0.1095,10.855204264322916,1.6236115101210413,0.00024282465819005535,0.0007665014044369108,0.030237339809536933,,,30,293760,30,293760,0.5861806217581034,2056320,2056320
ded87b4e7797,cad564bfe53c,MH / ΔW / ring,43,/home/gogoi/ahlora-runs/p3-uniform16,full_data_benchmark,8,0.27418648033340687,0.2742,0.0661,0.4205,0.133,12.22056376139323,1.5098196037273832,0.0002707766746935364,0.0008439253828305407,0.04008680526167154,,,30,293760,30,293760,0.6158976778388023,2350080,2350080
ded87b4e7797,cad564bfe53c,MH / ΔW / ring,43,/home/gogoi/ahlora-runs/p3-uniform16,full_data_benchmark,9,0.2899868384126255,0.29,0.0746,0.4245,0.143,13.481892903645834,1.4124580317464208,0.00028414922744812466,0.0008179536688178765,0.04884621308495601,,,30,293760,30,293760,0.5959277525544167,2643840,2643840
ded87b4e7797,cad564bfe53c,MH / ΔW / ring,43,/home/gogoi/ahlora-runs/p3-uniform16,full_data_benchmark,10,0.3044822933878406,0.3045,0.0853,0.42599999999999993,0.152,14.621450805664063,1.343372244855837,0.0002781106082086237,0.0007930049315935125,0.054612224797407787,,,30,293760,30,293760,0.5999830458313227,2937600,2937600
ded87b4e7797,cad564bfe53c,MH / ΔW / ring,43,/home/gogoi/ahlora-runs/p3-uniform16,full_data_benchmark,11,0.32088340214277244,0.3209,0.0904,0.4245,0.169,15.816611735026042,1.280303835089556,0.0002789795640049727,0.0007391454760965409,0.061119850476582846,,,30,293760,30,293760,0.5954159265384078,3231360,3231360
ded87b4e7797,cad564bfe53c,MH / ΔW / ring,43,/home/gogoi/ahlora-runs/p3-uniform16,full_data_benchmark,12,0.32688565627096366,0.3269,0.0964,0.41650000000000004,0.178,16.893814086914062,1.2351733094332762,0.0002722452088770707,0.0007047816949881802,0.06596332838137944,,,30,293760,30,293760,0.601005582138896,3525120,3525120
ded87b4e7797,cad564bfe53c,MH / ΔW / ring,43,/home/gogoi/ahlora-runs/p3-uniform16,full_data_benchmark,13,0.32988805897351625,0.3299,0.1062,0.42300000000000004,0.1755,17.841105143229168,1.1978290697201008,0.00026165079322086756,0.0006558904858061195,0.06979049853980542,,,30,293760,30,293760,0.572310434654355,3818880,3818880
ded87b4e7797,cad564bfe53c,MH / ΔW / ring,43,/home/gogoi/ahlora-runs/p3-uniform16,full_data_benchmark,14,0.3425905665785726,0.3426,0.1159,0.4335,0.1845,18.81602783203125,1.1664626906369233,0.0002468413972827336,0.0006032619599713636,0.07217655529578527,,,30,293760,30,293760,0.5736981770023704,4112640,4112640
ded87b4e7797,cad564bfe53c,MH / ΔW / ring,43,/home/gogoi/ahlora-runs/p3-uniform16,full_data_benchmark,15,0.34889101995548777,0.3489,0.1225,0.42550000000000004,0.192,19.877608235677084,1.1341617480789588,0.00023644643273077113,0.0005465914602049551,0.07511204406619072,,,30,293760,30,293760,0.5795424999669194,4406400,4406400
ded87b4e7797,cad564bfe53c,MH / ΔW / ring,43,/home/gogoi/ahlora-runs/p3-uniform16,full_data_benchmark,16,0.35529322425874155,0.3553,0.1276,0.4155,0.2015,20.768310546875,1.111582304347211,0.00022382594630732556,0.0005018021880082311,0.07699667550623417,,,30,293760,30,293760,0.575150502845645,4700160,4700160
ded87b4e7797,cad564bfe53c,MH / ΔW / ring,43,/home/gogoi/ahlora-runs/p3-uniform16,full_data_benchmark,17,0.3605914760337549,0.3606,0.1322,0.4295,0.205,21.5880126953125,1.0836988455493828,0.00021542577555089243,0.0004836245882459686,0.07970793309311072,,,30,293760,30,293760,0.5601504864171147,4993920,4993920
ded87b4e7797,cad564bfe53c,MH / ΔW / ring,43,/home/gogoi/ahlora-runs/p3-uniform16,full_data_benchmark,18,0.3656937297117207,0.3657,0.1334,0.4205,0.214,22.52859090169271,1.0690071043996066,0.00020093490485363188,0.0004348977928132983,0.07987363710999489,,,30,293760,30,293760,0.5641861297190189,5287680,5287680
ded87b4e7797,cad564bfe53c,MH / ΔW / ring,43,/home/gogoi/ahlora-runs/p3-uniform16,full_data_benchmark,19,0.37169583376479925,0.3717,0.1371,0.4265,0.2175,23.490620930989582,1.0520997404986447,0.0001940292966152186,0.0004161140778312733,0.08194458385308584,,,30,293760,30,293760,0.5717460652813315,5581440,5581440
ded87b4e7797,cad564bfe53c,MH / ΔW / ring,43,/home/gogoi/ahlora-runs/p3-uniform16,full_data_benchmark,20,0.37669408538973753,0.3767,0.1437,0.41999999999999993,0.2165,24.487978108723958,1.036196422118039,0.0001842269984352927,0.00039373749713078333,0.08306257675091426,,,30,293760,30,293760,0.5824047662317753,5875200,5875200
ded87b4e7797,cad564bfe53c,MH / ΔW / ring,43,/home/gogoi/ahlora-runs/p3-uniform16,full_data_benchmark,21,0.37999558779168985,0.38,0.1467,0.41100000000000003,0.235,25.368513997395834,1.0233595637926445,0.00017428298729835065,0.0003753584240651376,0.08326110461105903,,,30,293760,30,293760,0.5675200102850795,6168960,6168960
ded87b4e7797,cad564bfe53c,MH / ΔW / ring,43,/home/gogoi/ahlora-runs/p3-uniform16,full_data_benchmark,22,0.3818934376655516,0.3819,0.1494,0.4129999999999999,0.2315,26.402571614583334,1.0124551472504297,0.0001664917087025191,0.00035727762885378136,0.08396778578559558,,,30,293760,30,293760,0.5800422495231032,6462720,6462720
ded87b4e7797,cad564bfe53c,MH / ΔW / ring,43,/home/gogoi/ahlora-runs/p3-uniform16,full_data_benchmark,23,0.38649429039234134,0.3865,0.1559,0.3965,0.2485,27.284541829427084,1.003073088260135,0.00015614580586773138,0.00032813163896305446,0.08351839780807495,,,30,293760,30,293760,0.5733227981254458,6756480,6756480
ded87b4e7797,cad564bfe53c,MH / ΔW / ring,43,/home/gogoi/ahlora-runs/p3-uniform16,full_data_benchmark,24,0.38448958703831265,0.3845,0.1582,0.41550000000000004,0.2355,28.283211263020835,0.9963133183670627,0.00014784897354898406,0.00031044170682849326,0.08358967726429303,,,30,293760,30,293760,0.5582022285088897,7050240,7050240
ded87b4e7797,cad564bfe53c,MH / ΔW / ring,43,/home/gogoi/ahlora-runs/p3-uniform16,full_data_benchmark,25,0.3896938917928423,0.3897,0.1597,0.41150000000000003,0.2375,29.169858805338542,0.9901019189204292,0.00014224985515992242,0.0002988134824534263,0.08447056779017051,,,30,293760,30,293760,0.5669774357229471,7344000,7344000
ded87b4e7797,cad564bfe53c,MH / ΔW / ring,43,/home/gogoi/ahlora-runs/p3-uniform16,full_data_benchmark,26,0.3903939921930926,0.3904,0.1639,0.4135,0.234,29.841752115885416,0.980496404486081,0.00013682213434433992,0.00028578644259368013,0.08549719043076039,,,30,293760,30,293760,0.5579169979318976,7637760,7637760
ded87b4e7797,cad564bfe53c,MH / ΔW / ring,43,/home/gogoi/ahlora-runs/p3-uniform16,full_data_benchmark,27,0.3947940444192318,0.3948,0.1634,0.412,0.2445,30.626800537109375,0.9731664245134901,0.0001310751591491184,0.0002788650411725564,0.08617822515467803,,,30,293760,30,293760,0.6679648077115417,7931520,7931520
ded87b4e7797,cad564bfe53c,MH / ΔW / ring,43,/home/gogoi/ahlora-runs/p3-uniform16,full_data_benchmark,28,0.39429414421918174,0.3943,0.1668,0.42500000000000004,0.234,31.215974934895833,0.9684768241993313,0.00012519539234829227,0.0002632670103103269,0.0862743364026149,,,30,293760,30,293760,0.6285570338368416,8225280,8225280
ded87b4e7797,cad564bfe53c,MH / ΔW / ring,43,/home/gogoi/ahlora-runs/p3-uniform16,full_data_benchmark,29,0.3972924948936942,0.3973,0.1693,0.419,0.2445,31.72249552408854,0.9621781493910355,0.00012050843689199593,0.0002515246243523762,0.08698753888408343,,,30,293760,30,293760,0.6205386556684971,8519040,8519040
ded87b4e7797,cad564bfe53c,MH / ΔW / ring,43,/home/gogoi/ahlora-runs/p3-uniform16,full_data_benchmark,30,0.4000969485227357,0.4001,0.1692,0.4095,0.246,32.30388387044271,0.9576862215092435,0.00011671205833459212,0.0002448283066559282,0.08780299611389637,,,30,293760,30,293760,0.6351722227409482,8812800,8812800
ded87b4e7797,cad564bfe53c,MH / ΔW / ring,43,/home/gogoi/ahlora-runs/p3-uniform16,full_data_benchmark,31,0.3989956973465219,0.399,0.1718,0.4145,0.24,33.031982421875,0.9536195018098257,0.00011283570210157008,0.00024302284760799485,0.0887462168931961,,,30,293760,30,293760,0.6120594087988138,9106560,9106560
ded87b4e7797,cad564bfe53c,MH / ΔW / ring,43,/home/gogoi/ahlora-runs/p3-uniform16,full_data_benchmark,32,0.40329639984812393,0.4033,0.1784,0.4095,0.251,33.722975667317705,0.9477559159482246,0.00010816333192675223,0.0002348290787120564,0.08899608949820201,,,30,293760,30,293760,0.6773213790729642,9400320,9400320
ded87b4e7797,cad564bfe53c,MH / ΔW / ring,43,/home/gogoi/ahlora-runs/p3-uniform16,full_data_benchmark,33,0.411495453474464,0.4115,0.1786,0.4145,0.257,34.42607828776042,0.9405736396744862,0.00010383239687639925,0.00022879908768366438,0.08939672658840815,,,30,293760,30,293760,0.6249018050730228,9694080,9694080
ded87b4e7797,cad564bfe53c,MH / ΔW / ring,43,/home/gogoi/ahlora-runs/p3-uniform16,full_data_benchmark,34,0.4081944012978495,0.4082,0.1808,0.4195,0.25,35.17184244791667,0.9382822526034439,9.945919438280278e-05,0.00021649190694415609,0.08953801691532134,,,30,293760,30,293760,0.6314310515299439,9987840,9987840
ded87b4e7797,cad564bfe53c,MH / ΔW / ring,43,/home/gogoi/ahlora-runs/p3-uniform16,full_data_benchmark,35,0.4091954022988506,0.4092,0.1826,0.41000000000000003,0.257,35.69793701171875,0.9365372110932685,9.602584320457149e-05,0.00021790245543781467,0.09004158619791269,,,30,293760,30,293760,0.6169727453961968,10281600,10281600
ded87b4e7797,cad564bfe53c,MH / ΔW / ring,43,/home/gogoi/ahlora-runs/p3-uniform16,full_data_benchmark,36,0.40389474932203573,0.4039,0.1827,0.4,0.256,36.56826578776042,0.9329667557937724,9.296007265861597e-05,0.00020792797621440015,0.09073839535315832,,,30,293760,30,293760,0.6133047649636865,10575360,10575360
ded87b4e7797,cad564bfe53c,MH / ΔW / ring,43,/home/gogoi/ahlora-runs/p3-uniform16,full_data_benchmark,37,0.40859645252448845,0.4086,0.1853,0.409,0.2605,37.3695068359375,0.9273512404505855,8.912890008721244e-05,0.00020334265389599545,0.09048626857499281,,,30,293760,30,293760,0.6149135092273355,10869120,10869120
ded87b4e7797,cad564bfe53c,MH / ΔW / ring,43,/home/gogoi/ahlora-runs/p3-uniform16,full_data_benchmark,38,0.4032988010499255,0.4033,0.1873,0.38749999999999996,0.263,37.82705078125,0.9282148185949366,8.66417856713829e-05,0.0001948368082842195,0.0906778359785676,,,30,293760,30,293760,0.6306617138907313,11162880,11162880
ded87b4e7797,cad564bfe53c,MH / ΔW / ring,43,/home/gogoi/ahlora-runs/p3-uniform16,full_data_benchmark,39,0.40809775292533906,0.4081,0.1885,0.40349999999999997,0.258,38.63988444010417,0.9225350426433746,8.375921221778386e-05,0.00018466821829732458,0.09071308759351572,,,30,293760,30,293760,0.6365696452558041,11456640,11456640
ded87b4e7797,cad564bfe53c,MH / ΔW / ring,43,/home/gogoi/ahlora-runs/p3-uniform16,full_data_benchmark,40,0.4069957513735624,0.407,0.1923,0.39999999999999997,0.2595,39.15670979817708,0.9227242574106558,8.029606435528142e-05,0.00018076680451147579,0.0902363712588946,,,30,293760,30,293760,0.5947411973029375,11750400,11750400
ded87b4e7797,cad564bfe53c,MH / ΔW / ring,43,/home/gogoi/ahlora-runs/p3-uniform16,full_data_benchmark,41,0.4102962032497265,0.4103,0.1876,0.403,0.263,39.80504150390625,0.9206023553387087,7.780097076790493e-05,0.00018369302628750463,0.09040682377914587,,,30,293760,30,293760,0.635262300260365,12044160,12044160
ded87b4e7797,cad564bfe53c,MH / ΔW / ring,43,/home/gogoi/ahlora-runs/p3-uniform16,full_data_benchmark,42,0.4128961045003024,0.4129,0.1943,0.40700000000000003,0.268,40.63526204427083,0.9149994997065486,7.604772959081841e-05,0.00017757117336001123,0.09109546467661858,,,30,293760,30,293760,0.6198025736957788,12337920,12337920
ded87b4e7797,cad564bfe53c,MH / ΔW / ring,43,/home/gogoi/ahlora-runs/p3-uniform16,full_data_benchmark,43,0.41409685547616587,0.4141,0.1938,0.405,0.271,41.3806640625,0.9136074575914329,7.31270881170107e-05,0.0001704447804626617,0.09059239911536375,,,30,293760,30,293760,0.6216901624575257,12631680,12631680
ded87b4e7797,cad564bfe53c,MH / ΔW / ring,43,/home/gogoi/ahlora-runs/p3-uniform16,full_data_benchmark,44,0.40769585177381285,0.4077,0.1976,0.42000000000000004,0.246,42.140323893229166,0.9154833368504333,7.029476178231877e-05,0.00016266779617560008,0.0899125337600708,,,30,293760,30,293760,0.6186998607590795,12925440,12925440
ded87b4e7797,cad564bfe53c,MH / ΔW / ring,43,/home/gogoi/ahlora-runs/p3-uniform16,full_data_benchmark,45,0.41360025692859276,0.4136,0.2006,0.40499999999999997,0.2615,43.16835123697917,0.9123839163515116,6.778528975986965e-05,0.00015909319482833542,0.08945622872561217,,,30,293760,30,293760,0.6659348579123616,13219200,13219200
ded87b4e7797,cad564bfe53c,MH / ΔW / ring,43,/home/gogoi/ahlora-runs/p3-uniform16,full_data_benchmark,46,0.41259670465067766,0.4126,0.1997,0.413,0.2575,43.892268880208334,0.9122512879891296,6.581622679940014e-05,0.00015374406697781035,0.08958024593691032,,,30,293760,30,293760,0.7330845519900322,13512960,13512960
ded87b4e7797,cad564bfe53c,MH / ΔW / ring,43,/home/gogoi/ahlora-runs/p3-uniform16,full_data_benchmark,47,0.41249825537681617,0.4125,0.2011,0.4165,0.254,44.907511393229164,0.9115380710732103,6.345036896417255e-05,0.0001432963410087665,0.0891696515182654,,,30,293760,30,293760,0.6008544731885195,13806720,13806720
ded87b4e7797,cad564bfe53c,MH / ΔW / ring,43,/home/gogoi/ahlora-runs/p3-uniform16,full_data_benchmark,48,0.4114936525731129,0.4115,0.1995,0.416,0.2535,45.2047119140625,0.9043753349754536,6.113106821327824e-05,0.00013807714910793345,0.08850737599035104,,,30,293760,30,293760,0.5631044944748282,14100480,14100480
ded87b4e7797,cad564bfe53c,MH / ΔW / ring,43,/home/gogoi/ahlora-runs/p3-uniform16,full_data_benchmark,49,0.40839114977046015,0.4084,0.2047,0.41650000000000004,0.2505,46.03433024088542,0.9067791311678435,5.95078919756162e-05,0.00013579890005814424,0.08894983343780041,,,30,293760,30,293760,0.5615897942334414,14394240,14394240
ded87b4e7797,cad564bfe53c,MH / ΔW / ring,43,/home/gogoi/ahlora-runs/p3-uniform16,full_data_benchmark,50,0.41289490389940176,0.4129,0.2058,0.41600000000000004,0.257,46.37061360677083,0.9094804250743692,5.7299215289348985e-05,0.00013087297302865358,0.08822336258987586,,,30,293760,30,293760,0.5640080599114299,14688000,14688000
ded87b4e7797,658f968893fe,Oracle / ΔW / bridge 5,43,/home/gogoi/ahlora-runs/p3-uniform16,full_data_benchmark,1,0.05420007713860788,0.0542,0.0097,0.041,0.0415,2.6124425252278645,3.5620145652072868,5.085396545256577e-07,1.1045909856687067e-06,3.7509344110731035e-06,,,30,293760,30,293760,0.5734351081773639,293760,293760
ded87b4e7797,658f968893fe,Oracle / ΔW / bridge 5,43,/home/gogoi/ahlora-runs/p3-uniform16,full_data_benchmark,2,0.12460106283194738,0.1246,0.0117,0.124,0.057,3.437017059326172,2.7949000459714153,3.870421815298282e-06,7.669419823607602e-06,4.9017682613339275e-05,,,30,293760,30,293760,0.5467930380254984,587520,587520
ded87b4e7797,658f968893fe,Oracle / ΔW / bridge 5,43,/home/gogoi/ahlora-runs/p3-uniform16,full_data_benchmark,3,0.24850337593965782,0.2485,0.0146,0.141,0.166,5.515089925130209,2.260263301721003,3.1856571004936873e-06,6.2684218143057e-06,7.10711712599732e-05,,,30,293760,30,293760,0.5708550242707133,881280,881280
ded87b4e7797,658f968893fe,Oracle / ΔW / bridge 5,43,/home/gogoi/ahlora-runs/p3-uniform16,full_data_benchmark,4,0.3605992799396098,0.3606,0.0254,0.19,0.2585,8.233285522460937,1.7928071272531858,2.7185726928551693e-06,5.50368580720827e-06,8.653108307044022e-05,,,30,293760,30,293760,0.7133542131632566,1175040,1175040
ded87b4e7797,658f968893fe,Oracle / ΔW / bridge 5,43,/home/gogoi/ahlora-runs/p3-uniform16,full_data_benchmark,5,0.43139841490666087,0.4314,0.0328,0.16999999999999998,0.3565,5.4304346720377605,1.4373118673346552,0.0014248778882387204,0.0016551876780930115,0.05036252960562706,,,210,2056320,80,2853760,0.6333645712584257,3231360,4028800
ded87b4e7797,658f968893fe,Oracle / ΔW / bridge 5,43,/home/gogoi/ahlora-runs/p3-uniform16,full_data_benchmark,6,0.4714968341655,0.4715,0.0438,0.15950000000000003,0.407,9.581632486979167,1.3492840337333043,1.8329590107077266e-06,2.564512242045105e-06,9.460692526772619e-05,,,30,293760,30,293760,0.6216077823191881,3525120,4322560
ded87b4e7797,658f968893fe,Oracle / ΔW / bridge 5,43,/home/gogoi/ahlora-runs/p3-uniform16,full_data_benchmark,7,0.5307969138553845,0.5308,0.055,0.17049999999999998,0.473,13.748940022786458,1.1410760972575342,1.4528906005212845e-06,1.919726166554446e-06,9.448185446672141e-05,,,30,293760,30,293760,0.608363626524806,3818880,4616320
ded87b4e7797,658f968893fe,Oracle / ΔW / bridge 5,43,/home/gogoi/ahlora-runs/p3-uniform16,full_data_benchmark,8,0.5698988343666005,0.5699,0.0712,0.16949999999999998,0.525,18.3069091796875,1.0018172638919356,1.3109477091380973e-06,1.5743361625177379e-06,0.0001034705746860709,,,30,293760,30,293760,0.6119922334328294,4112640,4910080
ded87b4e7797,658f968893fe,Oracle / ΔW / bridge 5,43,/home/gogoi/ahlora-runs/p3-uniform16,full_data_benchmark,9,0.5972971472221846,0.5973,0.0978,0.16549999999999998,0.5475,22.330106608072917,0.9053744994764424,9.506112712902559e-07,1.2235432513915474e-06,8.42530615045689e-05,,,30,293760,30,293760,0.6129973400384188,4406400,5203840
ded87b4e7797,658f968893fe,Oracle / ΔW / bridge 5,43,/home/gogoi/ahlora-runs/p3-uniform16,full_data_benchmark,10,0.6040963001982492,0.6041,0.0894,0.16649999999999998,0.5585,12.33781026204427,0.8333130703931151,0.002685023701539326,0.0031982839796047533,0.21094492077827454,,,210,2056320,80,2853760,0.7207629671320319,6462720,8057600
ded87b4e7797,658f968893fe,Oracle / ΔW / bridge 5,43,/home/gogoi/ahlora-runs/p3-uniform16,full_data_benchmark,11,0.5989953971962968,0.599,0.1005,0.16249999999999998,0.5525,17.3585205078125,0.8905934800486608,9.980480821761479e-07,1.321613651751237e-06,9.659437055233865e-05,,,30,293760,30,293760,0.6589537682011724,6756480,8351360
ded87b4e7797,658f968893fe,Oracle / ΔW / bridge 5,43,/home/gogoi/ahlora-runs/p3-uniform16,full_data_benchmark,12,0.6188943066004536,0.6189,0.1044,0.15500000000000003,0.5775,22.4486572265625,0.8244548631669848,7.803699362457973e-07,8.388789603498863e-07,9.15408061700873e-05,,,30,293760,30,293760,0.6248889900743961,7050240,8645120
ded87b4e7797,658f968893fe,Oracle / ΔW / bridge 5,43,/home/gogoi/ahlora-runs/p3-uniform16,full_data_benchmark,13,0.6358969164066616,0.6359,0.1103,0.14700000000000002,0.597,27.064872233072915,0.7729618146110876,5.098592988136033e-07,6.330678671286113e-07,6.43386498268228e-05,,,30,293760,30,293760,0.6263028997927904,7344000,8938880
ded87b4e7797,658f968893fe,Oracle / ΔW / bridge 5,43,/home/gogoi/ahlora-runs/p3-uniform16,full_data_benchmark,14,0.6520951236093666,0.6521,0.1176,0.15649999999999997,0.5985,30.2803466796875,0.7324272545724292,3.2385380133432444e-07,5.458126865833036e-07,4.232188875903375e-05,,,30,293760,30,293760,0.651597230695188,7637760,9232640
ded87b4e7797,658f968893fe,Oracle / ΔW / bridge 5,43,/home/gogoi/ahlora-runs/p3-uniform16,full_data_benchmark,15,0.6539983761872818,0.654,0.1004,0.16000000000000003,0.603,16.105519612630207,0.7043559671508551,0.002946067311382897,0.0032731250555828877,0.33669275641441343,,,210,2056320,80,2853760,0.696129453368485,9694080,12086400
ded87b4e7797,658f968893fe,Oracle / ΔW / bridge 5,43,/home/gogoi/ahlora-runs/p3-uniform16,full_data_benchmark,16,0.6398980689835265,0.6399,0.1129,0.13350000000000006,0.602,21.556575520833334,0.7694362271853914,8.186118776521363e-07,9.646059455969652e-07,0.00011004176340065897,,,30,293760,30,293760,0.6872870530933142,9987840,12380160
ded87b4e7797,658f968893fe,Oracle / ΔW / bridge 5,43,/home/gogoi/ahlora-runs/p3-uniform16,full_data_benchmark,17,0.6548985267126197,0.6549,0.1145,0.1419999999999999,0.6125,27.065486653645834,0.7258195847496992,6.606111335291422e-07,9.971156001766985e-07,0.00010154781339224427,,,30,293760,30,293760,0.6847546389326453,10281600,12673920
ded87b4e7797,658f968893fe,Oracle / ΔW / bridge 5,43,/home/gogoi/ahlora-runs/p3-uniform16,full_data_benchmark,18,0.6616972294633464,0.6617,0.1229,0.15049999999999997,0.61,31.61656290690104,0.6927341911733153,3.367045192812434e-07,6.399962739751943e-07,5.399039364419878e-05,,,30,293760,30,293760,0.6351956119760871,10575360,12967680
ded87b4e7797,658f968893fe,Oracle / ΔW / bridge 5,43,/home/gogoi/ahlora-runs/p3-uniform16,full_data_benchmark,19,0.6781963372668021,0.6782,0.1303,0.14650000000000007,0.6295,34.65328369140625,0.67053475247017,1.8337615381156232e-07,2.5658807139968307e-07,3.079631860600784e-05,,,30,293760,30,293760,0.6679121078923345,10869120,13261440
ded87b4e7797,658f968893fe,Oracle / ΔW / bridge 5,43,/home/gogoi/ahlora-runs/p3-uniform16,full_data_benchmark,20,0.6731995863929896,0.6732,0.1038,0.14850000000000008,0.6255,18.557084147135416,0.6450936400469144,0.002883416365265552,0.003226575722310486,0.426724773645401,,,210,2056320,80,2853760,0.6697544539347291,12925440,16115200
ded87b4e7797,658f968893fe,Oracle / ΔW / bridge 5,43,/home/gogoi/ahlora-runs/p3-uniform16,full_data_benchmark,21,0.6647988318153236,0.6648,0.1136,0.1409999999999999,0.6245,24.1052734375,0.7121561907201462,8.265279708186518e-07,1.0816060595316989e-06,0.000141160876955837,,,30,293760,30,293760,0.6197980446740985,13219200,16408960
ded87b4e7797,658f968893fe,Oracle / ΔW / bridge 5,43,/home/gogoi/ahlora-runs/p3-uniform16,full_data_benchmark,22,0.6716994355675017,0.6717,0.1173,0.15449999999999997,0.6225,29.882466634114582,0.6823105212543389,5.61219979254053e-07,9.022860553154989e-07,0.00010446347150718793,,,30,293760,30,293760,0.5920802820473909,13512960,16702720
ded87b4e7797,658f968893fe,Oracle / ΔW / bridge 5,43,/home/gogoi/ahlora-runs/p3-uniform16,full_data_benchmark,23,0.6774966870918895,0.6775,0.1197,0.15200000000000002,0.619,34.760563151041666,0.6558685099121965,3.3187924766116395e-07,6.235927771727037e-07,6.340181571431457e-05,,,30,293760,30,293760,0.5377333527430892,13806720,16996480
ded87b4e7797,658f968893fe,Oracle / ΔW / bridge 5,43,/home/gogoi/ahlora-runs/p3-uniform16,full_data_benchmark,24,0.6814981398189794,0.6815,0.1279,0.14949999999999997,0.627,38.034444173177086,0.6301215185883613,2.1255282920084033e-07,3.6620523361984856e-07,4.156975373916794e-05,,,30,293760,30,293760,0.5470539126545191,14100480,17290240
ded87b4e7797,658f968893fe,Oracle / ΔW / bridge 5,43,/home/gogoi/ahlora-runs/p3-uniform16,full_data_benchmark,25,0.6912001956979469,0.6912,0.1064,0.14749999999999996,0.638,20.224104817708334,0.6170213216654786,0.002714736978112102,0.003028120841682323,0.48544593453407286,,,210,2056320,80,2853760,0.5616522813215852,16156800,20144000
ded87b4e7797,658f968893fe,Oracle / ΔW / bridge 5,43,/home/gogoi/ahlora-runs/p3-uniform16,full_data_benchmark,26,0.6664981323152237,0.6665,0.1139,0.1379999999999999,0.6235,26.067574055989585,0.6829123004524499,9.314018585355989e-07,1.5593061957213127e-06,0.00018734337791102008,,,30,293760,30,293760,0.5416735745966434,16450560,20437760
ded87b4e7797,658f968893fe,Oracle / ΔW / bridge 5,43,/home/gogoi/ahlora-runs/p3-uniform16,full_data_benchmark,27,0.6776982379681032,0.6777,0.1174,0.14250000000000007,0.6295,32.143107096354164,0.6526100886020018,6.705958175227237e-07,1.128851986124819e-06,0.00014512416964862496,,,30,293760,30,293760,0.5570365265011787,16744320,20731520
ded87b4e7797,658f968893fe,Oracle / ΔW / bridge 5,43,/home/gogoi/ahlora-runs/p3-uniform16,full_data_benchmark,28,0.6850969410189799,0.6851,0.1252,0.14300000000000002,0.63,36.9964599609375,0.6307277491383022,2.766300583427644e-07,5.596807380283228e-07,6.161471610539593e-05,,,30,293760,30,293760,0.5572878085076809,17038080,21025280
ded87b4e7797,658f968893fe,Oracle / ΔW / bridge 5,43,/home/gogoi/ahlora-runs/p3-uniform16,full_data_benchmark,29,0.6884968926947937,0.6885,0.1324,0.13850000000000007,0.6375,40.207698567708334,0.611358964750131,1.8943709339432226e-07,3.498764185012113e-07,4.3298979289829734e-05,,,30,293760,30,293760,0.5715993968769908,17331840,21319040
ded87b4e7797,658f968893fe,Oracle / ΔW / bridge 5,43,/home/gogoi/ahlora-runs/p3-uniform16,full_data_benchmark,30,0.6881980931456194,0.6882,0.1027,0.14350000000000007,0.6405,21.488336181640626,0.5998958806358704,0.002530414815301196,0.0028395167534448333,0.5330727577209473,,,210,2056320,80,2853760,0.5831961799412966,19388160,24172800
ded87b4e7797,658f968893fe,Oracle / ΔW / bridge 5,43,/home/gogoi/ahlora-runs/p3-uniform16,full_data_benchmark,31,0.6763972368170268,0.6764,0.1151,0.1409999999999999,0.6245,28.00006103515625,0.6605679051376675,1.068543292009484e-06,2.041466077324063e-06,0.00024686403630767015,,,30,293760,30,293760,0.5624849172309041,19681920,24466560
ded87b4e7797,658f968893fe,Oracle / ΔW / bridge 5,43,/home/gogoi/ahlora-runs/p3-uniform16,full_data_benchmark,32,0.6875971923947937,0.6876,0.1138,0.131,0.6465,34.456156412760414,0.6386581843301913,6.285042853103244e-07,1.1112842844904668e-06,0.00015684063109802082,,,30,293760,30,293760,0.5732592707499862,19975680,24760320
ded87b4e7797,658f968893fe,Oracle / ΔW / bridge 5,43,/home/gogoi/ahlora-runs/p3-uniform16,full_data_benchmark,33,0.6947986967477221,0.6948,0.1235,0.14500000000000002,0.642,39.11073404947917,0.6128751020429706,3.1027790868374525e-07,7.653662923908568e-07,7.872197093092837e-05,,,30,293760,30,293760,0.5708653759211302,20269440,25054080
ded87b4e7797,658f968893fe,Oracle / ΔW / bridge 5,43,/home/gogoi/ahlora-runs/p3-uniform16,full_data_benchmark,34,0.6934997966482225,0.6935,0.1319,0.14050000000000007,0.6435,42.74231770833333,0.5992178550955187,1.7423946781673646e-07,3.157323079114394e-07,4.569188313325867e-05,,,30,293760,30,293760,0.5666029825806618,20563200,25347840
ded87b4e7797,658f968893fe,Oracle / ΔW / bridge 5,43,/home/gogoi/ahlora-runs/p3-uniform16,full_data_benchmark,35,0.6952978465722095,0.6953,0.1033,0.14600000000000002,0.6455,22.760392252604166,0.5862326889867512,0.0022891160034848755,0.0025849550683037506,0.5655810475349426,,,210,2056320,80,2853760,0.5823464151471853,22619520,28201600
ded87b4e7797,658f968893fe,Oracle / ΔW / bridge 5,43,/home/gogoi/ahlora-runs/p3-uniform16,full_data_benchmark,36,0.6798990894942919,0.6799,0.1183,0.136,0.629,29.18589884440104,0.6511814556871035,1.1712913392702623e-06,2.4269406095117488e-06,0.0003169407733366825,,,30,293760,30,293760,0.5512365102767944,22913280,28495360
ded87b4e7797,658f968893fe,Oracle / ΔW / bridge 5,43,/home/gogoi/ahlora-runs/p3-uniform16,full_data_benchmark,37,0.6897993945969957,0.6898,0.1196,0.14700000000000002,0.6385,35.80748697916667,0.6268702273736579,6.34628696860497e-07,1.1878568776954973e-06,0.0001861604367149994,,,30,293760,30,293760,0.6080742161720991,23207040,28789120
ded87b4e7797,658f968893fe,Oracle / ΔW / bridge 5,43,/home/gogoi/ahlora-runs/p3-uniform16,full_data_benchmark,38,0.6915971443707575,0.6916,0.1212,0.127,0.6475,40.762898763020836,0.6092882168992997,3.306997079085206e-07,6.651904498128574e-07,9.924757978296839e-05,,,30,293760,30,293760,0.6195527389645576,23500800,29082880
ded87b4e7797,658f968893fe,Oracle / ΔW / bridge 5,43,/home/gogoi/ahlora-runs/p3-uniform16,full_data_benchmark,39,0.6982970976973976,0.6983,0.1338,0.14350000000000007,0.6515,44.2230224609375,0.5857307677501372,1.962662379264604e-07,3.9085606136305066e-07,6.113478521001525e-05,,,30,293760,30,293760,0.634403589181602,23794560,29376640
ded87b4e7797,658f968893fe,Oracle / ΔW / bridge 5,43,/home/gogoi/ahlora-runs/p3-uniform16,full_data_benchmark,40,0.6950974962968967,0.6951,0.1059,0.11549999999999994,0.66,23.777598063151043,0.5756921836596757,0.002039674607053875,0.0022880661899230895,0.5928404927253723,,,210,2056320,80,2853760,0.6310440814122558,25850880,32230400
ded87b4e7797,658f968893fe,Oracle / ΔW / bridge 5,43,/home/gogoi/ahlora-runs/p3-uniform16,full_data_benchmark,41,0.6814987401194298,0.6815,0.1136,0.13850000000000007,0.6385,30.6811767578125,0.6442624311894202,9.909800838006854e-07,1.7693911868145765e-06,0.00030816331855021417,,,30,293760,30,293760,0.6438025394454598,26144640,32524160
ded87b4e7797,658f968893fe,Oracle / ΔW / bridge 5,43,/home/gogoi/ahlora-runs/p3-uniform16,full_data_benchmark,42,0.6888963926445187,0.6889,0.1218,0.14350000000000007,0.6465,37.333597819010414,0.6216443616092562,6.82870092163854e-07,1.5037413946501235e-06,0.00023274538980331272,,,30,293760,30,293760,0.6232991013675928,26438400,32817920
ded87b4e7797,658f968893fe,Oracle / ΔW / bridge 5,43,/home/gogoi/ahlora-runs/p3-uniform16,full_data_benchmark,43,0.6928979954467209,0.6929,0.1266,0.14200000000000002,0.654,42.514957682291666,0.5991495532961364,2.949029782421973e-07,6.212001314827802e-07,0.00010609917299007066,,,30,293760,30,293760,0.6305650798603892,26732160,33111680
ded87b4e7797,658f968893fe,Oracle / ΔW / bridge 5,43,/home/gogoi/ahlora-runs/p3-uniform16,full_data_benchmark,44,0.7022974998986993,0.7023,0.1299,0.14200000000000002,0.6555,46.157039388020834,0.5828643728865851,2.1550172156851294e-07,3.9253862123446324e-07,7.708680859650486e-05,,,30,293760,30,293760,0.627533283084631,27025920,33405440
ded87b4e7797,658f968893fe,Oracle / ΔW / bridge 5,43,/home/gogoi/ahlora-runs/p3-uniform16,full_data_benchmark,45,0.6989998994496746,0.699,0.1025,0.14400000000000002,0.653,24.607393391927083,0.5656399473894567,0.0018277971070788672,0.0020313343213209244,0.6150054693222046,,,210,2056320,80,2853760,0.6347682010382414,29082240,36259200
ded87b4e7797,658f968893fe,Oracle / ΔW / bridge 5,43,/home/gogoi/ahlora-runs/p3-uniform16,full_data_benchmark,46,0.6846981914448181,0.6847,0.1136,0.14300000000000002,0.633,31.541141764322916,0.6398237905987398,9.503443677284738e-07,1.8762208443920777e-06,0.0003481328662019223,,,30,293760,30,293760,0.6275304472073913,29376000,36552960
ded87b4e7797,658f968893fe,Oracle / ΔW / bridge 5,43,/home/gogoi/ahlora-runs/p3-uniform16,full_data_benchmark,47,0.6841966404185295,0.6842,0.1217,0.13850000000000007,0.6405,38.51451009114583,0.613324976595125,7.051632886151627e-07,1.4193784390537836e-06,0.00027646738744806497,,,30,293760,30,293760,0.6295690275728703,29669760,36846720
ded87b4e7797,658f968893fe,Oracle / ΔW / bridge 5,43,/home/gogoi/ahlora-runs/p3-uniform16,full_data_benchmark,48,0.6972974473724098,0.6973,0.1261,0.14050000000000007,0.6495,44.04628092447917,0.5929904228808518,3.242979306824691e-07,6.901628430438853e-07,0.00013262603170005605,,,30,293760,30,293760,0.6447429824620485,29963520,37140480
ded87b4e7797,658f968893fe,Oracle / ΔW / bridge 5,43,/home/gogoi/ahlora-runs/p3-uniform16,full_data_benchmark,49,0.6967973970972472,0.6968,0.1245,0.12350000000000005,0.6575,47.796443684895834,0.5750869328157703,2.4384691410460913e-07,4.669342052290218e-07,9.990646940423175e-05,,,30,293760,30,293760,0.6835793675854802,30257280,37434240
ded87b4e7797,658f968893fe,Oracle / ΔW / bridge 5,43,/home/gogoi/ahlora-runs/p3-uniform16,full_data_benchmark,50,0.700396498447473,0.7004,0.0996,0.14049999999999996,0.656,25.541695149739585,0.5642908007947938,0.0015943700219528865,0.0017436791353211772,0.6337463617324829,,,210,2056320,80,2853760,0.6532301371917129,32313600,40288000
ded87b4e7797,51d33462378d,Local / ΔW,44,/home/gogoi/ahlora-runs/p3-uniform16,full_data_benchmark,1,0.053396725060892984,0.0534,0.0065,0.009999999999999995,0.0495,3.3680084228515623,3.441003520426956,0.0,0.0,0.0,,,0,0,0,0,0.4909618878737092,0,0
ded87b4e7797,51d33462378d,Local / ΔW,44,/home/gogoi/ahlora-runs/p3-uniform16,full_data_benchmark,2,0.09690560125342733,0.0969,0.0086,0.017,0.087,9.913112386067708,2.4787006150269213,0.0,0.0,0.0,,,0,0,0,0,0.501924566924572,0,0
ded87b4e7797,51d33462378d,Local / ΔW,44,/home/gogoi/ahlora-runs/p3-uniform16,full_data_benchmark,3,0.18041039540289916,0.1804,0.0149,0.046999999999999986,0.1585,33.66020711263021,2.1035062268278835,0.0,0.0,0.0,,,0,0,0,0,0.4724311698228121,0,0
ded87b4e7797,51d33462378d,Local / ΔW,44,/home/gogoi/ahlora-runs/p3-uniform16,full_data_benchmark,4,0.26011693852773315,0.2601,0.0252,0.0915,0.2035,59.2709228515625,1.6662378546826666,0.0,0.0,0.0,,,0,0,0,0,0.4600115641951561,0,0
ded87b4e7797,51d33462378d,Local / ΔW,44,/home/gogoi/ahlora-runs/p3-uniform16,full_data_benchmark,5,0.3150159154656905,0.315,0.0429,0.09849999999999998,0.2455,80.21495768229167,1.329855719211489,0.0,0.0,0.0,,,0,0,0,0,0.46625024545937777,0,0
ded87b4e7797,51d33462378d,Local / ΔW,44,/home/gogoi/ahlora-runs/p3-uniform16,full_data_benchmark,6,0.35241628435031735,0.3524,0.0632,0.14599999999999996,0.2665,97.69189453125,1.1123752759442056,0.0,0.0,0.0,,,0,0,0,0,0.4682122142985463,0,0
ded87b4e7797,51d33462378d,Local / ΔW,44,/home/gogoi/ahlora-runs/p3-uniform16,full_data_benchmark,7,0.3864118991555273,0.3864,0.0784,0.14900000000000002,0.295,108.86067708333333,0.9678794772859677,0.0,0.0,0.0,,,0,0,0,0,0.4639690341427922,0,0
ded87b4e7797,51d33462378d,Local / ΔW,44,/home/gogoi/ahlora-runs/p3-uniform16,full_data_benchmark,8,0.4059101080090585,0.4059,0.0919,0.16949999999999998,0.305,116.80730794270833,0.8674554598555078,0.0,0.0,0.0,,,0,0,0,0,0.49321094527840614,0,0
ded87b4e7797,51d33462378d,Local / ΔW,44,/home/gogoi/ahlora-runs/p3-uniform16,full_data_benchmark,9,0.42801151976564267,0.428,0.1012,0.184,0.329,122.44349772135416,0.7930449683134603,0.0,0.0,0.0,,,0,0,0,0,0.4654332669451833,0,0
ded87b4e7797,51d33462378d,Local / ΔW,44,/home/gogoi/ahlora-runs/p3-uniform16,full_data_benchmark,10,0.4465120292706499,0.4465,0.1054,0.193,0.343,128.59962565104166,0.7379925561635583,0.0,0.0,0.0,,,0,0,0,0,0.46641676034778357,0,0
ded87b4e7797,51d33462378d,Local / ΔW,44,/home/gogoi/ahlora-runs/p3-uniform16,full_data_benchmark,11,0.4588147367757563,0.4588,0.1102,0.1755,0.362,133.76500651041667,0.6920589065350792,0.0,0.0,0.0,,,0,0,0,0,0.46533101238310337,0,0
ded87b4e7797,51d33462378d,Local / ΔW,44,/home/gogoi/ahlora-runs/p3-uniform16,full_data_benchmark,12,0.46811038924981946,0.4681,0.1116,0.1935,0.359,143.01256510416667,0.6556650879869029,0.0,0.0,0.0,,,0,0,0,0,0.46122583094984293,0,0
ded87b4e7797,51d33462378d,Local / ΔW,44,/home/gogoi/ahlora-runs/p3-uniform16,full_data_benchmark,13,0.4821110465788127,0.4821,0.116,0.18499999999999994,0.38,151.87166341145834,0.6219948590609633,0.0,0.0,0.0,,,0,0,0,0,0.4633537493646145,0,0
ded87b4e7797,51d33462378d,Local / ΔW,44,/home/gogoi/ahlora-runs/p3-uniform16,full_data_benchmark,14,0.49321300310805566,0.4932,0.1158,0.18449999999999994,0.3905,160.72698567708332,0.5939335877016093,0.0,0.0,0.0,,,0,0,0,0,0.4684586189687252,0,0
ded87b4e7797,51d33462378d,Local / ΔW,44,/home/gogoi/ahlora-runs/p3-uniform16,full_data_benchmark,15,0.49901400651025835,0.499,0.1155,0.1825,0.399,171.00901692708334,0.5690211746852986,0.0,0.0,0.0,,,0,0,0,0,0.4631995940580964,0,0
ded87b4e7797,51d33462378d,Local / ΔW,44,/home/gogoi/ahlora-runs/p3-uniform16,full_data_benchmark,16,0.5075138106622366,0.5075,0.1179,0.19599999999999995,0.399,181.0435546875,0.5454156810099129,0.0,0.0,0.0,,,0,0,0,0,0.4694476490840316,0,0
ded87b4e7797,51d33462378d,Local / ΔW,44,/home/gogoi/ahlora-runs/p3-uniform16,full_data_benchmark,17,0.5122158140149146,0.5122,0.121,0.18850000000000006,0.407,190.62747395833333,0.5243594357868855,0.0,0.0,0.0,,,0,0,0,0,0.46153814531862736,0,0
ded87b4e7797,51d33462378d,Local / ΔW,44,/home/gogoi/ahlora-runs/p3-uniform16,full_data_benchmark,18,0.5215171693432563,0.5215,0.1198,0.18200000000000005,0.4185,198.009375,0.5037718400884629,0.0,0.0,0.0,,,0,0,0,0,0.5015615709125996,0,0
ded87b4e7797,51d33462378d,Local / ΔW,44,/home/gogoi/ahlora-runs/p3-uniform16,full_data_benchmark,19,0.5230161195678436,0.523,0.1212,0.17850000000000005,0.429,204.86477864583333,0.48606315804932193,0.0,0.0,0.0,,,0,0,0,0,0.4647135669365525,0,0
ded87b4e7797,51d33462378d,Local / ΔW,44,/home/gogoi/ahlora-runs/p3-uniform16,full_data_benchmark,20,0.5292149720935329,0.5292,0.1246,0.1835,0.4265,213.03017578125,0.4696865649028955,0.0,0.0,0.0,,,0,0,0,0,0.4985612938180566,0,0
ded87b4e7797,51d33462378d,Local / ΔW,44,/home/gogoi/ahlora-runs/p3-uniform16,full_data_benchmark,21,0.530915022968996,0.5309,0.1239,0.1835,0.4345,218.52150065104166,0.4550866165097342,0.0,0.0,0.0,,,0,0,0,0,0.47227628994733095,0,0
ded87b4e7797,51d33462378d,Local / ΔW,44,/home/gogoi/ahlora-runs/p3-uniform16,full_data_benchmark,22,0.535214224719472,0.5352,0.1274,0.18050000000000005,0.433,224.367724609375,0.43940967796390423,0.0,0.0,0.0,,,0,0,0,0,0.4933525426313281,0,0
ded87b4e7797,51d33462378d,Local / ΔW,44,/home/gogoi/ahlora-runs/p3-uniform16,full_data_benchmark,23,0.5381147264205736,0.5381,0.1285,0.16499999999999998,0.451,230.605859375,0.42643405030949305,0.0,0.0,0.0,,,0,0,0,0,0.4692493388429284,0,0
ded87b4e7797,51d33462378d,Local / ΔW,44,/home/gogoi/ahlora-runs/p3-uniform16,full_data_benchmark,24,0.5421139280209745,0.5421,0.1295,0.1795,0.4445,237.67145182291668,0.41327571303938204,0.0,0.0,0.0,,,0,0,0,0,0.4755990756675601,0,0
ded87b4e7797,51d33462378d,Local / ΔW,44,/home/gogoi/ahlora-runs/p3-uniform16,full_data_benchmark,25,0.5429124776950863,0.5429,0.1318,0.17350000000000004,0.45,242.02041015625,0.4007448371294773,0.0,0.0,0.0,,,0,0,0,0,0.4813376609236002,0,0
ded87b4e7797,51d33462378d,Local / ΔW,44,/home/gogoi/ahlora-runs/p3-uniform16,full_data_benchmark,26,0.5439115277196237,0.5439,0.1293,0.16900000000000004,0.4525,245.92189127604166,0.3898811885455144,0.0,0.0,0.0,,,0,0,0,0,0.4771347213536501,0,0
ded87b4e7797,51d33462378d,Local / ΔW,44,/home/gogoi/ahlora-runs/p3-uniform16,full_data_benchmark,27,0.5490124307215761,0.549,0.13,0.1835,0.4505,251.24508463541667,0.37808405433203185,0.0,0.0,0.0,,,0,0,0,0,0.46087478660047054,0,0
ded87b4e7797,51d33462378d,Local / ΔW,44,/home/gogoi/ahlora-runs/p3-uniform16,full_data_benchmark,28,0.5519129324226776,0.5519,0.1318,0.1745,0.4535,256.02814127604165,0.36672973827543076,0.0,0.0,0.0,,,0,0,0,0,0.4679051050916314,0,0
ded87b4e7797,51d33462378d,Local / ΔW,44,/home/gogoi/ahlora-runs/p3-uniform16,full_data_benchmark,29,0.5573118845982414,0.5573,0.1295,0.16449999999999998,0.471,257.42373046875,0.35671050592808656,0.0,0.0,0.0,,,0,0,0,0,0.4758013365790248,0,0
ded87b4e7797,51d33462378d,Local / ΔW,44,/home/gogoi/ahlora-runs/p3-uniform16,full_data_benchmark,30,0.5558138348243294,0.5558,0.132,0.18249999999999994,0.458,263.75810546875,0.34875973479658545,0.0,0.0,0.0,,,0,0,0,0,0.4739248976111412,0,0
ded87b4e7797,51d33462378d,Local / ΔW,44,/home/gogoi/ahlora-runs/p3-uniform16,full_data_benchmark,31,0.5580130355242799,0.558,0.1295,0.176,0.461,266.7619303385417,0.336558950064402,0.0,0.0,0.0,,,0,0,0,0,0.48669285140931606,0,0
ded87b4e7797,51d33462378d,Local / ΔW,44,/home/gogoi/ahlora-runs/p3-uniform16,full_data_benchmark,32,0.5585136860998929,0.5585,0.1315,0.17299999999999993,0.4675,270.766162109375,0.3269884402207405,0.0,0.0,0.0,,,0,0,0,0,0.47485144529491663,0,0
ded87b4e7797,51d33462378d,Local / ΔW,44,/home/gogoi/ahlora-runs/p3-uniform16,full_data_benchmark,33,0.5617122369746057,0.5617,0.1324,0.15949999999999998,0.476,275.7169921875,0.3183103260590003,0.0,0.0,0.0,,,0,0,0,0,0.479055592790246,0,0
ded87b4e7797,51d33462378d,Local / ΔW,44,/home/gogoi/ahlora-runs/p3-uniform16,full_data_benchmark,34,0.5650140395267831,0.565,0.1289,0.178,0.4725,280.7341796875,0.3092521111474687,0.0,0.0,0.0,,,0,0,0,0,0.4694454073905945,0,0
ded87b4e7797,51d33462378d,Local / ΔW,44,/home/gogoi/ahlora-runs/p3-uniform16,full_data_benchmark,35,0.5619149884517202,0.5619,0.1362,0.18349999999999994,0.463,285.78326822916665,0.30266768690437584,0.0,0.0,0.0,,,0,0,0,0,0.47316416446119547,0,0
ded87b4e7797,51d33462378d,Local / ΔW,44,/home/gogoi/ahlora-runs/p3-uniform16,full_data_benchmark,36,0.5605147876512194,0.5605,0.1298,0.17549999999999993,0.466,292.6176432291667,0.29246066389997455,0.0,0.0,0.0,,,0,0,0,0,0.4657571827992797,0,0
ded87b4e7797,51d33462378d,Local / ΔW,44,/home/gogoi/ahlora-runs/p3-uniform16,full_data_benchmark,37,0.5657126391759076,0.5657,0.1329,0.18799999999999994,0.4685,296.8333333333333,0.2855562464950604,0.0,0.0,0.0,,,0,0,0,0,0.47166300285607576,0,0
ded87b4e7797,51d33462378d,Local / ΔW,44,/home/gogoi/ahlora-runs/p3-uniform16,full_data_benchmark,38,0.5652148400274337,0.5652,0.1344,0.1755,0.469,301.7470703125,0.2780015264571865,0.0,0.0,0.0,,,0,0,0,0,0.46664865873754025,0,0
ded87b4e7797,51d33462378d,Local / ΔW,44,/home/gogoi/ahlora-runs/p3-uniform16,full_data_benchmark,39,0.566116341228785,0.5661,0.1407,0.17300000000000004,0.471,307.93492838541664,0.27004000034691794,0.0,0.0,0.0,,,0,0,0,0,0.4767037257552147,0,0
ded87b4e7797,51d33462378d,Local / ΔW,44,/home/gogoi/ahlora-runs/p3-uniform16,full_data_benchmark,40,0.5666129397763581,0.5666,0.1389,0.185,0.466,311.4000651041667,0.26310353533278946,0.0,0.0,0.0,,,0,0,0,0,0.47707052808254957,0,0
ded87b4e7797,51d33462378d,Local / ΔW,44,/home/gogoi/ahlora-runs/p3-uniform16,full_data_benchmark,41,0.570314692503598,0.5703,0.1406,0.16099999999999998,0.4835,316.9009114583333,0.2551151906965692,0.0,0.0,0.0,,,0,0,0,0,0.4700761344283819,0,0
ded87b4e7797,51d33462378d,Local / ΔW,44,/home/gogoi/ahlora-runs/p3-uniform16,full_data_benchmark,42,0.5709152931041986,0.5709,0.1434,0.1755,0.478,321.71953125,0.2484787584336678,0.0,0.0,0.0,,,0,0,0,0,0.4786501871421933,0,0
ded87b4e7797,51d33462378d,Local / ΔW,44,/home/gogoi/ahlora-runs/p3-uniform16,full_data_benchmark,43,0.5717162439801121,0.5717,0.1448,0.178,0.4775,326.0250651041667,0.24250456443894156,0.0,0.0,0.0,,,0,0,0,0,0.5135854557156563,0,0
ded87b4e7797,51d33462378d,Local / ΔW,44,/home/gogoi/ahlora-runs/p3-uniform16,full_data_benchmark,44,0.5715142428785608,0.5715,0.1445,0.1745,0.477,336.080078125,0.2352421234212804,0.0,0.0,0.0,,,0,0,0,0,0.4631145969033241,0,0
ded87b4e7797,51d33462378d,Local / ΔW,44,/home/gogoi/ahlora-runs/p3-uniform16,full_data_benchmark,45,0.5687177432304868,0.5687,0.1467,0.17200000000000004,0.471,338.1947265625,0.2291389928619272,0.0,0.0,0.0,,,0,0,0,0,0.4634739039465785,0,0
ded87b4e7797,51d33462378d,Local / ΔW,44,/home/gogoi/ahlora-runs/p3-uniform16,full_data_benchmark,46,0.5714135424780104,0.5714,0.1427,0.17099999999999999,0.4785,343.72239583333334,0.22370169754488642,0.0,0.0,0.0,,,0,0,0,0,0.4613018296658993,0,0
ded87b4e7797,51d33462378d,Local / ΔW,44,/home/gogoi/ahlora-runs/p3-uniform16,full_data_benchmark,47,0.5712157434796116,0.5712,0.1423,0.17900000000000005,0.473,352.72350260416664,0.2177740487149521,0.0,0.0,0.0,,,0,0,0,0,0.47124308720231056,0,0
ded87b4e7797,51d33462378d,Local / ΔW,44,/home/gogoi/ahlora-runs/p3-uniform16,full_data_benchmark,48,0.5720172946559753,0.572,0.1459,0.17400000000000004,0.48,360.50091145833335,0.212004928358334,0.0,0.0,0.0,,,0,0,0,0,0.48497398383915424,0,0
ded87b4e7797,51d33462378d,Local / ΔW,44,/home/gogoi/ahlora-runs/p3-uniform16,full_data_benchmark,49,0.574114744429587,0.5741,0.1497,0.16699999999999998,0.4805,365.54485677083335,0.2068286648215479,0.0,0.0,0.0,,,0,0,0,0,0.4773614630103111,0,0
ded87b4e7797,51d33462378d,Local / ΔW,44,/home/gogoi/ahlora-runs/p3-uniform16,full_data_benchmark,50,0.5730166448307378,0.573,0.143,0.16049999999999998,0.487,372.2703125,0.20196468891603958,0.0,0.0,0.0,,,0,0,0,0,0.46036585327237844,0,0
ded87b4e7797,0eac0e17d3ed,FedAvg / ΔW,44,/home/gogoi/ahlora-runs/p3-uniform16,full_data_benchmark,1,0.006500653577115345,0.0065,0.0065,0.0185,0.001,7.836211425119958e-14,3.441003520426956,8.018385860012252e-06,8.01838586001225e-06,4.251948121236637e-05,,,210,2056320,30,914880,0.5738477492704988,2056320,914880
ded87b4e7797,0eac0e17d3ed,FedAvg / ΔW,44,/home/gogoi/ahlora-runs/p3-uniform16,full_data_benchmark,2,0.008400454427440935,0.0084,0.0084,0.024,0.0,3.284204505571431e-13,3.2832869822262643,2.8829081189615416e-06,2.8829081189615408e-06,6.802527786931023e-05,,,210,2056320,30,914880,0.5846599563956261,4112640,1829760
ded87b4e7797,0eac0e17d3ed,FedAvg / ΔW,44,/home/gogoi/ahlora-runs/p3-uniform16,full_data_benchmark,3,0.011000355678016849,0.011,0.011,0.027,0.0,7.499452447934374e-13,3.1782280672828875,1.8925763732766626e-06,1.8925763732766624e-06,0.00010049760021502152,,,210,2056320,30,914880,0.5798981254920363,6168960,2744640
ded87b4e7797,0eac0e17d3ed,FedAvg / ΔW,44,/home/gogoi/ahlora-runs/p3-uniform16,full_data_benchmark,4,0.012400856628742685,0.0124,0.0124,0.0325,0.0,1.1429641955107428e-12,3.0978929148859473,1.5681834083154919e-06,1.568183408315492e-06,0.0001398981548845768,,,210,2056320,30,914880,0.5903116557747126,8225280,3659520
ded87b4e7797,0eac0e17d3ed,FedAvg / ΔW,44,/home/gogoi/ahlora-runs/p3-uniform16,full_data_benchmark,5,0.017101059080069574,0.0171,0.0171,0.042,0.0,2.073338029040528e-12,2.989181010301485,1.2544586687267505e-06,1.2544586687267507e-06,0.00015958736184984446,,,210,2056320,30,914880,0.5786214536055923,10281600,4574400
ded87b4e7797,0eac0e17d3ed,FedAvg / ΔW,44,/home/gogoi/ahlora-runs/p3-uniform16,full_data_benchmark,6,0.02959916438177308,0.0296,0.0296,0.051,0.0,2.7842866900940066e-12,2.8803567975333895,1.0049678591205882e-06,1.0049678591205882e-06,0.00016934853920247406,,,210,2056320,30,914880,0.5774946007877588,12337920,5489280
ded87b4e7797,0eac0e17d3ed,FedAvg / ΔW,44,/home/gogoi/ahlora-runs/p3-uniform16,full_data_benchmark,7,0.040699320009664836,0.0407,0.0407,0.073,0.001,2.9975466553366914e-12,2.7699975514106803,7.91060356064725e-07,7.910603560647251e-07,0.000166956742759794,,,210,2056320,30,914880,0.5713971788063645,14394240,6404160
ded87b4e7797,0eac0e17d3ed,FedAvg / ΔW,44,/home/gogoi/ahlora-runs/p3-uniform16,full_data_benchmark,8,0.0520994757876317,0.0521,0.0521,0.0895,0.002,3.1763897068159963e-12,2.6659252045451374,9.57822710223739e-07,9.578227102237388e-07,0.00024170054530259222,,,210,2056320,30,914880,0.5609602583572268,16450560,7319040
ded87b4e7797,0eac0e17d3ed,FedAvg / ΔW,44,/home/gogoi/ahlora-runs/p3-uniform16,full_data_benchmark,9,0.06320008164086124,0.0632,0.0632,0.107,0.002,3.679570537151733e-12,2.5702955780585905,1.0006722208511883e-06,1.000672220851188e-06,0.0002899084356613457,,,210,2056320,30,914880,0.6193690020591021,18506880,8233920
ded87b4e7797,0eac0e17d3ed,FedAvg / ΔW,44,/home/gogoi/ahlora-runs/p3-uniform16,full_data_benchmark,10,0.07680048864456662,0.0768,0.0768,0.126,0.0055,4.290550322435157e-12,2.4896716709948263,8.49381531331715e-07,8.493815313317151e-07,0.00027585827047005296,,,210,2056320,30,914880,0.691005858592689,20563200,9148800
ded87b4e7797,0eac0e17d3ed,FedAvg / ΔW,44,/home/gogoi/ahlora-runs/p3-uniform16,full_data_benchmark,11,0.08350014182098138,0.0835,0.0835,0.148,0.0045,5.043185313802212e-12,2.3992920306439327,9.250773449630595e-07,9.250773449630598e-07,0.0003338898532092571,,,210,2056320,30,914880,0.6179081257432699,22619520,10063680
ded87b4e7797,0eac0e17d3ed,FedAvg / ΔW,44,/home/gogoi/ahlora-runs/p3-uniform16,full_data_benchmark,12,0.09070104587345969,0.0907,0.0907,0.1505,0.009,5.815931995260352e-12,2.3227313594961467,8.533748194483973e-07,8.533748194483971e-07,0.0003359129186719656,,,210,2056320,30,914880,0.589188409037888,24675840,10978560
ded87b4e7797,0eac0e17d3ed,FedAvg / ΔW,44,/home/gogoi/ahlora-runs/p3-uniform16,full_data_benchmark,13,0.09780109945027489,0.0978,0.0978,0.1565,0.018,6.294767947630693e-12,2.259715067952294,8.174033967694567e-07,8.174033967694567e-07,0.00034443946788087487,,,210,2056320,30,914880,0.5680407267063856,26732160,11893440
ded87b4e7797,0eac0e17d3ed,FedAvg / ΔW,44,/home/gogoi/ahlora-runs/p3-uniform16,full_data_benchmark,14,0.11000055527791659,0.11,0.11,0.145,0.0315,6.712020754010931e-12,2.1906042632243286,8.275064667389883e-07,8.275064667389885e-07,0.0003666172851808369,,,210,2056320,30,914880,0.6725870873779058,28788480,12808320
ded87b4e7797,0eac0e17d3ed,FedAvg / ΔW,44,/home/gogoi/ahlora-runs/p3-uniform16,full_data_benchmark,15,0.11419995707851778,0.1142,0.1141,0.148,0.0365,7.002872356072961e-12,2.127672154618147,7.761833927982946e-07,7.761833927982944e-07,0.00035834405571222305,,,210,2056320,30,914880,0.6240409314632416,30844800,13723200
ded87b4e7797,0eac0e17d3ed,FedAvg / ΔW,44,/home/gogoi/ahlora-runs/p3-uniform16,full_data_benchmark,16,0.11940035988012002,0.1194,0.1194,0.15,0.0395,7.187640297760348e-12,2.0830403781472353,8.386522178918592e-07,8.38652217891859e-07,0.00039949140045791864,,,210,2056320,30,914880,0.6357081402093172,32901120,14638080
ded87b4e7797,0eac0e17d3ed,FedAvg / ΔW,44,/home/gogoi/ahlora-runs/p3-uniform16,full_data_benchmark,17,0.13059851455653554,0.1306,0.1306,0.1305,0.055,7.361408704831263e-12,2.035318578584963,8.352168236985644e-07,8.352168236985647e-07,0.00040923745837062597,,,210,2056320,30,914880,0.5758532015606761,34957440,15552960
ded87b4e7797,0eac0e17d3ed,FedAvg / ΔW,44,/home/gogoi/ahlora-runs/p3-uniform16,full_data_benchmark,18,0.13759771765768766,0.1376,0.1376,0.1315,0.061,7.50650745266294e-12,1.9844670211819704,7.340634776785439e-07,7.340634776785437e-07,0.0003689996956381947,,,210,2056320,30,914880,0.581648145802319,37013760,16467840
ded87b4e7797,0eac0e17d3ed,FedAvg / ΔW,44,/home/gogoi/ahlora-runs/p3-uniform16,full_data_benchmark,19,0.14829897363630498,0.1483,0.1483,0.147,0.0665,7.537067729194528e-12,1.9502769146436727,6.76206155135348e-07,6.762061551353478e-07,0.00034696771763265133,,,210,2056320,30,914880,0.6352766994386911,39070080,17382720
ded87b4e7797,0eac0e17d3ed,FedAvg / ΔW,44,/home/gogoi/ahlora-runs/p3-uniform16,full_data_benchmark,20,0.15619967793880832,0.1562,0.1562,0.16050000000000003,0.072,7.671148438692654e-12,1.9121078502783102,6.094342240151485e-07,6.094342240151485e-07,0.0003190484130755067,,,210,2056320,30,914880,0.6450046831741929,41126400,18297600
ded87b4e7797,0eac0e17d3ed,FedAvg / ΔW,44,/home/gogoi/ahlora-runs/p3-uniform16,full_data_benchmark,21,0.1617995806901354,0.1618,0.1618,0.15399999999999997,0.085,7.885775366034409e-12,1.867184268520053,5.933542576493447e-07,5.933542576493448e-07,0.00031882955227047205,,,210,2056320,30,914880,0.6518024243414402,43182720,19212480
ded87b4e7797,0eac0e17d3ed,FedAvg / ΔW,44,/home/gogoi/ahlora-runs/p3-uniform16,full_data_benchmark,22,0.1637996317156737,0.1638,0.1638,0.136,0.0955,7.905557689961521e-12,1.8402803667734915,6.540312447303354e-07,6.540312447303355e-07,0.00035974185448139906,,,210,2056320,30,914880,0.6549915205687284,45239040,20127360
ded87b4e7797,0eac0e17d3ed,FedAvg / ΔW,44,/home/gogoi/ahlora-runs/p3-uniform16,full_data_benchmark,23,0.17089893491692593,0.1709,0.1709,0.127,0.1015,8.073329042327751e-12,1.8155735731548668,5.805849471409129e-07,5.80584947140913e-07,0.00032637917320244014,,,210,2056320,30,914880,0.5851364564150572,47295360,21042240
ded87b4e7797,0eac0e17d3ed,FedAvg / ΔW,44,/home/gogoi/ahlora-runs/p3-uniform16,full_data_benchmark,24,0.17479878679278985,0.1748,0.1748,0.1415,0.0945,8.164772561751003e-12,1.7946022489487745,5.795010903720985e-07,5.795010903720986e-07,0.0003329245082568377,,,210,2056320,30,914880,0.5752766039222479,49351680,21957120
ded87b4e7797,0eac0e17d3ed,FedAvg / ΔW,44,/home/gogoi/ahlora-runs/p3-uniform16,full_data_benchmark,25,0.1754990372681527,0.1755,0.1755,0.153,0.0925,8.283657093599573e-12,1.7788278808724067,5.689537193288178e-07,5.689537193288179e-07,0.0003325977595523,,,210,2056320,30,914880,0.5937010226771235,51408000,22872000
ded87b4e7797,0eac0e17d3ed,FedAvg / ΔW,44,/home/gogoi/ahlora-runs/p3-uniform16,full_data_benchmark,26,0.17629938784361568,0.1763,0.1763,0.13399999999999998,0.1015,8.416149258986631e-12,1.7588552393887555,5.187577162209955e-07,5.187577162209955e-07,0.00031093566212803125,,,210,2056320,30,914880,0.5811476521193981,53464320,23786880
ded87b4e7797,0eac0e17d3ed,FedAvg / ΔW,44,/home/gogoi/ahlora-runs/p3-uniform16,full_data_benchmark,27,0.17809878844361604,0.1781,0.1781,0.1395,0.104,8.621126035279758e-12,1.7430592144151795,5.138451039616175e-07,5.138451039616174e-07,0.0003143434878438711,,,210,2056320,30,914880,0.5864847991615534,55520640,24701760
ded87b4e7797,0eac0e17d3ed,FedAvg / ΔW,44,/home/gogoi/ahlora-runs/p3-uniform16,full_data_benchmark,28,0.1843998421209815,0.1844,0.1844,0.133,0.1145,8.807238272012797e-12,1.722877898589489,5.625010508084706e-07,5.625010508084706e-07,0.00035008168197236955,,,210,2056320,30,914880,0.5738085089251399,57576960,25616640
ded87b4e7797,0eac0e17d3ed,FedAvg / ΔW,44,/home/gogoi/ahlora-runs/p3-uniform16,full_data_benchmark,29,0.18920029474752115,0.1892,0.1892,0.136,0.1165,8.957247906356731e-12,1.7014261153772368,5.245025613605797e-07,5.245025613605799e-07,0.0003315973444841802,,,210,2056320,30,914880,0.7411363013088703,59633280,26531520
ded87b4e7797,0eac0e17d3ed,FedAvg / ΔW,44,/home/gogoi/ahlora-runs/p3-uniform16,full_data_benchmark,30,0.19139994567280924,0.1914,0.1914,0.1295,0.1215,9.077743186776862e-12,1.692180192059182,5.387215746290247e-07,5.387215746290248e-07,0.00034556095488369465,,,210,2056320,30,914880,0.6452261339873075,61689600,27446400
ded87b4e7797,0eac0e17d3ed,FedAvg / ΔW,44,/home/gogoi/ahlora-runs/p3-uniform16,full_data_benchmark,31,0.19140009574792186,0.1914,0.1914,0.1375,0.1175,9.156710574960887e-12,1.685846647552611,5.276599220472588e-07,5.276599220472588e-07,0.00034074141876772046,,,210,2056320,30,914880,0.5815183762460947,63745920,28361280
ded87b4e7797,0eac0e17d3ed,FedAvg / ΔW,44,/home/gogoi/ahlora-runs/p3-uniform16,full_data_benchmark,32,0.19870004937471203,0.1987,0.1987,0.15400000000000003,0.109,9.211561143492494e-12,1.6740598134227123,5.425695950644552e-07,5.425695950644551e-07,0.00035399460466578603,,,210,2056320,30,914880,0.5713943494483829,65802240,29276160
ded87b4e7797,0eac0e17d3ed,FedAvg / ΔW,44,/home/gogoi/ahlora-runs/p3-uniform16,full_data_benchmark,33,0.20539910225067645,0.2054,0.2054,0.171,0.099,9.171261898070308e-12,1.6580273245825812,5.03501939452928e-07,5.035019394529281e-07,0.00033127391361631453,,,210,2056320,30,914880,0.5692303376272321,67858560,30191040
ded87b4e7797,0eac0e17d3ed,FedAvg / ΔW,44,/home/gogoi/ahlora-runs/p3-uniform16,full_data_benchmark,34,0.20859930395162782,0.2086,0.2086,0.19000000000000003,0.09,9.387690624862444e-12,1.6461069962420123,4.784238657163188e-07,4.784238657163188e-07,0.00031841479358263314,,,210,2056320,30,914880,0.5711616594344378,69914880,31105920
ded87b4e7797,0eac0e17d3ed,FedAvg / ΔW,44,/home/gogoi/ahlora-runs/p3-uniform16,full_data_benchmark,35,0.20909935422679055,0.2091,0.2091,0.1945,0.0845,9.557390064548106e-12,1.6335753798923778,4.4168146198582875e-07,4.416814619858289e-07,0.0002976549440063536,,,210,2056320,30,914880,0.5631892886012793,71971200,32020800
ded87b4e7797,0eac0e17d3ed,FedAvg / ΔW,44,/home/gogoi/ahlora-runs/p3-uniform16,full_data_benchmark,36,0.2039998019008514,0.204,0.204,0.18700000000000003,0.092,9.657261101914116e-12,1.6271987437690056,4.536286683548225e-07,4.536286683548225e-07,0.0003091093967668712,,,210,2056320,30,914880,0.5837356382980943,74027520,32935680
ded87b4e7797,0eac0e17d3ed,FedAvg / ΔW,44,/home/gogoi/ahlora-runs/p3-uniform16,full_data_benchmark,37,0.20690045367706536,0.2069,0.2069,0.18350000000000002,0.097,9.767506248259394e-12,1.624033395544057,4.554452204037402e-07,4.554452204037404e-07,0.00031270578620024025,,,210,2056320,30,914880,0.5875575542449951,76083840,33850560
ded87b4e7797,0eac0e17d3ed,FedAvg / ΔW,44,/home/gogoi/ahlora-runs/p3-uniform16,full_data_benchmark,38,0.21549975762869314,0.2155,0.2155,0.1895,0.1055,9.879338088344033e-12,1.619582244180599,4.3288149838022454e-07,4.328814983802244e-07,0.0002973524678964168,,,210,2056320,30,914880,0.633378897793591,78140160,34765440
ded87b4e7797,0eac0e17d3ed,FedAvg / ΔW,44,/home/gogoi/ahlora-runs/p3-uniform16,full_data_benchmark,39,0.2178004091047569,0.2178,0.2178,0.19999999999999998,0.0935,9.901981086931263e-12,1.6044910289158751,4.771879478286775e-07,4.771879478286774e-07,0.0003303445701021701,,,210,2056320,30,914880,0.6017130743712187,80196480,35680320
ded87b4e7797,0eac0e17d3ed,FedAvg / ΔW,44,/home/gogoi/ahlora-runs/p3-uniform16,full_data_benchmark,40,0.21970096033064548,0.2197,0.2197,0.1945,0.1065,9.934766898034298e-12,1.5980515981212757,4.4760348241107217e-07,4.4760348241107217e-07,0.0003126384108327329,,,210,2056320,30,914880,0.605442819185555,82252800,36595200
ded87b4e7797,0eac0e17d3ed,FedAvg / ΔW,44,/home/gogoi/ahlora-runs/p3-uniform16,full_data_benchmark,41,0.22500131315723515,0.225,0.225,0.2195,0.0995,1.013998514783528e-11,1.5837376525991107,4.712893626839003e-07,4.7128936268390017e-07,0.0003301879623904824,,,210,2056320,30,914880,0.5970769999548793,84309120,37510080
ded87b4e7797,0eac0e17d3ed,FedAvg / ΔW,44,/home/gogoi/ahlora-runs/p3-uniform16,full_data_benchmark,42,0.22990096543319924,0.2299,0.2299,0.2245,0.0975,1.020525423426714e-11,1.5772188017637276,4.68896621347089e-07,4.688966213470891e-07,0.0003302257973700762,,,210,2056320,30,914880,0.5934943193569779,86365440,38424960
ded87b4e7797,0eac0e17d3ed,FedAvg / ΔW,44,/home/gogoi/ahlora-runs/p3-uniform16,full_data_benchmark,43,0.22950011480746113,0.2295,0.2295,0.23700000000000002,0.097,1.0314647284441017e-11,1.566156621426099,4.742528818046739e-07,4.742528818046738e-07,0.0003365406591910869,,,210,2056320,30,914880,0.6052432982251048,88421760,39339840
ded87b4e7797,0eac0e17d3ed,FedAvg / ΔW,44,/home/gogoi/ahlora-runs/p3-uniform16,full_data_benchmark,44,0.22660261460861164,0.2266,0.2266,0.24000000000000002,0.095,1.046593552563498e-11,1.557513814650475,5.147266225322788e-07,5.147266225322789e-07,0.0003704948758240789,,,210,2056320,30,914880,0.6035548849031329,90478080,40254720
ded87b4e7797,0eac0e17d3ed,FedAvg / ΔW,44,/home/gogoi/ahlora-runs/p3-uniform16,full_data_benchmark,45,0.22890221555888723,0.2289,0.2289,0.23750000000000002,0.091,1.0419380173469032e-11,1.549706556469097,5.000328014657659e-07,5.00032801465766e-07,0.00036144888144917786,,,210,2056320,30,914880,0.5984761621803045,92534400,41169600
ded87b4e7797,0eac0e17d3ed,FedAvg / ΔW,44,/home/gogoi/ahlora-runs/p3-uniform16,full_data_benchmark,46,0.23300196748472615,0.233,0.233,0.2275,0.093,1.0544901988633153e-11,1.5470851206097769,4.876878274044525e-07,4.876878274044523e-07,0.0003560577752068639,,,210,2056320,30,914880,0.6053778752684593,94590720,42084480
ded87b4e7797,0eac0e17d3ed,FedAvg / ΔW,44,/home/gogoi/ahlora-runs/p3-uniform16,full_data_benchmark,47,0.23300031665848756,0.233,0.233,0.2325,0.0965,1.0669121142115045e-11,1.5468326074821945,5.081351917225122e-07,5.081351917225123e-07,0.0003754155768547207,,,210,2056320,30,914880,0.5976709825918078,96647040,42999360
ded87b4e7797,0eac0e17d3ed,FedAvg / ΔW,44,/home/gogoi/ahlora-runs/p3-uniform16,full_data_benchmark,48,0.2343008675842259,0.2343,0.2343,0.228,0.094,1.0932756551914243e-11,1.53575909646891,4.949691529574712e-07,4.949691529574713e-07,0.0003748370218090713,,,210,2056320,30,914880,0.6557975234463811,98703360,43914240
ded87b4e7797,0eac0e17d3ed,FedAvg / ΔW,44,/home/gogoi/ahlora-runs/p3-uniform16,full_data_benchmark,49,0.23350201775988882,0.2335,0.2335,0.1965,0.1055,1.1425468904313619e-11,1.5279573339729962,4.7228358153574925e-07,4.722835815357492e-07,0.0003669124562293291,,,210,2056320,30,914880,0.661570985801518,100759680,44829120
ded87b4e7797,0eac0e17d3ed,FedAvg / ΔW,44,/home/gogoi/ahlora-runs/p3-uniform16,full_data_benchmark,50,0.23360196778487632,0.2336,0.2336,0.2015,0.1065,1.1433750242891468e-11,1.5226370169028243,4.5228201237055607e-07,4.5228201237055607e-07,0.0003566924133338034,,,210,2056320,30,914880,0.6558295944705606,102816000,45744000
ded87b4e7797,cad564bfe53c,MH / ΔW / ring,44,/home/gogoi/ahlora-runs/p3-uniform16,full_data_benchmark,1,0.02589921255588422,0.0259,0.0065,0.046,0.008,0.9800872166951498,3.441003520426956,2.699621452701975e-06,4.632298272289842e-06,1.6836865294559782e-05,,,30,293760,30,293760,0.6139810783788562,293760,293760
ded87b4e7797,cad564bfe53c,MH / ΔW / ring,44,/home/gogoi/ahlora-runs/p3-uniform16,full_data_benchmark,2,0.05990428209318765,0.0599,0.0092,0.037500000000000006,0.043,2.14547119140625,2.9670022933189464,1.7547447289356984e-05,3.235043833478407e-05,0.0003449058315406243,,,30,293760,30,293760,0.6552559062838554,587520,587520
ded87b4e7797,cad564bfe53c,MH / ΔW / ring,44,/home/gogoi/ahlora-runs/p3-uniform16,full_data_benchmark,3,0.11491551521536529,0.1149,0.0189,0.069,0.0865,3.5134607950846353,2.5455414751293803,4.708318813992085e-05,9.025068133892033e-05,0.0018455161325012645,,,30,293760,30,293760,0.6819773577153683,881280,881280
ded87b4e7797,cad564bfe53c,MH / ΔW / ring,44,/home/gogoi/ahlora-runs/p3-uniform16,full_data_benchmark,4,0.16242359300830067,0.1624,0.0314,0.12149999999999998,0.115,4.911970011393229,2.2296239924367405,0.0001025783011032343,0.00020002901534190787,0.0063136670893679065,,,30,293760,30,293760,0.6156761441379786,1175040,1175040
ded87b4e7797,cad564bfe53c,MH / ΔW / ring,44,/home/gogoi/ahlora-runs/p3-uniform16,full_data_benchmark,5,0.199624211918065,0.1996,0.0475,0.1925,0.124,6.4565480550130205,1.957414330259122,0.00015782335157922423,0.0002480461005518908,0.013770662682751815,,,30,293760,30,293760,0.6139439502730966,1468800,1468800
ded87b4e7797,cad564bfe53c,MH / ΔW / ring,44,/home/gogoi/ahlora-runs/p3-uniform16,full_data_benchmark,6,0.23382663022842937,0.2338,0.0581,0.2185,0.1445,7.879933675130208,1.7666847072065903,0.00020029242948571454,0.00036028759009372973,0.022974763779590526,,,30,293760,30,293760,0.6314501976594329,1762560,1762560
ded87b4e7797,cad564bfe53c,MH / ΔW / ring,44,/home/gogoi/ahlora-runs/p3-uniform16,full_data_benchmark,7,0.25722153938045994,0.2572,0.0649,0.25649999999999995,0.1595,9.336794026692708,1.6167236482009615,0.00022647514952263363,0.00041256294428478947,0.03267974611371756,,,30,293760,30,293760,0.6316604632884264,2056320,2056320
ded87b4e7797,cad564bfe53c,MH / ΔW / ring,44,/home/gogoi/ahlora-runs/p3-uniform16,full_data_benchmark,8,0.274520097308703,0.2745,0.0705,0.2745,0.175,10.654776000976563,1.5024542032730837,0.00024058228036565762,0.0004293055264443102,0.04224941258629163,,,30,293760,30,293760,0.6059489017352462,2350080,2350080
ded87b4e7797,cad564bfe53c,MH / ΔW / ring,44,/home/gogoi/ahlora-runs/p3-uniform16,full_data_benchmark,9,0.2903234568901735,0.2903,0.0734,0.2935,0.185,12.020001220703126,1.4246207672713977,0.00024169090759460185,0.00039890133551590733,0.0504523541778326,,,30,293760,30,293760,0.6362120676785707,2643840,2643840
ded87b4e7797,cad564bfe53c,MH / ΔW / ring,44,/home/gogoi/ahlora-runs/p3-uniform16,full_data_benchmark,10,0.3079227653440547,0.3079,0.079,0.31249999999999994,0.195,13.313248697916666,1.3648328949362838,0.00023681973488698605,0.0003997421511857098,0.05709242522716522,,,30,293760,30,293760,0.6481486996635795,2937600,2937600
ded87b4e7797,cad564bfe53c,MH / ΔW / ring,44,/home/gogoi/ahlora-runs/p3-uniform16,full_data_benchmark,11,0.32102417259838556,0.321,0.0825,0.31699999999999995,0.2035,14.692390950520833,1.3100592773880042,0.00022959348173597508,0.0003697277143628788,0.062445540353655814,,,30,293760,30,293760,0.6418065475299954,3231360,3231360
ded87b4e7797,cad564bfe53c,MH / ΔW / ring,44,/home/gogoi/ahlora-runs/p3-uniform16,full_data_benchmark,12,0.33132502817660237,0.3313,0.0846,0.3105,0.2225,15.9167724609375,1.2658624115408847,0.00022170656085398016,0.0003716247159761018,0.06697209738194942,,,30,293760,30,293760,0.6483612367883325,3525120,3525120
ded87b4e7797,cad564bfe53c,MH / ΔW / ring,44,/home/gogoi/ahlora-runs/p3-uniform16,full_data_benchmark,13,0.3394257826041934,0.3394,0.0855,0.31800000000000006,0.226,17.240785725911458,1.232410198607956,0.00021178919302696514,0.0003687308955501063,0.07096833512187004,,,30,293760,30,293760,0.6429696278646588,3818880,3818880
ded87b4e7797,cad564bfe53c,MH / ΔW / ring,44,/home/gogoi/ahlora-runs/p3-uniform16,full_data_benchmark,14,0.3402217810013912,0.3402,0.0881,0.3105,0.238,18.553914388020832,1.1989455608289772,0.00020269056900731875,0.00035969233959103834,0.07430060294767221,,,30,293760,30,293760,0.6469941874966025,4112640,4112640
ded87b4e7797,cad564bfe53c,MH / ΔW / ring,44,/home/gogoi/ahlora-runs/p3-uniform16,full_data_benchmark,15,0.3489214852033442,0.3489,0.0863,0.311,0.2445,19.887296549479167,1.173581198864009,0.0001938522033759394,0.0003524891865918862,0.0770017895847559,,,30,293760,30,293760,0.6148843001574278,4406400,4406400
ded87b4e7797,cad564bfe53c,MH / ΔW / ring,44,/home/gogoi/ahlora-runs/p3-uniform16,full_data_benchmark,16,0.35682083882983434,0.3568,0.0898,0.31399999999999995,0.254,21.340641276041666,1.152964545832667,0.00018330699292825407,0.0003408289102291655,0.07870218977332115,,,30,293760,30,293760,0.6426565116271377,4700160,4700160
ded87b4e7797,cad564bfe53c,MH / ΔW / ring,44,/home/gogoi/ahlora-runs/p3-uniform16,full_data_benchmark,17,0.3589184386785586,0.3589,0.0889,0.31949999999999995,0.2505,22.754085286458334,1.1311095299111418,0.00017433032132577092,0.00033445028190000423,0.08060876267651716,,,30,293760,30,293760,0.6515171835198998,4993920,4993920
ded87b4e7797,cad564bfe53c,MH / ΔW / ring,44,/home/gogoi/ahlora-runs/p3-uniform16,full_data_benchmark,18,0.35992124058091074,0.3599,0.0918,0.31549999999999995,0.2495,24.006947835286457,1.1086823318321202,0.00016480005968425046,0.00032088719854246476,0.08142469363907973,,,30,293760,30,293760,0.6378391059115529,5287680,5287680
ded87b4e7797,cad564bfe53c,MH / ΔW / ring,44,/home/gogoi/ahlora-runs/p3-uniform16,full_data_benchmark,19,0.36862034448241343,0.3686,0.0935,0.32499999999999996,0.253,25.236102294921874,1.0979560302099574,0.00015651753349667127,0.0003083802931316775,0.08263257245222727,,,30,293760,30,293760,0.6335044717416167,5581440,5581440
ded87b4e7797,cad564bfe53c,MH / ΔW / ring,44,/home/gogoi/ahlora-runs/p3-uniform16,full_data_benchmark,20,0.3731237984611298,0.3731,0.0962,0.3225,0.257,26.45087890625,1.0819478207586741,0.00014925995050805034,0.00029612811040088065,0.08364627708991369,,,30,293760,30,293760,0.5746189225465059,5875200,5875200
ded87b4e7797,cad564bfe53c,MH / ΔW / ring,44,/home/gogoi/ahlora-runs/p3-uniform16,full_data_benchmark,21,0.378723250987119,0.3787,0.0963,0.33349999999999996,0.2545,28.039680989583335,1.0643140640408797,0.00014187572273842154,0.00028552281542258223,0.08459085275729497,,,30,293760,30,293760,0.5700054569169879,6168960,6168960
ded87b4e7797,cad564bfe53c,MH / ΔW / ring,44,/home/gogoi/ahlora-runs/p3-uniform16,full_data_benchmark,22,0.3800214007110559,0.38,0.0988,0.32149999999999995,0.2575,29.21250203450521,1.0497348928562378,0.00013564335206153367,0.0002765485136977888,0.08593884321550528,,,30,293760,30,293760,0.5714763440191746,6462720,6462720
ded87b4e7797,cad564bfe53c,MH / ΔW / ring,44,/home/gogoi/ahlora-runs/p3-uniform16,full_data_benchmark,23,0.3863191527359443,0.3863,0.1013,0.3245,0.263,30.669207763671874,1.041504709059764,0.0001281834249708366,0.00026465127265053455,0.08536834269762039,,,30,293760,30,293760,0.5650908341631293,6756480,6756480
ded87b4e7797,cad564bfe53c,MH / ΔW / ring,44,/home/gogoi/ahlora-runs/p3-uniform16,full_data_benchmark,24,0.38941895418657047,0.3894,0.1052,0.334,0.2605,31.93232421875,1.033276541378425,0.00012202374469075632,0.00025096525850530654,0.0856682843218247,,,30,293760,30,293760,0.5650719776749611,7050240,7050240
ded87b4e7797,cad564bfe53c,MH / ΔW / ring,44,/home/gogoi/ahlora-runs/p3-uniform16,full_data_benchmark,25,0.3892186039112576,0.3892,0.1052,0.339,0.2565,33.3860107421875,1.029251562916515,0.00011579153685594947,0.000243530973038112,0.08514201914270719,,,30,293760,30,293760,0.5690898988395929,7344000,7344000
ded87b4e7797,cad564bfe53c,MH / ΔW / ring,44,/home/gogoi/ahlora-runs/p3-uniform16,full_data_benchmark,26,0.391420355888122,0.3914,0.1066,0.33949999999999997,0.2585,34.494563802083334,1.0222064860091689,0.00010951458433395665,0.0002295519560676557,0.08501638484497866,,,30,293760,30,293760,0.688387194648385,7637760,7637760
ded87b4e7797,cad564bfe53c,MH / ΔW / ring,44,/home/gogoi/ahlora-runs/p3-uniform16,full_data_benchmark,27,0.39322110716413555,0.3932,0.1088,0.33549999999999996,0.2645,35.909769694010414,1.0109806058723119,0.0001051187660187938,0.0002196103392759167,0.08561788114408651,,,30,293760,30,293760,0.6128640370443463,7931520,7931520
ded87b4e7797,cad564bfe53c,MH / ΔW / ring,44,/home/gogoi/ahlora-runs/p3-uniform16,full_data_benchmark,28,0.3950197573885729,0.395,0.1091,0.34700000000000003,0.2555,37.07014567057292,1.0037265489752356,0.00010247528458307528,0.0002145929401784085,0.08711457637449106,,,30,293760,30,293760,0.6174695622175932,8225280,8225280
ded87b4e7797,cad564bfe53c,MH / ΔW / ring,44,/home/gogoi/ahlora-runs/p3-uniform16,full_data_benchmark,29,0.3991204097650874,0.3991,0.1103,0.3445,0.2635,38.388468424479164,0.9942305465490147,9.793707118941929e-05,0.00020881936284687818,0.08679056266943613,,,30,293760,30,293760,0.613904682919383,8519040,8519040
ded87b4e7797,cad564bfe53c,MH / ΔW / ring,44,/home/gogoi/ahlora-runs/p3-uniform16,full_data_benchmark,30,0.4020222621422022,0.402,0.11,0.3535,0.2625,39.59148356119792,0.9992210623465227,9.276090902658812e-05,0.0001976517751072268,0.0856903649866581,,,30,293760,30,293760,0.6474372074007988,8812800,8812800
ded87b4e7797,cad564bfe53c,MH / ΔW / ring,44,/home/gogoi/ahlora-runs/p3-uniform16,full_data_benchmark,31,0.4018186102144123,0.4018,0.1117,0.341,0.2625,40.32571614583333,0.9902152352161995,8.891836247812253e-05,0.00019752955567490794,0.08555424933632215,,,30,293760,30,293760,0.6505768382921815,9106560,9106560
ded87b4e7797,cad564bfe53c,MH / ΔW / ring,44,/home/gogoi/ahlora-runs/p3-uniform16,full_data_benchmark,32,0.40612081346714035,0.4061,0.1114,0.348,0.268,41.59896240234375,0.9849590444692665,8.398795037103916e-05,0.00018840197074912848,0.0847326076279084,,,30,293760,30,293760,0.6387210981920362,9400320,9400320
ded87b4e7797,cad564bfe53c,MH / ΔW / ring,44,/home/gogoi/ahlora-runs/p3-uniform16,full_data_benchmark,33,0.4030178604391498,0.403,0.1149,0.35050000000000003,0.258,42.552897135416664,0.9807767046235155,8.056797719621016e-05,0.00018331928953563558,0.08473442681133747,,,30,293760,30,293760,0.7046106988564134,9694080,9694080
ded87b4e7797,cad564bfe53c,MH / ΔW / ring,44,/home/gogoi/ahlora-runs/p3-uniform16,full_data_benchmark,34,0.4072201136668903,0.4072,0.1143,0.351,0.265,44.19654541015625,0.9786482198052454,7.724956548055033e-05,0.00018040914800771315,0.08443355100850264,,,30,293760,30,293760,0.6260342840105295,9987840,9987840
ded87b4e7797,cad564bfe53c,MH / ΔW / ring,44,/home/gogoi/ahlora-runs/p3-uniform16,full_data_benchmark,35,0.4039166602884744,0.4039,0.1164,0.349,0.264,45.17599690755208,0.9707082185817703,7.387343811234348e-05,0.0001675874369639297,0.08487367033958435,,,30,293760,30,293760,0.6002925196662545,10281600,10281600
ded87b4e7797,cad564bfe53c,MH / ΔW / ring,44,/home/gogoi/ahlora-runs/p3-uniform16,full_data_benchmark,36,0.4064211137674406,0.4064,0.1158,0.33999999999999997,0.267,46.091145833333336,0.9704696326779045,7.123379076187844e-05,0.00016607665180655434,0.08483110206822554,,,30,293760,30,293760,0.5331338252872229,10575360,10575360
ded87b4e7797,cad564bfe53c,MH / ΔW / ring,44,/home/gogoi/ahlora-runs/p3-uniform16,full_data_benchmark,37,0.4047191119155137,0.4047,0.1197,0.3445,0.2665,47.38679606119792,0.966747266480559,6.889914237686597e-05,0.00015461261784346713,0.08531415450076262,,,30,293760,30,293760,0.5331275733187795,10869120,10869120
ded87b4e7797,cad564bfe53c,MH / ΔW / ring,44,/home/gogoi/ahlora-runs/p3-uniform16,full_data_benchmark,38,0.40831911371641516,0.4083,0.1223,0.34450000000000003,0.266,48.911539713541664,0.9608708571431865,6.704847201330543e-05,0.00015299026798675164,0.08609862327575683,,,30,293760,30,293760,0.5334401298314333,11162880,11162880
ded87b4e7797,cad564bfe53c,MH / ΔW / ring,44,/home/gogoi/ahlora-runs/p3-uniform16,full_data_benchmark,39,0.4048196622409515,0.4048,0.1247,0.33799999999999997,0.265,49.90591227213542,0.9563211927352772,6.542208861479249e-05,0.0001545825812476555,0.08692399909098943,,,30,293760,30,293760,0.6345842378214002,11456640,11456640
ded87b4e7797,cad564bfe53c,MH / ΔW / ring,44,/home/gogoi/ahlora-runs/p3-uniform16,full_data_benchmark,40,0.4104207655931794,0.4104,0.1275,0.34550000000000003,0.27,51.55191650390625,0.9505224177652919,6.314097352271869e-05,0.0001476788748755837,0.08728489466011524,,,30,293760,30,293760,0.6302662780508399,11750400,11750400
ded87b4e7797,cad564bfe53c,MH / ΔW / ring,44,/home/gogoi/ahlora-runs/p3-uniform16,full_data_benchmark,41,0.40881976429202815,0.4088,0.1305,0.3415,0.268,52.640360514322914,0.9537868523621881,6.189696295002716e-05,0.00015076187571123293,0.08861183760066828,,,30,293760,30,293760,0.6229366092011333,12044160,12044160
ded87b4e7797,cad564bfe53c,MH / ΔW / ring,44,/home/gogoi/ahlora-runs/p3-uniform16,full_data_benchmark,42,0.412521967244606,0.4125,0.1315,0.34249999999999997,0.2655,53.99207356770833,0.9511571769443582,5.931457069417619e-05,0.0001423801754415356,0.0883261468882362,,,30,293760,30,293760,0.6254421891644597,12337920,12337920
ded87b4e7797,cad564bfe53c,MH / ΔW / ring,44,/home/gogoi/ahlora-runs/p3-uniform16,full_data_benchmark,43,0.4125213669441556,0.4125,0.1322,0.35550000000000004,0.261,54.88353678385417,0.9507960104090095,5.664439000224911e-05,0.00013675002164748498,0.08774371842543284,,,30,293760,30,293760,0.6341484887525439,12631680,12631680
ded87b4e7797,cad564bfe53c,MH / ΔW / ring,44,/home/gogoi/ahlora-runs/p3-uniform16,full_data_benchmark,44,0.41491986739363046,0.4149,0.1342,0.355,0.259,56.078653971354164,0.947563940328452,5.4658545815777406e-05,0.00013374641984385864,0.08766317839423815,,,30,293760,30,293760,0.6152003733441234,12925440,12925440
ded87b4e7797,cad564bfe53c,MH / ΔW / ring,44,/home/gogoi/ahlora-runs/p3-uniform16,full_data_benchmark,45,0.4145221683452567,0.4145,0.1364,0.34349999999999997,0.2725,58.298990885416664,0.9427700349940851,5.3157406926326456e-05,0.0001302561230243508,0.08808707656959693,,,30,293760,30,293760,0.6197208547964692,13219200,13219200
ded87b4e7797,cad564bfe53c,MH / ΔW / ring,44,/home/gogoi/ahlora-runs/p3-uniform16,full_data_benchmark,46,0.4125212168690429,0.4125,0.1335,0.3395,0.267,59.73977457682292,0.9401048427375697,5.2208778829913585e-05,0.0001316274275582747,0.08946418253084024,,,30,293760,30,293760,0.5737391943112016,13512960,13512960
ded87b4e7797,cad564bfe53c,MH / ΔW / ring,44,/home/gogoi/ahlora-runs/p3-uniform16,full_data_benchmark,47,0.41342016679348015,0.4134,0.1429,0.347,0.266,61.33249104817708,0.9356686060645828,5.077962534363807e-05,0.00012852917856522638,0.0896568886935711,,,30,293760,30,293760,0.5549384988844395,13806720,13806720
ded87b4e7797,cad564bfe53c,MH / ΔW / ring,44,/home/gogoi/ahlora-runs/p3-uniform16,full_data_benchmark,48,0.41662036849443146,0.4166,0.1401,0.354,0.265,62.154825846354164,0.9350662204728085,4.90791305818694e-05,0.0001238819463593649,0.09019989178826411,,,30,293760,30,293760,0.61808758135885,14100480,14100480
ded87b4e7797,cad564bfe53c,MH / ΔW / ring,44,/home/gogoi/ahlora-runs/p3-uniform16,full_data_benchmark,49,0.4190233711972843,0.419,0.1394,0.35000000000000003,0.2725,63.07045084635417,0.9343435850203587,4.7245823145241434e-05,0.00011847644298690528,0.08970182879517476,,,30,293760,30,293760,0.6236011506989598,14394240,14394240
ded87b4e7797,cad564bfe53c,MH / ΔW / ring,44,/home/gogoi/ahlora-runs/p3-uniform16,full_data_benchmark,50,0.41722021871946924,0.4172,0.1437,0.34850000000000003,0.268,64.0652587890625,0.9323598979617855,4.535586715363731e-05,0.00011095910604845796,0.08889799093206724,,,30,293760,30,293760,0.6292876079678535,14688000,14688000
ded87b4e7797,658f968893fe,Oracle / ΔW / bridge 5,44,/home/gogoi/ahlora-runs/p3-uniform16,full_data_benchmark,1,0.06239928084006045,0.0624,0.0065,0.023999999999999994,0.0475,2.6198684692382814,3.441003520426956,6.770066931843663e-07,9.63054080539072e-07,5.257066914055031e-06,,,30,293760,30,293760,0.6218777792528272,293760,293760
ded87b4e7797,658f968893fe,Oracle / ΔW / bridge 5,44,/home/gogoi/ahlora-runs/p3-uniform16,full_data_benchmark,2,0.13229841535688613,0.1323,0.0085,0.03699999999999999,0.116,3.5628896077473957,2.679189527825394,2.6475559918382793e-06,3.083024615518466e-06,3.685173360281624e-05,,,30,293760,30,293760,0.6202369127422571,587520,587520
ded87b4e7797,658f968893fe,Oracle / ΔW / bridge 5,44,/home/gogoi/ahlora-runs/p3-uniform16,full_data_benchmark,3,0.25040197618908266,0.2504,0.0161,0.08199999999999999,0.2135,5.463401285807292,2.183778074347866,3.2320464083448105e-06,4.884916352847988e-06,7.372121181106194e-05,,,30,293760,30,293760,0.590128124691546,881280,881280
ded87b4e7797,658f968893fe,Oracle / ΔW / bridge 5,44,/home/gogoi/ahlora-runs/p3-uniform16,full_data_benchmark,4,0.3638041339690516,0.3638,0.0249,0.16599999999999998,0.306,8.091861470540364,1.7543917938076867,2.3776223873843907e-06,3.0309915281487683e-06,7.591514440719038e-05,,,30,293760,30,293760,0.5817529521882534,1175040,1175040
ded87b4e7797,658f968893fe,Oracle / ΔW / bridge 5,44,/home/gogoi/ahlora-runs/p3-uniform16,full_data_benchmark,5,0.4273010641826234,0.4273,0.0312,0.16549999999999998,0.361,5.335288492838542,1.4158652361615112,0.0013154497465145101,0.0015711075771884858,0.04635810032486916,,,210,2056320,80,2853760,0.5730905644595623,3231360,4028800
ded87b4e7797,658f968893fe,Oracle / ΔW / bridge 5,44,/home/gogoi/ahlora-runs/p3-uniform16,full_data_benchmark,6,0.47330463897180547,0.4733,0.044,0.18399999999999994,0.393,9.285469563802083,1.3365106802007154,1.6143596116466284e-06,2.14741395382079e-06,8.362111620954237e-05,,,30,293760,30,293760,0.5679395347833633,3525120,4322560
ded87b4e7797,658f968893fe,Oracle / ΔW / bridge 5,44,/home/gogoi/ahlora-runs/p3-uniform16,full_data_benchmark,7,0.5191045618331975,0.5191,0.0563,0.197,0.418,13.476347859700521,1.1401497462136414,1.2644379844978812e-06,1.8113030422743482e-06,8.142822407535278e-05,,,30,293760,30,293760,0.5541090918704867,3818880,4616320
ded87b4e7797,658f968893fe,Oracle / ΔW / bridge 5,44,/home/gogoi/ahlora-runs/p3-uniform16,full_data_benchmark,8,0.5494030762396579,0.5494,0.0694,0.17299999999999993,0.4645,17.81881306966146,1.0062990174392559,1.2167647273856348e-06,1.5602167171716217e-06,9.40629790420644e-05,,,30,293760,30,293760,0.6934896130114794,4112640,4910080
ded87b4e7797,658f968893fe,Oracle / ΔW / bridge 5,44,/home/gogoi/ahlora-runs/p3-uniform16,full_data_benchmark,9,0.5738034886460672,0.5738,0.0897,0.16549999999999998,0.491,21.5724609375,0.9078305665614395,7.191011535312768e-07,8.68337516905314e-07,6.230398721527309e-05,,,30,293760,30,293760,0.6627215491607785,4406400,5203840
ded87b4e7797,658f968893fe,Oracle / ΔW / bridge 5,44,/home/gogoi/ahlora-runs/p3-uniform16,full_data_benchmark,10,0.5911000955978467,0.5911,0.0893,0.18000000000000005,0.497,11.685994466145834,0.8478691461810306,0.0025768224260036767,0.0028875609920471414,0.19879069030284882,,,210,2056320,80,2853760,0.6755762901157141,6462720,8057600
ded87b4e7797,658f968893fe,Oracle / ΔW / bridge 5,44,/home/gogoi/ahlora-runs/p3-uniform16,full_data_benchmark,11,0.5828025926976451,0.5828,0.1045,0.16400000000000003,0.5015,16.62397664388021,0.8964693289387281,9.73837052873214e-07,1.346093568351209e-06,9.281369275413454e-05,,,30,293760,30,293760,0.6595956040546298,6756480,8351360
ded87b4e7797,658f968893fe,Oracle / ΔW / bridge 5,44,/home/gogoi/ahlora-runs/p3-uniform16,full_data_benchmark,12,0.6047002024513268,0.6047,0.1085,0.17049999999999998,0.517,21.25102335611979,0.833370620063467,8.888787269115386e-07,1.2118777671085622e-06,9.87078936304897e-05,,,30,293760,30,293760,0.6567091280594468,7050240,8645120
ded87b4e7797,658f968893fe,Oracle / ΔW / bridge 5,44,/home/gogoi/ahlora-runs/p3-uniform16,full_data_benchmark,13,0.620799660229945,0.6208,0.1204,0.16499999999999992,0.539,25.53701171875,0.7793260269858295,4.988967275472965e-07,5.637198003670694e-07,6.092737821745686e-05,,,30,293760,30,293760,0.6569435494020581,7344000,8938880
ded87b4e7797,658f968893fe,Oracle / ΔW / bridge 5,44,/home/gogoi/ahlora-runs/p3-uniform16,full_data_benchmark,14,0.6292994643819231,0.6293,0.1318,0.1785,0.539,28.148854573567707,0.7434911218717076,3.382729813367952e-07,4.620638261338465e-07,4.177789196546655e-05,,,30,293760,30,293760,0.6587061323225498,7637760,9232640
ded87b4e7797,658f968893fe,Oracle / ΔW / bridge 5,44,/home/gogoi/ahlora-runs/p3-uniform16,full_data_benchmark,15,0.6335988162075118,0.6336,0.1091,0.1775,0.5435,14.865073649088542,0.709834617620324,0.0029767673783334526,0.0033047091415523313,0.3205741882324219,,,210,2056320,80,2853760,0.6926475446671247,9694080,12086400
ded87b4e7797,658f968893fe,Oracle / ΔW / bridge 5,44,/home/gogoi/ahlora-runs/p3-uniform16,full_data_benchmark,16,0.6223990107048577,0.6224,0.1238,0.16400000000000003,0.5445,19.83592529296875,0.7736263723378012,1.049875139775463e-06,1.3396889311967239e-06,0.00013533488672692328,,,30,293760,30,293760,0.6560833305120468,9987840,12380160
ded87b4e7797,658f968893fe,Oracle / ΔW / bridge 5,44,/home/gogoi/ahlora-runs/p3-uniform16,full_data_benchmark,17,0.6376001188594891,0.6376,0.1269,0.16749999999999998,0.55,24.73482869466146,0.7311212620190816,8.06741917334485e-07,1.231585389147645e-06,0.0001189344038721174,,,30,293760,30,293760,0.6500038169324398,10281600,12673920
ded87b4e7797,658f968893fe,Oracle / ΔW / bridge 5,44,/home/gogoi/ahlora-runs/p3-uniform16,full_data_benchmark,18,0.6469997733865801,0.647,0.1356,0.17499999999999993,0.556,28.765201822916666,0.6993757863392951,3.995205736828021e-07,5.147655577329961e-07,6.206909602042287e-05,,,30,293760,30,293760,0.6552515961229801,10575360,12967680
ded87b4e7797,658f968893fe,Oracle / ΔW / bridge 5,44,/home/gogoi/ahlora-runs/p3-uniform16,full_data_benchmark,19,0.6576998287642966,0.6577,0.142,0.1755,0.5705,31.549934895833335,0.6726103112160942,2.646392409760696e-07,3.60578952817332e-07,4.1588969179429117e-05,,,30,293760,30,293760,0.6542585473507643,10869120,13261440
ded87b4e7797,658f968893fe,Oracle / ΔW / bridge 5,44,/home/gogoi/ahlora-runs/p3-uniform16,full_data_benchmark,20,0.6553973763868816,0.6554,0.1126,0.17500000000000004,0.569,16.77573038736979,0.6502815934123102,0.0029354251043467866,0.003218335821428234,0.4046331286430359,,,210,2056320,80,2853760,0.6514255069196224,12925440,16115200
ded87b4e7797,658f968893fe,Oracle / ΔW / bridge 5,44,/home/gogoi/ahlora-runs/p3-uniform16,full_data_benchmark,21,0.6422986704845776,0.6423,0.1252,0.16649999999999998,0.5645,21.95377197265625,0.7159645244066415,1.3104149535798852e-06,2.1227718732339486e-06,0.00021240479254629462,,,30,293760,30,293760,0.6501400107517838,13219200,16408960
ded87b4e7797,658f968893fe,Oracle / ΔW / bridge 5,44,/home/gogoi/ahlora-runs/p3-uniform16,full_data_benchmark,22,0.6513977245611429,0.6514,0.1291,0.16100000000000003,0.574,26.868058268229166,0.6842736588493216,8.548424347105946e-07,1.1754888777322145e-06,0.0001511866692453623,,,30,293760,30,293760,0.6228040093556046,13512960,16702720
ded87b4e7797,658f968893fe,Oracle / ΔW / bridge 5,44,/home/gogoi/ahlora-runs/p3-uniform16,full_data_benchmark,23,0.6631997814906361,0.6632,0.1345,0.15749999999999997,0.5855,31.101713053385417,0.653448941877603,4.316459652297992e-07,6.217493825409822e-07,8.057245941017754e-05,,,30,293760,30,293760,0.6251308051869273,13806720,16996480
ded87b4e7797,658f968893fe,Oracle / ΔW / bridge 5,44,/home/gogoi/ahlora-runs/p3-uniform16,full_data_benchmark,24,0.6673967820894356,0.6674,0.143,0.17299999999999993,0.5795,33.785361735026044,0.6336595715360688,2.7841434993004764e-07,3.276350288354909e-07,5.1979435374960305e-05,,,30,293760,30,293760,0.6304539311677217,14100480,17290240
ded87b4e7797,658f968893fe,Oracle / ΔW / bridge 5,44,/home/gogoi/ahlora-runs/p3-uniform16,full_data_benchmark,25,0.6695958327142736,0.6696,0.1108,0.1945,0.567,18.106089274088543,0.620937636503351,0.002795513089400125,0.003088519233874979,0.46536544561386106,,,210,2056320,80,2853760,0.6178403235971928,16156800,20144000
ded87b4e7797,658f968893fe,Oracle / ΔW / bridge 5,44,/home/gogoi/ahlora-runs/p3-uniform16,full_data_benchmark,26,0.6552962257609933,0.6553,0.123,0.17000000000000004,0.574,23.266092936197918,0.6862487622426666,1.3344936503497712e-06,1.8575802368101384e-06,0.0002546134783187881,,,30,293760,30,293760,0.6506745340302587,16450560,20437760
ded87b4e7797,658f968893fe,Oracle / ΔW / bridge 5,44,/home/gogoi/ahlora-runs/p3-uniform16,full_data_benchmark,27,0.6605965785875829,0.6606,0.1251,0.17049999999999998,0.5755,28.326420084635416,0.6589169209870033,8.257526588130382e-07,1.0521096080372523e-06,0.00017161955474875867,,,30,293760,30,293760,0.5885826675221324,16744320,20731520
ded87b4e7797,658f968893fe,Oracle / ΔW / bridge 5,44,/home/gogoi/ahlora-runs/p3-uniform16,full_data_benchmark,28,0.6696978837908373,0.6697,0.1316,0.18000000000000005,0.582,32.60911254882812,0.6346147231360966,3.5733592697174064e-07,5.02892525971275e-07,7.762680033920332e-05,,,30,293760,30,293760,0.5826591225340962,17038080,21025280
ded87b4e7797,658f968893fe,Oracle / ΔW / bridge 5,44,/home/gogoi/ahlora-runs/p3-uniform16,full_data_benchmark,29,0.6744984864924894,0.6745,0.1365,0.1825,0.5895,35.60146891276042,0.6155036166208555,2.6003600916146197e-07,3.287067178225731e-07,5.650208840961568e-05,,,30,293760,30,293760,0.5832529105246067,17331840,21319040
ded87b4e7797,658f968893fe,Oracle / ΔW / bridge 5,44,/home/gogoi/ahlora-runs/p3-uniform16,full_data_benchmark,30,0.6743986865426147,0.6744,0.1092,0.1765,0.5855,19.0300048828125,0.6019115167267941,0.002572376233767205,0.0027950378308422407,0.5059751749038697,,,210,2056320,80,2853760,0.573745233938098,19388160,24172800
ded87b4e7797,658f968893fe,Oracle / ΔW / bridge 5,44,/home/gogoi/ahlora-runs/p3-uniform16,full_data_benchmark,31,0.6585980283131707,0.6586,0.1186,0.15800000000000003,0.5875,24.44499308268229,0.6684925413452798,1.303916748882439e-06,1.7713765792446006e-06,0.0002929715148638934,,,30,293760,30,293760,0.5599515773355961,19681920,24466560
ded87b4e7797,658f968893fe,Oracle / ΔW / bridge 5,44,/home/gogoi/ahlora-runs/p3-uniform16,full_data_benchmark,32,0.6730976853915386,0.6731,0.1226,0.17699999999999994,0.5875,29.520808919270834,0.6444149124105745,8.098843371282286e-07,1.258837820439136e-06,0.0001961488917004317,,,30,293760,30,293760,0.5456009777262807,19975680,24760320
ded87b4e7797,658f968893fe,Oracle / ΔW / bridge 5,44,/home/gogoi/ahlora-runs/p3-uniform16,full_data_benchmark,33,0.6740971856414135,0.6741,0.1315,0.1835,0.584,34.02904256184896,0.6203840552660694,3.415517954737602e-07,4.2965330845747987e-07,8.604663016740233e-05,,,30,293760,30,293760,0.5635799849405885,20269440,25054080
ded87b4e7797,658f968893fe,Oracle / ΔW / bridge 5,44,/home/gogoi/ahlora-runs/p3-uniform16,full_data_benchmark,34,0.6787961874918397,0.6788,0.1367,0.1835,0.5885,36.88821614583333,0.6023465378595065,2.402861545521164e-07,2.6483170242901785e-07,6.064701155992225e-05,,,30,293760,30,293760,0.5745205068960786,20563200,25347840
ded87b4e7797,658f968893fe,Oracle / ΔW / bridge 5,44,/home/gogoi/ahlora-runs/p3-uniform16,full_data_benchmark,35,0.6759974367170769,0.676,0.107,0.17700000000000005,0.585,19.890757242838543,0.5818238025375049,0.0023349436525940126,0.0024759516652736136,0.5375819444656372,,,210,2056320,80,2853760,0.5799285490065813,22619520,28201600
ded87b4e7797,658f968893fe,Oracle / ΔW / bridge 5,44,/home/gogoi/ahlora-runs/p3-uniform16,full_data_benchmark,36,0.663397130263697,0.6634,0.1229,0.18999999999999995,0.5705,25.413226318359374,0.6562630159867929,1.6422966435050725e-06,2.687208887866916e-06,0.0004246412398060784,,,30,293760,30,293760,0.5691809430718422,22913280,28495360
ded87b4e7797,658f968893fe,Oracle / ΔW / bridge 5,44,/home/gogoi/ahlora-runs/p3-uniform16,full_data_benchmark,37,0.6745993369681524,0.6746,0.1207,0.1725,0.5875,30.866072591145834,0.6340574159934231,9.094209471667393e-07,1.5263287870452869e-06,0.0002556158578954637,,,30,293760,30,293760,0.5616013156250119,23207040,28789120
ded87b4e7797,658f968893fe,Oracle / ΔW / bridge 5,44,/home/gogoi/ahlora-runs/p3-uniform16,full_data_benchmark,38,0.6760975368171771,0.6761,0.1273,0.1775,0.588,35.499755859375,0.6067850242268367,3.422730752802951e-07,5.543755616564809e-07,9.967876831069588e-05,,,30,293760,30,293760,0.6319692619144917,23500800,29082880
ded87b4e7797,658f968893fe,Oracle / ΔW / bridge 5,44,/home/gogoi/ahlora-runs/p3-uniform16,full_data_benchmark,39,0.6783978881430155,0.6784,0.1332,0.17999999999999994,0.5905,38.6283935546875,0.5881718256392265,2.4282205592020774e-07,3.5177234051434773e-07,7.062982695060782e-05,,,30,293760,30,293760,0.5822458202019334,23794560,29376640
ded87b4e7797,658f968893fe,Oracle / ΔW / bridge 5,44,/home/gogoi/ahlora-runs/p3-uniform16,full_data_benchmark,40,0.6804971388179784,0.6805,0.1017,0.18200000000000005,0.585,20.849971516927084,0.5749509277547857,0.0021127689972611275,0.0022456641012771525,0.5645313739776612,,,210,2056320,80,2853760,0.6466536335647106,25850880,32230400
ded87b4e7797,658f968893fe,Oracle / ΔW / bridge 5,44,/home/gogoi/ahlora-runs/p3-uniform16,full_data_benchmark,41,0.6682987335161248,0.6683,0.1153,0.17599999999999993,0.5835,26.674568684895835,0.6459273974680905,1.5216496135592669e-06,3.009342717321049e-06,0.00045436089276336135,,,30,293760,30,293760,0.5760727562010288,26144640,32524160
ded87b4e7797,658f968893fe,Oracle / ΔW / bridge 5,44,/home/gogoi/ahlora-runs/p3-uniform16,full_data_benchmark,42,0.6725971848910379,0.6726,0.1189,0.1815,0.5815,32.639121500651044,0.6217820327996555,9.769906188464004e-07,2.0224862102762715e-06,0.00031650701421312986,,,30,293760,30,293760,0.576262816786766,26438400,32817920
ded87b4e7797,658f968893fe,Oracle / ΔW / bridge 5,44,/home/gogoi/ahlora-runs/p3-uniform16,full_data_benchmark,43,0.6771984878431656,0.6772,0.126,0.1745,0.5925,37.10230305989583,0.6027751865727521,3.7500655039594423e-07,6.014221664012183e-07,0.0001265461090952158,,,30,293760,30,293760,0.5678737806156278,26732160,33111680
ded87b4e7797,658f968893fe,Oracle / ΔW / bridge 5,44,/home/gogoi/ahlora-runs/p3-uniform16,full_data_benchmark,44,0.68359784071928,0.6836,0.1282,0.1725,0.6025,40.178271484375,0.5834893223855321,2.7742245945689897e-07,5.302072747104066e-07,9.36500531679485e-05,,,30,293760,30,293760,0.6542087998241186,27025920,33405440
ded87b4e7797,658f968893fe,Oracle / ΔW / bridge 5,44,/home/gogoi/ahlora-runs/p3-uniform16,full_data_benchmark,45,0.6825981903942925,0.6826,0.1006,0.18099999999999994,0.5925,21.669146728515624,0.5654092280915083,0.0018700981345274841,0.0019613555392345335,0.5835678100585937,,,210,2056320,80,2853760,0.6371770072728395,29082240,36259200
ded87b4e7797,658f968893fe,Oracle / ΔW / bridge 5,44,/home/gogoi/ahlora-runs/p3-uniform16,full_data_benchmark,46,0.6669969819894858,0.667,0.1099,0.1865,0.5815,27.80933837890625,0.6396952537695655,1.4184889987883943e-06,2.7416163461011827e-06,0.0004940964572597295,,,30,293760,30,293760,0.6240823166444898,29376000,36552960
ded87b4e7797,658f968893fe,Oracle / ΔW / bridge 5,44,/home/gogoi/ahlora-runs/p3-uniform16,full_data_benchmark,47,0.673199436317877,0.6732,0.1131,0.17699999999999994,0.5895,33.920857747395836,0.615393831528454,9.478654287213005e-07,2.0104694845105926e-06,0.00035741299216169865,,,30,293760,30,293760,0.6323605012148619,29669760,36846720
ded87b4e7797,658f968893fe,Oracle / ΔW / bridge 5,44,/home/gogoi/ahlora-runs/p3-uniform16,full_data_benchmark,48,0.680797289043166,0.6808,0.1247,0.1985,0.578,38.909993489583336,0.5923381099355702,4.1165415547531333e-07,7.563481392202313e-07,0.0001621009359951131,,,30,293760,30,293760,0.621951543726027,29963520,37140480
ded87b4e7797,658f968893fe,Oracle / ΔW / bridge 5,44,/home/gogoi/ahlora-runs/p3-uniform16,full_data_benchmark,49,0.6877997937967953,0.6878,0.1252,0.17400000000000004,0.6,42.201595052083334,0.5792915611839017,2.3637270187499234e-07,4.1659734126157203e-07,9.28328765439801e-05,,,30,293760,30,293760,0.6319224219769239,30257280,37434240
ded87b4e7797,658f968893fe,Oracle / ΔW / bridge 5,44,/home/gogoi/ahlora-runs/p3-uniform16,full_data_benchmark,50,0.6820985903444675,0.6821,0.0983,0.19999999999999996,0.5835,22.82470703125,0.5633937080884128,0.0016429545365393293,0.001705822324136056,0.6025336027145386,,,210,2056320,80,2853760,0.6373466569930315,32313600,40288000
b729ad24b6b0,51d33462378d,Local / ΔW,42,/home/gogoi/ahlora-runs/p3-heterogeneous-delta,full_data_benchmark,1,0.05800132966549758,0.058,0.0151,0.0215,0.0425,4.253578694661458,3.486626647373264,0.0,0.0,0.0,,,0,0,0,0,0.6304661436006427,0,0
b729ad24b6b0,51d33462378d,Local / ΔW,42,/home/gogoi/ahlora-runs/p3-heterogeneous-delta,full_data_benchmark,2,0.10191976084030058,0.1019,0.0107,0.03699999999999999,0.0825,14.44794921875,2.5552396083580646,0.0,0.0,0.0,,,0,0,0,0,0.46762513741850853,0,0
b729ad24b6b0,51d33462378d,Local / ΔW,42,/home/gogoi/ahlora-runs/p3-heterogeneous-delta,full_data_benchmark,3,0.18062890476683577,0.1806,0.0135,0.093,0.1375,44.34962565104167,2.2010370389814367,0.0,0.0,0.0,,,0,0,0,0,0.4721501190215349,0,0
b729ad24b6b0,51d33462378d,Local / ΔW,42,/home/gogoi/ahlora-runs/p3-heterogeneous-delta,full_data_benchmark,4,0.26083429756593174,0.2608,0.0292,0.133,0.1995,75.50252278645833,1.75929145482877,0.0,0.0,0.0,,,0,0,0,0,0.47441221307963133,0,0
b729ad24b6b0,51d33462378d,Local / ΔW,42,/home/gogoi/ahlora-runs/p3-heterogeneous-delta,full_data_benchmark,5,0.309332721026874,0.3093,0.0441,0.15450000000000003,0.238,101.42998046875,1.428064182144981,0.0,0.0,0.0,,,0,0,0,0,0.4886943632736802,0,0
b729ad24b6b0,51d33462378d,Local / ΔW,42,/home/gogoi/ahlora-runs/p3-heterogeneous-delta,full_data_benchmark,6,0.3541337439388414,0.3541,0.0544,0.1765,0.2715,132.12892252604166,1.2166536970050332,0.0,0.0,0.0,,,0,0,0,0,0.4494810774922371,0,0
b729ad24b6b0,51d33462378d,Local / ΔW,42,/home/gogoi/ahlora-runs/p3-heterogeneous-delta,full_data_benchmark,7,0.3825410117763941,0.3825,0.0637,0.16400000000000003,0.298,167.795263671875,1.0763108732701794,0.0,0.0,0.0,,,0,0,0,0,0.45551089011132717,0,0
b729ad24b6b0,51d33462378d,Local / ΔW,42,/home/gogoi/ahlora-runs/p3-heterogeneous-delta,full_data_benchmark,8,0.41034347691019357,0.4103,0.0732,0.14699999999999996,0.332,210.42392578125,0.9787456586832871,0.0,0.0,0.0,,,0,0,0,0,0.4501080699265003,0,0
b729ad24b6b0,51d33462378d,Local / ΔW,42,/home/gogoi/ahlora-runs/p3-heterogeneous-delta,full_data_benchmark,9,0.43044393719056384,0.4304,0.0821,0.15549999999999997,0.343,252.62096354166667,0.9072282512455934,0.0,0.0,0.0,,,0,0,0,0,0.48409503512084484,0,0
b729ad24b6b0,51d33462378d,Local / ΔW,42,/home/gogoi/ahlora-runs/p3-heterogeneous-delta,full_data_benchmark,10,0.43864509186848016,0.4386,0.0882,0.14999999999999997,0.3505,293.17766927083335,0.8518504222850284,0.0,0.0,0.0,,,0,0,0,0,0.4691760838031769,0,0
b729ad24b6b0,51d33462378d,Local / ΔW,42,/home/gogoi/ahlora-runs/p3-heterogeneous-delta,full_data_benchmark,11,0.4529437983710847,0.4529,0.0939,0.15799999999999997,0.3685,328.563671875,0.808929366355112,0.0,0.0,0.0,,,0,0,0,0,0.47006466425955296,0,0
b729ad24b6b0,51d33462378d,Local / ΔW,42,/home/gogoi/ahlora-runs/p3-heterogeneous-delta,full_data_benchmark,12,0.4566445005725365,0.4566,0.0966,0.139,0.38,367.13776041666665,0.7717917860220299,0.0,0.0,0.0,,,0,0,0,0,0.4932972341775894,0,0
b729ad24b6b0,51d33462378d,Local / ΔW,42,/home/gogoi/ahlora-runs/p3-heterogeneous-delta,full_data_benchmark,13,0.464948306627467,0.4649,0.1044,0.16299999999999998,0.3755,403.7806640625,0.740996567127186,0.0,0.0,0.0,,,0,0,0,0,0.4865333680063486,0,0
b729ad24b6b0,51d33462378d,Local / ΔW,42,/home/gogoi/ahlora-runs/p3-heterogeneous-delta,full_data_benchmark,14,0.4736445591018305,0.4736,0.1071,0.15449999999999997,0.39,444.23525390625,0.7134490305876133,0.0,0.0,0.0,,,0,0,0,0,0.49396113213151693,0,0
b729ad24b6b0,51d33462378d,Local / ΔW,42,/home/gogoi/ahlora-runs/p3-heterogeneous-delta,full_data_benchmark,15,0.4760457609033321,0.476,0.1106,0.16949999999999998,0.386,486.1695963541667,0.6875836900614466,0.0,0.0,0.0,,,0,0,0,0,0.48415801860392094,0,0
b729ad24b6b0,51d33462378d,Local / ΔW,42,/home/gogoi/ahlora-runs/p3-heterogeneous-delta,full_data_benchmark,16,0.4832489160824993,0.4832,0.1101,0.15699999999999997,0.4025,527.78564453125,0.6651938166829497,0.0,0.0,0.0,,,0,0,0,0,0.5412955619394779,0,0
b729ad24b6b0,51d33462378d,Local / ΔW,42,/home/gogoi/ahlora-runs/p3-heterogeneous-delta,full_data_benchmark,17,0.4879476177827003,0.4879,0.1122,0.16699999999999998,0.407,566.9633463541667,0.6461855876186804,0.0,0.0,0.0,,,0,0,0,0,0.5223746215924621,0,0
b729ad24b6b0,51d33462378d,Local / ΔW,42,/home/gogoi/ahlora-runs/p3-heterogeneous-delta,full_data_benchmark,18,0.4911449680565123,0.4911,0.1143,0.16300000000000003,0.4095,605.445703125,0.6279244798495279,0.0,0.0,0.0,,,0,0,0,0,0.4974577007815242,0,0
b729ad24b6b0,51d33462378d,Local / ΔW,42,/home/gogoi/ahlora-runs/p3-heterogeneous-delta,full_data_benchmark,19,0.4944469206838023,0.4944,0.1141,0.14800000000000002,0.4185,646.0857421875,0.6116578359797598,0.0,0.0,0.0,,,0,0,0,0,0.4747657421976328,0,0
b729ad24b6b0,51d33462378d,Local / ΔW,42,/home/gogoi/ahlora-runs/p3-heterogeneous-delta,full_data_benchmark,20,0.501145823484654,0.5011,0.1166,0.14849999999999997,0.4285,674.680078125,0.5945192192958447,0.0,0.0,0.0,,,0,0,0,0,0.45893475878983736,0,0
b729ad24b6b0,51d33462378d,Local / ΔW,42,/home/gogoi/ahlora-runs/p3-heterogeneous-delta,full_data_benchmark,21,0.5048460754607681,0.5048,0.1199,0.16600000000000004,0.4215,707.470703125,0.5795508453108643,0.0,0.0,0.0,,,0,0,0,0,0.4911501342430711,0,0
b729ad24b6b0,51d33462378d,Local / ΔW,42,/home/gogoi/ahlora-runs/p3-heterogeneous-delta,full_data_benchmark,22,0.5070466268367319,0.507,0.1187,0.15899999999999997,0.43,736.069921875,0.5661448657894002,0.0,0.0,0.0,,,0,0,0,0,0.5447063278406858,0,0
b729ad24b6b0,51d33462378d,Local / ΔW,42,/home/gogoi/ahlora-runs/p3-heterogeneous-delta,full_data_benchmark,23,0.5079449764607186,0.5079,0.1192,0.17400000000000004,0.4245,768.8233723958333,0.5513231444742864,0.0,0.0,0.0,,,0,0,0,0,0.45645872317254543,0,0
b729ad24b6b0,51d33462378d,Local / ΔW,42,/home/gogoi/ahlora-runs/p3-heterogeneous-delta,full_data_benchmark,24,0.5161462812137475,0.5161,0.1186,0.17450000000000004,0.432,799.0973958333333,0.5402687754175394,0.0,0.0,0.0,,,0,0,0,0,0.4854838829487562,0,0
b729ad24b6b0,51d33462378d,Local / ΔW,42,/home/gogoi/ahlora-runs/p3-heterogeneous-delta,full_data_benchmark,25,0.5146438792615704,0.5146,0.1191,0.16050000000000003,0.437,833.6901041666666,0.5284247593931478,0.0,0.0,0.0,,,0,0,0,0,0.5384214948862791,0,0
b729ad24b6b0,51d33462378d,Local / ΔW,42,/home/gogoi/ahlora-runs/p3-heterogeneous-delta,full_data_benchmark,26,0.514544979762371,0.5145,0.1249,0.15500000000000003,0.4405,867.4770833333333,0.5160063581306188,0.0,0.0,0.0,,,0,0,0,0,0.5494201863184571,0,0
b729ad24b6b0,51d33462378d,Local / ΔW,42,/home/gogoi/ahlora-runs/p3-heterogeneous-delta,full_data_benchmark,27,0.5218462840651745,0.5218,0.1246,0.16249999999999998,0.4415,898.8936197916667,0.5052138517755168,0.0,0.0,0.0,,,0,0,0,0,0.4886728012934327,0,0
b729ad24b6b0,51d33462378d,Local / ΔW,42,/home/gogoi/ahlora-runs/p3-heterogeneous-delta,full_data_benchmark,28,0.5235452844148496,0.5235,0.1248,0.15550000000000003,0.446,928.001171875,0.4976378164531707,0.0,0.0,0.0,,,0,0,0,0,0.46802055556327105,0,0
b729ad24b6b0,51d33462378d,Local / ΔW,42,/home/gogoi/ahlora-runs/p3-heterogeneous-delta,full_data_benchmark,29,0.5218428323375849,0.5218,0.1275,0.16700000000000004,0.4395,955.0775390625,0.4880486207657725,0.0,0.0,0.0,,,0,0,0,0,0.4621396316215396,0,0
b729ad24b6b0,51d33462378d,Local / ΔW,42,/home/gogoi/ahlora-runs/p3-heterogeneous-delta,full_data_benchmark,30,0.5246432339385864,0.5246,0.1308,0.16099999999999998,0.445,980.38515625,0.47856171663965935,0.0,0.0,0.0,,,0,0,0,0,0.45088892336934805,0,0
b729ad24b6b0,51d33462378d,Local / ΔW,42,/home/gogoi/ahlora-runs/p3-heterogeneous-delta,full_data_benchmark,31,0.5241439340389864,0.5241,0.1305,0.16899999999999998,0.445,1004.0555989583333,0.46999021942833663,0.0,0.0,0.0,,,0,0,0,0,0.46165475621819496,0,0
b729ad24b6b0,51d33462378d,Local / ΔW,42,/home/gogoi/ahlora-runs/p3-heterogeneous-delta,full_data_benchmark,32,0.5279430855142999,0.5279,0.1321,0.15749999999999997,0.4515,1031.0797526041667,0.46034652277245935,0.0,0.0,0.0,,,0,0,0,0,0.46605792082846165,0,0
b729ad24b6b0,51d33462378d,Local / ΔW,42,/home/gogoi/ahlora-runs/p3-heterogeneous-delta,full_data_benchmark,33,0.5307418362890627,0.5307,0.1356,0.15799999999999997,0.458,1052.5139322916666,0.4520661907663962,0.0,0.0,0.0,,,0,0,0,0,0.4604695597663522,0,0
b729ad24b6b0,51d33462378d,Local / ΔW,42,/home/gogoi/ahlora-runs/p3-heterogeneous-delta,full_data_benchmark,34,0.5296437366902134,0.5296,0.1332,0.16800000000000004,0.4485,1084.11796875,0.4448966618397072,0.0,0.0,0.0,,,0,0,0,0,0.47075987234711647,0,0
b729ad24b6b0,51d33462378d,Local / ΔW,42,/home/gogoi/ahlora-runs/p3-heterogeneous-delta,full_data_benchmark,35,0.5302414858636748,0.5302,0.1351,0.16450000000000004,0.45,1111.7604166666667,0.4383183076282221,0.0,0.0,0.0,,,0,0,0,0,0.4727405598387122,0,0
b729ad24b6b0,51d33462378d,Local / ΔW,42,/home/gogoi/ahlora-runs/p3-heterogeneous-delta,full_data_benchmark,36,0.5325436380908645,0.5325,0.1383,0.15250000000000002,0.466,1135.395703125,0.4303736851442588,0.0,0.0,0.0,,,0,0,0,0,0.4909524926915765,0,0
b729ad24b6b0,51d33462378d,Local / ΔW,42,/home/gogoi/ahlora-runs/p3-heterogeneous-delta,full_data_benchmark,37,0.5350416383399892,0.535,0.1383,0.16749999999999998,0.4555,1156.18046875,0.42313877821236157,0.0,0.0,0.0,,,0,0,0,0,0.467385433614254,0,0
b729ad24b6b0,51d33462378d,Local / ΔW,42,/home/gogoi/ahlora-runs/p3-heterogeneous-delta,full_data_benchmark,38,0.5343418380899642,0.5343,0.1376,0.15350000000000003,0.464,1174.2717447916666,0.416946999469288,0.0,0.0,0.0,,,0,0,0,0,0.45967528223991394,0,0
b729ad24b6b0,51d33462378d,Local / ΔW,42,/home/gogoi/ahlora-runs/p3-heterogeneous-delta,full_data_benchmark,39,0.5352428890659774,0.5352,0.1372,0.16599999999999993,0.4595,1192.765625,0.41008993115370007,0.0,0.0,0.0,,,0,0,0,0,0.482644647359848,0,0
b729ad24b6b0,51d33462378d,Local / ΔW,42,/home/gogoi/ahlora-runs/p3-heterogeneous-delta,full_data_benchmark,40,0.5393415904660281,0.5393,0.1406,0.17299999999999993,0.4575,1219.5604166666667,0.4038602301910173,0.0,0.0,0.0,,,0,0,0,0,0.4664122760295868,0,0
b729ad24b6b0,51d33462378d,Local / ΔW,42,/home/gogoi/ahlora-runs/p3-heterogeneous-delta,full_data_benchmark,41,0.5371399885642764,0.5371,0.1417,0.15949999999999998,0.4625,1243.9716145833333,0.3962275787331901,0.0,0.0,0.0,,,0,0,0,0,0.47568244580179453,0,0
b729ad24b6b0,51d33462378d,Local / ΔW,42,/home/gogoi/ahlora-runs/p3-heterogeneous-delta,full_data_benchmark,42,0.5373383878631254,0.5373,0.1448,0.15799999999999997,0.461,1270.2109375,0.3908211938376276,0.0,0.0,0.0,,,0,0,0,0,0.4628225741907954,0,0
b729ad24b6b0,51d33462378d,Local / ΔW,42,/home/gogoi/ahlora-runs/p3-heterogeneous-delta,full_data_benchmark,43,0.5378394886640764,0.5378,0.1451,0.15450000000000003,0.464,1286.4220052083333,0.3865813412600366,0.0,0.0,0.0,,,0,0,0,0,0.4610528564080596,0,0
b729ad24b6b0,51d33462378d,Local / ΔW,42,/home/gogoi/ahlora-runs/p3-heterogeneous-delta,full_data_benchmark,44,0.5389417903660783,0.5389,0.1474,0.14450000000000002,0.4705,1310.90078125,0.3791509172838882,0.0,0.0,0.0,,,0,0,0,0,0.4771309522911906,0,0
b729ad24b6b0,51d33462378d,Local / ΔW,42,/home/gogoi/ahlora-runs/p3-heterogeneous-delta,full_data_benchmark,45,0.5359419389404396,0.5359,0.1481,0.14649999999999996,0.4675,1340.87578125,0.3729273744282294,0.0,0.0,0.0,,,0,0,0,0,0.49504792131483555,0,0
b729ad24b6b0,51d33462378d,Local / ΔW,42,/home/gogoi/ahlora-runs/p3-heterogeneous-delta,full_data_benchmark,46,0.539040539790165,0.539,0.1506,0.14450000000000002,0.4745,1359.9014322916667,0.3681106243257687,0.0,0.0,0.0,,,0,0,0,0,0.48651733808219433,0,0
b729ad24b6b0,51d33462378d,Local / ΔW,42,/home/gogoi/ahlora-runs/p3-heterogeneous-delta,full_data_benchmark,47,0.5389401395398397,0.5389,0.149,0.16049999999999998,0.4625,1382.9666666666667,0.3631402438298318,0.0,0.0,0.0,,,0,0,0,0,0.4900625366717577,0,0
b729ad24b6b0,51d33462378d,Local / ΔW,42,/home/gogoi/ahlora-runs/p3-heterogeneous-delta,full_data_benchmark,48,0.5408390399394897,0.5408,0.1505,0.14950000000000008,0.47,1399.76328125,0.35831128224018555,0.0,0.0,0.0,,,0,0,0,0,0.4827944776043296,0,0
b729ad24b6b0,51d33462378d,Local / ΔW,42,/home/gogoi/ahlora-runs/p3-heterogeneous-delta,full_data_benchmark,49,0.5426396411403906,0.5426,0.1526,0.15400000000000008,0.4695,1421.5298177083334,0.35301403617118243,0.0,0.0,0.0,,,0,0,0,0,0.4898176519200206,0,0
b729ad24b6b0,51d33462378d,Local / ΔW,42,/home/gogoi/ahlora-runs/p3-heterogeneous-delta,full_data_benchmark,50,0.539739289514402,0.5397,0.1504,0.15850000000000003,0.464,1441.8682291666667,0.34821705137878567,0.0,0.0,0.0,,,0,0,0,0,0.4867940088734031,0,0
b729ad24b6b0,0eac0e17d3ed,FedAvg / ΔW,42,/home/gogoi/ahlora-runs/p3-heterogeneous-delta,full_data_benchmark,1,0.01509935722829276,0.0151,0.0151,0.033999999999999996,0.002,0.0003756303961078326,3.486626647373264,0.00010511470222379048,0.00029907844178788225,0.0005952879270504733,,,210,2056320,30,914880,0.6065465407446027,2056320,914880
b729ad24b6b0,0eac0e17d3ed,FedAvg / ΔW,42,/home/gogoi/ahlora-runs/p3-heterogeneous-delta,full_data_benchmark,2,0.013798956377667022,0.0138,0.0143,0.026,0.0,0.0008431835720936457,3.281466864556585,4.7385537125205724e-05,0.0001350388432266894,0.0013329130021399276,,,210,2056320,30,914880,0.6119728209450841,4112640,1829760
b729ad24b6b0,0eac0e17d3ed,FedAvg / ΔW,42,/home/gogoi/ahlora-runs/p3-heterogeneous-delta,full_data_benchmark,3,0.01349865607736672,0.0135,0.0135,0.0345,0.0,0.0016897579034169516,3.213440484514008,4.124553324336789e-05,0.00011940653929922054,0.002627887882226787,,,210,2056320,30,914880,0.5875234790146351,6168960,2744640
b729ad24b6b0,0eac0e17d3ed,FedAvg / ΔW,42,/home/gogoi/ahlora-runs/p3-heterogeneous-delta,full_data_benchmark,4,0.017499508504006257,0.0175,0.0177,0.058,0.0,0.0026792819301287335,3.1888236792566125,3.895381070618976e-05,0.00011365984022589433,0.004133626038613632,,,210,2056320,30,914880,0.6086291372776031,8225280,3659520
b729ad24b6b0,0eac0e17d3ed,FedAvg / ΔW,42,/home/gogoi/ahlora-runs/p3-heterogeneous-delta,full_data_benchmark,5,0.02039940990465728,0.0204,0.0202,0.0665,0.0,0.00415201410651207,3.152550806169913,4.291231856446919e-05,0.00012538207530854675,0.006396339855048912,,,210,2056320,30,914880,0.6016913307830691,10281600,4574400
b729ad24b6b0,0eac0e17d3ed,FedAvg / ΔW,42,/home/gogoi/ahlora-runs/p3-heterogeneous-delta,full_data_benchmark,6,0.02010031020525773,0.0201,0.0205,0.0515,0.001,0.006409662465254466,3.076925644579589,5.0496023767969234e-05,0.0001480546853467505,0.009840464255830739,,,210,2056320,30,914880,0.6122175808995962,12337920,5489280
b729ad24b6b0,0eac0e17d3ed,FedAvg / ΔW,42,/home/gogoi/ahlora-runs/p3-heterogeneous-delta,full_data_benchmark,7,0.022999761380570975,0.023,0.023,0.0655,0.001,0.008749189972877502,3.018982050973724,5.630354965703757e-05,0.00016536451771969953,0.013409088640704189,,,210,2056320,30,914880,0.5987956933677197,14394240,6404160
b729ad24b6b0,0eac0e17d3ed,FedAvg / ΔW,42,/home/gogoi/ahlora-runs/p3-heterogeneous-delta,full_data_benchmark,8,0.024399812105959033,0.0244,0.0241,0.078,0.0015,0.010995109875996908,2.9666345523325846,6.029967222014954e-05,0.00017709089318754796,0.01685055275720515,,,210,2056320,30,914880,0.6062785014510155,16450560,7319040
b729ad24b6b0,0eac0e17d3ed,FedAvg / ΔW,42,/home/gogoi/ahlora-runs/p3-heterogeneous-delta,full_data_benchmark,9,0.025199862531196868,0.0252,0.0251,0.0895,0.0025,0.012990509470303854,2.907824059588224,6.17776443759186e-05,0.00018179506423039902,0.019868620263271925,,,210,2056320,30,914880,0.6110229287296534,18506880,8233920
b729ad24b6b0,0eac0e17d3ed,FedAvg / ΔW,42,/home/gogoi/ahlora-runs/p3-heterogeneous-delta,full_data_benchmark,10,0.025899662781222004,0.0259,0.0256,0.088,0.005,0.014720213413238526,2.8553359250045416,6.242248498073952e-05,0.0001838347200051195,0.022497291804029373,,,210,2056320,30,914880,0.6243011178448796,20563200,9148800
b729ad24b6b0,0eac0e17d3ed,FedAvg / ΔW,42,/home/gogoi/ahlora-runs/p3-heterogeneous-delta,full_data_benchmark,11,0.025500763131947542,0.0255,0.0253,0.08249999999999999,0.0065,0.016443939010302226,2.81332093065834,6.338523791655603e-05,0.0001871131568982045,0.025071093851996313,,,210,2056320,30,914880,0.6156019885092974,22619520,10063680
b729ad24b6b0,0eac0e17d3ed,FedAvg / ΔW,42,/home/gogoi/ahlora-runs/p3-heterogeneous-delta,full_data_benchmark,12,0.026900813857335597,0.0269,0.0267,0.08099999999999999,0.0075,0.01812168558438619,2.7671611764141963,6.380758171330956e-05,0.0001882349599292527,0.027647364825800953,,,210,2056320,30,914880,0.574527339078486,24675840,10978560
b729ad24b6b0,0eac0e17d3ed,FedAvg / ΔW,42,/home/gogoi/ahlora-runs/p3-heterogeneous-delta,full_data_benchmark,13,0.02690126408267338,0.0269,0.0275,0.08049999999999999,0.0065,0.019396233558654784,2.7386584754527568,6.304821369790869e-05,0.00018617342855863049,0.029563520590879005,,,210,2056320,30,914880,0.5686183469370008,26732160,11893440
b729ad24b6b0,0eac0e17d3ed,FedAvg / ΔW,42,/home/gogoi/ahlora-runs/p3-heterogeneous-delta,full_data_benchmark,14,0.028901165033099068,0.0289,0.0286,0.078,0.0065,0.02046350638071696,2.701994225878991,6.163880981899079e-05,0.00018215712148665034,0.031164556285754468,,,210,2056320,30,914880,0.5830776588991284,28788480,12808320
b729ad24b6b0,0eac0e17d3ed,FedAvg / ΔW,42,/home/gogoi/ahlora-runs/p3-heterogeneous-delta,full_data_benchmark,15,0.03060136598367483,0.0306,0.0294,0.078,0.006,0.021277729670206705,2.6766110827234626,5.966105728129135e-05,0.00017636261919071165,0.03239546615319947,,,210,2056320,30,914880,0.5904807588085532,30844800,13723200
b729ad24b6b0,0eac0e17d3ed,FedAvg / ΔW,42,/home/gogoi/ahlora-runs/p3-heterogeneous-delta,full_data_benchmark,16,0.03050156603379992,0.0305,0.0302,0.0765,0.005,0.02154728372891744,2.6502821448445846,5.6703702409445524e-05,0.00016771122658673995,0.032787496941333906,,,210,2056320,30,914880,0.5656677819788456,32901120,14638080
b729ad24b6b0,0eac0e17d3ed,FedAvg / ΔW,42,/home/gogoi/ahlora-runs/p3-heterogeneous-delta,full_data_benchmark,17,0.031801516659087876,0.0318,0.031,0.074,0.005,0.022037814060846966,2.6295956602483654,5.477876439325701e-05,0.0001618582115928406,0.0335680684044443,,,210,2056320,30,914880,0.580931494012475,34957440,15552960
b729ad24b6b0,0eac0e17d3ed,FedAvg / ΔW,42,/home/gogoi/ahlora-runs/p3-heterogeneous-delta,full_data_benchmark,18,0.032901717309513405,0.0329,0.033,0.06649999999999999,0.0055,0.02266407012939453,2.610235906882672,5.345508555948819e-05,0.00015783216871656917,0.034546960786731994,,,210,2056320,30,914880,0.5868298541754484,37013760,16467840
b729ad24b6b0,0eac0e17d3ed,FedAvg / ΔW,42,/home/gogoi/ahlora-runs/p3-heterogeneous-delta,full_data_benchmark,19,0.03340161750956353,0.0334,0.0332,0.063,0.005,0.022977920373280843,2.5938673260920058,5.167702841178519e-05,0.00015271564345465787,0.0349949556706027,,,210,2056320,30,914880,0.5908396951854229,39070080,17382720
b729ad24b6b0,0eac0e17d3ed,FedAvg / ΔW,42,/home/gogoi/ahlora-runs/p3-heterogeneous-delta,full_data_benchmark,20,0.0345012178595387,0.0345,0.0351,0.0595,0.004,0.02324217955271403,2.5782430279641315,4.9794401033581036e-05,0.00014734025633075077,0.035351398857225526,,,210,2056320,30,914880,0.5784061131998897,41126400,18297600
b729ad24b6b0,0eac0e17d3ed,FedAvg / ΔW,42,/home/gogoi/ahlora-runs/p3-heterogeneous-delta,full_data_benchmark,21,0.03610131871001436,0.0361,0.0357,0.0565,0.005,0.02362337112426758,2.5619576703571796,4.853438388926794e-05,0.00014344366363077288,0.03597370962961577,,,210,2056320,30,914880,0.5851158583536744,43182720,19212480
b729ad24b6b0,0eac0e17d3ed,FedAvg / ΔW,42,/home/gogoi/ahlora-runs/p3-heterogeneous-delta,full_data_benchmark,22,0.03620081850966409,0.0362,0.0362,0.056499999999999995,0.0035,0.024422327677408855,2.537962528890056,4.790037822204997e-05,0.00014152959265982667,0.03720167788803034,,,210,2056320,30,914880,0.5844356818124652,45239040,20127360
b729ad24b6b0,0eac0e17d3ed,FedAvg / ΔW,42,/home/gogoi/ahlora-runs/p3-heterogeneous-delta,full_data_benchmark,23,0.037600118859489176,0.0376,0.0371,0.0565,0.002,0.025699965159098306,2.5191462273144274,4.8100489191891304e-05,0.00014189715329567893,0.03920883016447382,,,210,2056320,30,914880,0.6117283692583442,47295360,21042240
b729ad24b6b0,0eac0e17d3ed,FedAvg / ΔW,42,/home/gogoi/ahlora-runs/p3-heterogeneous-delta,full_data_benchmark,24,0.03829946888417654,0.0383,0.0383,0.052500000000000005,0.004,0.026721845070521038,2.5056916543285914,4.785725160831391e-05,0.00014112580588038353,0.040783164662570925,,,210,2056320,30,914880,0.6562101077288389,49351680,21957120
b729ad24b6b0,0eac0e17d3ed,FedAvg / ΔW,42,/home/gogoi/ahlora-runs/p3-heterogeneous-delta,full_data_benchmark,25,0.04030027028527779,0.0403,0.041,0.0615,0.0035,0.027635510762532553,2.4942323185795683,4.753368291357317e-05,0.00014038547281634606,0.04211360133679894,,,210,2056320,30,914880,0.5798912420868874,51408000,22872000
b729ad24b6b0,0eac0e17d3ed,FedAvg / ΔW,42,/home/gogoi/ahlora-runs/p3-heterogeneous-delta,full_data_benchmark,26,0.0408004706355531,0.0408,0.0411,0.060500000000000005,0.0045,0.02829618056615194,2.4804450316187956,4.684242334019419e-05,0.0001384027618105915,0.04310266023639997,,,210,2056320,30,914880,0.5866328179836273,53464320,23786880
b729ad24b6b0,0eac0e17d3ed,FedAvg / ΔW,42,/home/gogoi/ahlora-runs/p3-heterogeneous-delta,full_data_benchmark,27,0.04170032101066585,0.0417,0.0421,0.060500000000000005,0.007,0.028999420007069905,2.4746432178747892,4.6315564719341716e-05,0.0001366596203208158,0.04423369930797586,,,210,2056320,30,914880,0.568249442614615,55520640,24701760
b729ad24b6b0,0eac0e17d3ed,FedAvg / ΔW,42,/home/gogoi/ahlora-runs/p3-heterogeneous-delta,full_data_benchmark,28,0.041900971436203825,0.0419,0.0433,0.059500000000000004,0.0085,0.028901052474975587,2.466695554968714,4.441329617766634e-05,0.0001310617753087207,0.04407980610509791,,,210,2056320,30,914880,0.595079317688942,57576960,25616640
b729ad24b6b0,0eac0e17d3ed,FedAvg / ΔW,42,/home/gogoi/ahlora-runs/p3-heterogeneous-delta,full_data_benchmark,29,0.04300117208662936,0.043,0.0439,0.061000000000000006,0.009,0.02933806777000427,2.4638004362213977,4.352332517051612e-05,0.00012840975393268238,0.044754681433308484,,,210,2056320,30,914880,0.5742012644186616,59633280,26531520
b729ad24b6b0,0eac0e17d3ed,FedAvg / ΔW,42,/home/gogoi/ahlora-runs/p3-heterogeneous-delta,full_data_benchmark,30,0.04310142226184206,0.0431,0.044,0.0635,0.008,0.02950103481610616,2.4632288200982515,4.2226516344299205e-05,0.0001246228123982435,0.044989095455093775,,,210,2056320,30,914880,0.5812910934910178,61689600,27446400
b729ad24b6b0,0eac0e17d3ed,FedAvg / ΔW,42,/home/gogoi/ahlora-runs/p3-heterogeneous-delta,full_data_benchmark,31,0.043601922762342545,0.0436,0.0452,0.064,0.0075,0.030222902695337932,2.4530156022828673,4.1975792728366725e-05,0.0001239689756137993,0.04605812303513327,,,210,2056320,30,914880,0.5803183615207672,63745920,28361280
b729ad24b6b0,0eac0e17d3ed,FedAvg / ΔW,42,/home/gogoi/ahlora-runs/p3-heterogeneous-delta,full_data_benchmark,32,0.04590212401306855,0.0459,0.047,0.0665,0.0125,0.030708861351013184,2.4523614085330157,4.124441694932115e-05,0.00012179374733396537,0.04680447852054689,,,210,2056320,30,914880,0.5832724366337061,65802240,29276160
b729ad24b6b0,0eac0e17d3ed,FedAvg / ΔW,42,/home/gogoi/ahlora-runs/p3-heterogeneous-delta,full_data_benchmark,33,0.04670202436319379,0.0467,0.0483,0.0735,0.0135,0.03067232370376587,2.4443847459066395,3.9648092627849866e-05,0.00011711204022042244,0.04673602164014786,,,210,2056320,30,914880,0.5953613370656967,67858560,30191040
b729ad24b6b0,0eac0e17d3ed,FedAvg / ΔW,42,/home/gogoi/ahlora-runs/p3-heterogeneous-delta,full_data_benchmark,34,0.04720207463835649,0.0472,0.0477,0.071,0.0155,0.03132214943567912,2.4463399560042913,3.902812144087721e-05,0.00011534181990929681,0.047700082364220485,,,210,2056320,30,914880,0.5715581094846129,69914880,31105920
b729ad24b6b0,0eac0e17d3ed,FedAvg / ΔW,42,/home/gogoi/ahlora-runs/p3-heterogeneous-delta,full_data_benchmark,35,0.047102124613369,0.0471,0.0479,0.06999999999999999,0.0165,0.03131413459777832,2.437237323707035,3.752284267747622e-05,0.00011099205153073892,0.047645032567137,,,210,2056320,30,914880,0.5946110961958766,71971200,32020800
b729ad24b6b0,0eac0e17d3ed,FedAvg / ΔW,42,/home/gogoi/ahlora-runs/p3-heterogeneous-delta,full_data_benchmark,36,0.04740197468833151,0.0474,0.0488,0.06949999999999999,0.0165,0.03168557087580363,2.440605745577638,3.66993982877609e-05,0.00010852058709814017,0.048226521597219595,,,210,2056320,30,914880,0.5832983879372478,74027520,32935680
b729ad24b6b0,0eac0e17d3ed,FedAvg / ΔW,42,/home/gogoi/ahlora-runs/p3-heterogeneous-delta,full_data_benchmark,37,0.04770137453795624,0.0477,0.0491,0.0715,0.0155,0.03150386015574137,2.4325661372157175,3.526308700819569e-05,0.00010432571196615583,0.04792486401978143,,,210,2056320,30,914880,0.591606792062521,76083840,33850560
b729ad24b6b0,0eac0e17d3ed,FedAvg / ΔW,42,/home/gogoi/ahlora-runs/p3-heterogeneous-delta,full_data_benchmark,38,0.04710122416269343,0.0471,0.048,0.0685,0.015,0.032860990365346274,2.429269147650849,3.552339180707566e-05,0.00010508661703196078,0.04999551842411165,,,210,2056320,30,914880,0.6022536503151059,78140160,34765440
b729ad24b6b0,0eac0e17d3ed,FedAvg / ΔW,42,/home/gogoi/ahlora-runs/p3-heterogeneous-delta,full_data_benchmark,39,0.04730067398733065,0.0473,0.0482,0.0655,0.018,0.03349119822184245,2.4267581249560015,3.506925737305294e-05,0.00010368444195143177,0.050982343873935555,,,210,2056320,30,914880,0.6497752517461777,80196480,35680320
b729ad24b6b0,0eac0e17d3ed,FedAvg / ΔW,42,/home/gogoi/ahlora-runs/p3-heterogeneous-delta,full_data_benchmark,40,0.04730112421266844,0.0473,0.0465,0.066,0.016,0.03471503655115763,2.4180126114770246,3.501351830140563e-05,0.00010362937493775878,0.0527901448282743,,,210,2056320,30,914880,0.5967439068481326,82252800,36595200
b729ad24b6b0,0eac0e17d3ed,FedAvg / ΔW,42,/home/gogoi/ahlora-runs/p3-heterogeneous-delta,full_data_benchmark,41,0.0461008234621428,0.0461,0.0464,0.07300000000000001,0.0125,0.03479510943094889,2.419731661524886,3.3889425192626666e-05,0.00010040894374831624,0.052854728575766785,,,210,2056320,30,914880,0.5990007082000375,84309120,37510080
b729ad24b6b0,0eac0e17d3ed,FedAvg / ΔW,42,/home/gogoi/ahlora-runs/p3-heterogeneous-delta,full_data_benchmark,42,0.046800923862393116,0.0468,0.0466,0.078,0.0135,0.03443079392115275,2.4202482159411356,3.244264769767637e-05,9.616288082177213e-05,0.05227880010352237,,,210,2056320,30,914880,0.5971737932413816,86365440,38424960
b729ad24b6b0,0eac0e17d3ed,FedAvg / ΔW,42,/home/gogoi/ahlora-runs/p3-heterogeneous-delta,full_data_benchmark,43,0.04880097488793141,0.0488,0.0486,0.08850000000000001,0.013,0.03439120848973592,2.4211328368210023,3.129638550028577e-05,9.27931088975407e-05,0.05220311216423094,,,210,2056320,30,914880,0.6016205903142691,88421760,39339840
b729ad24b6b0,0eac0e17d3ed,FedAvg / ΔW,42,/home/gogoi/ahlora-runs/p3-heterogeneous-delta,full_data_benchmark,44,0.0490014752383568,0.049,0.0496,0.0945,0.0115,0.03525858322779338,2.415671914904278,3.0976563367866487e-05,9.188379598235585e-05,0.05349715263522133,,,210,2056320,30,914880,0.5907171992585063,90478080,40254720
b729ad24b6b0,0eac0e17d3ed,FedAvg / ΔW,42,/home/gogoi/ahlora-runs/p3-heterogeneous-delta,full_data_benchmark,45,0.04820097458778118,0.0482,0.0497,0.0995,0.0115,0.03552839756011963,2.418122110172075,3.0155648588600913e-05,8.944000897238795e-05,0.053911644230538514,,,210,2056320,30,914880,0.5968787269666791,92534400,41169600
b729ad24b6b0,0eac0e17d3ed,FedAvg / ΔW,42,/home/gogoi/ahlora-runs/p3-heterogeneous-delta,full_data_benchmark,46,0.0492018255136696,0.0492,0.0503,0.1075,0.011,0.03625485897064209,2.416243974357417,2.977363308497724e-05,8.83071788824836e-05,0.05501379439556331,,,210,2056320,30,914880,0.5972307408228517,94590720,42084480
b729ad24b6b0,0eac0e17d3ed,FedAvg / ΔW,42,/home/gogoi/ahlora-runs/p3-heterogeneous-delta,full_data_benchmark,47,0.05260207733970853,0.0526,0.0544,0.12100000000000001,0.0095,0.036525209744771324,2.4137264859095455,2.9000738720677176e-05,8.603365087943738e-05,0.055411596773410565,,,210,2056320,30,914880,0.7029690956696868,96647040,42999360
b729ad24b6b0,0eac0e17d3ed,FedAvg / ΔW,42,/home/gogoi/ahlora-runs/p3-heterogeneous-delta,full_data_benchmark,48,0.051001076038557296,0.051,0.0527,0.1225,0.007,0.037120139598846434,2.408812285329484,2.849771262994726e-05,8.44606632727284e-05,0.05636805813507332,,,210,2056320,30,914880,0.678151385858655,98703360,43914240
b729ad24b6b0,0eac0e17d3ed,FedAvg / ΔW,42,/home/gogoi/ahlora-runs/p3-heterogeneous-delta,full_data_benchmark,49,0.05030127578853216,0.0503,0.0521,0.122,0.0075,0.03848503033320109,2.4136666448043664,2.854290072331431e-05,8.456870851971745e-05,0.0584584668934743,,,210,2056320,30,914880,0.6699371011927724,100759680,44829120
b729ad24b6b0,0eac0e17d3ed,FedAvg / ΔW,42,/home/gogoi/ahlora-runs/p3-heterogeneous-delta,full_data_benchmark,50,0.049200024612318455,0.0492,0.0506,0.1195,0.0075,0.037328521410624184,2.4107352137366056,2.6704753283993468e-05,7.919421426425228e-05,0.0566494333773638,,,210,2056320,30,914880,0.6370766721665859,102816000,45744000
b729ad24b6b0,cad564bfe53c,MH / ΔW / ring,42,/home/gogoi/ahlora-runs/p3-heterogeneous-delta,full_data_benchmark,1,0.039399369384376874,0.0394,0.015,0.061000000000000006,0.008,1.2845787048339843,3.486626647373264,4.894749255473864e-05,0.00017706875387386061,0.00034796980377995725,,,30,293760,30,293760,0.6284860484302044,293760,293760
b729ad24b6b0,cad564bfe53c,MH / ΔW / ring,42,/home/gogoi/ahlora-runs/p3-heterogeneous-delta,full_data_benchmark,2,0.07730714222468345,0.0773,0.0154,0.073,0.0465,2.5784586588541667,2.8325414846947665,0.00026183796364487256,0.0013098249455535112,0.005755761584502276,,,30,293760,30,293760,0.627312058582902,587520,587520
b729ad24b6b0,cad564bfe53c,MH / ΔW / ring,42,/home/gogoi/ahlora-runs/p3-heterogeneous-delta,full_data_benchmark,3,0.12581937259598427,0.1258,0.0194,0.09899999999999999,0.079,4.270036824544271,2.451458271200441,0.0004892423844488065,0.0023381287770135,0.020103648827383344,,,30,293760,30,293760,0.6246907766908407,881280,881280
b729ad24b6b0,cad564bfe53c,MH / ΔW / ring,42,/home/gogoi/ahlora-runs/p3-heterogeneous-delta,full_data_benchmark,4,0.16472934703819261,0.1647,0.0244,0.1345,0.097,6.705787150065104,2.203317407009576,0.0006462130556025419,0.002972662882008833,0.04166918788141629,,,30,293760,30,293760,0.6238998798653483,1175040,1175040
b729ad24b6b0,cad564bfe53c,MH / ΔW / ring,42,/home/gogoi/ahlora-runs/p3-heterogeneous-delta,full_data_benchmark,5,0.18503030766898834,0.185,0.0267,0.125,0.1185,9.475640869140625,2.0212098822713163,0.0006937668147232189,0.0025784900773518473,0.06563920025231103,,,30,293760,30,293760,0.630512248724699,1468800,1468800
b729ad24b6b0,cad564bfe53c,MH / ΔW / ring,42,/home/gogoi/ahlora-runs/p3-heterogeneous-delta,full_data_benchmark,6,0.20353667010338677,0.2035,0.03,0.15249999999999997,0.1335,12.36934305826823,1.8736973885730381,0.0006975982730622125,0.0024732584477302057,0.08941239698630549,,,30,293760,30,293760,0.645631093531847,1762560,1762560
b729ad24b6b0,cad564bfe53c,MH / ΔW / ring,42,/home/gogoi/ahlora-runs/p3-heterogeneous-delta,full_data_benchmark,7,0.22063877970924453,0.2206,0.0341,0.1665,0.1475,15.305718994140625,1.7722993403765395,0.0006697452128363147,0.0023040736782620904,0.11068419689357446,,,30,293760,30,293760,0.6365879019722342,2056320,2056320
b729ad24b6b0,cad564bfe53c,MH / ΔW / ring,42,/home/gogoi/ahlora-runs/p3-heterogeneous-delta,full_data_benchmark,8,0.23323983653818736,0.2332,0.0373,0.147,0.164,18.025746663411457,1.690736263206347,0.0006290453267211517,0.0022294279865758,0.12846381395781162,,,30,293760,30,293760,0.6333151692524552,2350080,2350080
b729ad24b6b0,cad564bfe53c,MH / ΔW / ring,42,/home/gogoi/ahlora-runs/p3-heterogeneous-delta,full_data_benchmark,9,0.24244004124064092,0.2424,0.0404,0.1455,0.1715,20.416459147135416,1.6290488162448975,0.0005979111961694952,0.002183168603961744,0.14557660197757893,,,30,293760,30,293760,0.6300699366256595,2643840,2643840
b729ad24b6b0,cad564bfe53c,MH / ΔW / ring,42,/home/gogoi/ahlora-runs/p3-heterogeneous-delta,full_data_benchmark,10,0.24973714344029188,0.2497,0.0423,0.14850000000000002,0.177,23.037300618489585,1.5722706219574079,0.0005493898361791019,0.002040556498293609,0.15800857609541102,,,30,293760,30,293760,0.6364442687481642,2937600,2937600
b729ad24b6b0,cad564bfe53c,MH / ΔW / ring,42,/home/gogoi/ahlora-runs/p3-heterogeneous-delta,full_data_benchmark,11,0.25243579411495454,0.2524,0.0433,0.14850000000000002,0.1755,25.533955891927082,1.5273714050211535,0.0005093875592427855,0.0018916671811575708,0.16968861861273582,,,30,293760,30,293760,0.632789496332407,3231360,3231360
b729ad24b6b0,cad564bfe53c,MH / ΔW / ring,42,/home/gogoi/ahlora-runs/p3-heterogeneous-delta,full_data_benchmark,12,0.2585357471414443,0.2585,0.0452,0.14950000000000002,0.184,28.379121907552083,1.4906030202236273,0.0004771870696922979,0.0018255609465812883,0.1807146157040582,,,30,293760,30,293760,0.6278658211231232,3525120,3525120
b729ad24b6b0,cad564bfe53c,MH / ΔW / ring,42,/home/gogoi/ahlora-runs/p3-heterogeneous-delta,full_data_benchmark,13,0.26203324764044406,0.262,0.0458,0.14500000000000002,0.189,30.8833984375,1.4676211034753792,0.0004484161322811642,0.0017317635465840472,0.19198530968290772,,,30,293760,30,293760,0.6317665716633201,3818880,3818880
b729ad24b6b0,cad564bfe53c,MH / ΔW / ring,42,/home/gogoi/ahlora-runs/p3-heterogeneous-delta,full_data_benchmark,14,0.26773610191901054,0.2677,0.047,0.1365,0.1965,34.04114786783854,1.4416018411285259,0.00040569417571837557,0.0015689118291958093,0.197498584734952,,,30,293760,30,293760,0.6363985659554601,4112640,4112640
b729ad24b6b0,cad564bfe53c,MH / ΔW / ring,42,/home/gogoi/ahlora-runs/p3-heterogeneous-delta,full_data_benchmark,15,0.27243495369432397,0.2724,0.049,0.14350000000000002,0.196,37.4809326171875,1.420828406815206,0.00037573179813888465,0.0014592665341754748,0.2063825831365345,,,30,293760,30,293760,0.679022622294724,4406400,4406400
b729ad24b6b0,cad564bfe53c,MH / ΔW / ring,42,/home/gogoi/ahlora-runs/p3-heterogeneous-delta,full_data_benchmark,16,0.2736343539941741,0.2736,0.0502,0.1355,0.2,40.56648356119792,1.403376987250632,0.0003436212079333005,0.0013276306822262017,0.21090017546851716,,,30,293760,30,293760,0.6241714712232351,4700160,4700160
b729ad24b6b0,cad564bfe53c,MH / ΔW / ring,42,/home/gogoi/ahlora-runs/p3-heterogeneous-delta,full_data_benchmark,17,0.27453195324259794,0.2745,0.0512,0.12650000000000003,0.2075,44.89418131510417,1.3832478417650644,0.0003195978870255912,0.0012367386738385787,0.2167412159761322,,,30,293760,30,293760,0.617338091135025,4993920,4993920
b729ad24b6b0,cad564bfe53c,MH / ΔW / ring,42,/home/gogoi/ahlora-runs/p3-heterogeneous-delta,full_data_benchmark,18,0.27933435684560126,0.2793,0.0533,0.14249999999999996,0.2025,48.774365234375,1.3701845572673437,0.0002889785090918834,0.001083149432192507,0.21646628367345025,,,30,293760,30,293760,0.6251815157011151,5287680,5287680
b729ad24b6b0,cad564bfe53c,MH / ΔW / ring,42,/home/gogoi/ahlora-runs/p3-heterogeneous-delta,full_data_benchmark,19,0.2804324564444505,0.2804,0.0537,0.13899999999999998,0.2055,52.636372884114586,1.3595118871508016,0.0002648784039992615,0.0009484262152763525,0.21776005795284922,,,30,293760,30,293760,0.7007414177060127,5581440,5581440
b729ad24b6b0,cad564bfe53c,MH / ΔW / ring,42,/home/gogoi/ahlora-runs/p3-heterogeneous-delta,full_data_benchmark,20,0.2787319553436495,0.2787,0.0542,0.12450000000000003,0.2145,56.661478678385414,1.3505659610621417,0.00024974957329583795,0.0008979445772880126,0.2217680367071125,,,30,293760,30,293760,0.7230470860376954,5875200,5875200
b729ad24b6b0,cad564bfe53c,MH / ΔW / ring,42,/home/gogoi/ahlora-runs/p3-heterogeneous-delta,full_data_benchmark,21,0.28133365749557654,0.2813,0.0548,0.12500000000000003,0.2125,60.77135009765625,1.3395971607552404,0.00023519943115084903,0.0008494000042551716,0.22672455683029208,,,30,293760,30,293760,0.6710285879671574,6168960,6168960
b729ad24b6b0,cad564bfe53c,MH / ΔW / ring,42,/home/gogoi/ahlora-runs/p3-heterogeneous-delta,full_data_benchmark,22,0.2838325581953768,0.2838,0.0543,0.13300000000000003,0.208,66.00898844401041,1.3328557516189146,0.00021893520933763538,0.000778285236997977,0.22964312597338601,,,30,293760,30,293760,0.6710965624079108,6462720,6462720
b729ad24b6b0,cad564bfe53c,MH / ΔW / ring,42,/home/gogoi/ahlora-runs/p3-heterogeneous-delta,full_data_benchmark,23,0.28583305944625287,0.2858,0.0549,0.13199999999999998,0.2125,70.38433430989583,1.3232001233737536,0.00020400446497707999,0.0007109137047939059,0.23101736074351417,,,30,293760,30,293760,0.5991355022415519,6756480,6756480
b729ad24b6b0,cad564bfe53c,MH / ΔW / ring,42,/home/gogoi/ahlora-runs/p3-heterogeneous-delta,full_data_benchmark,24,0.2828339583961773,0.2828,0.0541,0.12899999999999998,0.2155,74.25989583333333,1.3198800841032627,0.00019077898296476374,0.0006620061102776503,0.23148759769518013,,,30,293760,30,293760,0.566886717453599,7050240,7050240
b729ad24b6b0,cad564bfe53c,MH / ΔW / ring,42,/home/gogoi/ahlora-runs/p3-heterogeneous-delta,full_data_benchmark,25,0.28433260847053954,0.2843,0.055,0.12400000000000003,0.218,79.08489583333333,1.317511906188944,0.00018032945647232566,0.00063355986510946,0.23474752143749053,,,30,293760,30,293760,0.5912263467907906,7344000,7344000
b729ad24b6b0,cad564bfe53c,MH / ΔW / ring,42,/home/gogoi/ahlora-runs/p3-heterogeneous-delta,full_data_benchmark,26,0.28453190822006413,0.2845,0.0527,0.13199999999999998,0.212,83.4578125,1.3081530780258768,0.00017132052766416825,0.0005835370123233169,0.2365662445250109,,,30,293760,30,293760,0.5710421781986952,7637760,7637760
b729ad24b6b0,cad564bfe53c,MH / ΔW / ring,42,/home/gogoi/ahlora-runs/p3-heterogeneous-delta,full_data_benchmark,27,0.2882323102712908,0.2882,0.0512,0.11850000000000002,0.2245,88.64840494791666,1.3035076247479396,0.0001626807993185283,0.0005557773518039565,0.23910325666068577,,,30,293760,30,293760,0.5875136181712151,7931520,7931520
b729ad24b6b0,cad564bfe53c,MH / ΔW / ring,42,/home/gogoi/ahlora-runs/p3-heterogeneous-delta,full_data_benchmark,28,0.2897320108714411,0.2897,0.0512,0.11899999999999997,0.226,92.7082763671875,1.3010735793658534,0.0001540647283443339,0.0005178098774461338,0.2422427032397915,,,30,293760,30,293760,0.5716914236545563,8225280,8225280
b729ad24b6b0,cad564bfe53c,MH / ΔW / ring,42,/home/gogoi/ahlora-runs/p3-heterogeneous-delta,full_data_benchmark,29,0.29203341272306793,0.292,0.0506,0.11199999999999996,0.2325,97.70245768229167,1.2977787776325345,0.00014549669346950497,0.0004945885764876298,0.2433045809323024,,,30,293760,30,293760,0.5661758221685886,8519040,8519040
b729ad24b6b0,cad564bfe53c,MH / ΔW / ring,42,/home/gogoi/ahlora-runs/p3-heterogeneous-delta,full_data_benchmark,30,0.2941352146749447,0.2941,0.0517,0.11799999999999997,0.233,102.05441080729166,1.2907292571737834,0.00013693399613296783,0.000445955582803791,0.24359905747475447,,,30,293760,30,293760,0.5555455917492509,8812800,8812800
b729ad24b6b0,cad564bfe53c,MH / ΔW / ring,42,/home/gogoi/ahlora-runs/p3-heterogeneous-delta,full_data_benchmark,31,0.29503491497494494,0.295,0.051,0.13249999999999998,0.2235,106.24734700520834,1.2912495207209012,0.00013087976086369565,0.00041794690046916515,0.24541141598005348,,,30,293760,30,293760,0.5829409128054976,9106560,9106560
b729ad24b6b0,cad564bfe53c,MH / ΔW / ring,42,/home/gogoi/ahlora-runs/p3-heterogeneous-delta,full_data_benchmark,32,0.2967372169770971,0.2967,0.0493,0.14049999999999999,0.2215,112.75359700520833,1.285826168419834,0.00012465278341490925,0.00040139213988271455,0.24689392201223653,,,30,293760,30,293760,0.5750950574874878,9400320,9400320
b729ad24b6b0,cad564bfe53c,MH / ΔW / ring,42,/home/gogoi/ahlora-runs/p3-heterogeneous-delta,full_data_benchmark,33,0.29554021787904844,0.2955,0.0501,0.147,0.2145,117.6991943359375,1.2850577170900572,0.00011702014416328499,0.0003687604787184064,0.24376719640247302,,,30,293760,30,293760,0.6417055213823915,9694080,9694080
b729ad24b6b0,cad564bfe53c,MH / ΔW / ring,42,/home/gogoi/ahlora-runs/p3-heterogeneous-delta,full_data_benchmark,34,0.29663831747789765,0.2966,0.0504,0.12549999999999997,0.23,123.253271484375,1.284740875439375,0.00011209701611914181,0.0003535604008746814,0.24420197909522964,,,30,293760,30,293760,0.6160013815388083,9987840,9987840
b729ad24b6b0,cad564bfe53c,MH / ΔW / ring,42,/home/gogoi/ahlora-runs/p3-heterogeneous-delta,full_data_benchmark,35,0.29574116845481163,0.2957,0.0496,0.12949999999999998,0.228,128.68350423177083,1.2741504648138102,0.00010837565800583063,0.000342196913173194,0.24863298806697004,,,30,293760,30,293760,0.6124641634523869,10281600,10281600
b729ad24b6b0,cad564bfe53c,MH / ΔW / ring,42,/home/gogoi/ahlora-runs/p3-heterogeneous-delta,full_data_benchmark,36,0.29344006675341006,0.2934,0.0522,0.11499999999999999,0.236,133.21536458333333,1.27594261783706,0.00010291729776761477,0.0003272804742342228,0.24826214253468304,,,30,293760,30,293760,0.6348653510212898,10575360,10575360
b729ad24b6b0,cad564bfe53c,MH / ΔW / ring,42,/home/gogoi/ahlora-runs/p3-heterogeneous-delta,full_data_benchmark,37,0.3010424217320769,0.301,0.0528,0.1215,0.238,137.3490234375,1.2785891557582016,9.812062705859e-05,0.00030393792056085503,0.24912277661787055,,,30,293760,30,293760,0.565070535056293,10869120,10869120
b729ad24b6b0,cad564bfe53c,MH / ΔW / ring,42,/home/gogoi/ahlora-runs/p3-heterogeneous-delta,full_data_benchmark,38,0.30013851932892416,0.3001,0.0524,0.1295,0.236,143.29256184895834,1.2745752835292135,9.256640222573363e-05,0.0002866737400595427,0.24482831326771096,,,30,293760,30,293760,0.5649433843791485,11162880,11162880
b729ad24b6b0,cad564bfe53c,MH / ΔW / ring,42,/home/gogoi/ahlora-runs/p3-heterogeneous-delta,full_data_benchmark,39,0.3013392703047876,0.3013,0.0525,0.1275,0.2365,147.6328125,1.272347205242985,8.91915707301674e-05,0.0002720586684099107,0.24830461863492323,,,30,293760,30,293760,0.5733706075698137,11456640,11456640
b729ad24b6b0,cad564bfe53c,MH / ΔW / ring,42,/home/gogoi/ahlora-runs/p3-heterogeneous-delta,full_data_benchmark,40,0.30293727010368693,0.3029,0.0561,0.1255,0.24,153.96490885416668,1.2723398481026043,8.545766182781624e-05,0.00026550015884870817,0.24795891621428534,,,30,293760,30,293760,0.5774574084207416,11750400,11750400
b729ad24b6b0,cad564bfe53c,MH / ΔW / ring,42,/home/gogoi/ahlora-runs/p3-heterogeneous-delta,full_data_benchmark,41,0.3018402210306259,0.3018,0.0553,0.1225,0.2375,159.29147135416667,1.2706801245343498,8.174113181055435e-05,0.0002484146574003657,0.24623407668391337,,,30,293760,30,293760,0.5894903931766748,12044160,12044160
b729ad24b6b0,cad564bfe53c,MH / ΔW / ring,42,/home/gogoi/ahlora-runs/p3-heterogeneous-delta,full_data_benchmark,42,0.30264042153097626,0.3026,0.0566,0.13349999999999998,0.234,163.63170572916667,1.266266501209247,7.845833288172736e-05,0.0002430592690167667,0.24635124899638564,,,30,293760,30,293760,0.5881810421124101,12337920,12337920
b729ad24b6b0,cad564bfe53c,MH / ΔW / ring,42,/home/gogoi/ahlora-runs/p3-heterogeneous-delta,full_data_benchmark,43,0.30243736990363673,0.3024,0.0573,0.134,0.2365,169.40950520833334,1.2643162212193986,7.544197739802697e-05,0.00023657942763644088,0.24701748455327105,,,30,293760,30,293760,0.5919914692640305,12631680,12631680
b729ad24b6b0,cad564bfe53c,MH / ΔW / ring,42,/home/gogoi/ahlora-runs/p3-heterogeneous-delta,full_data_benchmark,44,0.302139470805138,0.3021,0.0582,0.1355,0.2395,172.48889973958333,1.259568687856835,7.201777846666659e-05,0.00022664913823765132,0.24725658289559457,,,30,293760,30,293760,0.5820230385288596,12925440,12925440
b729ad24b6b0,cad564bfe53c,MH / ΔW / ring,42,/home/gogoi/ahlora-runs/p3-heterogeneous-delta,full_data_benchmark,45,0.3011401206303755,0.3011,0.0576,0.1395,0.236,179.218505859375,1.257888296843187,7.031468976664971e-05,0.00022989052183984584,0.2516702257502326,,,30,293760,30,293760,0.564988486468792,13219200,13219200
b729ad24b6b0,cad564bfe53c,MH / ΔW / ring,42,/home/gogoi/ahlora-runs/p3-heterogeneous-delta,full_data_benchmark,46,0.30193791992892444,0.3019,0.059,0.1295,0.239,184.20870768229167,1.2596452631837474,6.696789588537616e-05,0.00021648455107543344,0.24958280626578927,,,30,293760,30,293760,0.5583350835368037,13512960,13512960
b729ad24b6b0,cad564bfe53c,MH / ΔW / ring,42,/home/gogoi/ahlora-runs/p3-heterogeneous-delta,full_data_benchmark,47,0.3029402716059388,0.3029,0.059,0.146,0.2305,187.87132161458334,1.2568340751036875,6.359350430774369e-05,0.00020095968281307275,0.24797759707442613,,,30,293760,30,293760,0.5548026151955128,13806720,13806720
b729ad24b6b0,cad564bfe53c,MH / ΔW / ring,42,/home/gogoi/ahlora-runs/p3-heterogeneous-delta,full_data_benchmark,48,0.3084432258345302,0.3084,0.061,0.14550000000000002,0.237,193.06949869791666,1.2508299628029385,6.149571498708201e-05,0.000196512458522117,0.25003272089707024,,,30,293760,30,293760,0.5546160731464624,14100480,14100480
b729ad24b6b0,cad564bfe53c,MH / ΔW / ring,42,/home/gogoi/ahlora-runs/p3-heterogeneous-delta,full_data_benchmark,49,0.30554092323207754,0.3055,0.0627,0.14150000000000001,0.2365,198.06634114583332,1.251527180530293,5.923506568893438e-05,0.0001957209513707613,0.24993202484012425,,,30,293760,30,293760,0.5495031354948878,14394240,14394240
b729ad24b6b0,cad564bfe53c,MH / ΔW / ring,42,/home/gogoi/ahlora-runs/p3-heterogeneous-delta,full_data_benchmark,50,0.30883882383132755,0.3088,0.0646,0.15,0.233,201.79287109375,1.2547445782654276,5.715783306846376e-05,0.0001935592031769918,0.25024748605572616,,,30,293760,30,293760,0.554443889297545,14688000,14688000
b729ad24b6b0,658f968893fe,Oracle / ΔW / bridge 5,42,/home/gogoi/ahlora-runs/p3-heterogeneous-delta,full_data_benchmark,1,0.07039603321462391,0.0704,0.015,0.032499999999999994,0.055,2.9511149088541666,3.486626647373264,5.301129967349421e-05,0.0002264346608833714,0.0004469653606512895,,,30,293760,30,293760,0.5622871685773134,293760,293760
b729ad24b6b0,658f968893fe,Oracle / ΔW / bridge 5,42,/home/gogoi/ahlora-runs/p3-heterogeneous-delta,full_data_benchmark,2,0.12140356248302274,0.1214,0.0156,0.065,0.0925,3.9648646036783854,2.701832063302023,0.0003300782389338178,0.0015758315411700326,0.004572996737590055,,,30,293760,30,293760,0.5636789035052061,587520,587520
b729ad24b6b0,658f968893fe,Oracle / ΔW / bridge 5,42,/home/gogoi/ahlora-runs/p3-heterogeneous-delta,full_data_benchmark,3,0.19590865228046636,0.1959,0.0189,0.0915,0.137,6.576177978515625,2.2853632786093367,0.000841142195152049,0.003910328412748096,0.018763679809948523,,,30,293760,30,293760,0.5894570481032133,881280,881280
b729ad24b6b0,658f968893fe,Oracle / ΔW / bridge 5,42,/home/gogoi/ahlora-runs/p3-heterogeneous-delta,full_data_benchmark,4,0.2568157362760061,0.2568,0.0244,0.123,0.1745,10.914137776692709,1.9374818071753084,0.001292511889298509,0.0055279785572536775,0.04327932924474756,,,30,293760,30,293760,0.6161529906094074,1175040,1175040
b729ad24b6b0,658f968893fe,Oracle / ΔW / bridge 5,42,/home/gogoi/ahlora-runs/p3-heterogeneous-delta,full_data_benchmark,5,0.27572219896057976,0.2757,0.029,0.13300000000000003,0.2065,7.720000712076823,1.686182772922463,0.0025338481035015003,0.007959867404881324,0.09733931381100168,,,210,2056320,80,2853760,0.668594011105597,3231360,4028800
b729ad24b6b0,658f968893fe,Oracle / ΔW / bridge 5,42,/home/gogoi/ahlora-runs/p3-heterogeneous-delta,full_data_benchmark,6,0.30561926244085164,0.3056,0.0413,0.142,0.2205,13.533935546875,1.6351402268523172,0.0016293011248225177,0.006070669163348298,0.09469260251159237,,,30,293760,30,293760,0.6698938487097621,3525120,4322560
b729ad24b6b0,658f968893fe,Oracle / ΔW / bridge 5,42,/home/gogoi/ahlora-runs/p3-heterogeneous-delta,full_data_benchmark,7,0.3434212323267795,0.3434,0.0518,0.1395,0.266,19.698604329427084,1.4895389456377162,0.0013723121938132717,0.005474278942347294,0.10434502319822059,,,30,293760,30,293760,0.6332575660198927,3818880,4616320
b729ad24b6b0,658f968893fe,Oracle / ΔW / bridge 5,42,/home/gogoi/ahlora-runs/p3-heterogeneous-delta,full_data_benchmark,8,0.3656222939581261,0.3656,0.0608,0.123,0.2955,26.51839803059896,1.3864489740572663,0.0012347547477082898,0.005045493387279531,0.11592050105378272,,,30,293760,30,293760,0.6471206452697515,4112640,4910080
b729ad24b6b0,658f968893fe,Oracle / ΔW / bridge 5,42,/home/gogoi/ahlora-runs/p3-heterogeneous-delta,full_data_benchmark,9,0.38001899950925444,0.38,0.076,0.14450000000000002,0.301,31.744632975260416,1.3100998444774408,0.001163337289130454,0.004681985987817367,0.12462491306532779,,,30,293760,30,293760,0.647165953181684,4406400,5203840
b729ad24b6b0,658f968893fe,Oracle / ΔW / bridge 5,42,/home/gogoi/ahlora-runs/p3-heterogeneous-delta,full_data_benchmark,10,0.3716237977107542,0.3716,0.08,0.1275,0.306,16.520182291666668,1.2578865081946538,0.0024818997562956915,0.007079264130187596,0.2389418766523401,,,210,2056320,80,2853760,0.6721912464126945,6462720,8057600
b729ad24b6b0,658f968893fe,Oracle / ΔW / bridge 5,42,/home/gogoi/ahlora-runs/p3-heterogeneous-delta,full_data_benchmark,11,0.3855201528364947,0.3855,0.0877,0.14600000000000002,0.308,24.0603759765625,1.3218633204041257,0.001239856847112653,0.004186250195751762,0.1523373130109879,,,30,293760,30,293760,0.6684812745079398,6756480,8351360
b729ad24b6b0,658f968893fe,Oracle / ΔW / bridge 5,42,/home/gogoi/ahlora-runs/p3-heterogeneous-delta,full_data_benchmark,12,0.4059198628913771,0.4059,0.0934,0.13049999999999995,0.339,32.01648152669271,1.249143003501419,0.0009076564986604437,0.003479830864481348,0.13387066753927382,,,30,293760,30,293760,0.6357955858111382,7050240,8645120
b729ad24b6b0,658f968893fe,Oracle / ΔW / bridge 5,42,/home/gogoi/ahlora-runs/p3-heterogeneous-delta,full_data_benchmark,13,0.4163185674430052,0.4163,0.104,0.14149999999999996,0.3435,38.63333333333333,1.2039773673057705,0.0008254503542304397,0.00326221177140204,0.13361313864495136,,,30,293760,30,293760,0.6546788709238172,7344000,8938880
b729ad24b6b0,658f968893fe,Oracle / ΔW / bridge 5,42,/home/gogoi/ahlora-runs/p3-heterogeneous-delta,full_data_benchmark,14,0.425717171444308,0.4257,0.1128,0.1345,0.3545,44.09961751302083,1.1708973405312364,0.000774759943925035,0.0031213457068909756,0.13254721942655578,,,30,293760,30,293760,0.6949109314009547,7637760,9232640
b729ad24b6b0,658f968893fe,Oracle / ΔW / bridge 5,42,/home/gogoi/ahlora-runs/p3-heterogeneous-delta,full_data_benchmark,15,0.4111210160685423,0.4111,0.1041,0.1235,0.3495,23.123982747395832,1.1449750414399489,0.0021123565608801285,0.00538311491008599,0.31863818103447555,,,210,2056320,80,2853760,0.7141239447519183,9694080,12086400
b729ad24b6b0,658f968893fe,Oracle / ΔW / bridge 5,42,/home/gogoi/ahlora-runs/p3-heterogeneous-delta,full_data_benchmark,16,0.41651891771831806,0.4165,0.1109,0.14150000000000001,0.346,32.851460774739586,1.2281176052989384,0.0009384150381276695,0.0030792114306948544,0.17261334367891928,,,30,293760,30,293760,0.6186936628073454,9987840,12380160
b729ad24b6b0,658f968893fe,Oracle / ΔW / bridge 5,42,/home/gogoi/ahlora-runs/p3-heterogeneous-delta,full_data_benchmark,17,0.4332161246703975,0.4332,0.1112,0.136,0.368,43.27626139322917,1.1723645207580367,0.0006566515104963983,0.002407884461762667,0.13985757871814714,,,30,293760,30,293760,0.5867279730737209,10281600,12673920
b729ad24b6b0,658f968893fe,Oracle / ΔW / bridge 5,42,/home/gogoi/ahlora-runs/p3-heterogeneous-delta,full_data_benchmark,18,0.4398177787982885,0.4398,0.1189,0.14449999999999996,0.363,52.8359130859375,1.1381163058940393,0.0005790039682831085,0.002226251644626365,0.1339921640705749,,,30,293760,30,293760,0.5823290375992656,10575360,12967680
b729ad24b6b0,658f968893fe,Oracle / ΔW / bridge 5,42,/home/gogoi/ahlora-runs/p3-heterogeneous-delta,full_data_benchmark,19,0.4465168316742529,0.4465,0.1307,0.13899999999999996,0.3745,61.4323974609375,1.1140320774588197,0.0005584657460754789,0.0020570944643384386,0.135281670428166,,,30,293760,30,293760,0.5572192315012217,10869120,13261440
b729ad24b6b0,658f968893fe,Oracle / ΔW / bridge 5,42,/home/gogoi/ahlora-runs/p3-heterogeneous-delta,full_data_benchmark,20,0.4274247260754007,0.4274,0.1197,0.1265,0.3615,32.018776448567706,1.0930672265304675,0.0017957200294419827,0.004410175994079817,0.3796329200423012,,,210,2056320,80,2853760,0.5942538687959313,12925440,16115200
b729ad24b6b0,658f968893fe,Oracle / ΔW / bridge 5,42,/home/gogoi/ahlora-runs/p3-heterogeneous-delta,full_data_benchmark,21,0.4295184239711976,0.4295,0.12,0.1365,0.359,44.90257568359375,1.1845615908743823,0.00075436896817828,0.002272423870603937,0.18983157377806492,,,30,293760,30,293760,0.5582709321752191,13219200,16408960
b729ad24b6b0,658f968893fe,Oracle / ΔW / bridge 5,42,/home/gogoi/ahlora-runs/p3-heterogeneous-delta,full_data_benchmark,22,0.4394172283227755,0.4394,0.1233,0.137,0.371,59.20577392578125,1.1443131376575388,0.0004904649340555399,0.0016355196517084168,0.14142586107445823,,,30,293760,30,293760,0.5685715563595295,13512960,16702720
b729ad24b6b0,658f968893fe,Oracle / ΔW / bridge 5,42,/home/gogoi/ahlora-runs/p3-heterogeneous-delta,full_data_benchmark,23,0.4468172820496658,0.4468,0.1352,0.1355,0.3795,71.871435546875,1.1100388365157459,0.00042207570228660994,0.0015093731527304607,0.13072968673903537,,,30,293760,30,293760,0.5749164968729019,13806720,16996480
b729ad24b6b0,658f968893fe,Oracle / ΔW / bridge 5,42,/home/gogoi/ahlora-runs/p3-heterogeneous-delta,full_data_benchmark,24,0.45601763682723195,0.456,0.1376,0.131,0.386,82.8077880859375,1.0896176221426586,0.00040088052556496443,0.0014492814126326943,0.12938308194267403,,,30,293760,30,293760,0.5660144658759236,14100480,17290240
b729ad24b6b0,658f968893fe,Oracle / ΔW / bridge 5,42,/home/gogoi/ahlora-runs/p3-heterogeneous-delta,full_data_benchmark,25,0.43212387800093943,0.4321,0.1243,0.09749999999999998,0.376,43.01724446614583,1.0665025897411686,0.0015141535511810722,0.0038063079350537394,0.4279210573062301,,,210,2056320,80,2853760,0.5919802933931351,16156800,20144000
b729ad24b6b0,658f968893fe,Oracle / ΔW / bridge 5,42,/home/gogoi/ahlora-runs/p3-heterogeneous-delta,full_data_benchmark,26,0.4390181785983885,0.439,0.1315,0.121,0.3755,58.50315755208333,1.1606397217300248,0.0006093579799625426,0.001916533422890776,0.20292971931606493,,,30,293760,30,293760,0.561976664699614,16450560,20437760
b729ad24b6b0,658f968893fe,Oracle / ΔW / bridge 5,42,/home/gogoi/ahlora-runs/p3-heterogeneous-delta,full_data_benchmark,27,0.44491583037310173,0.4449,0.1322,0.121,0.382,76.05221354166666,1.1211398319368509,0.0003893386704281003,0.001332713036049687,0.1461202988060298,,,30,293760,30,293760,0.5630498239770532,16744320,20731520
b729ad24b6b0,658f968893fe,Oracle / ΔW / bridge 5,42,/home/gogoi/ahlora-runs/p3-heterogeneous-delta,full_data_benchmark,28,0.4509162835999418,0.4509,0.134,0.12999999999999995,0.3845,92.01795247395833,1.0944105329332199,0.000323039493691136,0.0011859956172861072,0.1302668384586165,,,30,293760,30,293760,0.5670094005763531,17038080,21025280
b729ad24b6b0,658f968893fe,Oracle / ΔW / bridge 5,42,/home/gogoi/ahlora-runs/p3-heterogeneous-delta,full_data_benchmark,29,0.45661838750294514,0.4566,0.1397,0.1185,0.3985,106.26258138020833,1.0739335646944856,0.00030073819723555167,0.0011764481185459533,0.12675620316358238,,,30,293760,30,293760,0.5614756466820836,17331840,21319040
b729ad24b6b0,658f968893fe,Oracle / ΔW / bridge 5,42,/home/gogoi/ahlora-runs/p3-heterogeneous-delta,full_data_benchmark,30,0.43642277960119036,0.4364,0.1278,0.1195,0.369,55.12574055989583,1.0569050195902314,0.0012644097961058416,0.003367540728821475,0.4723602171832075,,,210,2056320,80,2853760,0.606369948014617,19388160,24172800
b729ad24b6b0,658f968893fe,Oracle / ΔW / bridge 5,42,/home/gogoi/ahlora-runs/p3-heterogeneous-delta,full_data_benchmark,31,0.4398189793991893,0.4398,0.1352,0.12,0.3735,75.03180338541667,1.152692285705586,0.0005090636876177239,0.0018679801595439252,0.22160187451287736,,,30,293760,30,293760,0.6701078973710537,19681920,24466560
b729ad24b6b0,658f968893fe,Oracle / ΔW / bridge 5,42,/home/gogoi/ahlora-runs/p3-heterogeneous-delta,full_data_benchmark,32,0.4487178332755545,0.4487,0.132,0.1295,0.3775,95.83880208333333,1.1110780297815015,0.0003130806627748248,0.0012437948625521696,0.153527143340519,,,30,293760,30,293760,0.5952973831444979,19975680,24760320
b729ad24b6b0,658f968893fe,Oracle / ΔW / bridge 5,42,/home/gogoi/ahlora-runs/p3-heterogeneous-delta,full_data_benchmark,33,0.45661973817895857,0.4566,0.1358,0.13649999999999995,0.384,115.6421875,1.0883694743206536,0.00025197326857412936,0.001067506987373149,0.1322897281036982,,,30,293760,30,293760,0.5701642781496048,20269440,25054080
b729ad24b6b0,658f968893fe,Oracle / ΔW / bridge 5,42,/home/gogoi/ahlora-runs/p3-heterogeneous-delta,full_data_benchmark,34,0.46571909240574905,0.4657,0.1405,0.14549999999999996,0.393,133.516357421875,1.0694949799058757,0.00023036500608518965,0.0010196485630760497,0.12656768410206876,,,30,293760,30,293760,0.5711251441389322,20563200,25347840
b729ad24b6b0,658f968893fe,Oracle / ΔW / bridge 5,42,/home/gogoi/ahlora-runs/p3-heterogeneous-delta,full_data_benchmark,35,0.44092548320434377,0.4409,0.1296,0.129,0.3675,69.25198567708334,1.048257813107639,0.0010372969850977476,0.0030500870173936524,0.516984625828142,,,210,2056320,80,2853760,0.5664440440014005,22619520,28201600
b729ad24b6b0,658f968893fe,Oracle / ΔW / bridge 5,42,/home/gogoi/ahlora-runs/p3-heterogeneous-delta,full_data_benchmark,36,0.44001947974961464,0.44,0.1349,0.131,0.3665,91.55603841145833,1.1499693281775498,0.00041482786794424706,0.001648990032859281,0.2371835247409763,,,30,293760,30,293760,0.5514039853587747,22913280,28495360
b729ad24b6b0,658f968893fe,Oracle / ΔW / bridge 5,42,/home/gogoi/ahlora-runs/p3-heterogeneous-delta,full_data_benchmark,37,0.45371938655296973,0.4537,0.1297,0.15250000000000002,0.3735,116.66067708333334,1.1140413332862993,0.00026327662414023673,0.0011442968250864323,0.16857720072675875,,,30,293760,30,293760,0.5461953524500132,23207040,28789120
b729ad24b6b0,658f968893fe,Oracle / ΔW / bridge 5,42,/home/gogoi/ahlora-runs/p3-heterogeneous-delta,full_data_benchmark,38,0.45961868915392157,0.4596,0.134,0.14800000000000002,0.382,141.53271484375,1.0828240311905304,0.00020445271882905735,0.0008864637635016173,0.14182667338727697,,,30,293760,30,293760,0.5492841936647892,23500800,29082880
b729ad24b6b0,658f968893fe,Oracle / ΔW / bridge 5,42,/home/gogoi/ahlora-runs/p3-heterogeneous-delta,full_data_benchmark,39,0.46391909150529836,0.4639,0.132,0.14099999999999996,0.3855,165.34537760416666,1.0619382884454966,0.00018626869587990552,0.0008350366516934601,0.13687109718672635,,,30,293760,30,293760,0.557064856402576,23794560,29376640
b729ad24b6b0,658f968893fe,Oracle / ΔW / bridge 5,42,/home/gogoi/ahlora-runs/p3-heterogeneous-delta,full_data_benchmark,40,0.44692443568005785,0.4469,0.1296,0.1375,0.3695,86.30584309895833,1.0427322214056705,0.0008367793773307046,0.0026605886794256834,0.5694037371780724,,,210,2056320,80,2853760,0.5704341679811478,25850880,32230400
b729ad24b6b0,658f968893fe,Oracle / ΔW / bridge 5,42,/home/gogoi/ahlora-runs/p3-heterogeneous-delta,full_data_benchmark,41,0.44971973472723104,0.4497,0.1323,0.16349999999999998,0.364,114.01297200520834,1.13598900134206,0.0003493973106700569,0.0014484209788506524,0.2707075689897465,,,30,293760,30,293760,0.5476314872503281,26144640,32524160
b729ad24b6b0,658f968893fe,Oracle / ΔW / bridge 5,42,/home/gogoi/ahlora-runs/p3-heterogeneous-delta,full_data_benchmark,42,0.46161889025457253,0.4616,0.1333,0.16199999999999998,0.3785,143.614892578125,1.100742975899755,0.00022081358861846925,0.0010434434674144084,0.18976036151689185,,,30,293760,30,293760,0.5471003707498312,26438400,32817920
b729ad24b6b0,658f968893fe,Oracle / ΔW / bridge 5,42,/home/gogoi/ahlora-runs/p3-heterogeneous-delta,full_data_benchmark,43,0.465218441830136,0.4652,0.1328,0.15050000000000002,0.3865,173.22745768229166,1.075228331897219,0.00017386171537194203,0.0008449655945084324,0.16091210547086424,,,30,293760,30,293760,0.5558283841237426,26732160,33111680
b729ad24b6b0,658f968893fe,Oracle / ΔW / bridge 5,42,/home/gogoi/ahlora-runs/p3-heterogeneous-delta,full_data_benchmark,44,0.4692206449327889,0.4692,0.1351,0.15600000000000003,0.389,201.61559244791667,1.0547840852252512,0.00015233355076589802,0.0007553394609787954,0.14946918902539133,,,30,293760,30,293760,0.5559084163978696,27025920,33405440
b729ad24b6b0,658f968893fe,Oracle / ΔW / bridge 5,42,/home/gogoi/ahlora-runs/p3-heterogeneous-delta,full_data_benchmark,45,0.4475263869566718,0.4475,0.1248,0.15349999999999997,0.361,103.7730712890625,1.041974181446116,0.0006588014850031967,0.0021847918403037564,0.612848340952769,,,210,2056320,80,2853760,0.6435710862278938,29082240,36259200
b729ad24b6b0,658f968893fe,Oracle / ΔW / bridge 5,42,/home/gogoi/ahlora-runs/p3-heterogeneous-delta,full_data_benchmark,46,0.45091943517730626,0.4509,0.1302,0.16749999999999998,0.364,135.75367838541666,1.1400462599831935,0.0002785522533631576,0.0012115392819709422,0.29172867026985233,,,30,293760,30,293760,0.631893272511661,29376000,36552960
b729ad24b6b0,658f968893fe,Oracle / ΔW / bridge 5,42,/home/gogoi/ahlora-runs/p3-heterogeneous-delta,full_data_benchmark,47,0.460417388903146,0.4604,0.135,0.16450000000000004,0.3745,171.75084635416667,1.0975349095179916,0.00017765090410926546,0.0008784885686609049,0.20526171156974063,,,30,293760,30,293760,0.7124458439648151,29669760,36846720
b729ad24b6b0,658f968893fe,Oracle / ΔW / bridge 5,42,/home/gogoi/ahlora-runs/p3-heterogeneous-delta,full_data_benchmark,48,0.46152029090559826,0.4615,0.1337,0.16549999999999998,0.379,206.67958984375,1.0631014132546568,0.00013910873337065862,0.000693817675097879,0.1738204498967813,,,30,293760,30,293760,0.6425930084660649,29963520,37140480
b729ad24b6b0,658f968893fe,Oracle / ΔW / bridge 5,42,/home/gogoi/ahlora-runs/p3-heterogeneous-delta,full_data_benchmark,49,0.4711189450319885,0.4711,0.1391,0.15599999999999997,0.3895,240.445263671875,1.0449492914251197,0.00012316961917386952,0.0006442944301346822,0.1621726304463967,,,30,293760,30,293760,0.6288371784612536,30257280,37434240
b729ad24b6b0,658f968893fe,Oracle / ΔW / bridge 5,42,/home/gogoi/ahlora-runs/p3-heterogeneous-delta,full_data_benchmark,50,0.446727086906997,0.4467,0.1239,0.16400000000000003,0.351,122.97451985677084,1.0353633784877911,0.0005025640029537502,0.001657772467441605,0.6451436654975017,,,210,2056320,80,2853760,0.670144091360271,32313600,40288000
b729ad24b6b0,51d33462378d,Local / ΔW,43,/home/gogoi/ahlora-runs/p3-heterogeneous-delta,full_data_benchmark,1,0.05489927708818263,0.0549,0.0098,0.0425,0.0395,4.018510182698567,3.5922637717830983,0.0,0.0,0.0,,,0,0,0,0,0.4965827213600278,0,0
b729ad24b6b0,51d33462378d,Local / ΔW,43,/home/gogoi/ahlora-runs/p3-heterogeneous-delta,full_data_benchmark,2,0.09731665698682189,0.0973,0.0106,0.032,0.0805,12.652616373697917,2.5531627801154633,0.0,0.0,0.0,,,0,0,0,0,0.4604812702164054,0,0
b729ad24b6b0,51d33462378d,Local / ΔW,43,/home/gogoi/ahlora-runs/p3-heterogeneous-delta,full_data_benchmark,3,0.17153585369477423,0.1715,0.0157,0.09349999999999999,0.117,35.99381103515625,2.1648226974089004,0.0,0.0,0.0,,,0,0,0,0,0.4556460827589035,0,0
b729ad24b6b0,51d33462378d,Local / ΔW,43,/home/gogoi/ahlora-runs/p3-heterogeneous-delta,full_data_benchmark,4,0.24644794719757243,0.2464,0.0297,0.131,0.1885,69.24684244791666,1.7506654149812937,0.0,0.0,0.0,,,0,0,0,0,0.4689292497932911,0,0
b729ad24b6b0,51d33462378d,Local / ΔW,43,/home/gogoi/ahlora-runs/p3-heterogeneous-delta,full_data_benchmark,5,0.30214922568745656,0.3021,0.0391,0.13249999999999998,0.234,96.36617838541666,1.4323659827491424,0.0,0.0,0.0,,,0,0,0,0,0.46388496086001396,0,0
b729ad24b6b0,51d33462378d,Local / ΔW,43,/home/gogoi/ahlora-runs/p3-heterogeneous-delta,full_data_benchmark,6,0.3435532984258622,0.3435,0.0488,0.122,0.2795,121.50469563802083,1.2155166546465919,0.0,0.0,0.0,,,0,0,0,0,0.46980959083884954,0,0
b729ad24b6b0,51d33462378d,Local / ΔW,43,/home/gogoi/ahlora-runs/p3-heterogeneous-delta,full_data_benchmark,7,0.3745555150352751,0.3745,0.0572,0.10949999999999999,0.324,146.21041666666667,1.0699994610889385,0.0,0.0,0.0,,,0,0,0,0,0.4812897006049752,0,0
b729ad24b6b0,51d33462378d,Local / ΔW,43,/home/gogoi/ahlora-runs/p3-heterogeneous-delta,full_data_benchmark,8,0.39945747846797325,0.3994,0.0618,0.11100000000000004,0.353,173.99495442708334,0.9668980122769864,0.0,0.0,0.0,,,0,0,0,0,0.5475034294649959,0,0
b729ad24b6b0,51d33462378d,Local / ΔW,43,/home/gogoi/ahlora-runs/p3-heterogeneous-delta,full_data_benchmark,9,0.4144583864224044,0.4144,0.0641,0.11549999999999999,0.363,203.16101888020833,0.8921175233329919,0.0,0.0,0.0,,,0,0,0,0,0.4969330411404371,0,0
b729ad24b6b0,51d33462378d,Local / ΔW,43,/home/gogoi/ahlora-runs/p3-heterogeneous-delta,full_data_benchmark,10,0.429858944401673,0.4298,0.0737,0.11599999999999999,0.38,233.25169270833334,0.834198854434123,0.0,0.0,0.0,,,0,0,0,0,0.5123693645000458,0,0
b729ad24b6b0,51d33462378d,Local / ΔW,43,/home/gogoi/ahlora-runs/p3-heterogeneous-delta,full_data_benchmark,11,0.4407590499044773,0.4407,0.0772,0.11099999999999993,0.3935,263.460888671875,0.7928949267118186,0.0,0.0,0.0,,,0,0,0,0,0.5102132894098759,0,0
b729ad24b6b0,51d33462378d,Local / ΔW,43,/home/gogoi/ahlora-runs/p3-heterogeneous-delta,full_data_benchmark,12,0.45366055710883296,0.4536,0.0814,0.11350000000000005,0.4065,294.64641927083335,0.7538498295832573,0.0,0.0,0.0,,,0,0,0,0,0.5488737411797047,0,0
b729ad24b6b0,51d33462378d,Local / ΔW,43,/home/gogoi/ahlora-runs/p3-heterogeneous-delta,full_data_benchmark,13,0.46365736050893475,0.4636,0.0852,0.11700000000000005,0.411,327.2848307291667,0.7247947917589036,0.0,0.0,0.0,,,0,0,0,0,0.49644888937473297,0,0
b729ad24b6b0,51d33462378d,Local / ΔW,43,/home/gogoi/ahlora-runs/p3-heterogeneous-delta,full_data_benchmark,14,0.46725691208449827,0.4672,0.0896,0.11900000000000005,0.414,354.9928385416667,0.6957544269695242,0.0,0.0,0.0,,,0,0,0,0,0.5081526655703783,0,0
b729ad24b6b0,51d33462378d,Local / ΔW,43,/home/gogoi/ahlora-runs/p3-heterogeneous-delta,full_data_benchmark,15,0.4816552684618652,0.4816,0.0909,0.11499999999999999,0.4305,383.56569010416666,0.6732330265591847,0.0,0.0,0.0,,,0,0,0,0,0.48853463772684336,0,0
b729ad24b6b0,51d33462378d,Local / ΔW,43,/home/gogoi/ahlora-runs/p3-heterogeneous-delta,full_data_benchmark,16,0.4825579702641171,0.4825,0.0912,0.12650000000000006,0.4215,408.1998046875,0.6519243661166055,0.0,0.0,0.0,,,0,0,0,0,0.49146396294236183,0,0
b729ad24b6b0,51d33462378d,Local / ΔW,43,/home/gogoi/ahlora-runs/p3-heterogeneous-delta,full_data_benchmark,17,0.48435617026321676,0.4843,0.0931,0.12650000000000006,0.4265,437.38434244791665,0.6343707455369311,0.0,0.0,0.0,,,0,0,0,0,0.4996202941983938,0,0
b729ad24b6b0,51d33462378d,Local / ΔW,43,/home/gogoi/ahlora-runs/p3-heterogeneous-delta,full_data_benchmark,18,0.49175472323898106,0.4917,0.0976,0.1185,0.434,464.5092447916667,0.6152495648763258,0.0,0.0,0.0,,,0,0,0,0,0.49293382465839386,0,0
b729ad24b6b0,51d33462378d,Local / ΔW,43,/home/gogoi/ahlora-runs/p3-heterogeneous-delta,full_data_benchmark,19,0.4974553263908586,0.4974,0.1005,0.11550000000000005,0.4425,491.84495442708334,0.5998524640478446,0.0,0.0,0.0,,,0,0,0,0,0.5095921764150262,0,0
b729ad24b6b0,51d33462378d,Local / ΔW,43,/home/gogoi/ahlora-runs/p3-heterogeneous-delta,full_data_benchmark,20,0.4979562771166969,0.4979,0.1004,0.11600000000000005,0.435,520.9616536458333,0.583490884206472,0.0,0.0,0.0,,,0,0,0,0,0.4881978491321206,0,0
b729ad24b6b0,51d33462378d,Local / ΔW,43,/home/gogoi/ahlora-runs/p3-heterogeneous-delta,full_data_benchmark,21,0.5053563308435872,0.5053,0.0992,0.11200000000000004,0.448,546.8712239583333,0.569276065577704,0.0,0.0,0.0,,,0,0,0,0,0.46623455453664064,0,0
b729ad24b6b0,51d33462378d,Local / ΔW,43,/home/gogoi/ahlora-runs/p3-heterogeneous-delta,full_data_benchmark,22,0.509855582719151,0.5098,0.1004,0.11099999999999999,0.4515,574.0986328125,0.5557355602455739,0.0,0.0,0.0,,,0,0,0,0,0.46712151169776917,0,0
b729ad24b6b0,51d33462378d,Local / ΔW,43,/home/gogoi/ahlora-runs/p3-heterogeneous-delta,full_data_benchmark,23,0.5081532807169988,0.5081,0.1063,0.10999999999999999,0.4555,595.295703125,0.5438821459737084,0.0,0.0,0.0,,,0,0,0,0,0.46554319374263287,0,0
b729ad24b6b0,51d33462378d,Local / ΔW,43,/home/gogoi/ahlora-runs/p3-heterogeneous-delta,full_data_benchmark,24,0.5134537836187012,0.5134,0.1094,0.09700000000000003,0.463,618.9634765625,0.5315264708531415,0.0,0.0,0.0,,,0,0,0,0,0.466808320954442,0,0
b729ad24b6b0,51d33462378d,Local / ΔW,43,/home/gogoi/ahlora-runs/p3-heterogeneous-delta,full_data_benchmark,25,0.5158522840681761,0.5158,0.1093,0.1195,0.455,641.5966145833333,0.519895251429149,0.0,0.0,0.0,,,0,0,0,0,0.46567265037447214,0,0
b729ad24b6b0,51d33462378d,Local / ΔW,43,/home/gogoi/ahlora-runs/p3-heterogeneous-delta,full_data_benchmark,26,0.515856035945991,0.5158,0.1089,0.11699999999999994,0.455,667.9208333333333,0.5089512004518897,0.0,0.0,0.0,,,0,0,0,0,0.46639807987958193,0,0
b729ad24b6b0,51d33462378d,Local / ΔW,43,/home/gogoi/ahlora-runs/p3-heterogeneous-delta,full_data_benchmark,27,0.5219544882213547,0.5219,0.1132,0.1235,0.46,696.6420572916667,0.4982045011028225,0.0,0.0,0.0,,,0,0,0,0,0.4678571280092001,0,0
b729ad24b6b0,51d33462378d,Local / ΔW,43,/home/gogoi/ahlora-runs/p3-heterogeneous-delta,full_data_benchmark,28,0.5221534878206542,0.5221,0.1141,0.11599999999999999,0.4595,719.9669921875,0.48886605863015026,0.0,0.0,0.0,,,0,0,0,0,0.5267840810120106,0,0
b729ad24b6b0,51d33462378d,Local / ΔW,43,/home/gogoi/ahlora-runs/p3-heterogeneous-delta,full_data_benchmark,29,0.5191503347425387,0.5191,0.1164,0.10949999999999999,0.459,739.1677083333333,0.4798811119030693,0.0,0.0,0.0,,,0,0,0,0,0.5032464200630784,0,0
b729ad24b6b0,51d33462378d,Local / ΔW,43,/home/gogoi/ahlora-runs/p3-heterogeneous-delta,full_data_benchmark,30,0.5258528393460928,0.5258,0.1155,0.11499999999999994,0.462,765.1429036458334,0.47061803664514484,0.0,0.0,0.0,,,0,0,0,0,0.4691936830058694,0,0
b729ad24b6b0,51d33462378d,Local / ΔW,43,/home/gogoi/ahlora-runs/p3-heterogeneous-delta,full_data_benchmark,31,0.5266561914238077,0.5266,0.1189,0.10799999999999998,0.471,795.1294270833333,0.4607529869655827,0.0,0.0,0.0,,,0,0,0,0,0.4621840585023165,0,0
b729ad24b6b0,51d33462378d,Local / ΔW,43,/home/gogoi/ahlora-runs/p3-heterogeneous-delta,full_data_benchmark,32,0.5288537412975194,0.5288,0.1208,0.11549999999999999,0.4695,821.0462239583334,0.4532301421864216,0.0,0.0,0.0,,,0,0,0,0,0.4717486882582307,0,0
b729ad24b6b0,51d33462378d,Local / ΔW,43,/home/gogoi/ahlora-runs/p3-heterogeneous-delta,full_data_benchmark,33,0.5234540387463925,0.5234,0.1215,0.11699999999999994,0.466,845.7052083333333,0.4451672728532078,0.0,0.0,0.0,,,0,0,0,0,0.46135573368519545,0,0
b729ad24b6b0,51d33462378d,Local / ΔW,43,/home/gogoi/ahlora-runs/p3-heterogeneous-delta,full_data_benchmark,34,0.5290528909719315,0.529,0.1233,0.119,0.4675,872.4185546875,0.4366835896900971,0.0,0.0,0.0,,,0,0,0,0,0.46424448024481535,0,0
b729ad24b6b0,51d33462378d,Local / ΔW,43,/home/gogoi/ahlora-runs/p3-heterogeneous-delta,full_data_benchmark,35,0.5329522926224576,0.5329,0.1232,0.11449999999999999,0.4725,886.1224609375,0.4302882053211018,0.0,0.0,0.0,,,0,0,0,0,0.4923231163993478,0,0
b729ad24b6b0,51d33462378d,Local / ΔW,43,/home/gogoi/ahlora-runs/p3-heterogeneous-delta,full_data_benchmark,36,0.5281521401461432,0.5281,0.1256,0.11399999999999993,0.466,903.4020833333333,0.4237742952257886,0.0,0.0,0.0,,,0,0,0,0,0.472213389351964,0,0
b729ad24b6b0,51d33462378d,Local / ΔW,43,/home/gogoi/ahlora-runs/p3-heterogeneous-delta,full_data_benchmark,37,0.530950140545343,0.5309,0.1233,0.10850000000000004,0.474,925.1709635416667,0.4158207739196303,0.0,0.0,0.0,,,0,0,0,0,0.5453388737514615,0,0
b729ad24b6b0,51d33462378d,Local / ΔW,43,/home/gogoi/ahlora-runs/p3-heterogeneous-delta,full_data_benchmark,38,0.5305516911214062,0.5305,0.1278,0.12049999999999994,0.4685,948.2463541666667,0.4083573803655298,0.0,0.0,0.0,,,0,0,0,0,0.5014784270897508,0,0
b729ad24b6b0,51d33462378d,Local / ΔW,43,/home/gogoi/ahlora-runs/p3-heterogeneous-delta,full_data_benchmark,39,0.5324505915210563,0.5324,0.1295,0.11299999999999999,0.471,965.6055989583333,0.4014627328054253,0.0,0.0,0.0,,,0,0,0,0,0.48790170066058636,0,0
b729ad24b6b0,51d33462378d,Local / ΔW,43,/home/gogoi/ahlora-runs/p3-heterogeneous-delta,full_data_benchmark,40,0.5343494919207064,0.5343,0.1273,0.11300000000000004,0.4715,996.4516276041667,0.39594770691149667,0.0,0.0,0.0,,,0,0,0,0,0.4796892860904336,0,0
b729ad24b6b0,51d33462378d,Local / ΔW,43,/home/gogoi/ahlora-runs/p3-heterogeneous-delta,full_data_benchmark,41,0.5351474412943679,0.5351,0.1304,0.11199999999999999,0.476,1021.2833333333333,0.3891754322656044,0.0,0.0,0.0,,,0,0,0,0,0.4709636280313134,0,0
b729ad24b6b0,51d33462378d,Local / ΔW,43,/home/gogoi/ahlora-runs/p3-heterogeneous-delta,full_data_benchmark,42,0.5358529443986716,0.5358,0.1309,0.10950000000000004,0.475,1047.576171875,0.3826687267392178,0.0,0.0,0.0,,,0,0,0,0,0.4834759905934334,0,0
b729ad24b6b0,51d33462378d,Local / ΔW,43,/home/gogoi/ahlora-runs/p3-heterogeneous-delta,full_data_benchmark,43,0.5352521937229583,0.5352,0.1276,0.11100000000000004,0.4765,1080.1760416666666,0.37726779814478295,0.0,0.0,0.0,,,0,0,0,0,0.4624078432098031,0,0
b729ad24b6b0,51d33462378d,Local / ΔW,43,/home/gogoi/ahlora-runs/p3-heterogeneous-delta,full_data_benchmark,44,0.5362504933719326,0.5362,0.1331,0.11450000000000005,0.476,1108.1067708333333,0.37104325236045815,0.0,0.0,0.0,,,0,0,0,0,0.46615441609174013,0,0
b729ad24b6b0,51d33462378d,Local / ΔW,43,/home/gogoi/ahlora-runs/p3-heterogeneous-delta,full_data_benchmark,45,0.5364509937223582,0.5364,0.1282,0.11699999999999999,0.473,1142.8467447916667,0.36488685923428504,0.0,0.0,0.0,,,0,0,0,0,0.4646228766068816,0,0
b729ad24b6b0,51d33462378d,Local / ΔW,43,/home/gogoi/ahlora-runs/p3-heterogeneous-delta,full_data_benchmark,46,0.5374485429957693,0.5374,0.1325,0.11000000000000004,0.4735,1171.34453125,0.3595412083523184,0.0,0.0,0.0,,,0,0,0,0,0.465661508962512,0,0
b729ad24b6b0,51d33462378d,Local / ΔW,43,/home/gogoi/ahlora-runs/p3-heterogeneous-delta,full_data_benchmark,47,0.5371506438972705,0.5371,0.1313,0.10899999999999999,0.476,1187.8684895833333,0.35419847470288107,0.0,0.0,0.0,,,0,0,0,0,0.5648748390376568,0,0
b729ad24b6b0,51d33462378d,Local / ΔW,43,/home/gogoi/ahlora-runs/p3-heterogeneous-delta,full_data_benchmark,48,0.538550544547546,0.5385,0.1304,0.1205,0.4715,1209.0520833333333,0.34723456336506864,0.0,0.0,0.0,,,0,0,0,0,0.4787210412323475,0,0
b729ad24b6b0,51d33462378d,Local / ΔW,43,/home/gogoi/ahlora-runs/p3-heterogeneous-delta,full_data_benchmark,49,0.5393519456487972,0.5393,0.1351,0.122,0.47,1233.9390625,0.34387528412849944,0.0,0.0,0.0,,,0,0,0,0,0.46902803517878056,0,0
b729ad24b6b0,51d33462378d,Local / ΔW,43,/home/gogoi/ahlora-runs/p3-heterogeneous-delta,full_data_benchmark,50,0.5394509952231092,0.5394,0.1358,0.11599999999999999,0.478,1258.2026041666666,0.3408326193480068,0.0,0.0,0.0,,,0,0,0,0,0.5142615949735045,0,0
b729ad24b6b0,0eac0e17d3ed,FedAvg / ΔW,43,/home/gogoi/ahlora-runs/p3-heterogeneous-delta,full_data_benchmark,1,0.00969920445182814,0.0097,0.0098,0.0165,0.0025,0.00032889315237601596,3.5922637717830983,0.00010485611058541504,0.00029800642283174436,0.0005217391890255385,,,210,2056320,30,914880,0.6363335456699133,2056320,914880
b729ad24b6b0,0eac0e17d3ed,FedAvg / ΔW,43,/home/gogoi/ahlora-runs/p3-heterogeneous-delta,full_data_benchmark,2,0.009199454326890611,0.0092,0.0093,0.011,0.0025,0.0008875679224729538,3.351423843245791,6.0812662102279266e-05,0.0001688167518667668,0.001440475923421521,,,210,2056320,30,914880,0.6798595217987895,4112640,1829760
b729ad24b6b0,0eac0e17d3ed,FedAvg / ΔW,43,/home/gogoi/ahlora-runs/p3-heterogeneous-delta,full_data_benchmark,3,0.010100505302904104,0.0101,0.0104,0.017499999999999998,0.001,0.002585369845231374,3.2716023946568593,7.737019637543601e-05,0.00022099683419936345,0.004074644500178692,,,210,2056320,30,914880,0.6939016655087471,6168960,2744640
b729ad24b6b0,0eac0e17d3ed,FedAvg / ΔW,43,/home/gogoi/ahlora-runs/p3-heterogeneous-delta,full_data_benchmark,4,0.013299656478067272,0.0133,0.0134,0.021,0.003,0.004796840747197469,3.2332502262943152,8.472323176796422e-05,0.00024774867559067515,0.007384436468782951,,,210,2056320,30,914880,0.6584327053278685,8225280,3659520
b729ad24b6b0,0eac0e17d3ed,FedAvg / ΔW,43,/home/gogoi/ahlora-runs/p3-heterogeneous-delta,full_data_benchmark,5,0.014100157128642885,0.0141,0.0138,0.022000000000000002,0.003,0.007033974925676981,3.197584749925853,8.583794578724462e-05,0.0002526688489330048,0.010755644839264278,,,210,2056320,30,914880,0.66582190990448,10281600,4574400
b729ad24b6b0,0eac0e17d3ed,FedAvg / ΔW,43,/home/gogoi/ahlora-runs/p3-heterogeneous-delta,full_data_benchmark,6,0.016201058629844237,0.0162,0.016,0.021500000000000002,0.0035,0.009469189246495565,3.1400996496986826,8.573640854260444e-05,0.00025266928790015545,0.014462383070470727,,,210,2056320,30,914880,0.692206246778369,12337920,5489280
b729ad24b6b0,0eac0e17d3ed,FedAvg / ΔW,43,/home/gogoi/ahlora-runs/p3-heterogeneous-delta,full_data_benchmark,7,0.02010031020525773,0.0201,0.0199,0.030000000000000002,0.004,0.01148614784081777,3.0906054289269838,8.147567804484438e-05,0.00023980569432064723,0.01756442363481862,,,210,2056320,30,914880,0.6813904428854585,14394240,6404160
b729ad24b6b0,0eac0e17d3ed,FedAvg / ΔW,43,/home/gogoi/ahlora-runs/p3-heterogeneous-delta,full_data_benchmark,8,0.025200762981872425,0.0252,0.0248,0.041499999999999995,0.004,0.01358191967010498,3.045948530812131,7.83982116815274e-05,0.00023017821521300924,0.020820340454217028,,,210,2056320,30,914880,0.6764693558216095,16450560,7319040
b729ad24b6b0,0eac0e17d3ed,FedAvg / ΔW,43,/home/gogoi/ahlora-runs/p3-heterogeneous-delta,full_data_benchmark,9,0.026700313506910205,0.0267,0.0269,0.041999999999999996,0.003,0.015031611919403077,2.991481484598833,7.299527373627863e-05,0.000214283675015118,0.023045542190326767,,,210,2056320,30,914880,0.6765961358323693,18506880,8233920
b729ad24b6b0,0eac0e17d3ed,FedAvg / ΔW,43,/home/gogoi/ahlora-runs/p3-heterogeneous-delta,full_data_benchmark,10,0.027800364082223153,0.0278,0.028,0.044,0.003,0.01613350013891856,2.956079899552302,6.754988479125163e-05,0.00019806317842616098,0.024764412798807218,,,210,2056320,30,914880,0.6657656384631991,20563200,9148800
b729ad24b6b0,0eac0e17d3ed,FedAvg / ΔW,43,/home/gogoi/ahlora-runs/p3-heterogeneous-delta,full_data_benchmark,11,0.029100314707511114,0.0291,0.0289,0.048499999999999995,0.0035,0.0171841561794281,2.9218237639458104,6.316020092419927e-05,0.00018553147700440316,0.026329025966939906,,,210,2056320,30,914880,0.6712305638939142,22619520,10063680
b729ad24b6b0,0eac0e17d3ed,FedAvg / ΔW,43,/home/gogoi/ahlora-runs/p3-heterogeneous-delta,full_data_benchmark,12,0.031200165682924295,0.0312,0.0311,0.0535,0.0025,0.01842289964358012,2.8914112237808567,6.0511044048903885e-05,0.00017788341146009288,0.028205400170008943,,,210,2056320,30,914880,0.7112735956907272,24675840,10978560
b729ad24b6b0,0eac0e17d3ed,FedAvg / ΔW,43,/home/gogoi/ahlora-runs/p3-heterogeneous-delta,full_data_benchmark,13,0.032000066033049536,0.032,0.0324,0.047,0.005,0.019848779837290446,2.8661996327255452,5.904695424957594e-05,0.00017327262727587412,0.0304427845758255,,,210,2056320,30,914880,0.7011672277003527,26732160,11893440
b729ad24b6b0,0eac0e17d3ed,FedAvg / ΔW,43,/home/gogoi/ahlora-runs/p3-heterogeneous-delta,full_data_benchmark,14,0.032700316508412465,0.0327,0.0321,0.05,0.006,0.020807993412017823,2.833334954817302,5.648944762061748e-05,0.00016526836956581742,0.032010353693597914,,,210,2056320,30,914880,0.6532965498045087,28788480,12808320
b729ad24b6b0,0eac0e17d3ed,FedAvg / ΔW,43,/home/gogoi/ahlora-runs/p3-heterogeneous-delta,full_data_benchmark,15,0.036500518509514,0.0365,0.0366,0.051000000000000004,0.0075,0.021571131547292073,2.814569927191745,5.427687976488305e-05,0.00015828464696424142,0.03329160077009874,,,210,2056320,30,914880,0.6484429016709328,30844800,13723200
b729ad24b6b0,0eac0e17d3ed,FedAvg / ΔW,43,/home/gogoi/ahlora-runs/p3-heterogeneous-delta,full_data_benchmark,16,0.03960031996014006,0.0396,0.0391,0.052,0.0105,0.022089056173960366,2.79379921976426,5.104609397402954e-05,0.00014897416058900736,0.034065397706096213,,,210,2056320,30,914880,0.6069370843470097,32901120,14638080
b729ad24b6b0,0eac0e17d3ed,FedAvg / ΔW,43,/home/gogoi/ahlora-runs/p3-heterogeneous-delta,full_data_benchmark,17,0.041399720560140345,0.0414,0.0413,0.0585,0.009,0.022999276717503864,2.7694556830479895,4.904561903807911e-05,0.00014336948864349144,0.0354116074910659,,,210,2056320,30,914880,0.5961911333724856,34957440,15552960
b729ad24b6b0,0eac0e17d3ed,FedAvg / ΔW,43,/home/gogoi/ahlora-runs/p3-heterogeneous-delta,full_data_benchmark,18,0.044599922261091676,0.0446,0.0441,0.068,0.01,0.023260414600372314,2.7418556402630463,4.590073808245069e-05,0.00013454736992695807,0.03571519508780815,,,210,2056320,30,914880,0.6220828350633383,37013760,16467840
b729ad24b6b0,0eac0e17d3ed,FedAvg / ΔW,43,/home/gogoi/ahlora-runs/p3-heterogeneous-delta,full_data_benchmark,19,0.045999672836254536,0.046,0.0466,0.07750000000000001,0.008,0.02331678072611491,2.7191530830600312,4.308324516350282e-05,0.00012607581519772084,0.035863525126236105,,,210,2056320,30,914880,0.5779219307005405,39070080,17382720
b729ad24b6b0,0eac0e17d3ed,FedAvg / ΔW,43,/home/gogoi/ahlora-runs/p3-heterogeneous-delta,full_data_benchmark,20,0.05130047588818203,0.0513,0.051,0.085,0.011,0.0231731653213501,2.6928841939820063,4.034104082736198e-05,0.00011773105382949436,0.035740138226780495,,,210,2056320,30,914880,0.5981402611359954,41126400,18297600
b729ad24b6b0,0eac0e17d3ed,FedAvg / ΔW,43,/home/gogoi/ahlora-runs/p3-heterogeneous-delta,full_data_benchmark,21,0.05349997673835754,0.0535,0.0532,0.0845,0.0125,0.02321170171101888,2.6813879887271264,3.809827952701681e-05,0.0001111626656530269,0.03580716237956949,,,210,2056320,30,914880,0.6507923472672701,43182720,19212480
b729ad24b6b0,0eac0e17d3ed,FedAvg / ΔW,43,/home/gogoi/ahlora-runs/p3-heterogeneous-delta,full_data_benchmark,22,0.05480082781432107,0.0548,0.0546,0.091,0.0085,0.023651266098022462,2.6601924441023024,3.631076850767043e-05,0.0001063611019425014,0.03634272216125586,,,210,2056320,30,914880,0.6188562428578734,45239040,20127360
b729ad24b6b0,0eac0e17d3ed,FedAvg / ΔW,43,/home/gogoi/ahlora-runs/p3-heterogeneous-delta,full_data_benchmark,23,0.05770117944030987,0.0577,0.0564,0.0935,0.0075,0.024339314301808676,2.6388490024792493,3.5010521466538155e-05,0.00010266457805552976,0.03735938042882481,,,210,2056320,30,914880,0.6204748181626201,47295360,21042240
b729ad24b6b0,0eac0e17d3ed,FedAvg / ΔW,43,/home/gogoi/ahlora-runs/p3-heterogeneous-delta,full_data_benchmark,24,0.056500278389333865,0.0565,0.0558,0.088,0.0075,0.024844022591908772,2.6403012616663633,3.3768967068456245e-05,9.892262129701014e-05,0.03817397053050323,,,210,2056320,30,914880,0.6041831085458398,49351680,21957120
b729ad24b6b0,0eac0e17d3ed,FedAvg / ΔW,43,/home/gogoi/ahlora-runs/p3-heterogeneous-delta,full_data_benchmark,25,0.05670047858953407,0.0567,0.057,0.0925,0.007,0.02436706026395162,2.6265796176847704,3.1519936563964146e-05,9.239013373427836e-05,0.03741767375686322,,,210,2056320,30,914880,0.5975818652659655,51408000,22872000
b729ad24b6b0,0eac0e17d3ed,FedAvg / ΔW,43,/home/gogoi/ahlora-runs/p3-heterogeneous-delta,full_data_benchmark,26,0.057201129165147156,0.0572,0.0562,0.093,0.006,0.024004308382670085,2.6218481466074253,2.9675330063154562e-05,8.682910897194694e-05,0.03692720986752344,,,210,2056320,30,914880,0.6365431854501367,53464320,23786880
b729ad24b6b0,0eac0e17d3ed,FedAvg / ΔW,43,/home/gogoi/ahlora-runs/p3-heterogeneous-delta,full_data_benchmark,27,0.057700729214972095,0.0577,0.0565,0.09749999999999999,0.0055,0.02363003691037496,2.6158458248610255,2.7712801123993924e-05,8.115075210361452e-05,0.036322192801890196,,,210,2056320,30,914880,0.6069025713950396,55520640,24701760
b729ad24b6b0,0eac0e17d3ed,FedAvg / ΔW,43,/home/gogoi/ahlora-runs/p3-heterogeneous-delta,full_data_benchmark,28,0.057500529014771894,0.0575,0.056,0.09749999999999999,0.0055,0.023490321636199952,2.6073547468320752,2.634842400474571e-05,7.724781805499611e-05,0.03606456939087366,,,210,2056320,30,914880,0.6013944493606687,57576960,25616640
b729ad24b6b0,0eac0e17d3ed,FedAvg / ΔW,43,/home/gogoi/ahlora-runs/p3-heterogeneous-delta,full_data_benchmark,29,0.056901129015072036,0.0569,0.0568,0.0945,0.0055,0.023660898208618164,2.59663126444643,2.5388289152327094e-05,7.441314882396153e-05,0.03633707872480348,,,210,2056320,30,914880,0.6232655132189393,59633280,26531520
b729ad24b6b0,0eac0e17d3ed,FedAvg / ΔW,43,/home/gogoi/ahlora-runs/p3-heterogeneous-delta,full_data_benchmark,30,0.057001079040059556,0.057,0.0566,0.0935,0.007,0.023795475562413532,2.5902314738208845,2.4569314653955795e-05,7.190691260754379e-05,0.03659641106363173,,,210,2056320,30,914880,0.6126265497878194,61689600,27446400
b729ad24b6b0,0eac0e17d3ed,FedAvg / ΔW,43,/home/gogoi/ahlora-runs/p3-heterogeneous-delta,full_data_benchmark,31,0.05690067878973426,0.0569,0.0569,0.0925,0.007,0.02506071130434672,2.5839075361714987,2.4817293892587773e-05,7.261468762386237e-05,0.03855229068964642,,,210,2056320,30,914880,0.615219003520906,63745920,28361280
b729ad24b6b0,0eac0e17d3ed,FedAvg / ΔW,43,/home/gogoi/ahlora-runs/p3-heterogeneous-delta,full_data_benchmark,32,0.05610077843960902,0.0561,0.0561,0.0925,0.0055,0.025039291381835936,2.58020372129256,2.368497616656419e-05,6.939045606212379e-05,0.03846959105673401,,,210,2056320,30,914880,0.6132972734048963,65802240,29276160
b729ad24b6b0,0eac0e17d3ed,FedAvg / ΔW,43,/home/gogoi/ahlora-runs/p3-heterogeneous-delta,full_data_benchmark,33,0.05540037788913351,0.0554,0.0549,0.09849999999999999,0.005,0.024718928337097167,2.582781148485618,2.2366727793935794e-05,6.558126841736887e-05,0.037946860148319196,,,210,2056320,30,914880,0.6239481410011649,67858560,30191040
b729ad24b6b0,0eac0e17d3ed,FedAvg / ΔW,43,/home/gogoi/ahlora-runs/p3-heterogeneous-delta,full_data_benchmark,34,0.05560042801422112,0.0556,0.0559,0.1025,0.0035,0.024596420923868816,2.5791904311611367,2.135839766434832e-05,6.256373137374677e-05,0.037796813338597225,,,210,2056320,30,914880,0.618722309358418,69914880,31105920
b729ad24b6b0,0eac0e17d3ed,FedAvg / ΔW,43,/home/gogoi/ahlora-runs/p3-heterogeneous-delta,full_data_benchmark,35,0.05580032806419613,0.0558,0.0556,0.10149999999999999,0.004,0.02460793654123942,2.5804380450082487,2.0623817938572307e-05,6.031815610397974e-05,0.037872859744917754,,,210,2056320,30,914880,0.653294793330133,71971200,32020800
b729ad24b6b0,0eac0e17d3ed,FedAvg / ΔW,43,/home/gogoi/ahlora-runs/p3-heterogeneous-delta,full_data_benchmark,36,0.056500878689784234,0.0565,0.0555,0.102,0.0035,0.024879801273345947,2.58526181392466,2.011059085206145e-05,5.8817918573095005e-05,0.038289867788989795,,,210,2056320,30,914880,0.708170167170465,74027520,32935680
b729ad24b6b0,0eac0e17d3ed,FedAvg / ΔW,43,/home/gogoi/ahlora-runs/p3-heterogeneous-delta,full_data_benchmark,37,0.05670152911532223,0.0567,0.0558,0.1025,0.0035,0.024712626139322916,2.578413993738475,1.9295360123297283e-05,5.648934660825612e-05,0.037995425882400014,,,210,2056320,30,914880,0.6177023379132152,76083840,33850560
b729ad24b6b0,0eac0e17d3ed,FedAvg / ΔW,43,/home/gogoi/ahlora-runs/p3-heterogeneous-delta,full_data_benchmark,38,0.057301229265247264,0.0573,0.0564,0.09749999999999999,0.0045,0.025135413805643717,2.574088404313755,1.895978437140623e-05,5.546420449578762e-05,0.03867581001516859,,,210,2056320,30,914880,0.6092518158257008,78140160,34765440
b729ad24b6b0,0eac0e17d3ed,FedAvg / ΔW,43,/home/gogoi/ahlora-runs/p3-heterogeneous-delta,full_data_benchmark,39,0.05640122881502192,0.0564,0.0557,0.097,0.002,0.025453694661458335,2.5735763124151116,1.8536487655076263e-05,5.420211444865475e-05,0.03918237872979565,,,210,2056320,30,914880,0.5762869026511908,80196480,35680320
b729ad24b6b0,0eac0e17d3ed,FedAvg / ΔW,43,/home/gogoi/ahlora-runs/p3-heterogeneous-delta,full_data_benchmark,40,0.056400628514571546,0.0564,0.0563,0.094,0.003,0.026202805836995444,2.578042591947981,1.8463253862090528e-05,5.407952581389535e-05,0.0402665806668665,,,210,2056320,30,914880,0.6151519110426307,82252800,36595200
b729ad24b6b0,0eac0e17d3ed,FedAvg / ΔW,43,/home/gogoi/ahlora-runs/p3-heterogeneous-delta,full_data_benchmark,41,0.057300929115022076,0.0573,0.0572,0.092,0.003,0.026836160818735758,2.5783864858178167,1.840220529665944e-05,5.389749230177007e-05,0.04124263973062625,,,210,2056320,30,914880,0.6263582473620772,84309120,37510080
b729ad24b6b0,0eac0e17d3ed,FedAvg / ΔW,43,/home/gogoi/ahlora-runs/p3-heterogeneous-delta,full_data_benchmark,42,0.05770087929008469,0.0577,0.0573,0.0915,0.0035,0.02741275231043498,2.572279957747424,1.8376044153357536e-05,5.370838338555315e-05,0.04221681248600362,,,210,2056320,30,914880,0.5793572468683124,86365440,38424960
b729ad24b6b0,0eac0e17d3ed,FedAvg / ΔW,43,/home/gogoi/ahlora-runs/p3-heterogeneous-delta,full_data_benchmark,43,0.05930067999033516,0.0593,0.059,0.087,0.006,0.027667701244354248,2.570105889533703,1.8054647758415588e-05,5.29530113544304e-05,0.04246006635245673,,,210,2056320,30,914880,0.602216406725347,88421760,39339840
b729ad24b6b0,0eac0e17d3ed,FedAvg / ΔW,43,/home/gogoi/ahlora-runs/p3-heterogeneous-delta,full_data_benchmark,44,0.059000529765147455,0.059,0.0589,0.08499999999999999,0.0065,0.028021677335103353,2.5632715080930994,1.7837667695395798e-05,5.222916890337588e-05,0.043075101960615335,,,210,2056320,30,914880,0.6128833955153823,90478080,40254720
b729ad24b6b0,0eac0e17d3ed,FedAvg / ΔW,43,/home/gogoi/ahlora-runs/p3-heterogeneous-delta,full_data_benchmark,45,0.060101030565798186,0.0601,0.0588,0.089,0.0065,0.02811603347460429,2.5542857089607094,1.7409897508498824e-05,5.100799503899487e-05,0.04319338190604564,,,210,2056320,30,914880,0.6526211285963655,92534400,41169600
b729ad24b6b0,0eac0e17d3ed,FedAvg / ΔW,43,/home/gogoi/ahlora-runs/p3-heterogeneous-delta,full_data_benchmark,46,0.06010028019023521,0.0601,0.0598,0.0915,0.0065,0.027842160065968832,2.5549026463392,1.6811966460594668e-05,4.9277295640461774e-05,0.04275434115940394,,,210,2056320,30,914880,0.623884379863739,94590720,42084480
b729ad24b6b0,0eac0e17d3ed,FedAvg / ΔW,43,/home/gogoi/ahlora-runs/p3-heterogeneous-delta,full_data_benchmark,47,0.05950027989008498,0.0595,0.0588,0.09,0.007,0.028498117129007974,2.5465483608397985,1.674444354115205e-05,4.915176949368161e-05,0.04369723765194067,,,210,2056320,30,914880,0.6230391664430499,96647040,42999360
b729ad24b6b0,0eac0e17d3ed,FedAvg / ΔW,43,/home/gogoi/ahlora-runs/p3-heterogeneous-delta,full_data_benchmark,48,0.0606009307658483,0.0606,0.0597,0.0905,0.008,0.028909707069396974,2.5382637542101616,1.663270270905669e-05,4.869028151820232e-05,0.04445015487848044,,,210,2056320,30,914880,0.6161497011780739,98703360,43914240
b729ad24b6b0,0eac0e17d3ed,FedAvg / ΔW,43,/home/gogoi/ahlora-runs/p3-heterogeneous-delta,full_data_benchmark,49,0.061800631215923565,0.0618,0.0612,0.0935,0.0075,0.029206728935241698,2.5354803746588837,1.6339318868652034e-05,4.783774562779264e-05,0.044900013440080024,,,210,2056320,30,914880,0.5825076550245285,100759680,44829120
b729ad24b6b0,0eac0e17d3ed,FedAvg / ΔW,43,/home/gogoi/ahlora-runs/p3-heterogeneous-delta,full_data_benchmark,50,0.061201831516674104,0.0612,0.0612,0.09899999999999999,0.0065,0.029669241110483805,2.52426330791129,1.6036392835429164e-05,4.704949015865778e-05,0.04551506880246355,,,210,2056320,30,914880,0.5762485973536968,102816000,45744000
b729ad24b6b0,cad564bfe53c,MH / ΔW / ring,43,/home/gogoi/ahlora-runs/p3-heterogeneous-delta,full_data_benchmark,1,0.027597912755334044,0.0276,0.0098,0.03,0.013,1.3012284596761068,3.5922637717830983,5.8536060535159225e-05,0.0003471468904330706,0.0003224201127769296,,,30,293760,30,293760,0.5906268479302526,293760,293760
b729ad24b6b0,cad564bfe53c,MH / ΔW / ring,43,/home/gogoi/ahlora-runs/p3-heterogeneous-delta,full_data_benchmark,2,0.058400229314772054,0.0584,0.0071,0.062000000000000006,0.036,2.5698511759440104,3.0112266068320794,0.00017915836220900713,0.0010285266567646612,0.0026735119884203113,,,30,293760,30,293760,0.5695416620001197,587520,587520
b729ad24b6b0,cad564bfe53c,MH / ΔW / ring,43,/home/gogoi/ahlora-runs/p3-heterogeneous-delta,full_data_benchmark,3,0.08880739810275043,0.0888,0.0133,0.14600000000000002,0.025,4.274564107259114,2.604570114659263,0.0002579033936538346,0.0011940732781830854,0.007997773471773446,,,30,293760,30,293760,0.6536469608545303,881280,881280
b729ad24b6b0,cad564bfe53c,MH / ΔW / ring,43,/home/gogoi/ahlora-runs/p3-heterogeneous-delta,full_data_benchmark,4,0.1254158206182194,0.1254,0.0196,0.219,0.0345,6.304084269205729,2.3184729343107104,0.0005084580994492285,0.0022088576060153723,0.026135962511762045,,,30,293760,30,293760,0.6112857181578875,1175040,1175040
b729ad24b6b0,cad564bfe53c,MH / ΔW / ring,43,/home/gogoi/ahlora-runs/p3-heterogeneous-delta,full_data_benchmark,5,0.15571868720294507,0.1557,0.0237,0.28600000000000003,0.043,8.739077758789062,2.0934001524487806,0.000619663584916256,0.002752782101557916,0.046245671202389836,,,30,293760,30,293760,0.6055301781743765,1468800,1468800
b729ad24b6b0,cad564bfe53c,MH / ΔW / ring,43,/home/gogoi/ahlora-runs/p3-heterogeneous-delta,full_data_benchmark,6,0.18392530461495976,0.1839,0.0287,0.33,0.048,11.238960774739583,1.9276440983626657,0.0007123136093444597,0.003085416450934163,0.07371379126658818,,,30,293760,30,293760,0.5754049168899655,1762560,1762560
b729ad24b6b0,cad564bfe53c,MH / ΔW / ring,43,/home/gogoi/ahlora-runs/p3-heterogeneous-delta,full_data_benchmark,7,0.19922186054120086,0.1992,0.0338,0.34450000000000003,0.0605,13.571480305989583,1.8124712926315387,0.000740267565943124,0.003196994459888114,0.09676224007853307,,,30,293760,30,293760,0.575616960413754,2056320,2056320
b729ad24b6b0,cad564bfe53c,MH / ΔW / ring,43,/home/gogoi/ahlora-runs/p3-heterogeneous-delta,full_data_benchmark,8,0.22102282192237213,0.221,0.0407,0.372,0.0765,15.638796997070312,1.7220550157164674,0.000769365525338237,0.003288839412910881,0.12259281678901364,,,30,293760,30,293760,0.5647839978337288,2350080,2350080
b729ad24b6b0,cad564bfe53c,MH / ΔW / ring,43,/home/gogoi/ahlora-runs/p3-heterogeneous-delta,full_data_benchmark,9,0.226724775750263,0.2267,0.0446,0.35650000000000004,0.086,17.77409464518229,1.6475594476086566,0.0007679881709465459,0.003339660059650046,0.1431649001169717,,,30,293760,30,293760,0.5652091838419437,2643840,2643840
b729ad24b6b0,cad564bfe53c,MH / ΔW / ring,43,/home/gogoi/ahlora-runs/p3-heterogeneous-delta,full_data_benchmark,10,0.23682468075271673,0.2368,0.0519,0.365,0.093,19.85228068033854,1.5929965484578863,0.0007384801380314304,0.0032060672703490634,0.15982543517796632,,,30,293760,30,293760,0.5719232559204102,2937600,2937600
b729ad24b6b0,cad564bfe53c,MH / ΔW / ring,43,/home/gogoi/ahlora-runs/p3-heterogeneous-delta,full_data_benchmark,11,0.24642198420309366,0.2464,0.0548,0.381,0.098,21.972344970703126,1.5429758036226742,0.0007163631378385232,0.003144132343549324,0.17442887973835847,,,30,293760,30,293760,0.5722222039476037,3231360,3231360
b729ad24b6b0,cad564bfe53c,MH / ΔW / ring,43,/home/gogoi/ahlora-runs/p3-heterogeneous-delta,full_data_benchmark,12,0.248123085604345,0.2481,0.0607,0.38649999999999995,0.101,24.292848714192708,1.5103713228340914,0.0006814362408821435,0.003037711357993582,0.1836881291582055,,,30,293760,30,293760,0.5657538920640945,3525120,3525120
b729ad24b6b0,cad564bfe53c,MH / ΔW / ring,43,/home/gogoi/ahlora-runs/p3-heterogeneous-delta,full_data_benchmark,13,0.2532247389818604,0.2532,0.0643,0.39149999999999996,0.101,26.535603841145832,1.4823059321488603,0.000631882446239371,0.002894117132852253,0.18973036461587375,,,30,293760,30,293760,0.5972571689635515,3818880,3818880
b729ad24b6b0,cad564bfe53c,MH / ΔW / ring,43,/home/gogoi/ahlora-runs/p3-heterogeneous-delta,full_data_benchmark,14,0.25782709245977614,0.2578,0.0671,0.39949999999999997,0.101,28.782206217447918,1.4566172792102325,0.0005997748875289096,0.002817544015394413,0.197383374805698,,,30,293760,30,293760,0.5899543454870582,4112640,4112640
b729ad24b6b0,cad564bfe53c,MH / ΔW / ring,43,/home/gogoi/ahlora-runs/p3-heterogeneous-delta,full_data_benchmark,15,0.26312489400945177,0.2631,0.0672,0.397,0.107,30.877547200520834,1.4349217847253108,0.0005572120181612798,0.002568089907870473,0.20219286280771484,,,30,293760,30,293760,0.5789807783439755,4406400,4406400
b729ad24b6b0,cad564bfe53c,MH / ΔW / ring,43,/home/gogoi/ahlora-runs/p3-heterogeneous-delta,full_data_benchmark,16,0.25982609295952624,0.2598,0.0695,0.404,0.097,33.390889485677086,1.4212079538247724,0.0005225159951564978,0.0024109472957049845,0.20711183183484536,,,30,293760,30,293760,0.5638531753793359,4700160,4700160
b729ad24b6b0,cad564bfe53c,MH / ΔW / ring,43,/home/gogoi/ahlora-runs/p3-heterogeneous-delta,full_data_benchmark,17,0.26662614638626636,0.2666,0.0672,0.40149999999999997,0.107,35.715694173177084,1.404891673932949,0.0004994541443397343,0.0023044743936026743,0.213543943626064,,,30,293760,30,293760,0.5733918370679021,4993920,4993920
b729ad24b6b0,cad564bfe53c,MH / ΔW / ring,43,/home/gogoi/ahlora-runs/p3-heterogeneous-delta,full_data_benchmark,18,0.26552924738831785,0.2655,0.0661,0.40199999999999997,0.1025,38.34111328125,1.3901056726391752,0.00047498693807245033,0.0021995550679810424,0.21877546714664883,,,30,293760,30,293760,0.5686981398612261,5287680,5287680
b729ad24b6b0,cad564bfe53c,MH / ΔW / ring,43,/home/gogoi/ahlora-runs/p3-heterogeneous-delta,full_data_benchmark,19,0.2644291968130049,0.2644,0.0653,0.403,0.104,40.287044270833334,1.3860043380325564,0.00044987739955274967,0.0021687413110839876,0.22073800388958867,,,30,293760,30,293760,0.5617908174172044,5581440,5581440
b729ad24b6b0,cad564bfe53c,MH / ΔW / ring,43,/home/gogoi/ahlora-runs/p3-heterogeneous-delta,full_data_benchmark,20,0.26793059926493207,0.2679,0.0652,0.40449999999999997,0.0995,42.8213134765625,1.3756522537591802,0.0004318073893672356,0.002125607531922785,0.22514328636874173,,,30,293760,30,293760,0.5699402689933777,5875200,5875200
b729ad24b6b0,cad564bfe53c,MH / ΔW / ring,43,/home/gogoi/ahlora-runs/p3-heterogeneous-delta,full_data_benchmark,21,0.27002879941410673,0.27,0.0664,0.4,0.108,45.8647216796875,1.3651004081994675,0.00040862736046305145,0.0020240911027595756,0.22803474049263361,,,30,293760,30,293760,0.566846682690084,6168960,6168960
b729ad24b6b0,cad564bfe53c,MH / ΔW / ring,43,/home/gogoi/ahlora-runs/p3-heterogeneous-delta,full_data_benchmark,22,0.2692308500404452,0.2692,0.0661,0.4125,0.0995,48.1154052734375,1.3579810215820232,0.00038778291095382836,0.0019047063764709039,0.23173561858857283,,,30,293760,30,293760,0.5692536123096943,6462720,6462720
b729ad24b6b0,cad564bfe53c,MH / ΔW / ring,43,/home/gogoi/ahlora-runs/p3-heterogeneous-delta,full_data_benchmark,23,0.2707329518423972,0.2707,0.0662,0.40349999999999997,0.1015,50.9384033203125,1.3526214870502822,0.00036387757865461156,0.0018058483372600615,0.23301298435302062,,,30,293760,30,293760,0.5613352749496698,6756480,6756480
b729ad24b6b0,cad564bfe53c,MH / ΔW / ring,43,/home/gogoi/ahlora-runs/p3-heterogeneous-delta,full_data_benchmark,24,0.26782974878926896,0.2678,0.0648,0.4049999999999999,0.0965,53.40874430338542,1.3496609763686676,0.00034430435077586916,0.001713183268585765,0.23502200504153734,,,30,293760,30,293760,0.5673229796811938,7050240,7050240
b729ad24b6b0,cad564bfe53c,MH / ΔW / ring,43,/home/gogoi/ahlora-runs/p3-heterogeneous-delta,full_data_benchmark,25,0.2711291501396449,0.2711,0.0667,0.40549999999999997,0.105,55.807804361979166,1.3468507635947666,0.000326407316345531,0.0016232909472919368,0.2372709379623605,,,30,293760,30,293760,0.5651574674993753,7344000,7344000
b729ad24b6b0,cad564bfe53c,MH / ΔW / ring,43,/home/gogoi/ahlora-runs/p3-heterogeneous-delta,full_data_benchmark,26,0.2730282006144075,0.273,0.0651,0.39949999999999997,0.106,58.67723388671875,1.3393360771835658,0.0003107767783613066,0.0015763836709217216,0.23935521068342497,,,30,293760,30,293760,0.5541329625993967,7637760,7637760
b729ad24b6b0,cad564bfe53c,MH / ΔW / ring,43,/home/gogoi/ahlora-runs/p3-heterogeneous-delta,full_data_benchmark,27,0.2751292521907215,0.2751,0.0666,0.409,0.1035,61.29663899739583,1.3348543394690142,0.0002954823448460689,0.0014940110369694455,0.24238608005083126,,,30,293760,30,293760,0.5769666694104671,7931520,7931520
b729ad24b6b0,cad564bfe53c,MH / ΔW / ring,43,/home/gogoi/ahlora-runs/p3-heterogeneous-delta,full_data_benchmark,28,0.2757285021153087,0.2757,0.0672,0.40950000000000003,0.1045,64.28426106770833,1.3279432007759915,0.0002799077526177974,0.0014035802811822524,0.24266092990413501,,,30,293760,30,293760,0.5728982295840979,8225280,8225280
b729ad24b6b0,cad564bfe53c,MH / ΔW / ring,43,/home/gogoi/ahlora-runs/p3-heterogeneous-delta,full_data_benchmark,29,0.27602715158937047,0.276,0.0661,0.4109999999999999,0.1015,66.60298665364583,1.3217962199091184,0.00026965511672204494,0.0013715465430873283,0.24653833163029049,,,30,293760,30,293760,0.6804667683318257,8519040,8519040
b729ad24b6b0,cad564bfe53c,MH / ΔW / ring,43,/home/gogoi/ahlora-runs/p3-heterogeneous-delta,full_data_benchmark,30,0.27522485003744374,0.2752,0.0662,0.3945,0.1155,68.77508951822917,1.3237385842915625,0.00025709150019082873,0.001326954743357289,0.24686337444751796,,,30,293760,30,293760,0.5563329122960567,8812800,8812800
b729ad24b6b0,cad564bfe53c,MH / ΔW / ring,43,/home/gogoi/ahlora-runs/p3-heterogeneous-delta,full_data_benchmark,31,0.2737295016155586,0.2737,0.0666,0.4,0.108,71.5353515625,1.3161439229530023,0.00024708283823318965,0.0012880009819666006,0.24939148844811523,,,30,293760,30,293760,0.576271808706224,9106560,9106560
b729ad24b6b0,cad564bfe53c,MH / ΔW / ring,43,/home/gogoi/ahlora-runs/p3-heterogeneous-delta,full_data_benchmark,32,0.27923005464234857,0.2792,0.0654,0.41050000000000003,0.1125,73.91663411458333,1.3134738170961098,0.00023781766579274215,0.0012324353936070793,0.25179989070747977,,,30,293760,30,293760,0.6167642502114177,9400320,9400320
b729ad24b6b0,cad564bfe53c,MH / ΔW / ring,43,/home/gogoi/ahlora-runs/p3-heterogeneous-delta,full_data_benchmark,33,0.2742297019658339,0.2742,0.064,0.408,0.1065,76.39956868489584,1.3115476145678424,0.0002249893206960845,0.0011826545778060365,0.25106610773606614,,,30,293760,30,293760,0.5615656655281782,9694080,9694080
b729ad24b6b0,cad564bfe53c,MH / ΔW / ring,43,/home/gogoi/ahlora-runs/p3-heterogeneous-delta,full_data_benchmark,34,0.2733301517409464,0.2733,0.0655,0.40399999999999997,0.1065,79.94928385416667,1.3131483540561792,0.0002160646459408946,0.0011707929311724412,0.24991175400306626,,,30,293760,30,293760,0.5680363355204463,9987840,9987840
b729ad24b6b0,cad564bfe53c,MH / ΔW / ring,43,/home/gogoi/ahlora-runs/p3-heterogeneous-delta,full_data_benchmark,35,0.2752274013143578,0.2752,0.065,0.406,0.112,82.22233072916667,1.3107896164144661,0.0002082204237161894,0.001134435777880084,0.2511983778628443,,,30,293760,30,293760,0.5620816275477409,10281600,10281600
b729ad24b6b0,cad564bfe53c,MH / ΔW / ring,43,/home/gogoi/ahlora-runs/p3-heterogeneous-delta,full_data_benchmark,36,0.27772615193904554,0.2777,0.0666,0.40599999999999997,0.1145,84.21414388020834,1.3114048591624365,0.00020161777891658473,0.0011103157349197385,0.25213925585509667,,,30,293760,30,293760,0.5692757116630673,10575360,10575360
b729ad24b6b0,cad564bfe53c,MH / ΔW / ring,43,/home/gogoi/ahlora-runs/p3-heterogeneous-delta,full_data_benchmark,37,0.2801260030645338,0.2801,0.0655,0.41550000000000004,0.1115,86.969091796875,1.3057694744642996,0.00019187801427759466,0.0010772518199827596,0.25042356875710536,,,30,293760,30,293760,0.5505359545350075,10869120,10869120
b729ad24b6b0,cad564bfe53c,MH / ΔW / ring,43,/home/gogoi/ahlora-runs/p3-heterogeneous-delta,full_data_benchmark,38,0.2775285030157594,0.2775,0.0649,0.40349999999999997,0.119,88.22482096354166,1.3095808435087626,0.00018808601263356608,0.0010430144573370089,0.2537464722568984,,,30,293760,30,293760,0.5560398735105991,11162880,11162880
b729ad24b6b0,cad564bfe53c,MH / ΔW / ring,43,/home/gogoi/ahlora-runs/p3-heterogeneous-delta,full_data_benchmark,39,0.2752275513894704,0.2752,0.0662,0.3995,0.1175,90.4568359375,1.3042516500255503,0.00018279273339494,0.0010368002006664054,0.2558330758683345,,,30,293760,30,293760,0.6067522196099162,11456640,11456640
b729ad24b6b0,cad564bfe53c,MH / ΔW / ring,43,/home/gogoi/ahlora-runs/p3-heterogeneous-delta,full_data_benchmark,40,0.2754276015145581,0.2754,0.0668,0.39849999999999997,0.116,93.43670247395833,1.3082732983719758,0.00017610476939311558,0.0010213384082734612,0.2555221121200399,,,30,293760,30,293760,0.6179737625643611,11750400,11750400
b729ad24b6b0,cad564bfe53c,MH / ΔW / ring,43,/home/gogoi/ahlora-runs/p3-heterogeneous-delta,full_data_benchmark,41,0.27752835294064676,0.2775,0.0686,0.40149999999999997,0.122,94.1103759765625,1.303165902861017,0.00016941619201657268,0.0009741689212267767,0.25540047227647544,,,30,293760,30,293760,0.6279689585790038,12044160,12044160
b729ad24b6b0,cad564bfe53c,MH / ΔW / ring,43,/home/gogoi/ahlora-runs/p3-heterogeneous-delta,full_data_benchmark,42,0.27862975419197306,0.2786,0.0677,0.40750000000000003,0.1195,95.40094401041667,1.299908585195103,0.0001645577020497579,0.0009447876239168685,0.2569870775672219,,,30,293760,30,293760,0.6163458470255136,12337920,12337920
b729ad24b6b0,cad564bfe53c,MH / ΔW / ring,43,/home/gogoi/ahlora-runs/p3-heterogeneous-delta,full_data_benchmark,43,0.2793303048175612,0.2793,0.0715,0.405,0.118,97.02039388020833,1.297019404420722,0.000160561387664861,0.0009294408346563887,0.2601525788345801,,,30,293760,30,293760,0.6761744534596801,12631680,12631680
b729ad24b6b0,cad564bfe53c,MH / ΔW / ring,43,/home/gogoi/ahlora-runs/p3-heterogeneous-delta,full_data_benchmark,44,0.28052910481696086,0.2805,0.0697,0.4015,0.1195,98.83165690104167,1.2978422249486636,0.00015622324646707332,0.000916528268849619,0.2602384559184429,,,30,293760,30,293760,0.6287698885425925,12925440,12925440
b729ad24b6b0,cad564bfe53c,MH / ΔW / ring,43,/home/gogoi/ahlora-runs/p3-heterogeneous-delta,full_data_benchmark,45,0.28462825644234946,0.2846,0.0727,0.399,0.127,101.095166015625,1.2952666296663016,0.00015244577869840165,0.0009029225033626624,0.26278932968295216,,,30,293760,30,293760,0.6218152064830065,13219200,13219200
b729ad24b6b0,cad564bfe53c,MH / ΔW / ring,43,/home/gogoi/ahlora-runs/p3-heterogeneous-delta,full_data_benchmark,46,0.2823288055671863,0.2823,0.0708,0.4045,0.1215,102.75208333333333,1.293928608914082,0.00014608246761609538,0.0008618866157830205,0.2622143554091357,,,30,293760,30,293760,0.6412693103775382,13512960,13512960
b729ad24b6b0,cad564bfe53c,MH / ΔW / ring,43,/home/gogoi/ahlora-runs/p3-heterogeneous-delta,full_data_benchmark,47,0.28282915599257424,0.2828,0.0718,0.3875,0.1335,104.940966796875,1.2920903046122798,0.00014241476706581096,0.0008370880551717994,0.2636930032259746,,,30,293760,30,293760,0.6519983047619462,13806720,13806720
b729ad24b6b0,cad564bfe53c,MH / ΔW / ring,43,/home/gogoi/ahlora-runs/p3-heterogeneous-delta,full_data_benchmark,48,0.2832291061676369,0.2832,0.0719,0.40249999999999997,0.124,106.41240234375,1.2922007964577231,0.00013976503211983669,0.0008391826965959518,0.2653582427560953,,,30,293760,30,293760,0.6614299975335598,14100480,14100480
b729ad24b6b0,cad564bfe53c,MH / ΔW / ring,43,/home/gogoi/ahlora-runs/p3-heterogeneous-delta,full_data_benchmark,49,0.28222765494129815,0.2822,0.0725,0.3915,0.1285,108.2438232421875,1.2918545183476506,0.00013527437325138957,0.0008088470082069485,0.2661032917239936,,,30,293760,30,293760,0.657927849330008,14394240,14394240
b729ad24b6b0,cad564bfe53c,MH / ΔW / ring,43,/home/gogoi/ahlora-runs/p3-heterogeneous-delta,full_data_benchmark,50,0.2843321582452017,0.2843,0.0733,0.40049999999999997,0.127,109.79832356770834,1.2912013526813344,0.00013210794988518525,0.0007854327155398395,0.268816880479911,,,30,293760,30,293760,0.6429955419152975,14688000,14688000
b729ad24b6b0,658f968893fe,Oracle / ΔW / bridge 5,43,/home/gogoi/ahlora-runs/p3-heterogeneous-delta,full_data_benchmark,1,0.05340032686359523,0.0534,0.0098,0.0415,0.0425,2.592310587565104,3.5922637717830983,8.217997389226573e-05,0.0003487147035786839,0.0005976215968520512,,,30,293760,30,293760,0.6404525535181165,293760,293760
b729ad24b6b0,658f968893fe,Oracle / ΔW / bridge 5,43,/home/gogoi/ahlora-runs/p3-heterogeneous-delta,full_data_benchmark,2,0.10920275597936767,0.1092,0.0118,0.08449999999999999,0.0615,3.409199523925781,2.765320668090603,0.00039550531309100396,0.0015675858120560227,0.0048986689903047775,,,30,293760,30,293760,0.644802869297564,587520,587520
b729ad24b6b0,658f968893fe,Oracle / ΔW / bridge 5,43,/home/gogoi/ahlora-runs/p3-heterogeneous-delta,full_data_benchmark,3,0.19101215158186674,0.191,0.0145,0.07550000000000001,0.147,5.651861572265625,2.301822540916325,0.0010029707510414891,0.003575672453965478,0.020232330218550486,,,30,293760,30,293760,0.7106131510809064,881280,881280
b729ad24b6b0,658f968893fe,Oracle / ΔW / bridge 5,43,/home/gogoi/ahlora-runs/p3-heterogeneous-delta,full_data_benchmark,4,0.24161537849693768,0.2416,0.0243,0.09749999999999998,0.2,9.215041097005209,1.9399020797992828,0.0016001755252061803,0.006478593944096922,0.047003155592053265,,,30,293760,30,293760,0.6528906216844916,1175040,1175040
b729ad24b6b0,658f968893fe,Oracle / ΔW / bridge 5,43,/home/gogoi/ahlora-runs/p3-heterogeneous-delta,full_data_benchmark,5,0.2789202996099548,0.2789,0.0302,0.09700000000000003,0.2375,6.407063293457031,1.6782214480484439,0.00301012608367093,0.009974473519750239,0.10089118915299575,,,210,2056320,80,2853760,0.6568901054561138,3231360,4028800
b729ad24b6b0,658f968893fe,Oracle / ΔW / bridge 5,43,/home/gogoi/ahlora-runs/p3-heterogeneous-delta,full_data_benchmark,6,0.3070196133164649,0.307,0.0379,0.10149999999999998,0.2675,11.865028889973958,1.628575918712534,0.001934903555637135,0.008110361422091535,0.10146370466257698,,,30,293760,30,293760,0.6537059741094708,3525120,4322560
b729ad24b6b0,658f968893fe,Oracle / ΔW / bridge 5,43,/home/gogoi/ahlora-runs/p3-heterogeneous-delta,full_data_benchmark,7,0.3525220873046961,0.3525,0.044,0.1355,0.303,17.917095947265626,1.479385834133973,0.0016262883627952112,0.007679892650102929,0.11251152812653041,,,30,293760,30,293760,0.6628339253365993,3818880,4616320
b729ad24b6b0,658f968893fe,Oracle / ΔW / bridge 5,43,/home/gogoi/ahlora-runs/p3-heterogeneous-delta,full_data_benchmark,8,0.37532149840995416,0.3753,0.0565,0.15399999999999997,0.319,24.91527099609375,1.3701646016098443,0.0014443680554089963,0.006621279458522602,0.12623349940924225,,,30,293760,30,293760,0.6567947547882795,4112640,4910080
b729ad24b6b0,658f968893fe,Oracle / ΔW / bridge 5,43,/home/gogoi/ahlora-runs/p3-heterogeneous-delta,full_data_benchmark,9,0.38551940246093164,0.3855,0.0709,0.15099999999999997,0.3245,31.091888427734375,1.2964560906849827,0.0013590512554033072,0.0059962522858096265,0.1375701889389044,,,30,293760,30,293760,0.6536925472319126,4406400,5203840
b729ad24b6b0,658f968893fe,Oracle / ΔW / bridge 5,43,/home/gogoi/ahlora-runs/p3-heterogeneous-delta,full_data_benchmark,10,0.3737212474843659,0.3737,0.072,0.14550000000000002,0.3135,16.93858642578125,1.244198618414646,0.002899559377194824,0.00971239495044823,0.2621773165340225,,,210,2056320,80,2853760,0.6683444399386644,6462720,8057600
b729ad24b6b0,658f968893fe,Oracle / ΔW / bridge 5,43,/home/gogoi/ahlora-runs/p3-heterogeneous-delta,full_data_benchmark,11,0.38541690115903016,0.3854,0.0737,0.14399999999999996,0.3365,25.64349365234375,1.3153838062079335,0.0014082396340106484,0.0056927407995758595,0.1650247454737837,,,30,293760,30,293760,0.6519735110923648,6756480,8351360
b729ad24b6b0,658f968893fe,Oracle / ΔW / bridge 5,43,/home/gogoi/ahlora-runs/p3-heterogeneous-delta,full_data_benchmark,12,0.39991550771160966,0.3999,0.0796,0.15550000000000003,0.344,35.03621826171875,1.2484347686195505,0.001009389550601113,0.004339524249777525,0.1431592427933386,,,30,293760,30,293760,0.6206008521839976,7050240,8645120
b729ad24b6b0,658f968893fe,Oracle / ΔW / bridge 5,43,/home/gogoi/ahlora-runs/p3-heterogeneous-delta,full_data_benchmark,13,0.4123144133638887,0.4123,0.0908,0.15549999999999997,0.356,43.246317545572914,1.2056975628369395,0.0008832321765524577,0.003748390105375902,0.14037613179238045,,,30,293760,30,293760,0.6066462406888604,7344000,8938880
b729ad24b6b0,658f968893fe,Oracle / ΔW / bridge 5,43,/home/gogoi/ahlora-runs/p3-heterogeneous-delta,full_data_benchmark,14,0.4296144720432577,0.4296,0.1004,0.16250000000000003,0.3655,50.7735595703125,1.1704205347773573,0.0008292835135087957,0.0033406302825888887,0.1408049535400032,,,30,293760,30,293760,0.613035618327558,7637760,9232640
b729ad24b6b0,658f968893fe,Oracle / ΔW / bridge 5,43,/home/gogoi/ahlora-runs/p3-heterogeneous-delta,full_data_benchmark,15,0.4045202623913269,0.4045,0.0961,0.135,0.3475,26.866632080078126,1.1433470507363945,0.0023044831144808328,0.007227592597569101,0.34614621764048936,,,210,2056320,80,2853760,0.5838734246790409,9694080,12086400
b729ad24b6b0,658f968893fe,Oracle / ΔW / bridge 5,43,/home/gogoi/ahlora-runs/p3-heterogeneous-delta,full_data_benchmark,16,0.40841411126268695,0.4084,0.1021,0.1345,0.3535,38.60968831380208,1.240720172761575,0.000988313634522853,0.00355641151876289,0.18387477691624857,,,30,293760,30,293760,0.5790213579311967,9987840,12380160
b729ad24b6b0,658f968893fe,Oracle / ΔW / bridge 5,43,/home/gogoi/ahlora-runs/p3-heterogeneous-delta,full_data_benchmark,17,0.4194119156637897,0.4194,0.1034,0.14800000000000002,0.363,51.50210774739583,1.1786290431294633,0.0006573357794119481,0.0024591833193408526,0.14407549038023718,,,30,293760,30,293760,0.573085761629045,10281600,12673920
b729ad24b6b0,658f968893fe,Oracle / ΔW / bridge 5,43,/home/gogoi/ahlora-runs/p3-heterogeneous-delta,full_data_benchmark,18,0.43581182381782085,0.4358,0.1123,0.14700000000000002,0.376,63.29423828125,1.1414831884621959,0.000572731725697602,0.0021519735071366215,0.13775321504476684,,,30,293760,30,293760,0.5726818954572082,10575360,12967680
b729ad24b6b0,658f968893fe,Oracle / ΔW / bridge 5,43,/home/gogoi/ahlora-runs/p3-heterogeneous-delta,full_data_benchmark,19,0.44151047599323456,0.4415,0.1198,0.15700000000000003,0.378,73.18399251302084,1.122948775234253,0.0005376262330286613,0.0020229403695739123,0.13587949680602426,,,30,293760,30,293760,0.5722936745733023,10869120,13261440
b729ad24b6b0,658f968893fe,Oracle / ΔW / bridge 5,43,/home/gogoi/ahlora-runs/p3-heterogeneous-delta,full_data_benchmark,20,0.422320971646309,0.4223,0.1079,0.14900000000000002,0.352,39.21298014322917,1.0979459009334591,0.0018329852351134592,0.005374441188978628,0.4040857428684831,,,210,2056320,80,2853760,0.593563080765307,12925440,16115200
b729ad24b6b0,658f968893fe,Oracle / ΔW / bridge 5,43,/home/gogoi/ahlora-runs/p3-heterogeneous-delta,full_data_benchmark,21,0.4273147210178694,0.4273,0.1092,0.13449999999999995,0.378,55.820377604166666,1.192317528480977,0.0007587814940472445,0.0026511141015598473,0.20289764134116314,,,30,293760,30,293760,0.5795388054102659,13219200,16408960
b729ad24b6b0,658f968893fe,Oracle / ΔW / bridge 5,43,/home/gogoi/ahlora-runs/p3-heterogeneous-delta,full_data_benchmark,22,0.43841232536884706,0.4384,0.114,0.15800000000000003,0.382,72.91863606770833,1.149307767956536,0.00048209437685518917,0.0017482637053981534,0.14898056988125366,,,30,293760,30,293760,0.5698046730831265,13512960,16702720
b729ad24b6b0,658f968893fe,Oracle / ΔW / bridge 5,43,/home/gogoi/ahlora-runs/p3-heterogeneous-delta,full_data_benchmark,23,0.4436109272690982,0.4436,0.1209,0.15450000000000003,0.3785,88.52395833333334,1.1119004066600602,0.0003988988542806187,0.001454846387776842,0.13493772601449147,,,30,293760,30,293760,0.5802680533379316,13806720,16996480
b729ad24b6b0,658f968893fe,Oracle / ΔW / bridge 5,43,/home/gogoi/ahlora-runs/p3-heterogeneous-delta,full_data_benchmark,24,0.4545137341239291,0.4545,0.1273,0.14949999999999997,0.394,102.72423502604167,1.0875648263172397,0.00037275894752134204,0.0013865111799569224,0.1330948484426145,,,30,293760,30,293760,0.5740790711715817,14100480,17290240
b729ad24b6b0,658f968893fe,Oracle / ΔW / bridge 5,43,/home/gogoi/ahlora-runs/p3-heterogeneous-delta,full_data_benchmark,25,0.4320218269243757,0.432,0.1199,0.14650000000000002,0.3655,53.455989583333334,1.074259209271949,0.0014414707914666518,0.004268268664341579,0.4509226839523762,,,210,2056320,80,2853760,0.5799121465533972,16156800,20144000
b729ad24b6b0,658f968893fe,Oracle / ΔW / bridge 5,43,/home/gogoi/ahlora-runs/p3-heterogeneous-delta,full_data_benchmark,26,0.43121487304395856,0.4312,0.1226,0.1295,0.3765,73.81375325520834,1.1683005913964364,0.0005870548826157751,0.0020133158092787767,0.21860166135205267,,,30,293760,30,293760,0.5692898984998465,16450560,20437760
b729ad24b6b0,658f968893fe,Oracle / ΔW / bridge 5,43,/home/gogoi/ahlora-runs/p3-heterogeneous-delta,full_data_benchmark,27,0.4422122272197234,0.4422,0.1261,0.15650000000000003,0.3825,96.36046549479167,1.1239507907566064,0.0003516025336083496,0.0012517718192398117,0.15072072901742406,,,30,293760,30,293760,0.5806272849440575,16744320,20731520
b729ad24b6b0,658f968893fe,Oracle / ΔW / bridge 5,43,/home/gogoi/ahlora-runs/p3-heterogeneous-delta,full_data_benchmark,28,0.4480136808472641,0.448,0.1326,0.16550000000000004,0.3805,116.59602864583333,1.0904639085439818,0.00028184756261685344,0.0009965277771696985,0.13211731493339396,,,30,293760,30,293760,0.5810754708945751,17038080,21025280
b729ad24b6b0,658f968893fe,Oracle / ΔW / bridge 5,43,/home/gogoi/ahlora-runs/p3-heterogeneous-delta,full_data_benchmark,29,0.4550136343239792,0.455,0.1396,0.15799999999999997,0.3925,134.03612467447917,1.0726621062645063,0.00025640445698571235,0.0009268609178588618,0.12631674089624265,,,30,293760,30,293760,0.575936152599752,17331840,21319040
b729ad24b6b0,658f968893fe,Oracle / ΔW / bridge 5,43,/home/gogoi/ahlora-runs/p3-heterogeneous-delta,full_data_benchmark,30,0.43172317745031386,0.4317,0.1218,0.137,0.375,68.755224609375,1.0571376295006267,0.001135896344921555,0.0033701598794962325,0.4885743952356279,,,210,2056320,80,2853760,0.5783404670655727,19388160,24172800
b729ad24b6b0,658f968893fe,Oracle / ΔW / bridge 5,43,/home/gogoi/ahlora-runs/p3-heterogeneous-delta,full_data_benchmark,31,0.4368132750441597,0.4368,0.131,0.15450000000000003,0.3725,92.68409830729166,1.1570651827836331,0.00045139148879057305,0.0016406505441702163,0.22656868992829307,,,30,293760,30,293760,0.5770556144416332,19681920,24466560
b729ad24b6b0,658f968893fe,Oracle / ΔW / bridge 5,43,/home/gogoi/ahlora-runs/p3-heterogeneous-delta,full_data_benchmark,32,0.4454140797469133,0.4454,0.1331,0.16050000000000003,0.3815,120.25673828125,1.110644500992237,0.0002722423274596313,0.0010290272600493894,0.15629126656658626,,,30,293760,30,293760,0.6024740925058722,19975680,24760320
b729ad24b6b0,658f968893fe,Oracle / ΔW / bridge 5,43,/home/gogoi/ahlora-runs/p3-heterogeneous-delta,full_data_benchmark,33,0.45061283172227706,0.4506,0.134,0.15049999999999997,0.395,142.94694010416666,1.0859450041356382,0.0002146575522682214,0.0007930090851039793,0.13438586215799547,,,30,293760,30,293760,0.5931458817794919,20269440,25054080
b729ad24b6b0,658f968893fe,Oracle / ΔW / bridge 5,43,/home/gogoi/ahlora-runs/p3-heterogeneous-delta,full_data_benchmark,34,0.4581144863003933,0.4581,0.1336,0.14600000000000002,0.4,165.02884114583333,1.0630694719090312,0.0001954403948006198,0.0007018669027256154,0.1296387694931146,,,30,293760,30,293760,0.6472739260643721,20563200,25347840
b729ad24b6b0,658f968893fe,Oracle / ΔW / bridge 5,43,/home/gogoi/ahlora-runs/p3-heterogeneous-delta,full_data_benchmark,35,0.4359236297767031,0.4359,0.1193,0.15700000000000003,0.376,84.61458333333333,1.050822277832835,0.0009007288629815693,0.002612654703286875,0.5261646425972383,,,210,2056320,80,2853760,0.696499583311379,22619520,28201600
b729ad24b6b0,658f968893fe,Oracle / ΔW / bridge 5,43,/home/gogoi/ahlora-runs/p3-heterogeneous-delta,full_data_benchmark,36,0.44001512757134953,0.44,0.1234,0.14100000000000001,0.384,112.46624348958333,1.1549211409777334,0.0003631736235328332,0.0011827645745320094,0.2458924599977763,,,30,293760,30,293760,0.5679838266223669,22913280,28495360
b729ad24b6b0,658f968893fe,Oracle / ΔW / bridge 5,43,/home/gogoi/ahlora-runs/p3-heterogeneous-delta,full_data_benchmark,37,0.4496119807963886,0.4496,0.1261,0.16750000000000004,0.3875,143.282958984375,1.1106668859736748,0.00021593675609136428,0.0007447072816267192,0.16521726512401075,,,30,293760,30,293760,0.5697120372205973,23207040,28789120
b729ad24b6b0,658f968893fe,Oracle / ΔW / bridge 5,43,/home/gogoi/ahlora-runs/p3-heterogeneous-delta,full_data_benchmark,38,0.45201288244766513,0.452,0.1255,0.16400000000000003,0.397,173.38642578125,1.084937589681957,0.00016567498117822736,0.0005519704377547149,0.13774175483880147,,,30,293760,30,293760,0.5487899901345372,23500800,29082880
b729ad24b6b0,658f968893fe,Oracle / ΔW / bridge 5,43,/home/gogoi/ahlora-runs/p3-heterogeneous-delta,full_data_benchmark,39,0.46351493922708314,0.4635,0.1218,0.16350000000000003,0.3985,198.049609375,1.0618690138659457,0.0001538760499445782,0.00048497222529708965,0.13469904281522957,,,30,293760,30,293760,0.5574762932956219,23794560,29376640
b729ad24b6b0,658f968893fe,Oracle / ΔW / bridge 5,43,/home/gogoi/ahlora-runs/p3-heterogeneous-delta,full_data_benchmark,40,0.4380200290245267,0.438,0.1119,0.15149999999999997,0.377,101.45729166666666,1.0492273374226906,0.0007130414216082153,0.0019175798587619283,0.5599324277757357,,,210,2056320,80,2853760,0.5687229381874204,25850880,32230400
b729ad24b6b0,658f968893fe,Oracle / ΔW / bridge 5,43,/home/gogoi/ahlora-runs/p3-heterogeneous-delta,full_data_benchmark,41,0.43671332501917204,0.4367,0.1151,0.15449999999999997,0.383,133.53103841145833,1.1487606299177913,0.0002934593228709295,0.0009511166772361977,0.26456249071731386,,,30,293760,30,293760,0.5500266011804342,26144640,32524160
b729ad24b6b0,658f968893fe,Oracle / ΔW / bridge 5,43,/home/gogoi/ahlora-runs/p3-heterogeneous-delta,full_data_benchmark,42,0.44971448209829024,0.4497,0.1182,0.16400000000000003,0.393,169.17493489583333,1.111708125079772,0.0001814530134577368,0.0005921324640974756,0.183441355874614,,,30,293760,30,293760,0.5542472498491406,26438400,32817920
b729ad24b6b0,658f968893fe,Oracle / ΔW / bridge 5,43,/home/gogoi/ahlora-runs/p3-heterogeneous-delta,full_data_benchmark,43,0.45791518655086877,0.4579,0.1186,0.17099999999999999,0.3995,203.47965494791666,1.0777312283004652,0.00014120879360348976,0.0004539944573654845,0.1550782665468508,,,30,293760,30,293760,0.6054950980469584,26732160,33111680
b729ad24b6b0,658f968893fe,Oracle / ΔW / bridge 5,43,/home/gogoi/ahlora-runs/p3-heterogeneous-delta,full_data_benchmark,44,0.4627139883511698,0.4627,0.1194,0.15700000000000003,0.4085,232.08499348958333,1.058928207623603,0.00012846203959145005,0.00040171285589720584,0.14735613002339154,,,30,293760,30,293760,0.6062711868435144,27025920,33405440
b729ad24b6b0,658f968893fe,Oracle / ΔW / bridge 5,43,/home/gogoi/ahlora-runs/p3-heterogeneous-delta,full_data_benchmark,45,0.4377228803015909,0.4377,0.1037,0.15800000000000003,0.379,119.324560546875,1.0394512724424174,0.0005659612508600441,0.0014374177216549696,0.5964839171152562,,,210,2056320,80,2853760,0.6625380599871278,29082240,36259200
b729ad24b6b0,658f968893fe,Oracle / ΔW / bridge 5,43,/home/gogoi/ahlora-runs/p3-heterogeneous-delta,full_data_benchmark,46,0.44091287689488584,0.4409,0.1101,0.16450000000000004,0.3735,155.57682291666666,1.1373863789329532,0.00024270688301896844,0.000719373202926508,0.2917607143841451,,,30,293760,30,293760,0.6149575477465987,29376000,36552960
b729ad24b6b0,658f968893fe,Oracle / ΔW / bridge 5,43,/home/gogoi/ahlora-runs/p3-heterogeneous-delta,full_data_benchmark,47,0.4525148836992915,0.4525,0.1157,0.15499999999999997,0.3985,195.52887369791668,1.096898151379825,0.0001528435141365943,0.0004954299441873101,0.20410392395666957,,,30,293760,30,293760,0.616047908551991,29669760,36846720
b729ad24b6b0,658f968893fe,Oracle / ΔW / bridge 5,43,/home/gogoi/ahlora-runs/p3-heterogeneous-delta,full_data_benchmark,48,0.45761173467320404,0.4576,0.1164,0.16399999999999998,0.3985,235.17135416666667,1.068597060910395,0.00011943793701773606,0.00040728846764087964,0.1729275976997845,,,30,293760,30,293760,0.5606499733403325,29963520,37140480
b729ad24b6b0,658f968893fe,Oracle / ΔW / bridge 5,43,/home/gogoi/ahlora-runs/p3-heterogeneous-delta,full_data_benchmark,49,0.46251363807585694,0.4625,0.1152,0.17099999999999999,0.3975,270.260302734375,1.0524131718264893,0.00010730441080029482,0.00039951429845983905,0.16336312937925376,,,30,293760,30,293760,0.5679397797212005,30257280,37434240
b729ad24b6b0,658f968893fe,Oracle / ΔW / bridge 5,43,/home/gogoi/ahlora-runs/p3-heterogeneous-delta,full_data_benchmark,50,0.4424230827529178,0.4424,0.1021,0.16599999999999998,0.3735,137.40621744791667,1.0396839259443846,0.0004442988467462527,0.001198025702933504,0.6312201879608135,,,210,2056320,80,2853760,0.5719925248995423,32313600,40288000
b729ad24b6b0,51d33462378d,Local / ΔW,44,/home/gogoi/ahlora-runs/p3-heterogeneous-delta,full_data_benchmark,1,0.05219687453570512,0.0522,0.0061,0.0075,0.049,4.007321166992187,3.4392007380440455,0.0,0.0,0.0,,,0,0,0,0,0.5134160276502371,0,0
b729ad24b6b0,51d33462378d,Local / ΔW,44,/home/gogoi/ahlora-runs/p3-heterogeneous-delta,full_data_benchmark,2,0.09360800080440261,0.0936,0.0084,0.022499999999999992,0.0805,12.226131184895833,2.4845598559877553,0.0,0.0,0.0,,,0,0,0,0,0.46320148557424545,0,0
b729ad24b6b0,51d33462378d,Local / ΔW,44,/home/gogoi/ahlora-runs/p3-heterogeneous-delta,full_data_benchmark,3,0.16541894218056136,0.1654,0.0145,0.0345,0.1485,39.15550944010417,2.1280582711530176,0.0,0.0,0.0,,,0,0,0,0,0.46247145533561707,0,0
b729ad24b6b0,51d33462378d,Local / ΔW,44,/home/gogoi/ahlora-runs/p3-heterogeneous-delta,full_data_benchmark,4,0.24832748790769774,0.2483,0.022,0.06350000000000003,0.2075,71.72605794270834,1.7129430580861922,0.0,0.0,0.0,,,0,0,0,0,0.4664224646985531,0,0
b729ad24b6b0,51d33462378d,Local / ΔW,44,/home/gogoi/ahlora-runs/p3-heterogeneous-delta,full_data_benchmark,5,0.29822761292026656,0.2982,0.0373,0.09100000000000003,0.238,99.4494140625,1.3893683376547317,0.0,0.0,0.0,,,0,0,0,0,0.46425144001841545,0,0
b729ad24b6b0,51d33462378d,Local / ΔW,44,/home/gogoi/ahlora-runs/p3-heterogeneous-delta,full_data_benchmark,6,0.3319293806550178,0.3319,0.0521,0.1195,0.2635,131.15926106770834,1.1804777464240381,0.0,0.0,0.0,,,0,0,0,0,0.463374026119709,0,0
b729ad24b6b0,51d33462378d,Local / ΔW,44,/home/gogoi/ahlora-runs/p3-heterogeneous-delta,full_data_benchmark,7,0.3642276459367914,0.3642,0.0647,0.1355,0.285,164.79869791666667,1.0415417237312323,0.0,0.0,0.0,,,0,0,0,0,0.46490187104791403,0,0
b729ad24b6b0,51d33462378d,Local / ΔW,44,/home/gogoi/ahlora-runs/p3-heterogeneous-delta,full_data_benchmark,8,0.3846267556912234,0.3846,0.0744,0.14550000000000002,0.304,197.35328776041666,0.9448494017218418,0.0,0.0,0.0,,,0,0,0,0,0.46413927897810936,0,0
b729ad24b6b0,51d33462378d,Local / ΔW,44,/home/gogoi/ahlora-runs/p3-heterogeneous-delta,full_data_benchmark,9,0.4035263149206178,0.4035,0.0788,0.16299999999999998,0.3205,228.90227864583332,0.8743342410698982,0.0,0.0,0.0,,,0,0,0,0,0.4567670878022909,0,0
b729ad24b6b0,51d33462378d,Local / ΔW,44,/home/gogoi/ahlora-runs/p3-heterogeneous-delta,full_data_benchmark,10,0.4198294246270258,0.4198,0.0854,0.16249999999999998,0.3315,263.28583984375,0.8217636344445476,0.0,0.0,0.0,,,0,0,0,0,0.4718441879376769,0,0
b729ad24b6b0,51d33462378d,Local / ΔW,44,/home/gogoi/ahlora-runs/p3-heterogeneous-delta,full_data_benchmark,11,0.4309330319825072,0.4309,0.0893,0.15449999999999997,0.348,292.56712239583334,0.77917829286079,0.0,0.0,0.0,,,0,0,0,0,0.47628388460725546,0,0
b729ad24b6b0,51d33462378d,Local / ΔW,44,/home/gogoi/ahlora-runs/p3-heterogeneous-delta,full_data_benchmark,12,0.43653128390759577,0.4365,0.0891,0.16400000000000003,0.348,324.44866536458335,0.7450596547847733,0.0,0.0,0.0,,,0,0,0,0,0.4793984815478325,0,0
b729ad24b6b0,51d33462378d,Local / ΔW,44,/home/gogoi/ahlora-runs/p3-heterogeneous-delta,full_data_benchmark,13,0.4487314901108005,0.4487,0.0918,0.16649999999999998,0.359,353.4822265625,0.7133856654240789,0.0,0.0,0.0,,,0,0,0,0,0.47182067204266787,0,0
b729ad24b6b0,51d33462378d,Local / ΔW,44,/home/gogoi/ahlora-runs/p3-heterogeneous-delta,full_data_benchmark,14,0.4591345468406938,0.4591,0.0959,0.16250000000000003,0.3715,383.5574544270833,0.6886943787109723,0.0,0.0,0.0,,,0,0,0,0,0.47609169501811266,0,0
b729ad24b6b0,51d33462378d,Local / ΔW,44,/home/gogoi/ahlora-runs/p3-heterogeneous-delta,full_data_benchmark,15,0.465235100167634,0.4652,0.0986,0.16499999999999998,0.3805,412.53981119791666,0.6658998510616362,0.0,0.0,0.0,,,0,0,0,0,0.4675745014101267,0,0
b729ad24b6b0,51d33462378d,Local / ΔW,44,/home/gogoi/ahlora-runs/p3-heterogeneous-delta,full_data_benchmark,16,0.46903635269452365,0.469,0.1002,0.17300000000000004,0.379,439.90712890625,0.6444452700568616,0.0,0.0,0.0,,,0,0,0,0,0.47074421029537916,0,0
b729ad24b6b0,51d33462378d,Local / ΔW,44,/home/gogoi/ahlora-runs/p3-heterogeneous-delta,full_data_benchmark,17,0.47203770487128804,0.472,0.1023,0.16599999999999998,0.3855,470.59153645833334,0.6250717848034404,0.0,0.0,0.0,,,0,0,0,0,0.46298091672360897,0,0
b729ad24b6b0,51d33462378d,Local / ΔW,44,/home/gogoi/ahlora-runs/p3-heterogeneous-delta,full_data_benchmark,18,0.4841393117255185,0.4841,0.1027,0.16399999999999998,0.3945,502.0271809895833,0.6061199412289926,0.0,0.0,0.0,,,0,0,0,0,0.46809846721589565,0,0
b729ad24b6b0,51d33462378d,Local / ΔW,44,/home/gogoi/ahlora-runs/p3-heterogeneous-delta,full_data_benchmark,19,0.48523966245105676,0.4852,0.1049,0.16199999999999992,0.402,530.7224609375,0.5896154541716767,0.0,0.0,0.0,,,0,0,0,0,0.4656307492405176,0,0
b729ad24b6b0,51d33462378d,Local / ΔW,44,/home/gogoi/ahlora-runs/p3-heterogeneous-delta,full_data_benchmark,20,0.4878397137767452,0.4878,0.1069,0.15899999999999997,0.3995,556.7328776041667,0.5744669827342105,0.0,0.0,0.0,,,0,0,0,0,0.46596402768045664,0,0
b729ad24b6b0,51d33462378d,Local / ΔW,44,/home/gogoi/ahlora-runs/p3-heterogeneous-delta,full_data_benchmark,21,0.49153981567774657,0.4915,0.1103,0.16099999999999992,0.405,580.8227213541667,0.5606316259797753,0.0,0.0,0.0,,,0,0,0,0,0.47305312007665634,0,0
b729ad24b6b0,51d33462378d,Local / ΔW,44,/home/gogoi/ahlora-runs/p3-heterogeneous-delta,full_data_benchmark,22,0.49433811622717166,0.4943,0.1112,0.15899999999999992,0.406,606.1330078125,0.5471366351623842,0.0,0.0,0.0,,,0,0,0,0,0.46391923539340496,0,0
b729ad24b6b0,51d33462378d,Local / ΔW,44,/home/gogoi/ahlora-runs/p3-heterogeneous-delta,full_data_benchmark,23,0.49693891792842315,0.4969,0.1115,0.15049999999999997,0.4155,634.0626953125,0.5345142391921737,0.0,0.0,0.0,,,0,0,0,0,0.4637799123302102,0,0
b729ad24b6b0,51d33462378d,Local / ΔW,44,/home/gogoi/ahlora-runs/p3-heterogeneous-delta,full_data_benchmark,24,0.5008375692033863,0.5008,0.1131,0.16049999999999998,0.4115,661.4701171875,0.5226233001364182,0.0,0.0,0.0,,,0,0,0,0,0.4678582465276122,0,0
b729ad24b6b0,51d33462378d,Local / ΔW,44,/home/gogoi/ahlora-runs/p3-heterogeneous-delta,full_data_benchmark,25,0.5033373703538621,0.5033,0.1154,0.16199999999999998,0.416,685.584375,0.5119137494204782,0.0,0.0,0.0,,,0,0,0,0,0.4720798786729574,0,0
b729ad24b6b0,51d33462378d,Local / ΔW,44,/home/gogoi/ahlora-runs/p3-heterogeneous-delta,full_data_benchmark,26,0.5003364684024354,0.5003,0.1149,0.14799999999999996,0.422,711.0561848958333,0.5009588245857843,0.0,0.0,0.0,,,0,0,0,0,0.4596657110378146,0,0
b729ad24b6b0,51d33462378d,Local / ΔW,44,/home/gogoi/ahlora-runs/p3-heterogeneous-delta,full_data_benchmark,27,0.5045385715550633,0.5045,0.1132,0.15750000000000003,0.419,733.8345052083333,0.49113794272668443,0.0,0.0,0.0,,,0,0,0,0,0.48831539787352085,0,0
b729ad24b6b0,51d33462378d,Local / ΔW,44,/home/gogoi/ahlora-runs/p3-heterogeneous-delta,full_data_benchmark,28,0.5094380737559148,0.5094,0.1173,0.16200000000000003,0.4215,758.0124348958333,0.48035999232367793,0.0,0.0,0.0,,,0,0,0,0,0.4628989193588495,0,0
b729ad24b6b0,51d33462378d,Local / ΔW,44,/home/gogoi/ahlora-runs/p3-heterogeneous-delta,full_data_benchmark,29,0.5115382248815532,0.5115,0.1149,0.15450000000000003,0.432,785.6518229166667,0.47175825023313894,0.0,0.0,0.0,,,0,0,0,0,0.4663351606577635,0,0
b729ad24b6b0,51d33462378d,Local / ΔW,44,/home/gogoi/ahlora-runs/p3-heterogeneous-delta,full_data_benchmark,30,0.5128389258824041,0.5128,0.1202,0.16449999999999998,0.4235,814.6794270833333,0.46509380705801195,0.0,0.0,0.0,,,0,0,0,0,0.511812049895525,0,0
b729ad24b6b0,51d33462378d,Local / ΔW,44,/home/gogoi/ahlora-runs/p3-heterogeneous-delta,full_data_benchmark,31,0.5143390767078923,0.5143,0.1191,0.16050000000000003,0.429,838.4901041666667,0.4548165910779366,0.0,0.0,0.0,,,0,0,0,0,0.4646107414737344,0,0
b729ad24b6b0,51d33462378d,Local / ΔW,44,/home/gogoi/ahlora-runs/p3-heterogeneous-delta,full_data_benchmark,32,0.5157376266821544,0.5157,0.1198,0.15600000000000003,0.4335,859.53828125,0.44533284442335996,0.0,0.0,0.0,,,0,0,0,0,0.4828030448406935,0,0
b729ad24b6b0,51d33462378d,Local / ΔW,44,/home/gogoi/ahlora-runs/p3-heterogeneous-delta,full_data_benchmark,33,0.5207378292835564,0.5207,0.1249,0.15650000000000003,0.436,886.5704427083333,0.43891577811790783,0.0,0.0,0.0,,,0,0,0,0,0.46593939792364836,0,0
b729ad24b6b0,51d33462378d,Local / ΔW,44,/home/gogoi/ahlora-runs/p3-heterogeneous-delta,full_data_benchmark,34,0.5214410812611713,0.5214,0.1298,0.16550000000000004,0.436,905.9540364583333,0.42977196971658305,0.0,0.0,0.0,,,0,0,0,0,0.49587276484817266,0,0
b729ad24b6b0,51d33462378d,Local / ΔW,44,/home/gogoi/ahlora-runs/p3-heterogeneous-delta,full_data_benchmark,35,0.5190394292343318,0.519,0.1309,0.16050000000000003,0.436,934.0245442708333,0.42386591966676657,0.0,0.0,0.0,,,0,0,0,0,0.4596955059096217,0,0
b729ad24b6b0,51d33462378d,Local / ΔW,44,/home/gogoi/ahlora-runs/p3-heterogeneous-delta,full_data_benchmark,36,0.5174379777078427,0.5174,0.1304,0.16050000000000003,0.432,953.1421875,0.4151293282634063,0.0,0.0,0.0,,,0,0,0,0,0.5282378131523728,0,0
b729ad24b6b0,51d33462378d,Local / ΔW,44,/home/gogoi/ahlora-runs/p3-heterogeneous-delta,full_data_benchmark,37,0.5209378794086441,0.5209,0.1341,0.1725,0.4255,982.139453125,0.40886747489990877,0.0,0.0,0.0,,,0,0,0,0,0.46488793194293976,0,0
b729ad24b6b0,51d33462378d,Local / ΔW,44,/home/gogoi/ahlora-runs/p3-heterogeneous-delta,full_data_benchmark,38,0.5240394817606212,0.524,0.1314,0.16750000000000004,0.435,1009.5036458333333,0.40288243820253,0.0,0.0,0.0,,,0,0,0,0,0.45767235569655895,0,0
b729ad24b6b0,51d33462378d,Local / ΔW,44,/home/gogoi/ahlora-runs/p3-heterogeneous-delta,full_data_benchmark,39,0.5205422814118466,0.5205,0.1361,0.16849999999999998,0.4295,1034.4405598958333,0.3960719086299343,0.0,0.0,0.0,,,0,0,0,0,0.537935302592814,0,0
b729ad24b6b0,51d33462378d,Local / ΔW,44,/home/gogoi/ahlora-runs/p3-heterogeneous-delta,full_data_benchmark,40,0.5229385307346327,0.5229,0.1373,0.16750000000000004,0.428,1051.3805989583334,0.388148923175264,0.0,0.0,0.0,,,0,0,0,0,0.4629744943231344,0,0
b729ad24b6b0,51d33462378d,Local / ΔW,44,/home/gogoi/ahlora-runs/p3-heterogeneous-delta,full_data_benchmark,41,0.5253395824610217,0.5253,0.1384,0.15599999999999997,0.439,1076.8036458333333,0.3822947886506597,0.0,0.0,0.0,,,0,0,0,0,0.5203761039301753,0,0
b729ad24b6b0,51d33462378d,Local / ΔW,44,/home/gogoi/ahlora-runs/p3-heterogeneous-delta,full_data_benchmark,42,0.5256418337377858,0.5256,0.1381,0.16199999999999998,0.439,1094.4127604166667,0.3767747979707673,0.0,0.0,0.0,,,0,0,0,0,0.5268511641770601,0,0
b729ad24b6b0,51d33462378d,Local / ΔW,44,/home/gogoi/ahlora-runs/p3-heterogeneous-delta,full_data_benchmark,43,0.5287392339866103,0.5287,0.139,0.15900000000000003,0.4445,1119.1752604166666,0.371873009755075,0.0,0.0,0.0,,,0,0,0,0,0.48754323832690716,0,0
b729ad24b6b0,51d33462378d,Local / ΔW,44,/home/gogoi/ahlora-runs/p3-heterogeneous-delta,full_data_benchmark,44,0.5263375819597709,0.5263,0.1406,0.15850000000000003,0.438,1141.2334635416667,0.3651994306516473,0.0,0.0,0.0,,,0,0,0,0,0.46466494258493185,0,0
b729ad24b6b0,51d33462378d,Local / ΔW,44,/home/gogoi/ahlora-runs/p3-heterogeneous-delta,full_data_benchmark,45,0.5260422341381862,0.526,0.1419,0.16100000000000003,0.4345,1158.0208333333333,0.36070359159736365,0.0,0.0,0.0,,,0,0,0,0,0.46667304169386625,0,0
b729ad24b6b0,51d33462378d,Local / ΔW,44,/home/gogoi/ahlora-runs/p3-heterogeneous-delta,full_data_benchmark,46,0.5283395839617728,0.5283,0.1436,0.16600000000000004,0.4355,1176.858203125,0.35525926826109466,0.0,0.0,0.0,,,0,0,0,0,0.4639326399192214,0,0
b729ad24b6b0,51d33462378d,Local / ΔW,44,/home/gogoi/ahlora-runs/p3-heterogeneous-delta,full_data_benchmark,47,0.5255406831118976,0.5255,0.1468,0.15300000000000002,0.4415,1197.1083333333333,0.3494794226698967,0.0,0.0,0.0,,,0,0,0,0,0.47173798084259033,0,0
b729ad24b6b0,51d33462378d,Local / ΔW,44,/home/gogoi/ahlora-runs/p3-heterogeneous-delta,full_data_benchmark,48,0.525441483462473,0.5254,0.1462,0.15899999999999997,0.439,1218.4630208333333,0.3446332841556578,0.0,0.0,0.0,,,0,0,0,0,0.4715885566547513,0,0
b729ad24b6b0,51d33462378d,Local / ΔW,44,/home/gogoi/ahlora-runs/p3-heterogeneous-delta,full_data_benchmark,49,0.5287432860146504,0.5287,0.1446,0.15499999999999997,0.442,1235.74609375,0.3403728373499692,0.0,0.0,0.0,,,0,0,0,0,0.47898565884679556,0,0
b729ad24b6b0,51d33462378d,Local / ΔW,44,/home/gogoi/ahlora-runs/p3-heterogeneous-delta,full_data_benchmark,50,0.5288412850631742,0.5288,0.1489,0.16349999999999998,0.4405,1251.98515625,0.33491136824829515,0.0,0.0,0.0,,,0,0,0,0,0.46902096550911665,0,0
b729ad24b6b0,0eac0e17d3ed,FedAvg / ΔW,44,/home/gogoi/ahlora-runs/p3-heterogeneous-delta,full_data_benchmark,1,0.006100703402052727,0.0061,0.0062,0.017499999999999998,0.001,0.00032076674203077954,3.4392007380440455,9.21792279178758e-05,0.00026175768002045395,0.0005094944995107653,,,210,2056320,30,914880,0.634508952498436,2056320,914880
b729ad24b6b0,0eac0e17d3ed,FedAvg / ΔW,44,/home/gogoi/ahlora-runs/p3-heterogeneous-delta,full_data_benchmark,2,0.00790055422739081,0.0079,0.008,0.0245,0.0,0.0006832563628753026,3.248503201152601,4.110746995704827e-05,0.00011720244531515569,0.0010794693902577517,,,210,2056320,30,914880,0.638595019467175,4112640,1829760
b729ad24b6b0,0eac0e17d3ed,FedAvg / ΔW,44,/home/gogoi/ahlora-runs/p3-heterogeneous-delta,full_data_benchmark,3,0.009000304652478565,0.009,0.009,0.0265,0.0,0.0016688798864682515,3.171477786711903,4.210636418335491e-05,0.00012151700039339077,0.0026036781515964926,,,210,2056320,30,914880,0.6420583548024297,6168960,2744640
b729ad24b6b0,0eac0e17d3ed,FedAvg / ΔW,44,/home/gogoi/ahlora-runs/p3-heterogeneous-delta,full_data_benchmark,4,0.010099754927341135,0.0101,0.0099,0.0185,0.0,0.003249150514602661,3.138370511033513,4.752870976844849e-05,0.00013775546858872133,0.005046552728193395,,,210,2056320,30,914880,0.6335613625124097,8225280,3659520
b729ad24b6b0,0eac0e17d3ed,FedAvg / ΔW,44,/home/gogoi/ahlora-runs/p3-heterogeneous-delta,full_data_benchmark,5,0.01100005552779166,0.011,0.0111,0.0225,0.0,0.0047273412346839905,3.0891312649620932,4.743316099135104e-05,0.00013812330717523518,0.007307384751281158,,,210,2056320,30,914880,0.6378924679011106,10281600,4574400
b729ad24b6b0,0eac0e17d3ed,FedAvg / ΔW,44,/home/gogoi/ahlora-runs/p3-heterogeneous-delta,full_data_benchmark,6,0.0126007566787177,0.0126,0.0126,0.0285,0.0,0.0066324348251024885,3.04912229517652,4.9328615248477096e-05,0.00014412248447451126,0.010217905998918772,,,210,2056320,30,914880,0.6426838776096702,12337920,5489280
b729ad24b6b0,0eac0e17d3ed,FedAvg / ΔW,44,/home/gogoi/ahlora-runs/p3-heterogeneous-delta,full_data_benchmark,7,0.014800857829343587,0.0148,0.0143,0.027,0.0,0.008933639526367188,2.9923625026227714,5.2982067884704363e-05,0.00015452263506253816,0.013787422243998057,,,210,2056320,30,914880,0.6291864849627018,14394240,6404160
b729ad24b6b0,0eac0e17d3ed,FedAvg / ΔW,44,/home/gogoi/ahlora-runs/p3-heterogeneous-delta,full_data_benchmark,8,0.019401260330795565,0.0194,0.0193,0.039,0.0,0.011242542664210002,2.9391110881042883,5.544137899060926e-05,0.00016223274766627072,0.017292389104416845,,,210,2056320,30,914880,0.6451437659561634,16450560,7319040
b729ad24b6b0,0eac0e17d3ed,FedAvg / ΔW,44,/home/gogoi/ahlora-runs/p3-heterogeneous-delta,full_data_benchmark,9,0.024301362832097464,0.0243,0.0248,0.051,0.0,0.013124720255533854,2.877114407090704,5.554764847915031e-05,0.0001627557362962011,0.020160923068336462,,,210,2056320,30,914880,0.6958016101270914,18506880,8233920
b729ad24b6b0,0eac0e17d3ed,FedAvg / ΔW,44,/home/gogoi/ahlora-runs/p3-heterogeneous-delta,full_data_benchmark,10,0.02830101465783625,0.0283,0.0281,0.0625,0.0,0.014564200242360433,2.830516317341542,5.408967058983085e-05,0.00015817768858300576,0.022415122313153308,,,210,2056320,30,914880,0.6557686245068908,20563200,9148800
b729ad24b6b0,0eac0e17d3ed,FedAvg / ΔW,44,/home/gogoi/ahlora-runs/p3-heterogeneous-delta,full_data_benchmark,11,0.034201667934801366,0.0342,0.0332,0.088,0.0,0.016387861967086793,2.7698094833054574,5.350665785748866e-05,0.00015674485364871964,0.02517832139589397,,,210,2056320,30,914880,0.6370347952470183,22619520,10063680
b729ad24b6b0,0eac0e17d3ed,FedAvg / ΔW,44,/home/gogoi/ahlora-runs/p3-heterogeneous-delta,full_data_benchmark,12,0.03640236938587763,0.0364,0.0367,0.096,0.0,0.017678197224934897,2.7249242908312956,5.148579595573317e-05,0.00015125957186779725,0.02708229542895424,,,210,2056320,30,914880,0.6302023772150278,24675840,10978560
b729ad24b6b0,0eac0e17d3ed,FedAvg / ΔW,44,/home/gogoi/ahlora-runs/p3-heterogeneous-delta,full_data_benchmark,13,0.03910162036099067,0.0391,0.0398,0.1005,0.0,0.018999902407328288,2.690984391829422,4.967335659783792e-05,0.0001462475481527773,0.029044815641706617,,,210,2056320,30,914880,0.6386214690282941,26732160,11893440
b729ad24b6b0,0eac0e17d3ed,FedAvg / ΔW,44,/home/gogoi/ahlora-runs/p3-heterogeneous-delta,full_data_benchmark,14,0.04220277248763006,0.0422,0.0415,0.1075,0.0,0.02028679649035136,2.6555221473980137,4.8394045234550485e-05,0.00014223221370405947,0.03106693305380759,,,210,2056320,30,914880,0.6300685852766037,28788480,12808320
b729ad24b6b0,0eac0e17d3ed,FedAvg / ΔW,44,/home/gogoi/ahlora-runs/p3-heterogeneous-delta,full_data_benchmark,15,0.044802223512868194,0.0448,0.0454,0.116,0.0,0.021288593610127766,2.623526004315557,4.6472271821808245e-05,0.00013665280909708557,0.03258463868466303,,,210,2056320,30,914880,0.6247118432074785,30844800,13723200
b729ad24b6b0,0eac0e17d3ed,FedAvg / ΔW,44,/home/gogoi/ahlora-runs/p3-heterogeneous-delta,full_data_benchmark,16,0.04520187353770563,0.0452,0.045,0.1185,0.0,0.022511676947275797,2.601773775992019,4.522061478481871e-05,0.00013302511631652463,0.03444363477804776,,,210,2056320,30,914880,0.6146148201078176,32901120,14638080
b729ad24b6b0,0eac0e17d3ed,FedAvg / ΔW,44,/home/gogoi/ahlora-runs/p3-heterogeneous-delta,full_data_benchmark,17,0.04730262496379437,0.0473,0.0468,0.116,0.001,0.023026301463445028,2.582304083664938,4.266734073636897e-05,0.0001253529440742047,0.035276231782214985,,,210,2056320,30,914880,0.6327734291553497,34957440,15552960
b729ad24b6b0,0eac0e17d3ed,FedAvg / ΔW,44,/home/gogoi/ahlora-runs/p3-heterogeneous-delta,full_data_benchmark,18,0.04770227498863181,0.0477,0.0478,0.113,0.0015,0.024421211083730063,2.554290858688936,4.22944390191437e-05,0.0001241505518374897,0.03744626857102654,,,210,2056320,30,914880,0.6349083548411727,37013760,16467840
b729ad24b6b0,0eac0e17d3ed,FedAvg / ΔW,44,/home/gogoi/ahlora-runs/p3-heterogeneous-delta,full_data_benchmark,19,0.048802025413719564,0.0488,0.0487,0.1125,0.0005,0.024326926469802855,2.5456701089299143,3.948940259313728e-05,0.00011601536194666157,0.03727121603757647,,,210,2056320,30,914880,0.6467131180688739,39070080,17382720
b729ad24b6b0,0eac0e17d3ed,FedAvg / ΔW,44,/home/gogoi/ahlora-runs/p3-heterogeneous-delta,full_data_benchmark,20,0.0492013752883318,0.0492,0.0495,0.119,0.0005,0.025185827414194742,2.5311631795708087,3.8342309780709426e-05,0.00011280010628988505,0.038532167868349156,,,210,2056320,30,914880,0.5842114333063364,41126400,18297600
b729ad24b6b0,0eac0e17d3ed,FedAvg / ΔW,44,/home/gogoi/ahlora-runs/p3-heterogeneous-delta,full_data_benchmark,21,0.05150187668928299,0.0515,0.0507,0.1245,0.0005,0.025421420733133953,2.5094306046414347,3.6284382291274083e-05,0.00010678370335721692,0.03887944202142535,,,210,2056320,30,914880,0.5807258449494839,43182720,19212480
b729ad24b6b0,0eac0e17d3ed,FedAvg / ΔW,44,/home/gogoi/ahlora-runs/p3-heterogeneous-delta,full_data_benchmark,22,0.05150247698973335,0.0515,0.0522,0.128,0.0005,0.025619582335154215,2.507903663922804,3.442120365628859e-05,0.0001013701444748657,0.03915664864689461,,,210,2056320,30,914880,0.5707728946581483,45239040,20127360
b729ad24b6b0,0eac0e17d3ed,FedAvg / ΔW,44,/home/gogoi/ahlora-runs/p3-heterogeneous-delta,full_data_benchmark,23,0.05340137738938337,0.0534,0.0532,0.1355,0.001,0.026138997077941893,2.495058119149798,3.3059485150993696e-05,9.751162753457149e-05,0.03988686610076305,,,210,2056320,30,914880,0.6258574621751904,47295360,21042240
b729ad24b6b0,0eac0e17d3ed,FedAvg / ΔW,44,/home/gogoi/ahlora-runs/p3-heterogeneous-delta,full_data_benchmark,24,0.05290087688888288,0.0529,0.0533,0.131,0.001,0.02664837638537089,2.485923464287192,3.1806619394979825e-05,9.375618494621518e-05,0.040689572991444344,,,210,2056320,30,914880,0.5836827661842108,49351680,21957120
b729ad24b6b0,0eac0e17d3ed,FedAvg / ΔW,44,/home/gogoi/ahlora-runs/p3-heterogeneous-delta,full_data_benchmark,25,0.054601377989683834,0.0546,0.0548,0.13,0.001,0.027007365226745607,2.483429947560704,3.0732836092531285e-05,9.056533352763422e-05,0.04124918717570836,,,210,2056320,30,914880,0.5791619326919317,51408000,22872000
b729ad24b6b0,0eac0e17d3ed,FedAvg / ΔW,44,/home/gogoi/ahlora-runs/p3-heterogeneous-delta,full_data_benchmark,26,0.054901528214871535,0.0549,0.0555,0.1275,0.001,0.027403950691223145,2.473444208298309,2.9577756073938122e-05,8.718043156535378e-05,0.04184595361463531,,,210,2056320,30,914880,0.6370522379875183,53464320,23786880
b729ad24b6b0,0eac0e17d3ed,FedAvg / ΔW,44,/home/gogoi/ahlora-runs/p3-heterogeneous-delta,full_data_benchmark,27,0.0552030291160726,0.0552,0.0554,0.128,0.001,0.027655702829360963,2.469333720373128,2.837847206943485e-05,8.37100301106163e-05,0.042198309911934,,,210,2056320,30,914880,0.6480400403961539,55520640,24701760
b729ad24b6b0,0eac0e17d3ed,FedAvg / ΔW,44,/home/gogoi/ahlora-runs/p3-heterogeneous-delta,full_data_benchmark,28,0.0546022784403594,0.0546,0.0543,0.1325,0.001,0.028027492761611938,2.455371217489621,2.7534296959927125e-05,8.121812613996775e-05,0.0427661208044204,,,210,2056320,30,914880,0.5711475340649486,57576960,25616640
b729ad24b6b0,0eac0e17d3ed,FedAvg / ΔW,44,/home/gogoi/ahlora-runs/p3-heterogeneous-delta,full_data_benchmark,29,0.054602878740809775,0.0546,0.0541,0.1275,0.001,0.029005767901738484,2.435714591052004,2.728238819793976e-05,8.055277271380861e-05,0.04421689825721842,,,210,2056320,30,914880,0.5994407692924142,59633280,26531520
b729ad24b6b0,0eac0e17d3ed,FedAvg / ΔW,44,/home/gogoi/ahlora-runs/p3-heterogeneous-delta,full_data_benchmark,30,0.054402828615722175,0.0544,0.0547,0.1275,0.001,0.028897758324941,2.436169566616236,2.5993014755221977e-05,7.674093790972756e-05,0.04405430801792439,,,210,2056320,30,914880,0.5605358798056841,61689600,27446400
b729ad24b6b0,0eac0e17d3ed,FedAvg / ΔW,44,/home/gogoi/ahlora-runs/p3-heterogeneous-delta,full_data_benchmark,31,0.054801578189884036,0.0548,0.0551,0.131,0.0015,0.028865736722946168,2.4317786888193353,2.4881659988605892e-05,7.3430701385534e-05,0.044022077397433655,,,210,2056320,30,914880,0.5619818437844515,63745920,28361280
b729ad24b6b0,0eac0e17d3ed,FedAvg / ΔW,44,/home/gogoi/ahlora-runs/p3-heterogeneous-delta,full_data_benchmark,32,0.05500177839008424,0.055,0.0548,0.128,0.002,0.028770222266515096,2.430532185506001,2.3721049849838232e-05,7.004956740903341e-05,0.043849504423633334,,,210,2056320,30,914880,0.5684456583112478,65802240,29276160
b729ad24b6b0,0eac0e17d3ed,FedAvg / ΔW,44,/home/gogoi/ahlora-runs/p3-heterogeneous-delta,full_data_benchmark,33,0.056301879090484785,0.0563,0.0551,0.1345,0.0015,0.029210839668909708,2.4152980004499227,2.31563982496696e-05,6.83060722550472e-05,0.04457003443409727,,,210,2056320,30,914880,0.5716908350586891,67858560,30191040
b729ad24b6b0,0eac0e17d3ed,FedAvg / ΔW,44,/home/gogoi/ahlora-runs/p3-heterogeneous-delta,full_data_benchmark,34,0.05670182926554739,0.0567,0.056,0.1335,0.002,0.02966429591178894,2.412206652518407,2.271446129625365e-05,6.708696275717071e-05,0.0452038797326774,,,210,2056320,30,914880,0.580294101499021,69914880,31105920
b729ad24b6b0,0eac0e17d3ed,FedAvg / ΔW,44,/home/gogoi/ahlora-runs/p3-heterogeneous-delta,full_data_benchmark,35,0.05620207914060986,0.0562,0.0565,0.1375,0.002,0.030418898661931357,2.3976300602229474,2.2412048930133272e-05,6.619790933172891e-05,0.04635156435324461,,,210,2056320,30,914880,0.5733038820326328,71971200,32020800
b729ad24b6b0,0eac0e17d3ed,FedAvg / ΔW,44,/home/gogoi/ahlora-runs/p3-heterogeneous-delta,full_data_benchmark,36,0.05600172886529708,0.056,0.0572,0.1345,0.0015,0.030340023835500083,2.392199089233591,2.1502544814928606e-05,6.345503373564437e-05,0.04627247900922763,,,210,2056320,30,914880,0.5712840752676129,74027520,32935680
b729ad24b6b0,0eac0e17d3ed,FedAvg / ΔW,44,/home/gogoi/ahlora-runs/p3-heterogeneous-delta,full_data_benchmark,37,0.05600277939108523,0.056,0.0568,0.131,0.0015,0.030445412794748942,2.38666976689299,2.0926911658443733e-05,6.17656708880333e-05,0.04642645569644325,,,210,2056320,30,914880,0.567805690690875,76083840,33850560
b729ad24b6b0,0eac0e17d3ed,FedAvg / ΔW,44,/home/gogoi/ahlora-runs/p3-heterogeneous-delta,full_data_benchmark,38,0.056202679441060256,0.0562,0.0562,0.13,0.002,0.03018602927525838,2.3801498248610176,2.0173191381584162e-05,5.955299901293137e-05,0.0460222106303263,,,210,2056320,30,914880,0.5935610122978687,78140160,34765440
b729ad24b6b0,0eac0e17d3ed,FedAvg / ΔW,44,/home/gogoi/ahlora-runs/p3-heterogeneous-delta,full_data_benchmark,39,0.055702929316122717,0.0557,0.0561,0.1245,0.0025,0.029710872968037923,2.373142821810433,1.9314768180055877e-05,5.70644834492369e-05,0.04526088194385617,,,210,2056320,30,914880,0.6050537433475256,80196480,35680320
b729ad24b6b0,0eac0e17d3ed,FedAvg / ΔW,44,/home/gogoi/ahlora-runs/p3-heterogeneous-delta,full_data_benchmark,40,0.057903780842311584,0.0579,0.0577,0.128,0.0025,0.0303712526957194,2.3574417838906645,1.9325096858905064e-05,5.70565450662809e-05,0.04629799700281486,,,210,2056320,30,914880,0.5841024853289127,82252800,36595200
b729ad24b6b0,0eac0e17d3ed,FedAvg / ΔW,44,/home/gogoi/ahlora-runs/p3-heterogeneous-delta,full_data_benchmark,41,0.05720293006649828,0.0572,0.0582,0.1205,0.0025,0.030183076858520508,2.3483397909316484,1.8696055912405045e-05,5.517343871263492e-05,0.046033642484568794,,,210,2056320,30,914880,0.5685130963101983,84309120,37510080
b729ad24b6b0,0eac0e17d3ed,FedAvg / ΔW,44,/home/gogoi/ahlora-runs/p3-heterogeneous-delta,full_data_benchmark,42,0.056303079691385524,0.0563,0.0563,0.1195,0.003,0.030203433831532796,2.345259274559722,1.8164125843779124e-05,5.359163045166124e-05,0.04607493713592703,,,210,2056320,30,914880,0.5749856131151319,86365440,38424960
b729ad24b6b0,0eac0e17d3ed,FedAvg / ΔW,44,/home/gogoi/ahlora-runs/p3-heterogeneous-delta,full_data_benchmark,43,0.05730318024171098,0.0573,0.0566,0.11399999999999999,0.004,0.03052188754081726,2.343849285293176,1.7876341516547324e-05,5.276721401170534e-05,0.046537777518096846,,,210,2056320,30,914880,0.5629904475063086,88421760,39339840
b729ad24b6b0,0eac0e17d3ed,FedAvg / ΔW,44,/home/gogoi/ahlora-runs/p3-heterogeneous-delta,full_data_benchmark,44,0.058702030366198275,0.0587,0.0577,0.108,0.006,0.030610402425130207,2.3331164983216346,1.7344409260708854e-05,5.121535342483028e-05,0.04665638892523324,,,210,2056320,30,914880,0.5580068677663803,90478080,40254720
b729ad24b6b0,0eac0e17d3ed,FedAvg / ΔW,44,/home/gogoi/ahlora-runs/p3-heterogeneous-delta,full_data_benchmark,45,0.05950238094166129,0.0595,0.0597,0.1035,0.0055,0.030597754319508872,2.3201186797605193,1.6971784652805933e-05,5.009437294825904e-05,0.04665625642398178,,,210,2056320,30,914880,0.5511995805427432,92534400,41169600
b729ad24b6b0,0eac0e17d3ed,FedAvg / ΔW,44,/home/gogoi/ahlora-runs/p3-heterogeneous-delta,full_data_benchmark,46,0.06080218149183667,0.0608,0.0601,0.105,0.0065,0.030215122302373252,2.3140189478220545,1.6270751404938733e-05,4.801930151802935e-05,0.04607967764726103,,,210,2056320,30,914880,0.5758731542155147,94590720,42084480
b729ad24b6b0,0eac0e17d3ed,FedAvg / ΔW,44,/home/gogoi/ahlora-runs/p3-heterogeneous-delta,full_data_benchmark,47,0.06150288219253737,0.0615,0.0606,0.1035,0.007,0.03001349965731303,2.308346014075285,1.5694691688569728e-05,4.634044368707651e-05,0.04575024851146736,,,210,2056320,30,914880,0.5890482673421502,96647040,42999360
b729ad24b6b0,0eac0e17d3ed,FedAvg / ΔW,44,/home/gogoi/ahlora-runs/p3-heterogeneous-delta,full_data_benchmark,48,0.06060183121652388,0.0606,0.0601,0.09999999999999999,0.006,0.030129186312357583,2.2964174128076213,1.5340009431760022e-05,4.527661883819392e-05,0.0459440398208244,,,210,2056320,30,914880,0.5793995643034577,98703360,43914240
b729ad24b6b0,0eac0e17d3ed,FedAvg / ΔW,44,/home/gogoi/ahlora-runs/p3-heterogeneous-delta,full_data_benchmark,49,0.060401330866098474,0.0604,0.0585,0.096,0.0075,0.030225952466328938,2.2947550069787366,1.4951773959646976e-05,4.4182976312312325e-05,0.04603609588351295,,,210,2056320,30,914880,0.5778650008141994,100759680,44829120
b729ad24b6b0,0eac0e17d3ed,FedAvg / ΔW,44,/home/gogoi/ahlora-runs/p3-heterogeneous-delta,full_data_benchmark,50,0.06180138159148653,0.0618,0.0602,0.1015,0.009,0.030306673049926756,2.286622276384597,1.4632987803198972e-05,4.318516091522946e-05,0.046219785284241276,,,210,2056320,30,914880,0.5499626128003001,102816000,45744000
b729ad24b6b0,cad564bfe53c,MH / ΔW / ring,44,/home/gogoi/ahlora-runs/p3-heterogeneous-delta,full_data_benchmark,1,0.025599662631146887,0.0256,0.0061,0.046,0.0065,1.1742380777994792,3.4392007380440455,5.337935838426807e-05,0.00025846838255102605,0.000413819343205842,,,30,293760,30,293760,0.5531436894088984,293760,293760
b729ad24b6b0,cad564bfe53c,MH / ΔW / ring,44,/home/gogoi/ahlora-runs/p3-heterogeneous-delta,full_data_benchmark,2,0.05960353156754956,0.0596,0.0087,0.020499999999999997,0.052,2.5374544779459636,2.9329449456885404,0.00027451914111752135,0.0014328318288674854,0.006117228727255982,,,30,293760,30,293760,0.5577038740739226,587520,587520
b729ad24b6b0,cad564bfe53c,MH / ΔW / ring,44,/home/gogoi/ahlora-runs/p3-heterogeneous-delta,full_data_benchmark,3,0.09871535703619659,0.0987,0.0162,0.0315,0.084,4.261524454752604,2.5469242773172724,0.0005335273467459831,0.0024642141472096765,0.023662486222201552,,,30,293760,30,293760,0.5587188741192222,881280,881280
b729ad24b6b0,cad564bfe53c,MH / ΔW / ring,44,/home/gogoi/ahlora-runs/p3-heterogeneous-delta,full_data_benchmark,4,0.1294277786031909,0.1294,0.023,0.06300000000000001,0.1075,6.482541910807291,2.310302683779139,0.0005994503277204164,0.0028197246155091376,0.0419759433158409,,,30,293760,30,293760,0.5547411004081368,1175040,1175040
b729ad24b6b0,cad564bfe53c,MH / ΔW / ring,44,/home/gogoi/ahlora-runs/p3-heterogeneous-delta,full_data_benchmark,5,0.15092813953383669,0.1509,0.0289,0.096,0.121,8.942356363932292,2.122411332685337,0.0006347952064993741,0.0029878431873679285,0.06350558203293985,,,30,293760,30,293760,0.5530577888712287,1468800,1468800
b729ad24b6b0,cad564bfe53c,MH / ΔW / ring,44,/home/gogoi/ahlora-runs/p3-heterogeneous-delta,full_data_benchmark,6,0.1628283455869663,0.1628,0.0338,0.128,0.122,11.444622802734376,1.986190256134333,0.0006351259600357722,0.0030206448676523834,0.08410724719354525,,,30,293760,30,293760,0.5560140293091536,1762560,1762560
b729ad24b6b0,cad564bfe53c,MH / ΔW / ring,44,/home/gogoi/ahlora-runs/p3-heterogeneous-delta,full_data_benchmark,7,0.16942759851305578,0.1694,0.037,0.16599999999999998,0.1215,14.28220723470052,1.8768780775471412,0.0006288739205196228,0.0030237781343829466,0.10496856280230228,,,30,293760,30,293760,0.5512642944231629,2056320,2056320
b729ad24b6b0,cad564bfe53c,MH / ΔW / ring,44,/home/gogoi/ahlora-runs/p3-heterogeneous-delta,full_data_benchmark,8,0.17813030421726073,0.1781,0.037,0.15599999999999997,0.1355,17.054644775390624,1.7880456716220434,0.0006043567708598519,0.002772560559559788,0.1238075685508799,,,30,293760,30,293760,0.5681541934609413,2350080,2350080
b729ad24b6b0,cad564bfe53c,MH / ΔW / ring,44,/home/gogoi/ahlora-runs/p3-heterogeneous-delta,full_data_benchmark,9,0.19173386279833057,0.1917,0.0365,0.1975,0.134,20.29473876953125,1.7199430764030763,0.0005903719614924838,0.0026181832463044417,0.14409812498855293,,,30,293760,30,293760,0.5632646484300494,2643840,2643840
b729ad24b6b0,cad564bfe53c,MH / ΔW / ring,44,/home/gogoi/ahlora-runs/p3-heterogeneous-delta,full_data_benchmark,10,0.20153436795115956,0.2015,0.0382,0.2,0.135,23.339579264322918,1.6649327957689173,0.0005829712598325748,0.002458457567867176,0.16115363325137272,,,30,293760,30,293760,0.5665696933865547,2937600,2937600
b729ad24b6b0,cad564bfe53c,MH / ΔW / ring,44,/home/gogoi/ahlora-runs/p3-heterogeneous-delta,full_data_benchmark,11,0.21183837510674092,0.2118,0.0383,0.22049999999999997,0.129,26.81787109375,1.619229192299023,0.000571122647282895,0.0024314121566630276,0.17823275227644142,,,30,293760,30,293760,0.5631987433880568,3231360,3231360
b729ad24b6b0,cad564bfe53c,MH / ΔW / ring,44,/home/gogoi/ahlora-runs/p3-heterogeneous-delta,full_data_benchmark,12,0.21863707785746772,0.2186,0.0381,0.239,0.125,30.229231770833334,1.5826271574109174,0.0005567097481021142,0.0023403645073947236,0.1928981413158302,,,30,293760,30,293760,0.5707925111055374,3525120,3525120
b729ad24b6b0,cad564bfe53c,MH / ΔW / ring,44,/home/gogoi/ahlora-runs/p3-heterogeneous-delta,full_data_benchmark,13,0.2235428832130482,0.2235,0.0401,0.2425,0.124,34.4390869140625,1.5529671042788737,0.0005416277512417175,0.0023082569809543887,0.20574048605424952,,,30,293760,30,293760,0.5551854399964213,3818880,3818880
b729ad24b6b0,cad564bfe53c,MH / ΔW / ring,44,/home/gogoi/ahlora-runs/p3-heterogeneous-delta,full_data_benchmark,14,0.2304437871154513,0.2304,0.0419,0.2455,0.132,38.2455078125,1.5232469037820915,0.0005189257263780943,0.0022543610723107796,0.2190080115341819,,,30,293760,30,293760,0.5686864024028182,4112640,4112640
b729ad24b6b0,cad564bfe53c,MH / ΔW / ring,44,/home/gogoi/ahlora-runs/p3-heterogeneous-delta,full_data_benchmark,15,0.2297396346871609,0.2297,0.0411,0.2505,0.126,42.18600667317708,1.501794446514516,0.0004920940539990674,0.0021041412541905145,0.22603459643754226,,,30,293760,30,293760,0.5685708308592439,4406400,4406400
b729ad24b6b0,cad564bfe53c,MH / ΔW / ring,44,/home/gogoi/ahlora-runs/p3-heterogeneous-delta,full_data_benchmark,16,0.23174028601314955,0.2317,0.0427,0.253,0.126,46.38798421223958,1.4833513244517065,0.0004698106139852351,0.0020713748413401646,0.23482858494395867,,,30,293760,30,293760,0.5576996896415949,4700160,4700160
b729ad24b6b0,cad564bfe53c,MH / ΔW / ring,44,/home/gogoi/ahlora-runs/p3-heterogeneous-delta,full_data_benchmark,17,0.23704153929041485,0.237,0.0435,0.25,0.1335,50.602376302083336,1.4642004530957502,0.0004433983899102192,0.0019588651380001627,0.24079071689538978,,,30,293760,30,293760,0.5680344738066196,4993920,4993920
b729ad24b6b0,cad564bfe53c,MH / ΔW / ring,44,/home/gogoi/ahlora-runs/p3-heterogeneous-delta,full_data_benchmark,18,0.2403410907159033,0.2403,0.0442,0.257,0.133,54.778605143229164,1.447098735325645,0.00042885012485578407,0.0018879017845738117,0.2499530493857492,,,30,293760,30,293760,0.5815231576561928,5287680,5287680
b729ad24b6b0,cad564bfe53c,MH / ΔW / ring,44,/home/gogoi/ahlora-runs/p3-heterogeneous-delta,full_data_benchmark,19,0.24323994159076617,0.2432,0.0465,0.2715,0.129,58.6521728515625,1.4351485282378211,0.00040994026357279724,0.0017908193606192432,0.25699854050747795,,,30,293760,30,293760,0.5910676289349794,5581440,5581440
b729ad24b6b0,cad564bfe53c,MH / ΔW / ring,44,/home/gogoi/ahlora-runs/p3-heterogeneous-delta,full_data_benchmark,20,0.2441426433930182,0.2441,0.0484,0.2695,0.127,62.034358723958334,1.4214101907698804,0.0003926817296327196,0.0017166971957255318,0.26111946925208634,,,30,293760,30,293760,0.6144771194085479,5875200,5875200
b729ad24b6b0,cad564bfe53c,MH / ΔW / ring,44,/home/gogoi/ahlora-runs/p3-heterogeneous-delta,full_data_benchmark,21,0.2452438945692319,0.2452,0.0506,0.28450000000000003,0.1195,66.84027506510417,1.4078026776214754,0.000386803444022243,0.0017063452597727285,0.2727178664413562,,,30,293760,30,293760,0.5728353457525373,6168960,6168960
b729ad24b6b0,cad564bfe53c,MH / ΔW / ring,44,/home/gogoi/ahlora-runs/p3-heterogeneous-delta,full_data_benchmark,22,0.24434224329276805,0.2443,0.0508,0.2675,0.126,70.78977864583334,1.3962644958562085,0.0003684056685358282,0.0016218168310993108,0.28040793190417995,,,30,293760,30,293760,0.5948231499642134,6462720,6462720
b729ad24b6b0,cad564bfe53c,MH / ΔW / ring,44,/home/gogoi/ahlora-runs/p3-heterogeneous-delta,full_data_benchmark,23,0.25074339707023363,0.2507,0.0547,0.262,0.136,73.78770345052084,1.3934460196083194,0.00035122938382182805,0.0015461652132770722,0.283802329559209,,,30,293760,30,293760,0.583719726651907,6756480,6756480
b729ad24b6b0,cad564bfe53c,MH / ΔW / ring,44,/home/gogoi/ahlora-runs/p3-heterogeneous-delta,full_data_benchmark,24,0.2513420466943705,0.2513,0.0546,0.265,0.1355,78.44163411458334,1.3822689206766907,0.00033807100684906505,0.0015333088548710007,0.2911173702422275,,,30,293760,30,293760,0.5892425496131182,7050240,7050240
b729ad24b6b0,cad564bfe53c,MH / ΔW / ring,44,/home/gogoi/ahlora-runs/p3-heterogeneous-delta,full_data_benchmark,25,0.25134369752060903,0.2513,0.057,0.2705,0.133,83.09476725260417,1.37603335474484,0.00032930890239830587,0.0014947315107054508,0.2962503180521708,,,30,293760,30,293760,0.5881781307980418,7344000,7344000
b729ad24b6b0,cad564bfe53c,MH / ΔW / ring,44,/home/gogoi/ahlora-runs/p3-heterogeneous-delta,full_data_benchmark,26,0.2542413477945712,0.2542,0.0575,0.262,0.134,86.57249348958334,1.3703274463781894,0.00031735077267362695,0.0014567704765793771,0.30249102553686197,,,30,293760,30,293760,0.5912827560678124,7637760,7637760
b729ad24b6b0,cad564bfe53c,MH / ΔW / ring,44,/home/gogoi/ahlora-runs/p3-heterogeneous-delta,full_data_benchmark,27,0.25294499897198547,0.2529,0.0585,0.264,0.135,90.8595703125,1.3611065475630977,0.0003086280775123933,0.001483499592025754,0.3087270336527581,,,30,293760,30,293760,0.5876383446156979,7931520,7931520
b729ad24b6b0,cad564bfe53c,MH / ΔW / ring,44,/home/gogoi/ahlora-runs/p3-heterogeneous-delta,full_data_benchmark,28,0.2582429505967737,0.2582,0.0608,0.26250000000000007,0.143,95.34715169270834,1.3585472532919871,0.0002947965894647977,0.0013786677450325561,0.3129206057187427,,,30,293760,30,293760,0.5916761485859752,8225280,8225280
b729ad24b6b0,cad564bfe53c,MH / ΔW / ring,44,/home/gogoi/ahlora-runs/p3-heterogeneous-delta,full_data_benchmark,29,0.2548444996720859,0.2548,0.0605,0.2675,0.1375,101.35558268229167,1.3502240598103086,0.00027993894420539386,0.001324248590406583,0.3129899326308987,,,30,293760,30,293760,0.5936152469366789,8519040,8519040
b729ad24b6b0,cad564bfe53c,MH / ΔW / ring,44,/home/gogoi/ahlora-runs/p3-heterogeneous-delta,full_data_benchmark,30,0.2570443006724866,0.257,0.0599,0.269,0.1435,106.77496744791667,1.3524059967837614,0.0002698427611662928,0.0012908314625137212,0.3156269854549464,,,30,293760,30,293760,0.72392188757658,8812800,8812800
b729ad24b6b0,cad564bfe53c,MH / ΔW / ring,44,/home/gogoi/ahlora-runs/p3-heterogeneous-delta,full_data_benchmark,31,0.2596424010217114,0.2596,0.0598,0.25750000000000006,0.1445,112.407958984375,1.3523420651703053,0.00025975541596420267,0.0012550303534739323,0.3164706859490404,,,30,293760,30,293760,0.6488421130925417,9106560,9106560
b729ad24b6b0,cad564bfe53c,MH / ΔW / ring,44,/home/gogoi/ahlora-runs/p3-heterogeneous-delta,full_data_benchmark,32,0.2563420992206599,0.2563,0.0606,0.2655,0.137,118.24215494791666,1.3474242656851827,0.00024727356456819054,0.0011845206427305553,0.31795647615123623,,,30,293760,30,293760,0.6501067513599992,9400320,9400320
b729ad24b6b0,cad564bfe53c,MH / ΔW / ring,44,/home/gogoi/ahlora-runs/p3-heterogeneous-delta,full_data_benchmark,33,0.25604299952126036,0.256,0.0602,0.263,0.1395,123.90847981770834,1.3410314017590073,0.00023898949140118645,0.0011604881044676187,0.32245964357489354,,,30,293760,30,293760,0.6410778351128101,9694080,9694080
b729ad24b6b0,cad564bfe53c,MH / ΔW / ring,44,/home/gogoi/ahlora-runs/p3-heterogeneous-delta,full_data_benchmark,34,0.2602427014720868,0.2602,0.0608,0.27099999999999996,0.1385,128.84876302083333,1.3436448366506855,0.00022858196398176315,0.0010959962548644257,0.321304203065165,,,30,293760,30,293760,0.6304269386455417,9987840,9987840
b729ad24b6b0,cad564bfe53c,MH / ΔW / ring,44,/home/gogoi/ahlora-runs/p3-heterogeneous-delta,full_data_benchmark,35,0.25914460187323757,0.2591,0.0601,0.27199999999999996,0.1375,135.42858072916667,1.3342077904130503,0.00022057073191003576,0.001090613110728192,0.3259485399503016,,,30,293760,30,293760,0.6897654328495264,10281600,10281600
b729ad24b6b0,cad564bfe53c,MH / ΔW / ring,44,/home/gogoi/ahlora-runs/p3-heterogeneous-delta,full_data_benchmark,36,0.26104575339957653,0.261,0.0601,0.267,0.1385,141.58966471354168,1.3382831677188485,0.00021157584741909036,0.0010142641066970845,0.32460214948799454,,,30,293760,30,293760,0.6066124401986599,10575360,10575360
b729ad24b6b0,cad564bfe53c,MH / ΔW / ring,44,/home/gogoi/ahlora-runs/p3-heterogeneous-delta,full_data_benchmark,37,0.25894230062146106,0.2589,0.0605,0.27949999999999997,0.131,147.44147135416668,1.334811636717022,0.00020281208619315114,0.000978778801306116,0.32651681257236004,,,30,293760,30,293760,0.6324304807931185,10869120,10869120
b729ad24b6b0,cad564bfe53c,MH / ΔW / ring,44,/home/gogoi/ahlora-runs/p3-heterogeneous-delta,full_data_benchmark,38,0.26374725550137845,0.2637,0.0596,0.262,0.14,153.34794921875,1.3305861324673545,0.00019584815371310725,0.0009535957700741742,0.32823244909668575,,,30,293760,30,293760,0.6026158714666963,11162880,11162880
b729ad24b6b0,cad564bfe53c,MH / ΔW / ring,44,/home/gogoi/ahlora-runs/p3-heterogeneous-delta,full_data_benchmark,39,0.26324600462531494,0.2632,0.0598,0.264,0.1385,158.34205729166666,1.325821805325426,0.00018954334382697218,0.0009453137035173028,0.3315813663559917,,,30,293760,30,293760,0.5766103807836771,11456640,11456640
b729ad24b6b0,cad564bfe53c,MH / ΔW / ring,44,/home/gogoi/ahlora-runs/p3-heterogeneous-delta,full_data_benchmark,40,0.26244490367428897,0.2624,0.0614,0.2705,0.1355,165.5947265625,1.3226310951524227,0.00018164536295372453,0.0008926749085340803,0.33183909414186324,,,30,293760,30,293760,0.5553853297606111,11750400,11750400
b729ad24b6b0,cad564bfe53c,MH / ΔW / ring,44,/home/gogoi/ahlora-runs/p3-heterogeneous-delta,full_data_benchmark,41,0.26344515429972704,0.2634,0.0622,0.27149999999999996,0.137,171.255224609375,1.3270520476942613,0.00017588955900036074,0.000871215371733726,0.33282340580532643,,,30,293760,30,293760,0.5505090048536658,12044160,12044160
b729ad24b6b0,cad564bfe53c,MH / ΔW / ring,44,/home/gogoi/ahlora-runs/p3-heterogeneous-delta,full_data_benchmark,42,0.2625444034739387,0.2625,0.063,0.273,0.1315,177.09153645833334,1.3228165370279266,0.00017024283833105236,0.0008522437061331632,0.3359854875616899,,,30,293760,30,293760,0.5480908956378698,12337920,12337920
b729ad24b6b0,cad564bfe53c,MH / ΔW / ring,44,/home/gogoi/ahlora-runs/p3-heterogeneous-delta,full_data_benchmark,43,0.26694790742766755,0.2669,0.0619,0.26749999999999996,0.1415,181.06614583333334,1.3250928527647239,0.0001627005405429327,0.0008324924020148719,0.3334377715398659,,,30,293760,30,293760,0.551574039272964,12631680,12631680
b729ad24b6b0,cad564bfe53c,MH / ΔW / ring,44,/home/gogoi/ahlora-runs/p3-heterogeneous-delta,full_data_benchmark,44,0.26204465334900123,0.262,0.0641,0.27349999999999997,0.1375,187.01302083333334,1.3159838565190458,0.00015602814001935324,0.0008017763686993533,0.3344071646418039,,,30,293760,30,293760,0.5439924178645015,12925440,12925440
b729ad24b6b0,cad564bfe53c,MH / ΔW / ring,44,/home/gogoi/ahlora-runs/p3-heterogeneous-delta,full_data_benchmark,45,0.2632463047755402,0.2632,0.0642,0.26749999999999996,0.139,191.51979166666666,1.3211514398266646,0.00015062395147763112,0.0007801344062544627,0.332989834883377,,,30,293760,30,293760,0.5541497208178043,13219200,13219200
b729ad24b6b0,cad564bfe53c,MH / ΔW / ring,44,/home/gogoi/ahlora-runs/p3-heterogeneous-delta,full_data_benchmark,46,0.2621431026228627,0.2621,0.0638,0.252,0.1415,198.07802734375,1.3177300823283045,0.00014580913917116792,0.0007527031925018518,0.3349904965077864,,,30,293760,30,293760,0.5768992584198713,13512960,13512960
b729ad24b6b0,cad564bfe53c,MH / ΔW / ring,44,/home/gogoi/ahlora-runs/p3-heterogeneous-delta,full_data_benchmark,47,0.2631414022718371,0.2631,0.0642,0.2715,0.1315,202.56110026041668,1.3189602929118218,0.00014223360569567693,0.0007289836257370996,0.3377489933158965,,,30,293760,30,293760,0.571917911991477,13806720,13806720
b729ad24b6b0,cad564bfe53c,MH / ΔW / ring,44,/home/gogoi/ahlora-runs/p3-heterogeneous-delta,full_data_benchmark,48,0.2629433031232132,0.2629,0.0635,0.2655,0.1385,207.73291015625,1.3201310394182204,0.00013780409111508658,0.000713822070254041,0.3398754417356031,,,30,293760,30,293760,0.5712135871872306,14100480,14100480
b729ad24b6b0,cad564bfe53c,MH / ΔW / ring,44,/home/gogoi/ahlora-runs/p3-heterogeneous-delta,full_data_benchmark,49,0.25954350152251204,0.2595,0.065,0.2645,0.1365,213.16901041666668,1.3211455838646928,0.00013268430542592708,0.000682835053104571,0.3393611061646425,,,30,293760,30,293760,0.5726980129256845,14394240,14394240
b729ad24b6b0,cad564bfe53c,MH / ΔW / ring,44,/home/gogoi/ahlora-runs/p3-heterogeneous-delta,full_data_benchmark,50,0.26044485264875067,0.2604,0.0669,0.24400000000000002,0.1415,218.2443359375,1.3233212801492595,0.00012878799897713563,0.0006612298197065099,0.3390796510649731,,,30,293760,30,293760,0.5618214467540383,14688000,14688000
b729ad24b6b0,658f968893fe,Oracle / ΔW / bridge 5,44,/home/gogoi/ahlora-runs/p3-heterogeneous-delta,full_data_benchmark,1,0.061699630665147914,0.0617,0.0061,0.022999999999999993,0.0475,2.7010289510091146,3.4392007380440455,5.209800776530969e-05,0.00022225519908694233,0.00043174893442035807,,,30,293760,30,293760,0.5579601209610701,293760,293760
b729ad24b6b0,658f968893fe,Oracle / ΔW / bridge 5,44,/home/gogoi/ahlora-runs/p3-heterogeneous-delta,full_data_benchmark,2,0.11300220760490626,0.113,0.0087,0.031,0.095,3.5826507568359376,2.679364468537728,0.00036000562194721806,0.001380973206268251,0.004748604670036312,,,30,293760,30,293760,0.5637793140485883,587520,587520
b729ad24b6b0,658f968893fe,Oracle / ΔW / bridge 5,44,/home/gogoi/ahlora-runs/p3-heterogeneous-delta,full_data_benchmark,3,0.18570879725302517,0.1857,0.0154,0.04199999999999998,0.162,5.909607950846354,2.243940057831892,0.0008469389325259247,0.003459615573686977,0.018650719076293853,,,30,293760,30,293760,0.6615634234622121,881280,881280
b729ad24b6b0,658f968893fe,Oracle / ΔW / bridge 5,44,/home/gogoi/ahlora-runs/p3-heterogeneous-delta,full_data_benchmark,4,0.2375142758950855,0.2375,0.0208,0.139,0.1835,9.273763020833334,1.9236159751711315,0.0013116617634603054,0.006150655942280451,0.04144294287179283,,,30,293760,30,293760,0.6524759503081441,1175040,1175040
b729ad24b6b0,658f968893fe,Oracle / ΔW / bridge 5,44,/home/gogoi/ahlora-runs/p3-heterogeneous-delta,full_data_benchmark,5,0.2667212940076508,0.2667,0.0246,0.12900000000000003,0.2145,6.359947204589844,1.6881610625254482,0.002414608609249171,0.008136614526159233,0.08814591204281896,,,210,2056320,80,2853760,0.6088387770578265,3231360,4028800
b729ad24b6b0,658f968893fe,Oracle / ΔW / bridge 5,44,/home/gogoi/ahlora-runs/p3-heterogeneous-delta,full_data_benchmark,6,0.2884202043122583,0.2884,0.0301,0.16000000000000003,0.2425,11.226021321614583,1.6406763144746366,0.0016709667065143454,0.006814224008688392,0.09280372508401342,,,30,293760,30,293760,0.5689307386055589,3525120,4322560
b729ad24b6b0,658f968893fe,Oracle / ΔW / bridge 5,44,/home/gogoi/ahlora-runs/p3-heterogeneous-delta,full_data_benchmark,7,0.32452317384851115,0.3245,0.0376,0.1895,0.261,17.238273111979165,1.4944083369636578,0.0014209939353303333,0.0062545637077906615,0.10440166712569407,,,30,293760,30,293760,0.6128091607242823,3818880,4616320
b729ad24b6b0,658f968893fe,Oracle / ΔW / bridge 5,44,/home/gogoi/ahlora-runs/p3-heterogeneous-delta,full_data_benchmark,8,0.3487269878574226,0.3487,0.0506,0.18150000000000005,0.285,23.517057291666667,1.3911156816423833,0.0012526434851358543,0.00550291258476382,0.113420385459843,,,30,293760,30,293760,0.620150949805975,4112640,4910080
b729ad24b6b0,658f968893fe,Oracle / ΔW / bridge 5,44,/home/gogoi/ahlora-runs/p3-heterogeneous-delta,full_data_benchmark,9,0.3743245494369932,0.3743,0.0734,0.196,0.2945,28.725236002604166,1.317916124836141,0.0012056161970270712,0.005155847247039486,0.1225197159341884,,,30,293760,30,293760,0.5671450765803456,4406400,5203840
b729ad24b6b0,658f968893fe,Oracle / ΔW / bridge 5,44,/home/gogoi/ahlora-runs/p3-heterogeneous-delta,full_data_benchmark,10,0.3728289008648829,0.3728,0.0772,0.1845,0.288,15.538800048828126,1.2647528231339422,0.002587814909052218,0.007726124442685904,0.23633649344556035,,,210,2056320,80,2853760,0.5766394706442952,6462720,8057600
b729ad24b6b0,658f968893fe,Oracle / ΔW / bridge 5,44,/home/gogoi/ahlora-runs/p3-heterogeneous-delta,full_data_benchmark,11,0.3699235967601784,0.3699,0.0888,0.17149999999999999,0.302,23.287229410807292,1.3233279620626661,0.0012233508472425777,0.004645553364530329,0.14730745517202498,,,30,293760,30,293760,0.5695386352017522,6756480,8351360
b729ad24b6b0,658f968893fe,Oracle / ΔW / bridge 5,44,/home/gogoi/ahlora-runs/p3-heterogeneous-delta,full_data_benchmark,12,0.39452405929167544,0.3945,0.1004,0.15899999999999997,0.333,31.475447591145834,1.2606933731596799,0.0008535203161249375,0.003430539756682429,0.125278757455726,,,30,293760,30,293760,0.5724687678739429,7050240,8645120
b729ad24b6b0,658f968893fe,Oracle / ΔW / bridge 5,44,/home/gogoi/ahlora-runs/p3-heterogeneous-delta,full_data_benchmark,13,0.40672471572021796,0.4067,0.1131,0.17049999999999998,0.3315,38.347957356770834,1.209594721603848,0.0007445973979123601,0.0030354374089693703,0.12116453327922537,,,30,293760,30,293760,0.5576230920851231,7344000,8938880
b729ad24b6b0,658f968893fe,Oracle / ΔW / bridge 5,44,/home/gogoi/ahlora-runs/p3-heterogeneous-delta,full_data_benchmark,14,0.41262296779538155,0.4126,0.1242,0.16749999999999993,0.338,43.95169270833333,1.1770569266339537,0.0007153299761850118,0.0028896293104945132,0.12204284652438181,,,30,293760,30,293760,0.6238115737214684,7637760,9232640
b729ad24b6b0,658f968893fe,Oracle / ΔW / bridge 5,44,/home/gogoi/ahlora-runs/p3-heterogeneous-delta,full_data_benchmark,15,0.403626715170943,0.4036,0.1152,0.1755,0.317,22.856585693359374,1.1448306515550744,0.0019946216632798657,0.0055846055881809045,0.3060268805362284,,,210,2056320,80,2853760,0.5839374745264649,9694080,12086400
b729ad24b6b0,658f968893fe,Oracle / ΔW / bridge 5,44,/home/gogoi/ahlora-runs/p3-heterogeneous-delta,full_data_benchmark,16,0.40732381556969266,0.4073,0.1182,0.13949999999999996,0.3425,32.36810302734375,1.2246632508389192,0.0008675682497172393,0.0031420313541929896,0.16415061918111556,,,30,293760,30,293760,0.5801482303068042,9987840,12380160
b729ad24b6b0,658f968893fe,Oracle / ΔW / bridge 5,44,/home/gogoi/ahlora-runs/p3-heterogeneous-delta,full_data_benchmark,17,0.42152557354956155,0.4215,0.1235,0.14850000000000002,0.3455,42.79892578125,1.1771721602203422,0.000560835378430284,0.0021435301968431584,0.1262025690358011,,,30,293760,30,293760,0.5811016922816634,10281600,12673920
b729ad24b6b0,658f968893fe,Oracle / ΔW / bridge 5,44,/home/gogoi/ahlora-runs/p3-heterogeneous-delta,full_data_benchmark,18,0.4289212750981866,0.4289,0.1377,0.15250000000000002,0.3465,51.49442138671875,1.1431849428573204,0.00048497479206734167,0.0019513456571727506,0.1166590790579979,,,30,293760,30,293760,0.5857862317934632,10575360,12967680
b729ad24b6b0,658f968893fe,Oracle / ΔW / bridge 5,44,/home/gogoi/ahlora-runs/p3-heterogeneous-delta,full_data_benchmark,19,0.43442347895121514,0.4344,0.1424,0.14899999999999997,0.3595,58.6256103515625,1.1230277604201253,0.00046127931050374217,0.0018660233705994835,0.11495556224955171,,,30,293760,30,293760,0.5771098341792822,10869120,13261440
b729ad24b6b0,658f968893fe,Oracle / ΔW / bridge 5,44,/home/gogoi/ahlora-runs/p3-heterogeneous-delta,full_data_benchmark,20,0.41392501947224586,0.4139,0.1313,0.17099999999999999,0.3205,30.299336751302082,1.1005254509111129,0.0015558857211162827,0.004167955000834389,0.345708549550424,,,210,2056320,80,2853760,0.578170308843255,12925440,16115200
b729ad24b6b0,658f968893fe,Oracle / ΔW / bridge 5,44,/home/gogoi/ahlora-runs/p3-heterogeneous-delta,full_data_benchmark,21,0.41642256949603274,0.4164,0.1361,0.16149999999999998,0.329,42.912532552083334,1.1849289076209275,0.0006417262258682245,0.002123804320864096,0.17195750270232868,,,30,293760,30,293760,0.6373725580051541,13219200,16408960
b729ad24b6b0,658f968893fe,Oracle / ΔW / bridge 5,44,/home/gogoi/ahlora-runs/p3-heterogeneous-delta,full_data_benchmark,22,0.42952112532322423,0.4295,0.1376,0.15499999999999997,0.3465,56.10596516927083,1.1471369524051473,0.0004000978832406856,0.0015459739750282046,0.12311050393169959,,,30,293760,30,293760,0.5980854723602533,13512960,16702720
b729ad24b6b0,658f968893fe,Oracle / ΔW / bridge 5,44,/home/gogoi/ahlora-runs/p3-heterogeneous-delta,full_data_benchmark,23,0.44152113132622883,0.4415,0.1464,0.16200000000000003,0.356,67.82743326822917,1.1136399210472343,0.0003385708116078111,0.0013361901047897363,0.11199457073086781,,,30,293760,30,293760,0.576886722818017,13806720,16996480
b729ad24b6b0,658f968893fe,Oracle / ΔW / bridge 5,44,/home/gogoi/ahlora-runs/p3-heterogeneous-delta,full_data_benchmark,24,0.44442088265176716,0.4444,0.1512,0.16299999999999998,0.3545,78.3292236328125,1.0944765678504198,0.00031680055497057395,0.0012630100341803011,0.10842384105167659,,,30,293760,30,293760,0.5648796865716577,14100480,17290240
b729ad24b6b0,658f968893fe,Oracle / ΔW / bridge 5,44,/home/gogoi/ahlora-runs/p3-heterogeneous-delta,full_data_benchmark,25,0.42342462402432424,0.4234,0.1421,0.1805,0.3225,40.62916666666667,1.0777145869258846,0.0012467247386313866,0.003290726199325633,0.3818767862704893,,,210,2056320,80,2853760,0.5851169899106026,16156800,20144000
b729ad24b6b0,658f968893fe,Oracle / ΔW / bridge 5,44,/home/gogoi/ahlora-runs/p3-heterogeneous-delta,full_data_benchmark,26,0.41692006849428137,0.4169,0.1402,0.16599999999999998,0.335,56.45703125,1.1741540813816231,0.0004847691269176806,0.00157186770119794,0.17499003375899821,,,30,293760,30,293760,0.5679689226672053,16450560,20437760
b729ad24b6b0,658f968893fe,Oracle / ΔW / bridge 5,44,/home/gogoi/ahlora-runs/p3-heterogeneous-delta,full_data_benchmark,27,0.43442122782452613,0.4344,0.1448,0.16749999999999998,0.35,73.18622233072917,1.131031375801345,0.0002987365388825935,0.0011299243812010707,0.12203224269414932,,,30,293760,30,293760,0.5664906548336148,16744320,20731520
b729ad24b6b0,658f968893fe,Oracle / ΔW / bridge 5,44,/home/gogoi/ahlora-runs/p3-heterogeneous-delta,full_data_benchmark,28,0.4437180808994902,0.4437,0.1523,0.16299999999999998,0.3525,88.62247721354167,1.0977158724339937,0.0002461162089163756,0.0010167371567934892,0.10754032055393357,,,30,293760,30,293760,0.5736513929441571,17038080,21025280
b729ad24b6b0,658f968893fe,Oracle / ΔW / bridge 5,44,/home/gogoi/ahlora-runs/p3-heterogeneous-delta,full_data_benchmark,29,0.45041998520259396,0.4504,0.1596,0.17250000000000004,0.3565,102.30211588541667,1.0785615677394493,0.00023226382199599812,0.0009826477500861188,0.10531295164924852,,,30,293760,30,293760,0.5678319269791245,17331840,21319040
b729ad24b6b0,658f968893fe,Oracle / ΔW / bridge 5,44,/home/gogoi/ahlora-runs/p3-heterogeneous-delta,full_data_benchmark,30,0.424028826427627,0.424,0.1455,0.184,0.3145,52.73625081380208,1.066664937461524,0.0010094150264754402,0.002793945610087959,0.4142277837963775,,,210,2056320,80,2853760,0.5851538395509124,19388160,24172800
b729ad24b6b0,658f968893fe,Oracle / ΔW / bridge 5,44,/home/gogoi/ahlora-runs/p3-heterogeneous-delta,full_data_benchmark,31,0.42301927114520815,0.423,0.1455,0.16749999999999998,0.3375,71.19010416666667,1.1696078902320786,0.00039824082398749614,0.0013988064303166725,0.1878506753416635,,,30,293760,30,293760,0.5746733220294118,19681920,24466560
b729ad24b6b0,658f968893fe,Oracle / ΔW / bridge 5,44,/home/gogoi/ahlora-runs/p3-heterogeneous-delta,full_data_benchmark,32,0.44151767959863913,0.4415,0.1459,0.16950000000000004,0.3525,91.426220703125,1.1271225050533882,0.00024104041075502812,0.0009460986320179317,0.12793298166676928,,,30,293760,30,293760,0.5819211769849062,19975680,24760320
b729ad24b6b0,658f968893fe,Oracle / ΔW / bridge 5,44,/home/gogoi/ahlora-runs/p3-heterogeneous-delta,full_data_benchmark,33,0.4467183825504666,0.4467,0.1543,0.17750000000000005,0.3485,111.80602213541667,1.0918499488271114,0.0001930168351229758,0.0008082601830591702,0.11047407212622602,,,30,293760,30,293760,0.560619967058301,20269440,25054080
b729ad24b6b0,658f968893fe,Oracle / ΔW / bridge 5,44,/home/gogoi/ahlora-runs/p3-heterogeneous-delta,full_data_benchmark,34,0.4548168858513686,0.4548,0.1566,0.18650000000000005,0.3475,129.68944498697917,1.0747261681875613,0.0001810116875961062,0.0008117519625105029,0.10742429779491165,,,30,293760,30,293760,0.554435565136373,20563200,25347840
b729ad24b6b0,658f968893fe,Oracle / ΔW / bridge 5,44,/home/gogoi/ahlora-runs/p3-heterogeneous-delta,full_data_benchmark,35,0.42902647775211494,0.429,0.1447,0.188,0.317,67.46409505208334,1.0498164944376103,0.0008173459908591761,0.002401205946086469,0.45090072345143806,,,210,2056320,80,2853760,0.5808833660557866,22619520,28201600
b729ad24b6b0,658f968893fe,Oracle / ΔW / bridge 5,44,/home/gogoi/ahlora-runs/p3-heterogeneous-delta,full_data_benchmark,36,0.4297165231198215,0.4297,0.1486,0.179,0.33,90.50110677083333,1.1573460045646846,0.00033359936121934194,0.001254671244280691,0.2090006280054998,,,30,293760,30,293760,0.5748041309416294,22913280,28495360
b729ad24b6b0,658f968893fe,Oracle / ΔW / bridge 5,44,/home/gogoi/ahlora-runs/p3-heterogeneous-delta,full_data_benchmark,37,0.4450213331772552,0.445,0.1489,0.17700000000000005,0.348,117.81531575520833,1.113833290837884,0.00020248535180117255,0.0008765137324024331,0.1426352413407585,,,30,293760,30,293760,0.5580800678580999,23207040,28789120
b729ad24b6b0,658f968893fe,Oracle / ΔW / bridge 5,44,/home/gogoi/ahlora-runs/p3-heterogeneous-delta,full_data_benchmark,38,0.4529191860526194,0.4529,0.1526,0.18,0.3515,142.10625,1.085880545045319,0.0001642392983542215,0.000789100009215941,0.12268531988453711,,,30,293760,30,293760,0.5641341162845492,23500800,29082880
b729ad24b6b0,658f968893fe,Oracle / ΔW / bridge 5,44,/home/gogoi/ahlora-runs/p3-heterogeneous-delta,full_data_benchmark,39,0.45281623452537995,0.4528,0.1562,0.16650000000000004,0.3605,167.088623046875,1.0605724910064531,0.00015336602224758777,0.000788783295860754,0.11914145934565946,,,30,293760,30,293760,0.5537777217105031,23794560,29376640
b729ad24b6b0,658f968893fe,Oracle / ΔW / bridge 5,44,/home/gogoi/ahlora-runs/p3-heterogeneous-delta,full_data_benchmark,40,0.4357258307783045,0.4357,0.1408,0.18149999999999994,0.325,86.211962890625,1.042320353608625,0.0006715201314779031,0.002047087976069722,0.49915288887762777,,,210,2056320,80,2853760,0.5921283280476928,25850880,32230400
b729ad24b6b0,658f968893fe,Oracle / ΔW / bridge 5,44,/home/gogoi/ahlora-runs/p3-heterogeneous-delta,full_data_benchmark,41,0.43462007734871305,0.4346,0.1442,0.1895,0.3305,115.74317220052083,1.1503362795614076,0.00028200935905885665,0.001125371796188765,0.2372872711600697,,,30,293760,30,293760,0.5568683510646224,26144640,32524160
b729ad24b6b0,658f968893fe,Oracle / ΔW / bridge 5,44,/home/gogoi/ahlora-runs/p3-heterogeneous-delta,full_data_benchmark,42,0.4454206830518674,0.4454,0.1456,0.173,0.3465,149.968798828125,1.1054340236530258,0.0001765838870588678,0.0007929800111407872,0.1657873037937558,,,30,293760,30,293760,0.5854962626472116,26438400,32817920
b729ad24b6b0,658f968893fe,Oracle / ΔW / bridge 5,44,/home/gogoi/ahlora-runs/p3-heterogeneous-delta,full_data_benchmark,43,0.45561828695261986,0.4556,0.1458,0.183,0.3485,180.17164713541666,1.0762134057015298,0.0001410376890817563,0.0006772385359189715,0.14097312607561133,,,30,293760,30,293760,0.5600937278941274,26732160,33111680
b729ad24b6b0,658f968893fe,Oracle / ΔW / bridge 5,44,/home/gogoi/ahlora-runs/p3-heterogeneous-delta,full_data_benchmark,44,0.46202064133098614,0.462,0.1446,0.176,0.3555,208.86513671875,1.0519378693883017,0.0001291384089180501,0.0006315636581756313,0.13499312600831104,,,30,293760,30,293760,0.569565144367516,27025920,33405440
b729ad24b6b0,658f968893fe,Oracle / ΔW / bridge 5,44,/home/gogoi/ahlora-runs/p3-heterogeneous-delta,full_data_benchmark,45,0.43672788230509363,0.4367,0.1282,0.185,0.3145,108.09532877604167,1.035191920028849,0.0005396065260903773,0.0015859357368054688,0.5461966172326356,,,210,2056320,80,2853760,0.6281492169946432,29082240,36259200
b729ad24b6b0,658f968893fe,Oracle / ΔW / bridge 5,44,/home/gogoi/ahlora-runs/p3-heterogeneous-delta,full_data_benchmark,46,0.4384175779977879,0.4384,0.1329,0.1755,0.3325,140.41536458333334,1.1424828331029528,0.00023647092900787442,0.0008489356103382613,0.2681567162612434,,,30,293760,30,293760,0.6023246180266142,29376000,36552960
b729ad24b6b0,658f968893fe,Oracle / ΔW / bridge 5,44,/home/gogoi/ahlora-runs/p3-heterogeneous-delta,full_data_benchmark,47,0.4504175840007924,0.4504,0.1329,0.18349999999999994,0.343,179.08678385416667,1.1007166009500575,0.00014899118778413908,0.0005974313187080921,0.18770035295110574,,,30,293760,30,293760,0.5691610416397452,29669760,36846720
b729ad24b6b0,658f968893fe,Oracle / ΔW / bridge 5,44,/home/gogoi/ahlora-runs/p3-heterogeneous-delta,full_data_benchmark,48,0.45601808705256985,0.456,0.1334,0.18250000000000005,0.3495,217.92130533854166,1.069132429977904,0.00011718471692047934,0.0004966338569600077,0.15823421737544172,,,30,293760,30,293760,0.6261396622285247,29963520,37140480
b729ad24b6b0,658f968893fe,Oracle / ΔW / bridge 5,44,/home/gogoi/ahlora-runs/p3-heterogeneous-delta,full_data_benchmark,49,0.46181849015432236,0.4618,0.1318,0.17050000000000004,0.3555,256.43821614583334,1.0523677247181453,0.00010377441664503714,0.0004514928827323451,0.1472899740849395,,,30,293760,30,293760,0.582948082126677,30257280,37434240
b729ad24b6b0,658f968893fe,Oracle / ΔW / bridge 5,44,/home/gogoi/ahlora-runs/p3-heterogeneous-delta,full_data_benchmark,50,0.4330273301787545,0.433,0.1181,0.17049999999999998,0.3205,132.21953125,1.0368104840484236,0.00042954579563363535,0.0011898164290984755,0.5894181400770322,,,210,2056320,80,2853760,0.5640927506610751,32313600,40288000
b729ad24b6b0,0bcde22a1ce1,FedAvg / factor zero-pad,42,/home/gogoi/ahlora-runs/p3-heterogeneous-factor,full_data_benchmark,1,0.016100658379518948,0.0161,0.0158,0.046,0.0015,0.5616886774698894,3.486626647373264,,,,1.6567870179812114,0.2925520006868387,210,2056320,30,440640,0.7145057460293174,2056320,440640
b729ad24b6b0,0bcde22a1ce1,FedAvg / factor zero-pad,42,/home/gogoi/ahlora-runs/p3-heterogeneous-factor,full_data_benchmark,2,0.014899907403655528,0.0149,0.0149,0.034,0.0,4.260526784261068,3.08609571632648,,,,5.4678622881571455,0.24293788530518803,210,2056320,30,440640,0.5985998325049877,4112640,881280
b729ad24b6b0,0bcde22a1ce1,FedAvg / factor zero-pad,42,/home/gogoi/ahlora-runs/p3-heterogeneous-factor,full_data_benchmark,3,0.014799507153330243,0.0148,0.0129,0.0295,0.0,13.745253499348959,3.000367557376676,,,,14.950794776280722,0.28668013287154503,210,2056320,30,440640,0.5230374783277512,6168960,1321920
b729ad24b6b0,0bcde22a1ce1,FedAvg / factor zero-pad,42,/home/gogoi/ahlora-runs/p3-heterogeneous-factor,full_data_benchmark,4,0.01509935722829276,0.0151,0.0128,0.0265,0.0005,29.599296061197915,2.981710719611423,,,,30.469919840494793,0.3378212594670937,210,2056320,30,440640,0.5266050491482019,8225280,1762560
b729ad24b6b0,0bcde22a1ce1,FedAvg / factor zero-pad,42,/home/gogoi/ahlora-runs/p3-heterogeneous-factor,full_data_benchmark,5,0.015099657378517947,0.0151,0.0131,0.0275,0.0,48.9530517578125,2.9929265015442477,,,,49.38911533355713,0.385276657229461,210,2056320,30,440640,0.5410899771377444,10281600,2203200
b729ad24b6b0,0bcde22a1ce1,FedAvg / factor zero-pad,42,/home/gogoi/ahlora-runs/p3-heterogeneous-factor,full_data_benchmark,6,0.01669900785343064,0.0167,0.0137,0.032,0.0,70.32032877604166,3.0008594207394,,,,70.50949796040852,0.4228812432321065,210,2056320,30,440640,0.4886765209957957,12337920,2643840
b729ad24b6b0,0bcde22a1ce1,FedAvg / factor zero-pad,42,/home/gogoi/ahlora-runs/p3-heterogeneous-factor,full_data_benchmark,7,0.016898607753180465,0.0169,0.0147,0.0355,0.0,92.02669270833333,3.016206515315784,,,,92.16305859883626,0.44625573655516265,210,2056320,30,440640,0.5145597849041224,14394240,3084480
b729ad24b6b0,0bcde22a1ce1,FedAvg / factor zero-pad,42,/home/gogoi/ahlora-runs/p3-heterogeneous-factor,full_data_benchmark,8,0.016698857778318046,0.0167,0.0147,0.0345,0.0,110.28095703125,3.0327545344779816,,,,110.40774408976237,0.46391795271282543,210,2056320,30,440640,0.5024812389165163,16450560,3525120
b729ad24b6b0,0bcde22a1ce1,FedAvg / factor zero-pad,42,/home/gogoi/ahlora-runs/p3-heterogeneous-factor,full_data_benchmark,9,0.018098308203255736,0.0181,0.0164,0.038,0.0,125.95768229166667,3.0477505656692623,,,,126.12021891276042,0.4798101304963901,210,2056320,30,440640,0.531881888397038,18506880,3965760
b729ad24b6b0,0bcde22a1ce1,FedAvg / factor zero-pad,42,/home/gogoi/ahlora-runs/p3-heterogeneous-factor,full_data_benchmark,10,0.01909780845313079,0.0191,0.017,0.038,0.001,140.31048177083332,3.0592659046620065,,,,140.5033327738444,0.48220660716815583,210,2056320,30,440640,0.5066181579604745,20563200,4406400
b729ad24b6b0,0bcde22a1ce1,FedAvg / factor zero-pad,42,/home/gogoi/ahlora-runs/p3-heterogeneous-factor,full_data_benchmark,11,0.019297708503105807,0.0193,0.0178,0.041,0.001,151.296484375,3.066607937667888,,,,151.5596021016439,0.48880204611687716,210,2056320,30,440640,0.5324115175753832,22619520,4847040
b729ad24b6b0,0bcde22a1ce1,FedAvg / factor zero-pad,42,/home/gogoi/ahlora-runs/p3-heterogeneous-factor,full_data_benchmark,12,0.019897708803256028,0.0199,0.0188,0.043,0.0005,164.5052734375,3.0575686831252744,,,,164.88511021931967,0.48681605892394153,210,2056320,30,440640,0.49921262729912996,24675840,5287680
b729ad24b6b0,0bcde22a1ce1,FedAvg / factor zero-pad,42,/home/gogoi/ahlora-runs/p3-heterogeneous-factor,full_data_benchmark,13,0.02129715922819371,0.0213,0.0221,0.048,0.0005,178.81354166666668,3.051932675178618,,,,179.3827749888102,0.48994500600621504,210,2056320,30,440640,0.5136010674759746,26732160,5728320
b729ad24b6b0,0bcde22a1ce1,FedAvg / factor zero-pad,42,/home/gogoi/ahlora-runs/p3-heterogeneous-factor,full_data_benchmark,14,0.022396909653281463,0.0224,0.0249,0.0525,0.0005,197.295263671875,3.0376440794062503,,,,198.2398249308268,0.4937742791716696,210,2056320,30,440640,0.5010038977488875,28788480,6168960
b729ad24b6b0,0bcde22a1ce1,FedAvg / factor zero-pad,42,/home/gogoi/ahlora-runs/p3-heterogeneous-factor,full_data_benchmark,15,0.0233971602787195,0.0234,0.0266,0.0535,0.0005,223.075732421875,3.0182011220045766,,,,224.85822677612305,0.4977421956834334,210,2056320,30,440640,0.5053301537409425,30844800,6609600
b729ad24b6b0,0bcde22a1ce1,FedAvg / factor zero-pad,42,/home/gogoi/ahlora-runs/p3-heterogeneous-factor,full_data_benchmark,16,0.024697260979120055,0.0247,0.029,0.054,0.001,257.0838216145833,2.989027106308691,,,,259.685006459554,0.5066055565583913,210,2056320,30,440640,0.554178399965167,32901120,7050240
b729ad24b6b0,0bcde22a1ce1,FedAvg / factor zero-pad,42,/home/gogoi/ahlora-runs/p3-heterogeneous-factor,full_data_benchmark,17,0.025197311254282772,0.0252,0.0315,0.0545,0.002,299.28802083333335,2.960520292197051,,,,302.9400914510091,0.5156061231872503,210,2056320,30,440640,0.5202650697901845,34957440,7490880
b729ad24b6b0,0bcde22a1ce1,FedAvg / factor zero-pad,42,/home/gogoi/ahlora-runs/p3-heterogeneous-factor,full_data_benchmark,18,0.027197062129595863,0.0272,0.0337,0.061,0.002,354.06012369791665,2.923919420949355,,,,358.82448450724286,0.5282535124093864,210,2056320,30,440640,0.505570107139647,37013760,7931520
b729ad24b6b0,0bcde22a1ce1,FedAvg / factor zero-pad,42,/home/gogoi/ahlora-runs/p3-heterogeneous-factor,full_data_benchmark,19,0.029396863129996564,0.0294,0.0341,0.063,0.0025,420.70042317708334,2.8908767213832145,,,,426.21497599283856,0.5435277682322203,210,2056320,30,440640,0.5225774729624391,39070080,8372160
b729ad24b6b0,0bcde22a1ce1,FedAvg / factor zero-pad,42,/home/gogoi/ahlora-runs/p3-heterogeneous-factor,full_data_benchmark,20,0.029996863430146795,0.03,0.0365,0.0615,0.0025,501.99524739583336,2.8561058600194644,,,,507.6658426920573,0.5587644866720132,210,2056320,30,440640,0.5042349565774202,41126400,8812800
b729ad24b6b0,0bcde22a1ce1,FedAvg / factor zero-pad,42,/home/gogoi/ahlora-runs/p3-heterogeneous-factor,full_data_benchmark,21,0.02989691340515928,0.0299,0.0373,0.0555,0.003,598.91640625,2.8291125245497333,,,,605.5238850911459,0.5721367183826552,210,2056320,30,440640,0.5174826923757792,43182720,9253440
b729ad24b6b0,0bcde22a1ce1,FedAvg / factor zero-pad,42,/home/gogoi/ahlora-runs/p3-heterogeneous-factor,full_data_benchmark,22,0.03139601370485929,0.0314,0.0394,0.0515,0.0035,705.3582682291667,2.8003751737676237,,,,713.6221491495768,0.5800243802862634,210,2056320,30,440640,0.5008435240015388,45239040,9694080
b729ad24b6b0,0bcde22a1ce1,FedAvg / factor zero-pad,42,/home/gogoi/ahlora-runs/p3-heterogeneous-factor,full_data_benchmark,23,0.03339486412949681,0.0334,0.0409,0.05,0.004,828.4091796875,2.7764313050052025,,,,837.9563802083334,0.5883646534643564,210,2056320,30,440640,0.51543730776757,47295360,10134720
b729ad24b6b0,0bcde22a1ce1,FedAvg / factor zero-pad,42,/home/gogoi/ahlora-runs/p3-heterogeneous-factor,full_data_benchmark,24,0.03319451385418402,0.0332,0.0449,0.0465,0.0045,959.967578125,2.756995990548471,,,,970.1012369791666,0.5939542112408709,210,2056320,30,440640,0.5501592382788658,49351680,10575360
b729ad24b6b0,0bcde22a1ce1,FedAvg / factor zero-pad,42,/home/gogoi/ahlora-runs/p3-heterogeneous-factor,full_data_benchmark,25,0.03439406422914668,0.0344,0.0457,0.049,0.0045,1106.650390625,2.734538727468014,,,,1117.4044850667317,0.5981843833922276,210,2056320,30,440640,0.5640195598825812,51408000,11016000
b729ad24b6b0,0bcde22a1ce1,FedAvg / factor zero-pad,42,/home/gogoi/ahlora-runs/p3-heterogeneous-factor,full_data_benchmark,26,0.03609336472904688,0.0361,0.0477,0.045,0.008,1258.087890625,2.7016158476017536,,,,1268.7314453125,0.6000384266681077,210,2056320,30,440640,0.5066483104601502,53464320,11456640
b729ad24b6b0,0bcde22a1ce1,FedAvg / factor zero-pad,42,/home/gogoi/ahlora-runs/p3-heterogeneous-factor,full_data_benchmark,27,0.03739316527922225,0.0374,0.0486,0.040499999999999994,0.011,1415.2373697916667,2.6923906280050187,,,,1425.781000773112,0.6030197436511683,210,2056320,30,440640,0.5227588834241033,55520640,11897280
b729ad24b6b0,0bcde22a1ce1,FedAvg / factor zero-pad,42,/home/gogoi/ahlora-runs/p3-heterogeneous-factor,full_data_benchmark,28,0.03909291600446023,0.0391,0.0483,0.039,0.014,1576.39609375,2.6741348678893457,,,,1586.1895192464192,0.6039721472179986,210,2056320,30,440640,0.5253792237490416,57576960,12337920
b729ad24b6b0,0bcde22a1ce1,FedAvg / factor zero-pad,42,/home/gogoi/ahlora-runs/p3-heterogeneous-factor,full_data_benchmark,29,0.03919271595433514,0.0392,0.0488,0.0405,0.0145,1742.1369791666666,2.657454750675835,,,,1751.0622151692708,0.6031032257829433,210,2056320,30,440640,0.5143310818821192,59633280,12778560
b729ad24b6b0,0bcde22a1ce1,FedAvg / factor zero-pad,42,/home/gogoi/ahlora-runs/p3-heterogeneous-factor,full_data_benchmark,30,0.03999291645468557,0.04,0.05,0.04,0.0145,1921.6967447916666,2.6453759228088414,,,,1930.5904947916667,0.6026816136589462,210,2056320,30,440640,0.5181734953075647,61689600,13219200
b729ad24b6b0,0bcde22a1ce1,FedAvg / factor zero-pad,42,/home/gogoi/ahlora-runs/p3-heterogeneous-factor,full_data_benchmark,31,0.04119216667942305,0.0412,0.0512,0.042,0.0145,2117.0016927083334,2.6230171475286355,,,,2124.4449666341147,0.6017907248378174,210,2056320,30,440640,0.520094190724194,63745920,13659840
b729ad24b6b0,0bcde22a1ce1,FedAvg / factor zero-pad,42,/home/gogoi/ahlora-runs/p3-heterogeneous-factor,full_data_benchmark,32,0.04119216667942305,0.0412,0.053,0.0415,0.0145,2326.696875,2.6101923321822555,,,,2333.0843200683594,0.6024293557173847,210,2056320,30,440640,0.5077395150437951,65802240,14100480
b729ad24b6b0,0bcde22a1ce1,FedAvg / factor zero-pad,42,/home/gogoi/ahlora-runs/p3-heterogeneous-factor,full_data_benchmark,33,0.04279166722944834,0.0428,0.0541,0.046,0.0125,2562.241145833333,2.591495842609436,,,,2569.0053100585938,0.6012730154808301,210,2056320,30,440640,0.5332079268991947,67858560,14541120
b729ad24b6b0,0bcde22a1ce1,FedAvg / factor zero-pad,42,/home/gogoi/ahlora-runs/p3-heterogeneous-factor,full_data_benchmark,34,0.04379161770466118,0.0438,0.0536,0.051000000000000004,0.011,2813.6276041666665,2.5867873250837254,,,,2819.4999491373696,0.6013948440769212,210,2056320,30,440640,0.5039408691227436,69914880,14981760
b729ad24b6b0,0bcde22a1ce1,FedAvg / factor zero-pad,42,/home/gogoi/ahlora-runs/p3-heterogeneous-factor,full_data_benchmark,35,0.04499161830496163,0.045,0.0545,0.0585,0.0065,3087.477604166667,2.5731267254767745,,,,3092.2387084960938,0.6016232076907089,210,2056320,30,440640,0.5137908244505525,71971200,15422400
b729ad24b6b0,0bcde22a1ce1,FedAvg / factor zero-pad,42,/home/gogoi/ahlora-runs/p3-heterogeneous-factor,full_data_benchmark,36,0.04459211835523679,0.0446,0.0544,0.062000000000000006,0.0045,3392.378125,2.5630083677530906,,,,3397.4867553710938,0.6037022400584019,210,2056320,30,440640,0.5496022086590528,74027520,15863040
b729ad24b6b0,0bcde22a1ce1,FedAvg / factor zero-pad,42,/home/gogoi/ahlora-runs/p3-heterogeneous-factor,full_data_benchmark,37,0.0459911185548367,0.046,0.0561,0.066,0.004,3711.5822916666666,2.5529243897828233,,,,3715.9539388020835,0.6040853806804937,210,2056320,30,440640,0.5035722544416785,76083840,16303680
b729ad24b6b0,0bcde22a1ce1,FedAvg / factor zero-pad,42,/home/gogoi/ahlora-runs/p3-heterogeneous-factor,full_data_benchmark,38,0.04639136888012451,0.0464,0.0555,0.06849999999999999,0.003,4058.952604166667,2.536902241885537,,,,4063.3750813802085,0.6035429163430817,210,2056320,30,440640,0.4951129825785756,78140160,16744320
b729ad24b6b0,0bcde22a1ce1,FedAvg / factor zero-pad,42,/home/gogoi/ahlora-runs/p3-heterogeneous-factor,full_data_benchmark,39,0.04699166933049992,0.047,0.0567,0.06999999999999999,0.0025,4433.302604166666,2.5310382869694243,,,,4437.9263916015625,0.6052334646233478,210,2056320,30,440640,0.5089506097137928,80196480,17184960
b729ad24b6b0,0bcde22a1ce1,FedAvg / factor zero-pad,42,/home/gogoi/ahlora-runs/p3-heterogeneous-factor,full_data_benchmark,40,0.0469918194056125,0.047,0.0559,0.0715,0.0025,4834.977604166666,2.5113472434743738,,,,4839.690511067708,0.6051915112405225,210,2056320,30,440640,0.49600556027144194,82252800,17625600
b729ad24b6b0,0bcde22a1ce1,FedAvg / factor zero-pad,42,/home/gogoi/ahlora-runs/p3-heterogeneous-factor,full_data_benchmark,41,0.047392069730900314,0.0474,0.0555,0.0745,0.002,5257.982291666666,2.5088413467934183,,,,5262.999593098958,0.6060081387881182,210,2056320,30,440640,0.5231982171535492,84309120,18066240
b729ad24b6b0,0bcde22a1ce1,FedAvg / factor zero-pad,42,/home/gogoi/ahlora-runs/p3-heterogeneous-factor,full_data_benchmark,42,0.047691919805862834,0.0477,0.0556,0.0755,0.0015,5704.55,2.5014454476342043,,,,5709.593424479167,0.6065909950939085,210,2056320,30,440640,0.5029587373137474,86365440,18506880
b729ad24b6b0,0bcde22a1ce1,FedAvg / factor zero-pad,42,/home/gogoi/ahlora-runs/p3-heterogeneous-factor,full_data_benchmark,43,0.04859192025608817,0.0486,0.0556,0.0785,0.0015,6180.958854166666,2.4907317558329343,,,,6186.19873046875,0.6068308794748581,210,2056320,30,440640,0.5236950200051069,88421760,18947520
b729ad24b6b0,0bcde22a1ce1,FedAvg / factor zero-pad,42,/home/gogoi/ahlora-runs/p3-heterogeneous-factor,full_data_benchmark,44,0.04999167083125104,0.05,0.0554,0.0785,0.0025,6693.920833333334,2.482216349330662,,,,6699.333557128906,0.6071608135656165,210,2056320,30,440640,0.4995028134435415,90478080,19388160
b729ad24b6b0,0bcde22a1ce1,FedAvg / factor zero-pad,42,/home/gogoi/ahlora-runs/p3-heterogeneous-factor,full_data_benchmark,45,0.04969242105673889,0.0497,0.056,0.0755,0.0025,7216.983333333334,2.4749965302075276,,,,7222.48095703125,0.606008404514692,210,2056320,30,440640,0.5756991980597377,92534400,19828800
b729ad24b6b0,0bcde22a1ce1,FedAvg / factor zero-pad,42,/home/gogoi/ahlora-runs/p3-heterogeneous-factor,full_data_benchmark,46,0.04939242090666377,0.0494,0.0562,0.074,0.002,7788.828125,2.4698022326788363,,,,7794.238444010417,0.6065419688813088,210,2056320,30,440640,0.5292316861450672,94590720,20269440
b729ad24b6b0,0bcde22a1ce1,FedAvg / factor zero-pad,42,/home/gogoi/ahlora-runs/p3-heterogeneous-factor,full_data_benchmark,47,0.0496921209065137,0.0497,0.0573,0.0715,0.003,8380.21875,2.459927479713838,,,,8385.505289713541,0.6059039886125124,210,2056320,30,440640,0.5079140737652779,96647040,20710080
b729ad24b6b0,0bcde22a1ce1,FedAvg / factor zero-pad,42,/home/gogoi/ahlora-runs/p3-heterogeneous-factor,full_data_benchmark,48,0.050492021256638944,0.0505,0.0581,0.0725,0.0025,9019.030208333334,2.4592594087403796,,,,9024.71435546875,0.6061994077141474,210,2056320,30,440640,0.5188990253955126,98703360,21150720
b729ad24b6b0,0bcde22a1ce1,FedAvg / factor zero-pad,42,/home/gogoi/ahlora-runs/p3-heterogeneous-factor,full_data_benchmark,49,0.050092521306914106,0.0501,0.0566,0.073,0.0025,9691.461458333333,2.45150557344891,,,,9697.392578125,0.6060904394726826,210,2056320,30,440640,0.5594934290274978,100759680,21591360
b729ad24b6b0,0bcde22a1ce1,FedAvg / factor zero-pad,42,/home/gogoi/ahlora-runs/p3-heterogeneous-factor,full_data_benchmark,50,0.048992920956938954,0.049,0.0552,0.0705,0.0025,10399.59375,2.4525512664645053,,,,10405.580973307291,0.6058228984773552,210,2056320,30,440640,0.5145041979849339,102816000,22032000
b729ad24b6b0,1bf906c2712a,MH / factor zero-pad / ring,42,/home/gogoi/ahlora-runs/p3-heterogeneous-factor,full_data_benchmark,1,0.040703372037704875,0.0407,0.015,0.060500000000000005,0.006,1.3186548868815104,3.486626647373264,,,,1.3749326328436533,0.19094953947641286,30,293760,30,293760,0.50648242700845,293760,293760
b729ad24b6b0,1bf906c2712a,MH / factor zero-pad / ring,42,/home/gogoi/ahlora-runs/p3-heterogeneous-factor,full_data_benchmark,2,0.051101026063544795,0.0511,0.0125,0.055499999999999994,0.0205,5.193071492513021,2.843303947061707,,,,3.495055611928304,0.16471838865517535,30,293760,30,293760,0.514016111381352,587520,587520
b729ad24b6b0,1bf906c2712a,MH / factor zero-pad / ring,42,/home/gogoi/ahlora-runs/p3-heterogeneous-factor,full_data_benchmark,3,0.04990447719083401,0.0499,0.0119,0.060000000000000005,0.022,11.928248087565104,2.7351920351010883,,,,7.581526772181193,0.19019510407518894,30,293760,30,293760,0.50592842977494,881280,881280
b729ad24b6b0,1bf906c2712a,MH / factor zero-pad / ring,42,/home/gogoi/ahlora-runs/p3-heterogeneous-factor,full_data_benchmark,4,0.0514061287674481,0.0514,0.0138,0.0715,0.018,22.535272216796876,2.710987318773529,,,,14.186185614267986,0.21421611388823752,30,293760,30,293760,0.5157990986481309,1175040,1175040
b729ad24b6b0,1bf906c2712a,MH / factor zero-pad / ring,42,/home/gogoi/ahlora-runs/p3-heterogeneous-factor,full_data_benchmark,5,0.05890718304511409,0.0589,0.015,0.08499999999999999,0.021,34.451314290364586,2.667702793715354,,,,22.084077167510987,0.2334697101263044,30,293760,30,293760,0.5035541700199246,1468800,1468800
b729ad24b6b0,1bf906c2712a,MH / factor zero-pad / ring,42,/home/gogoi/ahlora-runs/p3-heterogeneous-factor,full_data_benchmark,6,0.0626081853967911,0.0626,0.0168,0.10049999999999999,0.018,46.37097981770833,2.6027377830887275,,,,29.99474509557088,0.24790038432685316,30,293760,30,293760,0.5164361484348774,1762560,1762560
b729ad24b6b0,1bf906c2712a,MH / factor zero-pad / ring,42,/home/gogoi/ahlora-runs/p3-heterogeneous-factor,full_data_benchmark,7,0.07300869084977031,0.073,0.0191,0.12249999999999998,0.019,59.52694905598958,2.547505423503796,,,,38.431599934895836,0.2584981049963119,30,293760,30,293760,0.5045067751780152,2056320,2056320
b729ad24b6b0,1bf906c2712a,MH / factor zero-pad / ring,42,/home/gogoi/ahlora-runs/p3-heterogeneous-factor,full_data_benchmark,8,0.08051094572833704,0.0805,0.0204,0.1385,0.0175,75.25022786458334,2.4803307495648594,,,,47.464394601186115,0.26342731705653444,30,293760,30,293760,0.50748360902071,2350080,2350080
b729ad24b6b0,1bf906c2712a,MH / factor zero-pad / ring,42,/home/gogoi/ahlora-runs/p3-heterogeneous-factor,full_data_benchmark,9,0.09071410240825534,0.0907,0.0234,0.135,0.023,94.58723958333333,2.416194737842057,,,,57.97472381591797,0.2690187145875481,30,293760,30,293760,0.5047147311270237,2643840,2643840
b729ad24b6b0,1bf906c2712a,MH / factor zero-pad / ring,42,/home/gogoi/ahlora-runs/p3-heterogeneous-factor,full_data_benchmark,10,0.09771465618542081,0.0977,0.0267,0.14300000000000002,0.0245,118.08531901041667,2.3446968597164526,,,,70.13001658121745,0.2721218199680263,30,293760,30,293760,0.5110364612191916,2937600,2937600
b729ad24b6b0,1bf906c2712a,MH / factor zero-pad / ring,42,/home/gogoi/ahlora-runs/p3-heterogeneous-factor,full_data_benchmark,11,0.10541350946148546,0.1054,0.0316,0.157,0.024,145.7896484375,2.2899667874118688,,,,83.61269213358561,0.2737482914397447,30,293760,30,293760,0.5020841667428613,3231360,3231360
b729ad24b6b0,1bf906c2712a,MH / factor zero-pad / ring,42,/home/gogoi/ahlora-runs/p3-heterogeneous-factor,full_data_benchmark,12,0.11421496458977716,0.1142,0.0372,0.167,0.025,176.89557291666668,2.232262856673776,,,,98.39791590372721,0.27594159266028323,30,293760,30,293760,0.519865651614964,3525120,3525120
b729ad24b6b0,1bf906c2712a,MH / factor zero-pad / ring,42,/home/gogoi/ahlora-runs/p3-heterogeneous-factor,full_data_benchmark,13,0.12071441756599179,0.1207,0.0429,0.1665,0.028,213.42639973958333,2.183688601642337,,,,115.31579373677572,0.27740870615068,30,293760,30,293760,0.5024810172617435,3818880,3818880
b729ad24b6b0,1bf906c2712a,MH / factor zero-pad / ring,42,/home/gogoi/ahlora-runs/p3-heterogeneous-factor,full_data_benchmark,14,0.1297135216175696,0.1297,0.0461,0.16999999999999998,0.036,251.72102864583334,2.139845338550424,,,,132.62015902201335,0.27772412862697415,30,293760,30,293760,0.5151786543428898,4112640,4112640
b729ad24b6b0,1bf906c2712a,MH / factor zero-pad / ring,42,/home/gogoi/ahlora-runs/p3-heterogeneous-factor,full_data_benchmark,15,0.13511247379313343,0.1351,0.0502,0.1725,0.0395,292.2535807291667,2.104620720719064,,,,150.78476231892904,0.27774670551193564,30,293760,30,293760,0.5052860975265503,4406400,4406400
b729ad24b6b0,1bf906c2712a,MH / factor zero-pad / ring,42,/home/gogoi/ahlora-runs/p3-heterogeneous-factor,full_data_benchmark,16,0.14081352717034876,0.1408,0.0524,0.1755,0.04,333.9516276041667,2.0608143280402675,,,,169.68138910929363,0.2774263323320247,30,293760,30,293760,0.5632996428757906,4700160,4700160
b729ad24b6b0,1bf906c2712a,MH / factor zero-pad / ring,42,/home/gogoi/ahlora-runs/p3-heterogeneous-factor,full_data_benchmark,17,0.14831473152312732,0.1483,0.0553,0.177,0.0425,377.2892578125,2.0252732184411855,,,,189.73087412516276,0.27731159990946425,30,293760,30,293760,0.5024008136242628,4993920,4993920
b729ad24b6b0,1bf906c2712a,MH / factor zero-pad / ring,42,/home/gogoi/ahlora-runs/p3-heterogeneous-factor,full_data_benchmark,18,0.1525132328730529,0.1525,0.06,0.1855,0.0445,423.7849609375,1.9871587113594724,,,,210.83146120707195,0.27729654356889094,30,293760,30,293760,0.5029384074732661,5287680,5287680
b729ad24b6b0,1bf906c2712a,MH / factor zero-pad / ring,42,/home/gogoi/ahlora-runs/p3-heterogeneous-factor,full_data_benchmark,19,0.16111133622378002,0.1611,0.0649,0.192,0.046,469.65859375,1.9603230140850214,,,,231.84429448445638,0.276745480311305,30,293760,30,293760,0.49273429811000824,5581440,5581440
b729ad24b6b0,1bf906c2712a,MH / factor zero-pad / ring,42,/home/gogoi/ahlora-runs/p3-heterogeneous-factor,full_data_benchmark,20,0.165012238625432,0.165,0.0696,0.1915,0.051,515.8052408854167,1.9262771277006536,,,,253.74313405354818,0.27496067409493025,30,293760,30,293760,0.5139875588938594,5875200,5875200
b729ad24b6b0,1bf906c2712a,MH / factor zero-pad / ring,42,/home/gogoi/ahlora-runs/p3-heterogeneous-factor,full_data_benchmark,21,0.1668120894507701,0.1668,0.075,0.1835,0.0555,562.7608723958333,1.9060735438469762,,,,276.05447718302406,0.2755506584767691,30,293760,30,293760,0.5013800291344523,6168960,6168960
b729ad24b6b0,1bf906c2712a,MH / factor zero-pad / ring,42,/home/gogoi/ahlora-runs/p3-heterogeneous-factor,full_data_benchmark,22,0.1686117902009956,0.1686,0.0804,0.1895,0.0525,611.38671875,1.8918439235629494,,,,299.6943997701009,0.2756832051560859,30,293760,30,293760,0.5121998311951756,6462720,6462720
b729ad24b6b0,1bf906c2712a,MH / factor zero-pad / ring,42,/home/gogoi/ahlora-runs/p3-heterogeneous-factor,full_data_benchmark,23,0.17221374297836067,0.1722,0.0825,0.186,0.0605,664.5048177083333,1.881506664218149,,,,326.3316075642904,0.2762078059856522,30,293760,30,293760,0.5117915999144316,6756480,6756480
b729ad24b6b0,1bf906c2712a,MH / factor zero-pad / ring,42,/home/gogoi/ahlora-runs/p3-heterogeneous-factor,full_data_benchmark,24,0.17811544678111393,0.1781,0.0865,0.1885,0.0635,710.834765625,1.8705444266162572,,,,351.6434837341309,0.2757334734315521,30,293760,30,293760,0.5040815249085426,7050240,7050240
b729ad24b6b0,1bf906c2712a,MH / factor zero-pad / ring,42,/home/gogoi/ahlora-runs/p3-heterogeneous-factor,full_data_benchmark,25,0.17851554703128916,0.1785,0.0857,0.1885,0.067,764.2916666666666,1.8649310292242551,,,,380.2416534423828,0.27714675327886973,30,293760,30,293760,0.5035319440066814,7344000,7344000
b729ad24b6b0,1bf906c2712a,MH / factor zero-pad / ring,42,/home/gogoi/ahlora-runs/p3-heterogeneous-factor,full_data_benchmark,26,0.1806165986076031,0.1806,0.0874,0.19,0.0675,819.6966145833334,1.8678102746334138,,,,410.02833455403646,0.2773716130832788,30,293760,30,293760,0.49637730047106743,7637760,7637760
b729ad24b6b0,1bf906c2712a,MH / factor zero-pad / ring,42,/home/gogoi/ahlora-runs/p3-heterogeneous-factor,full_data_benchmark,27,0.1815162989076032,0.1815,0.0883,0.1875,0.0715,874.1662760416667,1.870307006101977,,,,439.60777740478517,0.277803757695822,30,293760,30,293760,0.4908158667385578,7931520,7931520
b729ad24b6b0,1bf906c2712a,MH / factor zero-pad / ring,42,/home/gogoi/ahlora-runs/p3-heterogeneous-factor,full_data_benchmark,28,0.18441740090915507,0.1844,0.0877,0.1885,0.074,927.5333333333333,1.8716667835803245,,,,469.6665873209635,0.27617525356096684,30,293760,30,293760,0.5046794814988971,8225280,8225280
b729ad24b6b0,1bf906c2712a,MH / factor zero-pad / ring,42,/home/gogoi/ahlora-runs/p3-heterogeneous-factor,full_data_benchmark,29,0.18561800180990584,0.1856,0.0859,0.1935,0.0725,982.6243489583334,1.8699146188138904,,,,499.11778615315757,0.2759648924157884,30,293760,30,293760,0.5116946082562208,8519040,8519040
b729ad24b6b0,1bf906c2712a,MH / factor zero-pad / ring,42,/home/gogoi/ahlora-runs/p3-heterogeneous-factor,full_data_benchmark,30,0.1886177031604318,0.1886,0.0856,0.1955,0.072,1044.6557942708334,1.858068961134576,,,,533.5285288492838,0.2759766048753484,30,293760,30,293760,0.511417806148529,8812800,8812800
b729ad24b6b0,1bf906c2712a,MH / factor zero-pad / ring,42,/home/gogoi/ahlora-runs/p3-heterogeneous-factor,full_data_benchmark,31,0.19041800421110763,0.1904,0.0852,0.192,0.0755,1106.784375,1.8720161851779464,,,,568.445985921224,0.2756395848291798,30,293760,30,293760,0.5156968869268894,9106560,9106560
b729ad24b6b0,1bf906c2712a,MH / factor zero-pad / ring,42,/home/gogoi/ahlora-runs/p3-heterogeneous-factor,full_data_benchmark,32,0.1921189555372464,0.1921,0.0849,0.1945,0.074,1171.7546875,1.8593909175448204,,,,602.9191309611002,0.2748357842693973,30,293760,30,293760,0.5137433065101504,9400320,9400320
b729ad24b6b0,1bf906c2712a,MH / factor zero-pad / ring,42,/home/gogoi/ahlora-runs/p3-heterogeneous-factor,full_data_benchmark,33,0.19171795483639562,0.1917,0.0845,0.1935,0.076,1243.4192708333333,1.8590381705306978,,,,642.8355779012044,0.2755190999290573,30,293760,30,293760,0.49403232987970114,9694080,9694080
b729ad24b6b0,1bf906c2712a,MH / factor zero-pad / ring,42,/home/gogoi/ahlora-runs/p3-heterogeneous-factor,full_data_benchmark,34,0.19191875533704614,0.1919,0.084,0.192,0.0775,1313.1127604166666,1.8495953966059366,,,,681.0450459798177,0.2748613755613821,30,293760,30,293760,0.5061316695064306,9987840,9987840
b729ad24b6b0,1bf906c2712a,MH / factor zero-pad / ring,42,/home/gogoi/ahlora-runs/p3-heterogeneous-factor,full_data_benchmark,35,0.19602045823934883,0.196,0.0862,0.2015,0.0745,1389.8071614583334,1.8275588389295254,,,,725.2836018880208,0.27409417748340403,30,293760,30,293760,0.5080666104331613,10281600,10281600
b729ad24b6b0,1bf906c2712a,MH / factor zero-pad / ring,42,/home/gogoi/ahlora-runs/p3-heterogeneous-factor,full_data_benchmark,36,0.1959208083645865,0.1959,0.0873,0.1925,0.08,1476.959375,1.8271358750971507,,,,772.7453348795573,0.27554657720794035,30,293760,30,293760,0.497075523249805,10575360,10575360
b729ad24b6b0,1bf906c2712a,MH / factor zero-pad / ring,42,/home/gogoi/ahlora-runs/p3-heterogeneous-factor,full_data_benchmark,37,0.19642010826418624,0.1964,0.0857,0.2005,0.079,1564.12578125,1.817730254540624,,,,821.1562693277995,0.27514897091850643,30,293760,30,293760,0.5077089555561543,10869120,10869120
b729ad24b6b0,1bf906c2712a,MH / factor zero-pad / ring,42,/home/gogoi/ahlora-runs/p3-heterogeneous-factor,full_data_benchmark,38,0.1991205598402,0.1991,0.0882,0.20199999999999996,0.081,1651.828125,1.8000628067240838,,,,869.9603098551432,0.27488181736505524,30,293760,30,293760,0.49551284220069647,11162880,11162880
b729ad24b6b0,1bf906c2712a,MH / factor zero-pad / ring,42,/home/gogoi/ahlora-runs/p3-heterogeneous-factor,full_data_benchmark,39,0.1991211601406504,0.1991,0.0903,0.20350000000000001,0.0765,1748.0751302083333,1.7983961340854475,,,,922.2070327758789,0.27484856459620594,30,293760,30,293760,0.5015786997973919,11456640,11456640
b729ad24b6b0,1bf906c2712a,MH / factor zero-pad / ring,42,/home/gogoi/ahlora-runs/p3-heterogeneous-factor,full_data_benchmark,40,0.19852085969027497,0.1985,0.0916,0.1985,0.0815,1850.424609375,1.781785375880305,,,,978.8979629516601,0.2748708002159965,30,293760,30,293760,0.5031666932627559,11750400,11750400
b729ad24b6b0,1bf906c2712a,MH / factor zero-pad / ring,42,/home/gogoi/ahlora-runs/p3-heterogeneous-factor,full_data_benchmark,41,0.20002311156733948,0.2,0.0918,0.20499999999999996,0.08,1958.7440104166667,1.7702316640227012,,,,1037.0660853068034,0.27575796785650464,30,293760,30,293760,0.5075350981205702,12044160,12044160
b729ad24b6b0,1bf906c2712a,MH / factor zero-pad / ring,42,/home/gogoi/ahlora-runs/p3-heterogeneous-factor,full_data_benchmark,42,0.20182371276824052,0.2018,0.0923,0.19949999999999996,0.082,2070.5838541666667,1.763026417943466,,,,1098.2726318359375,0.2760357466310009,30,293760,30,293760,0.5023476565256715,12337920,12337920
b729ad24b6b0,1bf906c2712a,MH / factor zero-pad / ring,42,/home/gogoi/ahlora-runs/p3-heterogeneous-factor,full_data_benchmark,43,0.20112346229287761,0.2011,0.0921,0.19549999999999998,0.0865,2208.2734375,1.7516861372024133,,,,1171.1448455810546,0.27617669656346655,30,293760,30,293760,0.5060454970225692,12631680,12631680
b729ad24b6b0,1bf906c2712a,MH / factor zero-pad / ring,42,/home/gogoi/ahlora-runs/p3-heterogeneous-factor,full_data_benchmark,44,0.20022541281911596,0.2002,0.0922,0.19400000000000003,0.086,2348.5890625,1.7440136967585287,,,,1245.6688878377279,0.27618124384008,30,293760,30,293760,0.496522543951869,12925440,12925440
b729ad24b6b0,1bf906c2712a,MH / factor zero-pad / ring,42,/home/gogoi/ahlora-runs/p3-heterogeneous-factor,full_data_benchmark,45,0.2025242633938286,0.2025,0.0942,0.20549999999999996,0.081,2500.972135416667,1.7367334223573145,,,,1326.0120361328125,0.2767241730672262,30,293760,30,293760,0.49624711461365223,13219200,13219200
b729ad24b6b0,1bf906c2712a,MH / factor zero-pad / ring,42,/home/gogoi/ahlora-runs/p3-heterogeneous-factor,full_data_benchmark,46,0.20452581517049284,0.2045,0.0925,0.19349999999999998,0.091,2641.5911458333335,1.73024528004853,,,,1400.1267944335937,0.2774565254649087,30,293760,30,293760,0.6510433936491609,13512960,13512960
b729ad24b6b0,1bf906c2712a,MH / factor zero-pad / ring,42,/home/gogoi/ahlora-runs/p3-heterogeneous-factor,full_data_benchmark,47,0.20752431592011802,0.2075,0.0933,0.19999999999999998,0.0905,2789.8328125,1.7168715390698375,,,,1479.5521128336588,0.2773149531269182,30,293760,30,293760,0.6285975193604827,13806720,13806720
b729ad24b6b0,1bf906c2712a,MH / factor zero-pad / ring,42,/home/gogoi/ahlora-runs/p3-heterogeneous-factor,full_data_benchmark,48,0.2110270690480586,0.211,0.0933,0.2125,0.088,2933.3885416666667,1.7124643756817852,,,,1557.3874338785806,0.27800662533335546,30,293760,30,293760,0.5390491019934416,14100480,14100480
b729ad24b6b0,1bf906c2712a,MH / factor zero-pad / ring,42,/home/gogoi/ahlora-runs/p3-heterogeneous-factor,full_data_benchmark,49,0.2116282699491095,0.2116,0.0966,0.2135,0.0875,3081.070833333333,1.7071569824120634,,,,1636.5539876302084,0.2782849735530226,30,293760,30,293760,0.5551657816395164,14394240,14394240
b729ad24b6b0,1bf906c2712a,MH / factor zero-pad / ring,42,/home/gogoi/ahlora-runs/p3-heterogeneous-factor,full_data_benchmark,50,0.2134254194224209,0.2134,0.0961,0.2075,0.092,3224.555208333333,1.7092711905795812,,,,1712.8298848470051,0.2774924847333636,30,293760,30,293760,0.5931462608277798,14688000,14688000
b729ad24b6b0,d6881822b57c,Oracle / factor zero-pad / bridge 5,42,/home/gogoi/ahlora-runs/p3-heterogeneous-factor,full_data_benchmark,1,0.0684971328149739,0.0685,0.0142,0.018499999999999996,0.0555,2.1951980590820312,3.486626647373264,,,,2.3267362912495932,0.26968587167531965,30,293760,30,293760,0.5256260875612497,293760,293760
b729ad24b6b0,d6881822b57c,Oracle / factor zero-pad / bridge 5,42,/home/gogoi/ahlora-runs/p3-heterogeneous-factor,full_data_benchmark,2,0.07309408358883622,0.0731,0.0135,0.03149999999999999,0.0545,7.17020009358724,2.713609697162304,,,,4.475016196568807,0.28536703436448185,30,293760,30,293760,0.5341785429045558,587520,587520
b729ad24b6b0,d6881822b57c,Oracle / factor zero-pad / bridge 5,42,/home/gogoi/ahlora-runs/p3-heterogeneous-factor,full_data_benchmark,3,0.08619023821422624,0.0862,0.0118,0.0435,0.0635,16.98545939127604,2.6197438737950263,,,,10.388781460126241,0.3680157289769254,30,293760,30,293760,0.5318343918770552,881280,881280
b729ad24b6b0,d6881822b57c,Oracle / factor zero-pad / bridge 5,42,/home/gogoi/ahlora-runs/p3-heterogeneous-factor,full_data_benchmark,4,0.10758764761763263,0.1076,0.012,0.04000000000000001,0.087,34.65830891927083,2.4965489182874068,,,,20.828726188341776,0.45349542939642545,30,293760,30,293760,0.5440208306536078,1175040,1175040
b729ad24b6b0,d6881822b57c,Oracle / factor zero-pad / bridge 5,42,/home/gogoi/ahlora-runs/p3-heterogeneous-factor,full_data_benchmark,5,0.11098579839209527,0.111,0.0161,0.038500000000000006,0.0905,32.88995564778646,2.3382491797739418,,,,23.74899174372355,0.49305382079754906,210,2056320,80,1272960,0.527064467780292,3231360,2448000
b729ad24b6b0,d6881822b57c,Oracle / factor zero-pad / bridge 5,42,/home/gogoi/ahlora-runs/p3-heterogeneous-factor,full_data_benchmark,6,0.1342863102983043,0.1343,0.0198,0.06200000000000001,0.1025,64.11429036458334,2.319611493756422,,,,42.75788647333781,0.5212534325198593,30,293760,30,293760,0.5163211049512029,3525120,2741760
b729ad24b6b0,d6881822b57c,Oracle / factor zero-pad / bridge 5,42,/home/gogoi/ahlora-runs/p3-heterogeneous-factor,full_data_benchmark,7,0.15708452080266172,0.1571,0.0261,0.0765,0.115,94.56236979166667,2.166319688541252,,,,59.99768616358439,0.6204105591968428,30,293760,30,293760,0.5082427030429244,3818880,3035520
b729ad24b6b0,d6881822b57c,Oracle / factor zero-pad / bridge 5,42,/home/gogoi/ahlora-runs/p3-heterogeneous-factor,full_data_benchmark,8,0.18008383195789493,0.1801,0.0326,0.10500000000000001,0.1195,127.31388346354167,2.0248087957140095,,,,77.21012652715048,0.6780763307020059,30,293760,30,293760,0.5025950474664569,4112640,3329280
b729ad24b6b0,d6881822b57c,Oracle / factor zero-pad / bridge 5,42,/home/gogoi/ahlora-runs/p3-heterogeneous-factor,full_data_benchmark,9,0.2036829933381657,0.2037,0.0414,0.11249999999999999,0.134,164.56393229166667,1.9122432997042031,,,,95.59389886856079,0.7089640771328043,30,293760,30,293760,0.5281210271641612,4406400,3623040
b729ad24b6b0,d6881822b57c,Oracle / factor zero-pad / bridge 5,42,/home/gogoi/ahlora-runs/p3-heterogeneous-factor,full_data_benchmark,10,0.18587718152935548,0.1859,0.0441,0.10450000000000001,0.1255,116.14072265625,1.826214989653644,,,,80.5928269704183,0.6728619942929334,210,2056320,80,1272960,0.519122582860291,6462720,4896000
b729ad24b6b0,d6881822b57c,Oracle / factor zero-pad / bridge 5,42,/home/gogoi/ahlora-runs/p3-heterogeneous-factor,full_data_benchmark,11,0.1984845415130273,0.1985,0.0517,0.11449999999999999,0.131,173.56175130208334,1.9329048488950233,,,,112.06635595957438,0.6313871349029125,30,293760,30,293760,0.5046061957255006,6756480,5189760
b729ad24b6b0,d6881822b57c,Oracle / factor zero-pad / bridge 5,42,/home/gogoi/ahlora-runs/p3-heterogeneous-factor,full_data_benchmark,12,0.21868345106725917,0.2187,0.0568,0.12350000000000003,0.146,225.28017578125,1.8313665183623355,,,,139.9759926478068,0.6885022075857583,30,293760,30,293760,0.5116323828697205,7050240,5483520
b729ad24b6b0,d6881822b57c,Oracle / factor zero-pad / bridge 5,42,/home/gogoi/ahlora-runs/p3-heterogeneous-factor,full_data_benchmark,13,0.2380823101962532,0.2381,0.0639,0.13749999999999998,0.159,278.50462239583334,1.7540543983856929,,,,167.27897345225017,0.7128631760687135,30,293760,30,293760,0.5048776641488075,7344000,5777280
b729ad24b6b0,d6881822b57c,Oracle / factor zero-pad / bridge 5,42,/home/gogoi/ahlora-runs/p3-heterogeneous-factor,full_data_benchmark,14,0.2518826172499336,0.2519,0.0716,0.1505,0.164,332.93841145833335,1.700414313155016,,,,194.2807128270467,0.716453361595017,30,293760,30,293760,0.49279484525322914,7637760,6071040
b729ad24b6b0,d6881822b57c,Oracle / factor zero-pad / bridge 5,42,/home/gogoi/ahlora-runs/p3-heterogeneous-factor,full_data_benchmark,15,0.2233782508145327,0.2234,0.063,0.11750000000000002,0.148,231.06484375,1.6608907452551596,,,,161.3818510691325,0.6933983399441875,210,2056320,80,1272960,0.5078095505014062,9694080,7344000
b729ad24b6b0,d6881822b57c,Oracle / factor zero-pad / bridge 5,42,/home/gogoi/ahlora-runs/p3-heterogeneous-factor,full_data_benchmark,16,0.24128041084562826,0.2413,0.0698,0.1445,0.1535,313.84541015625,1.773339414821396,,,,206.57780049641926,0.6490886801439427,30,293760,30,293760,0.49015793949365616,9987840,7637760
b729ad24b6b0,d6881822b57c,Oracle / factor zero-pad / bridge 5,42,/home/gogoi/ahlora-runs/p3-heterogeneous-factor,full_data_benchmark,17,0.2602800701751227,0.2603,0.0773,0.1575,0.168,392.27568359375,1.6989971780297772,,,,249.93933181762696,0.6901737780858882,30,293760,30,293760,0.5040674703195691,10281600,7931520
b729ad24b6b0,d6881822b57c,Oracle / factor zero-pad / bridge 5,42,/home/gogoi/ahlora-runs/p3-heterogeneous-factor,full_data_benchmark,18,0.2744797271034153,0.2745,0.0842,0.16899999999999998,0.1825,464.3634440104167,1.6446082678219678,,,,288.1425425211589,0.7058586520918071,30,293760,30,293760,0.4907531766220927,10575360,8225280
b729ad24b6b0,d6881822b57c,Oracle / factor zero-pad / bridge 5,42,/home/gogoi/ahlora-runs/p3-heterogeneous-factor,full_data_benchmark,19,0.2898798348573461,0.2899,0.0946,0.173,0.197,532.7265625,1.6055350722178898,,,,323.2616995493571,0.7098556940790689,30,293760,30,293760,0.6024694330990314,10869120,8519040
b729ad24b6b0,d6881822b57c,Oracle / factor zero-pad / bridge 5,42,/home/gogoi/ahlora-runs/p3-heterogeneous-factor,full_data_benchmark,20,0.2552740146443295,0.2553,0.0757,0.13999999999999999,0.164,373.68151041666664,1.5749062316910134,,,,269.8315093994141,0.6947717757664955,210,2056320,80,1272960,0.5385072408244014,12925440,9792000
b729ad24b6b0,d6881822b57c,Oracle / factor zero-pad / bridge 5,42,/home/gogoi/ahlora-runs/p3-heterogeneous-factor,full_data_benchmark,21,0.27007637322479905,0.2701,0.085,0.16700000000000004,0.1745,487.15123697916664,1.6973082933294585,,,,333.98046989440917,0.6530644219340551,30,293760,30,293760,0.5059793032705784,13219200,10085760
b729ad24b6b0,d6881822b57c,Oracle / factor zero-pad / bridge 5,42,/home/gogoi/ahlora-runs/p3-heterogeneous-factor,full_data_benchmark,22,0.28637588112850487,0.2864,0.0937,0.15899999999999997,0.193,585.790625,1.637049073198117,,,,390.45091298421227,0.6838232843456841,30,293760,30,293760,0.5120783830061555,13512960,10379520
b729ad24b6b0,d6881822b57c,Oracle / factor zero-pad / bridge 5,42,/home/gogoi/ahlora-runs/p3-heterogeneous-factor,full_data_benchmark,23,0.30047738893316106,0.3005,0.0983,0.17250000000000001,0.2095,678.1374348958333,1.5900275962749475,,,,439.35720977783205,0.6959139695699571,30,293760,30,293760,0.498259793035686,13806720,10673280
b729ad24b6b0,d6881822b57c,Oracle / factor zero-pad / bridge 5,42,/home/gogoi/ahlora-runs/p3-heterogeneous-factor,full_data_benchmark,24,0.3153774464119292,0.3154,0.107,0.18500000000000003,0.2165,762.6627604166666,1.5566799046622926,,,,482.21338373819987,0.6965671806387405,30,293760,30,293760,0.5008811233565211,14100480,10967040
b729ad24b6b0,d6881822b57c,Oracle / factor zero-pad / bridge 5,42,/home/gogoi/ahlora-runs/p3-heterogeneous-factor,full_data_benchmark,25,0.2760714237475857,0.2761,0.0823,0.14850000000000002,0.184,551.11171875,1.53682386382917,,,,411.83681564331056,0.6844947474037568,210,2056320,80,1272960,0.5168011039495468,16156800,12240000
b729ad24b6b0,d6881822b57c,Oracle / factor zero-pad / bridge 5,42,/home/gogoi/ahlora-runs/p3-heterogeneous-factor,full_data_benchmark,26,0.2883771327549438,0.2884,0.0925,0.15299999999999997,0.1985,696.8749348958333,1.6503772521957525,,,,496.4313275655111,0.6451368126767731,30,293760,30,293760,0.49973977264016867,16450560,12533760
b729ad24b6b0,d6881822b57c,Oracle / factor zero-pad / bridge 5,42,/home/gogoi/ahlora-runs/p3-heterogeneous-factor,full_data_benchmark,27,0.30197633915774846,0.302,0.1023,0.17450000000000002,0.205,824.5087239583333,1.595899598581501,,,,571.9168116251627,0.673644345418375,30,293760,30,293760,0.5667046550661325,16744320,12827520
b729ad24b6b0,d6881822b57c,Oracle / factor zero-pad / bridge 5,42,/home/gogoi/ahlora-runs/p3-heterogeneous-factor,full_data_benchmark,28,0.31417549483516505,0.3142,0.1112,0.18650000000000003,0.2155,937.86640625,1.5624484162020578,,,,634.1041956583659,0.6853381132394005,30,293760,30,293760,0.4911435507237911,17038080,13121280
b729ad24b6b0,d6881822b57c,Oracle / factor zero-pad / bridge 5,42,/home/gogoi/ahlora-runs/p3-heterogeneous-factor,full_data_benchmark,29,0.3248760004382193,0.3249,0.1156,0.18649999999999997,0.226,1045.351953125,1.5387597161621724,,,,691.2744471232096,0.6887459946014761,30,293760,30,293760,0.515026624314487,17331840,13415040
b729ad24b6b0,d6881822b57c,Oracle / factor zero-pad / bridge 5,42,/home/gogoi/ahlora-runs/p3-heterogeneous-factor,full_data_benchmark,30,0.2870714792753773,0.2871,0.0857,0.14600000000000002,0.1925,782.4602213541667,1.5179113009422909,,,,605.7305814107259,0.6780371999528365,210,2056320,80,1272960,0.5239464212208986,19388160,14688000
b729ad24b6b0,d6881822b57c,Oracle / factor zero-pad / bridge 5,42,/home/gogoi/ahlora-runs/p3-heterogeneous-factor,full_data_benchmark,31,0.29727598663130894,0.2973,0.0996,0.16899999999999998,0.2025,968.3614583333333,1.6268164075064118,,,,716.2504287719727,0.6446248825676707,30,293760,30,293760,0.5164965260773897,19681920,14981760
b729ad24b6b0,d6881822b57c,Oracle / factor zero-pad / bridge 5,42,/home/gogoi/ahlora-runs/p3-heterogeneous-factor,full_data_benchmark,32,0.31137404270837554,0.3114,0.1079,0.18000000000000002,0.2125,1121.03359375,1.5698563355083137,,,,806.0975413004558,0.6654204927436633,30,293760,30,293760,0.5013676872476935,19975680,15275520
b729ad24b6b0,d6881822b57c,Oracle / factor zero-pad / bridge 5,42,/home/gogoi/ahlora-runs/p3-heterogeneous-factor,full_data_benchmark,33,0.32407685046365714,0.3241,0.1163,0.18349999999999997,0.2305,1265.0330729166667,1.5402374318379812,,,,886.772817993164,0.6764353973637561,30,293760,30,293760,0.5245120329782367,20269440,15569280
b729ad24b6b0,d6881822b57c,Oracle / factor zero-pad / bridge 5,42,/home/gogoi/ahlora-runs/p3-heterogeneous-factor,full_data_benchmark,34,0.33327690509099805,0.3333,0.1252,0.185,0.238,1392.846875,1.52446624001921,,,,954.6380549112956,0.6779924399437898,30,293760,30,293760,0.4975641816854477,20563200,15863040
b729ad24b6b0,d6881822b57c,Oracle / factor zero-pad / bridge 5,42,/home/gogoi/ahlora-runs/p3-heterogeneous-factor,full_data_benchmark,35,0.29777108442775607,0.2978,0.0889,0.142,0.207,1067.5360677083333,1.4987247284147467,,,,848.1265223185221,0.6673320755641221,210,2056320,80,1272960,0.5200415402650833,22619520,17136000
b729ad24b6b0,d6881822b57c,Oracle / factor zero-pad / bridge 5,42,/home/gogoi/ahlora-runs/p3-heterogeneous-factor,full_data_benchmark,36,0.3080762921842382,0.3081,0.1022,0.1615,0.221,1290.2755208333333,1.6118588713814954,,,,983.7629816691081,0.6389821983030817,30,293760,30,293760,0.5050430158153176,22913280,17429760
b729ad24b6b0,d6881822b57c,Oracle / factor zero-pad / bridge 5,42,/home/gogoi/ahlora-runs/p3-heterogeneous-factor,full_data_benchmark,37,0.3200753977365672,0.3201,0.1098,0.19149999999999998,0.2205,1483.0270833333334,1.5602845094343425,,,,1100.8341278076173,0.6613959280079946,30,293760,30,293760,0.5221407245844603,23207040,17723520
b729ad24b6b0,d6881822b57c,Oracle / factor zero-pad / bridge 5,42,/home/gogoi/ahlora-runs/p3-heterogeneous-factor,full_data_benchmark,38,0.33027540283912094,0.3303,0.1211,0.18,0.237,1648.5291666666667,1.5234327512446442,,,,1193.8388259887695,0.6695661631864984,30,293760,30,293760,0.5157820452004671,23500800,18017280
b729ad24b6b0,d6881822b57c,Oracle / factor zero-pad / bridge 5,42,/home/gogoi/ahlora-runs/p3-heterogeneous-factor,full_data_benchmark,39,0.33997685841763803,0.34,0.1271,0.19,0.2435,1809.71796875,1.507149079679235,,,,1279.8676462809244,0.6686042214835756,30,293760,30,293760,0.5051861805841327,23794560,18311040
b729ad24b6b0,d6881822b57c,Oracle / factor zero-pad / bridge 5,42,/home/gogoi/ahlora-runs/p3-heterogeneous-factor,full_data_benchmark,40,0.3079698889294092,0.308,0.0936,0.1485,0.218,1419.9013020833333,1.4844471405550153,,,,1152.9665837605794,0.6621921424919679,210,2056320,80,1272960,0.52735052164644,25850880,19584000
b729ad24b6b0,d6881822b57c,Oracle / factor zero-pad / bridge 5,42,/home/gogoi/ahlora-runs/p3-heterogeneous-factor,full_data_benchmark,41,0.3143735939837889,0.3144,0.1019,0.17850000000000002,0.2255,1684.869921875,1.5948836088811622,,,,1315.7629679361978,0.6377287002707378,30,293760,30,293760,0.5043726731091738,26144640,19877760
b729ad24b6b0,d6881822b57c,Oracle / factor zero-pad / bridge 5,42,/home/gogoi/ahlora-runs/p3-heterogeneous-factor,full_data_benchmark,42,0.32927440183811996,0.3293,0.1104,0.1775,0.237,1910.0390625,1.5487608004255746,,,,1454.7128804524739,0.6553073592147918,30,293760,30,293760,0.5096260281279683,26438400,20171520
b729ad24b6b0,d6881822b57c,Oracle / factor zero-pad / bridge 5,42,/home/gogoi/ahlora-runs/p3-heterogeneous-factor,full_data_benchmark,43,0.33727670699184936,0.3373,0.1165,0.1775,0.2505,2113.4212239583335,1.5156679978938297,,,,1569.093785603841,0.6639588160234805,30,293760,30,293760,0.5051261186599731,26732160,20465280
b729ad24b6b0,d6881822b57c,Oracle / factor zero-pad / bridge 5,42,/home/gogoi/ahlora-runs/p3-heterogeneous-factor,full_data_benchmark,44,0.34407961184572877,0.3441,0.1276,0.189,0.25,2304.743229166667,1.4945391248049857,,,,1672.3072448730468,0.6625731983324362,30,293760,30,293760,0.5039710365235806,27025920,20759040
b729ad24b6b0,d6881822b57c,Oracle / factor zero-pad / bridge 5,42,/home/gogoi/ahlora-runs/p3-heterogeneous-factor,full_data_benchmark,45,0.3139682411046729,0.314,0.093,0.13899999999999998,0.229,1834.27734375,1.4858629002702644,,,,1516.9171427408853,0.6578776808426741,210,2056320,80,1272960,0.5023599527776241,29082240,22032000
b729ad24b6b0,d6881822b57c,Oracle / factor zero-pad / bridge 5,42,/home/gogoi/ahlora-runs/p3-heterogeneous-factor,full_data_benchmark,46,0.31817469643556595,0.3182,0.1037,0.168,0.226,2151.4546875,1.5863447788712117,,,,1716.913995361328,0.6300646556562358,30,293760,30,293760,0.513317815028131,29376000,22325760
b729ad24b6b0,d6881822b57c,Oracle / factor zero-pad / bridge 5,42,/home/gogoi/ahlora-runs/p3-heterogeneous-factor,full_data_benchmark,47,0.3311736023879952,0.3312,0.1116,0.1845,0.2385,2420.848697916667,1.5371693454256665,,,,1882.9879516601563,0.6488139350867177,30,293760,30,293760,0.5051921708509326,29669760,22619520
b729ad24b6b0,d6881822b57c,Oracle / factor zero-pad / bridge 5,42,/home/gogoi/ahlora-runs/p3-heterogeneous-factor,full_data_benchmark,48,0.34177655916786354,0.3418,0.1194,0.1825,0.2505,2649.389583333333,1.5069120008999481,,,,2011.7039154052734,0.6557271148272886,30,293760,30,293760,0.5133695658296347,29963520,22913280
b729ad24b6b0,d6881822b57c,Oracle / factor zero-pad / bridge 5,42,/home/gogoi/ahlora-runs/p3-heterogeneous-factor,full_data_benchmark,49,0.3496777136957048,0.3497,0.1287,0.20350000000000001,0.2495,2863.815625,1.4888580627969696,,,,2130.005721028646,0.6568147478992347,30,293760,30,293760,0.5241126772016287,30257280,23207040
b729ad24b6b0,d6881822b57c,Oracle / factor zero-pad / bridge 5,42,/home/gogoi/ahlora-runs/p3-heterogeneous-factor,full_data_benchmark,50,0.31676909293101196,0.3168,0.0937,0.1485,0.2285,2322.9963541666666,1.4823595047171108,,,,1954.6565317789714,0.650085399132267,210,2056320,80,1272960,0.5366192935034633,32313600,24480000
b729ad24b6b0,0bcde22a1ce1,FedAvg / factor zero-pad,43,/home/gogoi/ahlora-runs/p3-heterogeneous-factor,full_data_benchmark,1,0.00969965467716592,0.0097,0.0091,0.0185,0.0015,0.36851755777994794,3.5922637717830983,,,,1.598885754744212,0.3213347684808424,210,2056320,30,440640,0.5382391382008791,2056320,440640
b729ad24b6b0,0bcde22a1ce1,FedAvg / factor zero-pad,43,/home/gogoi/ahlora-runs/p3-heterogeneous-factor,full_data_benchmark,2,0.009099804452128291,0.0091,0.0087,0.011,0.0045,3.0558212280273436,3.158885202231133,,,,4.4706657727559405,0.22853958840411437,210,2056320,30,440640,0.5334472823888063,4112640,881280
b729ad24b6b0,0bcde22a1ce1,FedAvg / factor zero-pad,43,/home/gogoi/ahlora-runs/p3-heterogeneous-factor,full_data_benchmark,3,0.008400604502553529,0.0084,0.0076,0.007500000000000001,0.005,10.724455769856771,3.0520384547055035,,,,12.239796956380209,0.26294166646315925,210,2056320,30,440640,0.5414284309372306,6168960,1321920
b729ad24b6b0,0bcde22a1ce1,FedAvg / factor zero-pad,43,/home/gogoi/ahlora-runs/p3-heterogeneous-factor,full_data_benchmark,4,0.009100404752578667,0.0091,0.0078,0.0115,0.004,24.11118367513021,3.0317271772766627,,,,25.286884943644207,0.3132775535761793,210,2056320,30,440640,0.5352485422044992,8225280,1762560
b729ad24b6b0,0bcde22a1ce1,FedAvg / factor zero-pad,43,/home/gogoi/ahlora-runs/p3-heterogeneous-factor,full_data_benchmark,5,0.009000304652478565,0.009,0.0079,0.0105,0.0035,41.377628580729166,3.0423612139756995,,,,42.09114074707031,0.36142359612996233,210,2056320,30,440640,0.5274191563948989,10281600,2203200
b729ad24b6b0,0bcde22a1ce1,FedAvg / factor zero-pad,43,/home/gogoi/ahlora-runs/p3-heterogeneous-factor,full_data_benchmark,6,0.008900204552378466,0.0089,0.0078,0.012499999999999999,0.0025,60.25978190104167,3.0565917782280247,,,,60.646393140157066,0.398747413431642,210,2056320,30,440640,0.5231513772159815,12337920,2643840
b729ad24b6b0,0bcde22a1ce1,FedAvg / factor zero-pad,43,/home/gogoi/ahlora-runs/p3-heterogeneous-factor,full_data_benchmark,7,0.008700454577516049,0.0087,0.0081,0.0145,0.0015,79.2339111328125,3.073930071124345,,,,79.45387109120686,0.42645192615336064,210,2056320,30,440640,0.507508086040616,14394240,3084480
b729ad24b6b0,0bcde22a1ce1,FedAvg / factor zero-pad,43,/home/gogoi/ahlora-runs/p3-heterogeneous-factor,full_data_benchmark,8,0.009100104602353477,0.0091,0.0089,0.0145,0.0015,95.168505859375,3.1027861141520123,,,,95.300599416097,0.4492109117661387,210,2056320,30,440640,0.5028339065611362,16450560,3525120
b729ad24b6b0,0bcde22a1ce1,FedAvg / factor zero-pad,43,/home/gogoi/ahlora-runs/p3-heterogeneous-factor,full_data_benchmark,9,0.009300154727441085,0.0093,0.0098,0.016499999999999997,0.0015,109.44119466145834,3.1151372119095453,,,,109.61380195617676,0.4556480802796637,210,2056320,30,440640,0.5162779595702887,18506880,3965760
b729ad24b6b0,0bcde22a1ce1,FedAvg / factor zero-pad,43,/home/gogoi/ahlora-runs/p3-heterogeneous-factor,full_data_benchmark,10,0.00940010475242859,0.0094,0.0098,0.016,0.0015,122.01569010416667,3.128127326648138,,,,122.21985530853271,0.4651231107314414,210,2056320,30,440640,0.5018599079921842,20563200,4406400
b729ad24b6b0,0bcde22a1ce1,FedAvg / factor zero-pad,43,/home/gogoi/ahlora-runs/p3-heterogeneous-factor,full_data_benchmark,11,0.009499904702303502,0.0095,0.0105,0.015500000000000002,0.0015,131.81134440104168,3.128575832853185,,,,132.07830174763998,0.46765000461029016,210,2056320,30,440640,0.5898615419864655,22619520,4847040
b729ad24b6b0,0bcde22a1ce1,FedAvg / factor zero-pad,43,/home/gogoi/ahlora-runs/p3-heterogeneous-factor,full_data_benchmark,12,0.00989985487736612,0.0099,0.0109,0.016,0.0015,139.45281575520832,3.127231423125525,,,,139.81295013427734,0.4708771978690334,210,2056320,30,440640,0.5107549792155623,24675840,5287680
b729ad24b6b0,0bcde22a1ce1,FedAvg / factor zero-pad,43,/home/gogoi/ahlora-runs/p3-heterogeneous-factor,full_data_benchmark,13,0.011199355277316298,0.0112,0.0122,0.018,0.0015,146.10833333333332,3.121825873406346,,,,146.62103780110678,0.4705346860087711,210,2056320,30,440640,0.5357522806152701,26732160,5728320
b729ad24b6b0,0bcde22a1ce1,FedAvg / factor zero-pad,43,/home/gogoi/ahlora-runs/p3-heterogeneous-factor,full_data_benchmark,14,0.013599656628142389,0.0136,0.0145,0.020999999999999998,0.002,156.01324869791668,3.0938461003300266,,,,156.7373898824056,0.47526188519275675,210,2056320,30,440640,0.5375988120213151,28788480,6168960
b729ad24b6b0,0bcde22a1ce1,FedAvg / factor zero-pad,43,/home/gogoi/ahlora-runs/p3-heterogeneous-factor,full_data_benchmark,15,0.016898607753180465,0.0169,0.0171,0.0275,0.004,168.1767578125,3.071200751767906,,,,169.1856346130371,0.47937270581822344,210,2056320,30,440640,0.5731023102998734,30844800,6609600
b729ad24b6b0,0bcde22a1ce1,FedAvg / factor zero-pad,43,/home/gogoi/ahlora-runs/p3-heterogeneous-factor,full_data_benchmark,16,0.019097508302905606,0.0191,0.0194,0.0315,0.005,185.54873046875,3.0330591899440456,,,,186.97699483235678,0.48189518820461,210,2056320,30,440640,0.5115924514830112,32901120,7050240
b729ad24b6b0,0bcde22a1ce1,FedAvg / factor zero-pad,43,/home/gogoi/ahlora-runs/p3-heterogeneous-factor,full_data_benchmark,17,0.022096609352981172,0.0221,0.0233,0.036000000000000004,0.006,207.20563151041668,2.989240741406341,,,,209.2964655558268,0.4929124140779797,210,2056320,30,440640,0.5154956327751279,34957440,7490880
b729ad24b6b0,0bcde22a1ce1,FedAvg / factor zero-pad,43,/home/gogoi/ahlora-runs/p3-heterogeneous-factor,full_data_benchmark,18,0.02449616032824428,0.0245,0.0288,0.0345,0.008,236.848876953125,2.940861894375757,,,,239.9337590535482,0.4996193456322595,210,2056320,30,440640,0.5114825442433357,37013760,7931520
b729ad24b6b0,0bcde22a1ce1,FedAvg / factor zero-pad,43,/home/gogoi/ahlora-runs/p3-heterogeneous-factor,full_data_benchmark,19,0.027795411603507552,0.0278,0.0338,0.041,0.009,273.359765625,2.891860124128185,,,,277.3265101114909,0.5101314704967226,210,2056320,30,440640,0.5106466710567474,39070080,8372160
b729ad24b6b0,0bcde22a1ce1,FedAvg / factor zero-pad,43,/home/gogoi/ahlora-runs/p3-heterogeneous-factor,full_data_benchmark,20,0.030594612603608105,0.0306,0.0382,0.041499999999999995,0.0105,317.17014973958334,2.8434953254232087,,,,321.96710205078125,0.5242064597397386,210,2056320,30,440640,0.5142258768901229,41126400,8812800
b729ad24b6b0,0bcde22a1ce1,FedAvg / factor zero-pad,43,/home/gogoi/ahlora-runs/p3-heterogeneous-factor,full_data_benchmark,21,0.03349331340335838,0.0335,0.0441,0.045,0.011,368.11123046875,2.8065986489669275,,,,373.41576131184894,0.5381377395222071,210,2056320,30,440640,0.5999321546405554,43182720,9253440
b729ad24b6b0,0bcde22a1ce1,FedAvg / factor zero-pad,43,/home/gogoi/ahlora-runs/p3-heterogeneous-factor,full_data_benchmark,22,0.036293414854134495,0.0363,0.049,0.050499999999999996,0.0105,423.3172200520833,2.7625858528643437,,,,429.7629038492839,0.5482579254076985,210,2056320,30,440640,0.5392841482535005,45239040,9694080
b729ad24b6b0,0bcde22a1ce1,FedAvg / factor zero-pad,43,/home/gogoi/ahlora-runs/p3-heterogeneous-factor,full_data_benchmark,23,0.03789276532904719,0.0379,0.0504,0.056,0.0085,484.4302083333333,2.730978239059637,,,,491.24512736002606,0.559607790540663,210,2056320,30,440640,0.527684916742146,47295360,10134720
b729ad24b6b0,0bcde22a1ce1,FedAvg / factor zero-pad,43,/home/gogoi/ahlora-runs/p3-heterogeneous-factor,full_data_benchmark,24,0.03709376542959752,0.0371,0.0523,0.056,0.0075,551.5484375,2.7058766471152853,,,,557.8374964396158,0.5685007367914294,210,2056320,30,440640,0.5402909498661757,49351680,10575360
b729ad24b6b0,0bcde22a1ce1,FedAvg / factor zero-pad,43,/home/gogoi/ahlora-runs/p3-heterogeneous-factor,full_data_benchmark,25,0.039193016104560344,0.0392,0.0537,0.0625,0.007,614.7334635416667,2.683349798090001,,,,621.2357584635416,0.5782247188568644,210,2056320,30,440640,0.5324394833296537,51408000,11016000
b729ad24b6b0,0bcde22a1ce1,FedAvg / factor zero-pad,43,/home/gogoi/ahlora-runs/p3-heterogeneous-factor,full_data_benchmark,26,0.04039211625418523,0.0404,0.0528,0.06999999999999999,0.004,679.5932291666667,2.6541871374923205,,,,686.7207895914713,0.5835465897472335,210,2056320,30,440640,0.5422526812180877,53464320,11456640
b729ad24b6b0,0bcde22a1ce1,FedAvg / factor zero-pad,43,/home/gogoi/ahlora-runs/p3-heterogeneous-factor,full_data_benchmark,27,0.04279091685388538,0.0428,0.0535,0.0765,0.003,746.975,2.6338542473509188,,,,755.27880859375,0.5903657107896504,210,2056320,30,440640,0.5292753102257848,55520640,11897280
b729ad24b6b0,0bcde22a1ce1,FedAvg / factor zero-pad,43,/home/gogoi/ahlora-runs/p3-heterogeneous-factor,full_data_benchmark,28,0.04059186622904765,0.0406,0.0524,0.0745,0.0025,817.0482421875,2.6203965927402826,,,,825.6604512532552,0.596368014933483,210,2056320,30,440640,0.5400839680805802,57576960,12337920
b729ad24b6b0,0bcde22a1ce1,FedAvg / factor zero-pad,43,/home/gogoi/ahlora-runs/p3-heterogeneous-factor,full_data_benchmark,29,0.04069091580335958,0.0407,0.0509,0.074,0.002,891.3658854166666,2.6081538066093923,,,,901.2342376708984,0.6015890090324999,210,2056320,30,440640,0.55752376280725,59633280,12778560
b729ad24b6b0,0bcde22a1ce1,FedAvg / factor zero-pad,43,/home/gogoi/ahlora-runs/p3-heterogeneous-factor,full_data_benchmark,30,0.04129061595328463,0.0413,0.0503,0.071,0.003,971.97265625,2.5958683378896557,,,,983.3061218261719,0.6044787820860272,210,2056320,30,440640,0.5884234821423888,61689600,13219200
b729ad24b6b0,0bcde22a1ce1,FedAvg / factor zero-pad,43,/home/gogoi/ahlora-runs/p3-heterogeneous-factor,full_data_benchmark,31,0.041490966228597416,0.0415,0.0506,0.06599999999999999,0.0055,1055.8408203125,2.5808826382834886,,,,1068.1442057291667,0.6088205006034001,210,2056320,30,440640,0.561996603384614,63745920,13659840
b729ad24b6b0,0bcde22a1ce1,FedAvg / factor zero-pad,43,/home/gogoi/ahlora-runs/p3-heterogeneous-factor,full_data_benchmark,32,0.04119066592829712,0.0412,0.0508,0.057,0.006,1147.3920572916666,2.5729059102666914,,,,1161.098882039388,0.612457647088569,210,2056320,30,440640,0.5172389196231961,65802240,14100480
b729ad24b6b0,0bcde22a1ce1,FedAvg / factor zero-pad,43,/home/gogoi/ahlora-runs/p3-heterogeneous-factor,full_data_benchmark,33,0.04258996627812219,0.0426,0.0528,0.0555,0.007,1243.009375,2.566125702558843,,,,1257.0893046061199,0.6131490134871153,210,2056320,30,440640,0.52846166677773,67858560,14541120
b729ad24b6b0,0bcde22a1ce1,FedAvg / factor zero-pad,43,/home/gogoi/ahlora-runs/p3-heterogeneous-factor,full_data_benchmark,34,0.04239036637837238,0.0424,0.0528,0.0545,0.007,1347.89921875,2.559937012670767,,,,1362.2240753173828,0.6156277880045219,210,2056320,30,440640,0.5468368651345372,69914880,14981760
b729ad24b6b0,0bcde22a1ce1,FedAvg / factor zero-pad,43,/home/gogoi/ahlora-runs/p3-heterogeneous-factor,full_data_benchmark,35,0.04399016707862284,0.044,0.0552,0.06449999999999999,0.007,1461.01484375,2.5532583701751714,,,,1474.752461751302,0.6155797998676564,210,2056320,30,440640,0.6465564612299204,71971200,15422400
b729ad24b6b0,0bcde22a1ce1,FedAvg / factor zero-pad,43,/home/gogoi/ahlora-runs/p3-heterogeneous-factor,full_data_benchmark,36,0.04459031745388567,0.0446,0.0564,0.0675,0.009,1585.27265625,2.5442684198404537,,,,1599.3189188639324,0.6178312421782494,210,2056320,30,440640,0.5616373512893915,74027520,15863040
b729ad24b6b0,0bcde22a1ce1,FedAvg / factor zero-pad,43,/home/gogoi/ahlora-runs/p3-heterogeneous-factor,full_data_benchmark,37,0.04639001820411116,0.0464,0.0558,0.07,0.01,1715.7505208333334,2.5319308299538084,,,,1729.8858947753906,0.6163541835565876,210,2056320,30,440640,0.5347014553844929,76083840,16303680
b729ad24b6b0,0bcde22a1ce1,FedAvg / factor zero-pad,43,/home/gogoi/ahlora-runs/p3-heterogeneous-factor,full_data_benchmark,38,0.04638956797877337,0.0464,0.0564,0.07150000000000001,0.01,1860.52421875,2.5334274348172676,,,,1874.7259114583333,0.6165214765771355,210,2056320,30,440640,0.528145101852715,78140160,16744320
b729ad24b6b0,0bcde22a1ce1,FedAvg / factor zero-pad,43,/home/gogoi/ahlora-runs/p3-heterogeneous-factor,full_data_benchmark,39,0.04608971790381086,0.0461,0.0565,0.068,0.01,2017.2078125,2.522119769383309,,,,2031.9583333333333,0.616334892442868,210,2056320,30,440640,0.5467693563550711,80196480,17184960
b729ad24b6b0,0bcde22a1ce1,FedAvg / factor zero-pad,43,/home/gogoi/ahlora-runs/p3-heterogeneous-factor,full_data_benchmark,40,0.04688991840416128,0.0469,0.0567,0.0695,0.0095,2192.623958333333,2.519991542105382,,,,2207.858184814453,0.6164256480576301,210,2056320,30,440640,0.53701311070472,82252800,17625600
b729ad24b6b0,0bcde22a1ce1,FedAvg / factor zero-pad,43,/home/gogoi/ahlora-runs/p3-heterogeneous-factor,full_data_benchmark,41,0.04718916817867342,0.0472,0.0566,0.07150000000000001,0.01,2381.4947916666665,2.515756479136167,,,,2396.0887247721353,0.6154677236950659,210,2056320,30,440640,0.5460689440369606,84309120,18066240
b729ad24b6b0,0bcde22a1ce1,FedAvg / factor zero-pad,43,/home/gogoi/ahlora-runs/p3-heterogeneous-factor,full_data_benchmark,42,0.048789118954036495,0.0488,0.0568,0.0755,0.011,2590.6385416666667,2.508076774148969,,,,2605.8038330078125,0.6157829060523353,210,2056320,30,440640,0.5381995858624578,86365440,18506880
b729ad24b6b0,0bcde22a1ce1,FedAvg / factor zero-pad,43,/home/gogoi/ahlora-runs/p3-heterogeneous-factor,full_data_benchmark,43,0.0487888188038113,0.0488,0.0562,0.07400000000000001,0.0115,2822.8947916666666,2.5025857482543588,,,,2837.6647135416665,0.6158692351405038,210,2056320,30,440640,0.5486851772293448,88421760,18947520
b729ad24b6b0,0bcde22a1ce1,FedAvg / factor zero-pad,43,/home/gogoi/ahlora-runs/p3-heterogeneous-factor,full_data_benchmark,44,0.04838886862874868,0.0484,0.0567,0.075,0.012,3082.0671875,2.491315248752218,,,,3097.403564453125,0.6142301250230695,210,2056320,30,440640,0.5354223279282451,90478080,19388160
b729ad24b6b0,0bcde22a1ce1,FedAvg / factor zero-pad,43,/home/gogoi/ahlora-runs/p3-heterogeneous-factor,full_data_benchmark,45,0.04748946847897372,0.0475,0.0568,0.0775,0.0105,3371.6916666666666,2.485882802193332,,,,3387.1302388509116,0.6138231767938137,210,2056320,30,440640,0.5462154885753989,92534400,19828800
b729ad24b6b0,0bcde22a1ce1,FedAvg / factor zero-pad,43,/home/gogoi/ahlora-runs/p3-heterogeneous-factor,full_data_benchmark,46,0.04648996822909866,0.0465,0.0567,0.0755,0.012,3684.7609375,2.489585039976336,,,,3701.2723795572915,0.612016565121504,210,2056320,30,440640,0.5721378391608596,94590720,20269440
b729ad24b6b0,0bcde22a1ce1,FedAvg / factor zero-pad,43,/home/gogoi/ahlora-runs/p3-heterogeneous-factor,full_data_benchmark,47,0.046589317953635793,0.0466,0.056,0.07250000000000001,0.013,4039.834895833333,2.4867014456370367,,,,4055.3902180989585,0.611905719683658,210,2056320,30,440640,0.4923339122906327,96647040,20710080
b729ad24b6b0,0bcde22a1ce1,FedAvg / factor zero-pad,43,/home/gogoi/ahlora-runs/p3-heterogeneous-factor,full_data_benchmark,48,0.04658976817897357,0.0466,0.0552,0.07350000000000001,0.012,4428.970833333334,2.488191327723391,,,,4443.713623046875,0.6109985814549591,210,2056320,30,440640,0.5077634593471885,98703360,21150720
b729ad24b6b0,0bcde22a1ce1,FedAvg / factor zero-pad,43,/home/gogoi/ahlora-runs/p3-heterogeneous-factor,full_data_benchmark,49,0.04788941865403635,0.0479,0.0558,0.078,0.011,4843.506770833334,2.484301984462809,,,,4859.927469889323,0.6100191398919321,210,2056320,30,440640,0.5361054707318544,100759680,21591360
b729ad24b6b0,0bcde22a1ce1,FedAvg / factor zero-pad,43,/home/gogoi/ahlora-runs/p3-heterogeneous-factor,full_data_benchmark,50,0.04758911835373604,0.0476,0.056,0.07550000000000001,0.0095,5296.096875,2.4808606355206657,,,,5311.343607584636,0.6097098891327014,210,2056320,30,440640,0.5983371352776885,102816000,22032000
b729ad24b6b0,1bf906c2712a,MH / factor zero-pad / ring,43,/home/gogoi/ahlora-runs/p3-heterogeneous-factor,full_data_benchmark,1,0.02689676182929556,0.0269,0.009,0.035500000000000004,0.012,1.0735621134440103,3.5922637717830983,,,,1.027818183445682,0.17023082379211107,30,293760,30,293760,0.49255034513771534,293760,293760
b729ad24b6b0,1bf906c2712a,MH / factor zero-pad / ring,43,/home/gogoi/ahlora-runs/p3-heterogeneous-factor,full_data_benchmark,2,0.03940087013550283,0.0394,0.0062,0.0395,0.0215,3.4243138631184897,2.9214686056558525,,,,1.9427576477328936,0.10338006615875164,30,293760,30,293760,0.4926809761673212,587520,587520
b729ad24b6b0,1bf906c2712a,MH / factor zero-pad / ring,43,/home/gogoi/ahlora-runs/p3-heterogeneous-factor,full_data_benchmark,3,0.04350242296269282,0.0435,0.0063,0.04700000000000001,0.0215,7.551806640625,2.719276550324305,,,,3.8824827894568443,0.1087578914352433,30,293760,30,293760,0.49494875222444534,881280,881280
b729ad24b6b0,1bf906c2712a,MH / factor zero-pad / ring,43,/home/gogoi/ahlora-runs/p3-heterogeneous-factor,full_data_benchmark,4,0.05020462741602171,0.0502,0.007,0.0765,0.0145,13.909510294596354,2.628884436578588,,,,6.896951743960381,0.11901659747047173,30,293760,30,293760,0.5283804843202233,1175040,1175040
b729ad24b6b0,1bf906c2712a,MH / factor zero-pad / ring,43,/home/gogoi/ahlora-runs/p3-heterogeneous-factor,full_data_benchmark,5,0.057608583095839466,0.0576,0.0092,0.089,0.0145,22.297709147135418,2.534151361596803,,,,10.939864123860994,0.1313733878715895,30,293760,30,293760,0.530761482194066,1468800,1468800
b729ad24b6b0,1bf906c2712a,MH / factor zero-pad / ring,43,/home/gogoi/ahlora-runs/p3-heterogeneous-factor,full_data_benchmark,6,0.06540948744846795,0.0654,0.0108,0.109,0.013,32.449239095052086,2.44823455886477,,,,15.771866996089617,0.14224953087892805,30,293760,30,293760,0.5406141728162766,1762560,1762560
b729ad24b6b0,1bf906c2712a,MH / factor zero-pad / ring,43,/home/gogoi/ahlora-runs/p3-heterogeneous-factor,full_data_benchmark,7,0.07710949330139735,0.0771,0.0119,0.1305,0.019,44.3985107421875,2.3675588261466474,,,,20.910509597261747,0.15106072079688318,30,293760,30,293760,0.6366316229104996,2056320,2056320
b729ad24b6b0,1bf906c2712a,MH / factor zero-pad / ring,43,/home/gogoi/ahlora-runs/p3-heterogeneous-factor,full_data_benchmark,8,0.09190915052984018,0.0919,0.0127,0.1485,0.031,57.587361653645836,2.294323750426027,,,,26.156962408622107,0.15828960774757744,30,293760,30,293760,0.5809502061456442,2350080,2350080
b729ad24b6b0,1bf906c2712a,MH / factor zero-pad / ring,43,/home/gogoi/ahlora-runs/p3-heterogeneous-factor,full_data_benchmark,9,0.1003100551826189,0.1003,0.0141,0.164,0.0325,73.09785970052083,2.224563068869267,,,,32.263474985957146,0.16420647220071202,30,293760,30,293760,0.5514858607202768,2643840,2643840
b729ad24b6b0,1bf906c2712a,MH / factor zero-pad / ring,43,/home/gogoi/ahlora-runs/p3-heterogeneous-factor,full_data_benchmark,10,0.11471246358802581,0.1147,0.016,0.1865,0.038,92.26316731770834,2.1606090772181767,,,,39.55888391435146,0.1701217694951391,30,293760,30,293760,0.5479688048362732,2937600,2937600
b729ad24b6b0,1bf906c2712a,MH / factor zero-pad / ring,43,/home/gogoi/ahlora-runs/p3-heterogeneous-factor,full_data_benchmark,11,0.12871702286994638,0.1287,0.0168,0.2075,0.04,112.91443684895833,2.096713811684195,,,,47.64681093444427,0.1718323470577359,30,293760,30,293760,0.5883950581774116,3231360,3231360
b729ad24b6b0,1bf906c2712a,MH / factor zero-pad / ring,43,/home/gogoi/ahlora-runs/p3-heterogeneous-factor,full_data_benchmark,12,0.1376172274223249,0.1376,0.0188,0.22150000000000003,0.0435,136.77766927083334,2.041572895727945,,,,56.490756235520045,0.17678914902313148,30,293760,30,293760,0.566386885009706,3525120,3525120
b729ad24b6b0,1bf906c2712a,MH / factor zero-pad / ring,43,/home/gogoi/ahlora-runs/p3-heterogeneous-factor,full_data_benchmark,13,0.14861848355101728,0.1486,0.0233,0.2395,0.045,163.08971354166667,1.993829962279901,,,,66.12700261076291,0.17798362525435235,30,293760,30,293760,0.5689039770513773,3818880,3818880
b729ad24b6b0,1bf906c2712a,MH / factor zero-pad / ring,43,/home/gogoi/ahlora-runs/p3-heterogeneous-factor,full_data_benchmark,14,0.15361928645286965,0.1536,0.0249,0.2435,0.0485,193.38294270833333,1.955208350005441,,,,77.65824229617914,0.18254946651167092,30,293760,30,293760,0.526815072633326,4112640,4112640
b729ad24b6b0,1bf906c2712a,MH / factor zero-pad / ring,43,/home/gogoi/ahlora-runs/p3-heterogeneous-factor,full_data_benchmark,15,0.16391999195597393,0.1639,0.0273,0.2505,0.0555,228.12861328125,1.9192476588131684,,,,89.99456552267074,0.18517131650157043,30,293760,30,293760,0.5199699196964502,4406400,4406400
b729ad24b6b0,1bf906c2712a,MH / factor zero-pad / ring,43,/home/gogoi/ahlora-runs/p3-heterogeneous-factor,full_data_benchmark,16,0.1718175446811129,0.1718,0.0291,0.269,0.06,266.49583333333334,1.893009983565012,,,,103.16560598512491,0.18833528387922874,30,293760,30,293760,0.5942432004958391,4700160,4700160
b729ad24b6b0,1bf906c2712a,MH / factor zero-pad / ring,43,/home/gogoi/ahlora-runs/p3-heterogeneous-factor,full_data_benchmark,17,0.18131849990920454,0.1813,0.0303,0.277,0.063,306.90423177083335,1.864323602288555,,,,116.55599919358889,0.19051489890864076,30,293760,30,293760,0.5163562698289752,4993920,4993920
b729ad24b6b0,1bf906c2712a,MH / factor zero-pad / ring,43,/home/gogoi/ahlora-runs/p3-heterogeneous-factor,full_data_benchmark,18,0.18711860286073181,0.1871,0.0308,0.285,0.0675,348.9729817708333,1.836849250091897,,,,131.18149039944012,0.19300222197001274,30,293760,30,293760,0.5102003617212176,5287680,5287680
b729ad24b6b0,1bf906c2712a,MH / factor zero-pad / ring,43,/home/gogoi/ahlora-runs/p3-heterogeneous-factor,full_data_benchmark,19,0.19281695488592038,0.1928,0.0334,0.292,0.0695,393.765234375,1.8183475969863372,,,,145.15975702504318,0.19660304296067288,30,293760,30,293760,0.4908502819016576,5581440,5581440
b729ad24b6b0,1bf906c2712a,MH / factor zero-pad / ring,43,/home/gogoi/ahlora-runs/p3-heterogeneous-factor,full_data_benchmark,20,0.1980170575372974,0.198,0.0371,0.27999999999999997,0.0775,441.3662109375,1.7969573028793815,,,,160.6637772480647,0.19860967276676017,30,293760,30,293760,0.5061395205557346,5875200,5875200
b729ad24b6b0,1bf906c2712a,MH / factor zero-pad / ring,43,/home/gogoi/ahlora-runs/p3-heterogeneous-factor,full_data_benchmark,21,0.2041180610895753,0.2041,0.0415,0.2905,0.082,489.61243489583336,1.7805028939502103,,,,175.79149182637533,0.20131266584059754,30,293760,30,293760,0.5094911679625511,6168960,6168960
b729ad24b6b0,1bf906c2712a,MH / factor zero-pad / ring,43,/home/gogoi/ahlora-runs/p3-heterogeneous-factor,full_data_benchmark,22,0.20861656258957612,0.2086,0.0435,0.2885,0.0855,542.2286783854166,1.7650304509838282,,,,193.72704576849938,0.20357908376170655,30,293760,30,293760,0.5013039791956544,6462720,6462720
b729ad24b6b0,1bf906c2712a,MH / factor zero-pad / ring,43,/home/gogoi/ahlora-runs/p3-heterogeneous-factor,full_data_benchmark,23,0.21251791521656588,0.2125,0.0457,0.298,0.0845,598.1666666666666,1.7446045817112703,,,,213.97138507465522,0.20612453049642573,30,293760,30,293760,0.49680845625698566,6756480,6756480
b729ad24b6b0,1bf906c2712a,MH / factor zero-pad / ring,43,/home/gogoi/ahlora-runs/p3-heterogeneous-factor,full_data_benchmark,24,0.2126162144153149,0.2126,0.0499,0.29800000000000004,0.087,648.5032552083334,1.7325502876521501,,,,232.3634271333615,0.20811964406462502,30,293760,30,293760,0.5183715550228953,7050240,7050240
b729ad24b6b0,1bf906c2712a,MH / factor zero-pad / ring,43,/home/gogoi/ahlora-runs/p3-heterogeneous-factor,full_data_benchmark,25,0.21741636689162924,0.2174,0.0505,0.3035,0.091,708.5060546875,1.7182287524435618,,,,253.58122371435167,0.2101193950346105,30,293760,30,293760,0.48528657387942076,7344000,7344000
b729ad24b6b0,1bf906c2712a,MH / factor zero-pad / ring,43,/home/gogoi/ahlora-runs/p3-heterogeneous-factor,full_data_benchmark,26,0.21701731716724218,0.217,0.0518,0.2945,0.0945,771.1507161458334,1.7019458497303936,,,,277.154362454017,0.21163351972605426,30,293760,30,293760,0.5069361682981253,7637760,7637760
b729ad24b6b0,1bf906c2712a,MH / factor zero-pad / ring,43,/home/gogoi/ahlora-runs/p3-heterogeneous-factor,full_data_benchmark,27,0.219816818317568,0.2198,0.0548,0.30000000000000004,0.094,838.8283854166667,1.6898860381404053,,,,301.4370753914118,0.21314868247630867,30,293760,30,293760,0.48889977019280195,7931520,7931520
b729ad24b6b0,1bf906c2712a,MH / factor zero-pad / ring,43,/home/gogoi/ahlora-runs/p3-heterogeneous-factor,full_data_benchmark,28,0.21991721856789326,0.2199,0.0573,0.30000000000000004,0.0965,905.2111979166667,1.6760549082407812,,,,327.39799901644386,0.2144162625764841,30,293760,30,293760,0.48722485173493624,8225280,8225280
b729ad24b6b0,1bf906c2712a,MH / factor zero-pad / ring,43,/home/gogoi/ahlora-runs/p3-heterogeneous-factor,full_data_benchmark,29,0.22291917104510808,0.2229,0.0588,0.30200000000000005,0.0945,979.8053385416666,1.67100009881302,,,,354.2550613934795,0.21542882707252894,30,293760,30,293760,0.49442843068391085,8519040,8519040
b729ad24b6b0,1bf906c2712a,MH / factor zero-pad / ring,43,/home/gogoi/ahlora-runs/p3-heterogeneous-factor,full_data_benchmark,30,0.22691747219483357,0.2269,0.0594,0.3005,0.1015,1052.8225260416666,1.6579811300454075,,,,381.93747604091965,0.2152382670225198,30,293760,30,293760,0.5089382268488407,8812800,8812800
b729ad24b6b0,1bf906c2712a,MH / factor zero-pad / ring,43,/home/gogoi/ahlora-runs/p3-heterogeneous-factor,full_data_benchmark,31,0.228317372845109,0.2283,0.0597,0.30200000000000005,0.1,1138.0729166666667,1.649325634272546,,,,413.9798939218124,0.21692682800390692,30,293760,30,293760,0.48552749399095774,9106560,9106560
b729ad24b6b0,1bf906c2712a,MH / factor zero-pad / ring,43,/home/gogoi/ahlora-runs/p3-heterogeneous-factor,full_data_benchmark,32,0.23081747414581003,0.2308,0.0632,0.30150000000000005,0.104,1228.1635416666666,1.637893946155539,,,,447.9694780468941,0.21708838509292494,30,293760,30,293760,0.5065556187182665,9400320,9400320
b729ad24b6b0,1bf906c2712a,MH / factor zero-pad / ring,43,/home/gogoi/ahlora-runs/p3-heterogeneous-factor,full_data_benchmark,33,0.23241982612297457,0.2324,0.0637,0.30200000000000005,0.102,1314.0391927083333,1.6294727101076003,,,,480.8033365269502,0.21790435272710013,30,293760,30,293760,0.5567347779870033,9694080,9694080
b729ad24b6b0,1bf906c2712a,MH / factor zero-pad / ring,43,/home/gogoi/ahlora-runs/p3-heterogeneous-factor,full_data_benchmark,34,0.2318199758979369,0.2318,0.0652,0.29150000000000004,0.107,1403.32578125,1.6266712392830542,,,,513.819953995943,0.21781642869656118,30,293760,30,293760,0.5334233846515417,9987840,9987840
b729ad24b6b0,1bf906c2712a,MH / factor zero-pad / ring,43,/home/gogoi/ahlora-runs/p3-heterogeneous-factor,full_data_benchmark,35,0.23461842652247455,0.2346,0.0648,0.3,0.109,1504.4951822916667,1.6232110399410284,,,,551.1668294151624,0.21809668499204335,30,293760,30,293760,0.4898996390402317,10281600,10281600
b729ad24b6b0,1bf906c2712a,MH / factor zero-pad / ring,43,/home/gogoi/ahlora-runs/p3-heterogeneous-factor,full_data_benchmark,36,0.23521947734841292,0.2352,0.0668,0.29400000000000004,0.1065,1606.9895833333333,1.6163312067823732,,,,588.749334504207,0.21846505505683314,30,293760,30,293760,0.5390706583857536,10575360,10575360
b729ad24b6b0,1bf906c2712a,MH / factor zero-pad / ring,43,/home/gogoi/ahlora-runs/p3-heterogeneous-factor,full_data_benchmark,37,0.23562017789903852,0.2356,0.0655,0.3005,0.1065,1709.1109375,1.6120859273138146,,,,629.7846234947443,0.21773751249152032,30,293760,30,293760,0.5676392093300819,10869120,10869120
b729ad24b6b0,1bf906c2712a,MH / factor zero-pad / ring,43,/home/gogoi/ahlora-runs/p3-heterogeneous-factor,full_data_benchmark,38,0.23681882782332558,0.2368,0.0684,0.308,0.1085,1818.952734375,1.6121298927175074,,,,670.2199983487527,0.21848335214174391,30,293760,30,293760,0.5356991412118077,11162880,11162880
b729ad24b6b0,1bf906c2712a,MH / factor zero-pad / ring,43,/home/gogoi/ahlora-runs/p3-heterogeneous-factor,full_data_benchmark,39,0.23601877739808774,0.236,0.0687,0.3075,0.1095,1928.2234375,1.6024239205924216,,,,713.4073828160763,0.21764419594088788,30,293760,30,293760,0.5332117509096861,11456640,11456640
b729ad24b6b0,1bf906c2712a,MH / factor zero-pad / ring,43,/home/gogoi/ahlora-runs/p3-heterogeneous-factor,full_data_benchmark,40,0.23571817694756228,0.2357,0.0683,0.3105,0.104,2038.460546875,1.606986519895331,,,,755.4206811626752,0.21760550790891608,30,293760,30,293760,0.5568925943225622,11750400,11750400
b729ad24b6b0,1bf906c2712a,MH / factor zero-pad / ring,43,/home/gogoi/ahlora-runs/p3-heterogeneous-factor,full_data_benchmark,41,0.23691817754786268,0.2369,0.0671,0.312,0.1045,2160.73046875,1.6045848653569947,,,,803.4674048562845,0.21777091953898062,30,293760,30,293760,0.5102815506979823,12044160,12044160
b729ad24b6b0,1bf906c2712a,MH / factor zero-pad / ring,43,/home/gogoi/ahlora-runs/p3-heterogeneous-factor,full_data_benchmark,42,0.23721847784816302,0.2372,0.0679,0.3065,0.1125,2287.05546875,1.6035655895012442,,,,850.6467107375463,0.2170583940008666,30,293760,30,293760,0.500478794798255,12337920,12337920
b729ad24b6b0,1bf906c2712a,MH / factor zero-pad / ring,43,/home/gogoi/ahlora-runs/p3-heterogeneous-factor,full_data_benchmark,43,0.23731707719713718,0.2373,0.0686,0.308,0.111,2419.233854166667,1.5992771725683044,,,,904.68128807048,0.21734883135367566,30,293760,30,293760,0.5055479165166616,12631680,12631680
b729ad24b6b0,1bf906c2712a,MH / factor zero-pad / ring,43,/home/gogoi/ahlora-runs/p3-heterogeneous-factor,full_data_benchmark,44,0.2371170270720495,0.2371,0.0682,0.295,0.117,2552.8385416666665,1.6002879780679171,,,,955.9001522282759,0.2169978903016654,30,293760,30,293760,0.4978008223697543,12925440,12925440
b729ad24b6b0,1bf906c2712a,MH / factor zero-pad / ring,43,/home/gogoi/ahlora-runs/p3-heterogeneous-factor,full_data_benchmark,45,0.23761797779788785,0.2376,0.0657,0.3035,0.117,2693.967708333333,1.5911430019005748,,,,1014.3308372398218,0.216954413003835,30,293760,30,293760,0.49755648616701365,13219200,13219200
b729ad24b6b0,1bf906c2712a,MH / factor zero-pad / ring,43,/home/gogoi/ahlora-runs/p3-heterogeneous-factor,full_data_benchmark,46,0.24212023117570344,0.2421,0.0656,0.3065,0.1195,2841.308072916667,1.5939540114379218,,,,1072.2590518653392,0.21638508584544214,30,293760,30,293760,0.4895150111988187,13512960,13512960
b729ad24b6b0,1bf906c2712a,MH / factor zero-pad / ring,43,/home/gogoi/ahlora-runs/p3-heterogeneous-factor,full_data_benchmark,47,0.2401194297746022,0.2401,0.0651,0.31,0.117,2991.6109375,1.5910372870820757,,,,1134.3345321516197,0.2160815091623963,30,293760,30,293760,0.4889876302331686,13806720,13806720
b729ad24b6b0,1bf906c2712a,MH / factor zero-pad / ring,43,/home/gogoi/ahlora-runs/p3-heterogeneous-factor,full_data_benchmark,48,0.23941992967480225,0.2394,0.0659,0.3045,0.1175,3153.835416666667,1.590084222086225,,,,1198.5041762699684,0.21587047382180144,30,293760,30,293760,0.4866978656500578,14100480,14100480
b729ad24b6b0,1bf906c2712a,MH / factor zero-pad / ring,43,/home/gogoi/ahlora-runs/p3-heterogeneous-factor,full_data_benchmark,49,0.24441818129974044,0.2444,0.0652,0.299,0.1265,3312.165625,1.5929766905510652,,,,1267.2942475239436,0.21617294212327998,30,293760,30,293760,0.49939452577382326,14394240,14394240
b729ad24b6b0,1bf906c2712a,MH / factor zero-pad / ring,43,/home/gogoi/ahlora-runs/p3-heterogeneous-factor,full_data_benchmark,50,0.24632023327675506,0.2463,0.0649,0.3045,0.127,3485.18515625,1.591971951528165,,,,1338.5281669298809,0.21587818347739954,30,293760,30,293760,0.5215302761644125,14688000,14688000
b729ad24b6b0,d6881822b57c,Oracle / factor zero-pad / bridge 5,43,/home/gogoi/ahlora-runs/p3-heterogeneous-factor,full_data_benchmark,1,0.05570307939123532,0.0557,0.0086,0.0335,0.043,1.6790906270345052,3.5922637717830983,,,,2.263973832130432,0.2997257333983883,30,293760,30,293760,0.5741298533976078,293760,293760
b729ad24b6b0,d6881822b57c,Oracle / factor zero-pad / bridge 5,43,/home/gogoi/ahlora-runs/p3-heterogeneous-factor,full_data_benchmark,2,0.0665995830913372,0.0666,0.0089,0.0455,0.044,5.548043823242187,2.768087520651132,,,,3.660982871055603,0.259925165300045,30,293760,30,293760,0.5162723520770669,587520,587520
b729ad24b6b0,d6881822b57c,Oracle / factor zero-pad / bridge 5,43,/home/gogoi/ahlora-runs/p3-heterogeneous-factor,full_data_benchmark,3,0.08589594091842966,0.0859,0.0101,0.04499999999999999,0.057,13.233937581380209,2.6087498580887725,,,,8.188825448354086,0.335634337412116,30,293760,30,293760,0.530477887019515,881280,881280
b729ad24b6b0,d6881822b57c,Oracle / factor zero-pad / bridge 5,43,/home/gogoi/ahlora-runs/p3-heterogeneous-factor,full_data_benchmark,4,0.11539035287161224,0.1154,0.0125,0.06949999999999999,0.072,26.25023193359375,2.4456120697896586,,,,16.209621254603068,0.4345535437236775,30,293760,30,293760,0.47450573183596134,1175040,1175040
b729ad24b6b0,d6881822b57c,Oracle / factor zero-pad / bridge 5,43,/home/gogoi/ahlora-runs/p3-heterogeneous-factor,full_data_benchmark,5,0.11359035197116157,0.1136,0.0161,0.06949999999999999,0.078,24.44075927734375,2.2752403015553018,,,,18.12037754058838,0.45074261339622484,210,2056320,80,1272960,0.4918589452281594,3231360,2448000
b729ad24b6b0,d6881822b57c,Oracle / factor zero-pad / bridge 5,43,/home/gogoi/ahlora-runs/p3-heterogeneous-factor,full_data_benchmark,6,0.137487862675269,0.1375,0.021,0.08100000000000002,0.088,48.668863932291664,2.2824429153715133,,,,32.977302169799806,0.49953680255240135,30,293760,30,293760,0.5282127726823092,3525120,2741760
b729ad24b6b0,d6881822b57c,Oracle / factor zero-pad / bridge 5,43,/home/gogoi/ahlora-runs/p3-heterogeneous-factor,full_data_benchmark,7,0.1598882240561401,0.1599,0.0261,0.10600000000000001,0.093,72.72303873697916,2.134358376644207,,,,47.65332590738932,0.6111324162600248,30,293760,30,293760,0.5550933126360178,3818880,3035520
b729ad24b6b0,d6881822b57c,Oracle / factor zero-pad / bridge 5,43,/home/gogoi/ahlora-runs/p3-heterogeneous-factor,full_data_benchmark,8,0.18208733471102284,0.1821,0.0342,0.1155,0.105,97.16378580729166,2.007231042263748,,,,61.16111199855804,0.6836149289761096,30,293760,30,293760,0.582620033994317,4112640,3329280
b729ad24b6b0,d6881822b57c,Oracle / factor zero-pad / bridge 5,43,/home/gogoi/ahlora-runs/p3-heterogeneous-factor,full_data_benchmark,9,0.20208334271302789,0.2021,0.0425,0.12249999999999998,0.117,122.92267252604167,1.9189727150143432,,,,74.27631015777588,0.7135855625966584,30,293760,30,293760,0.5564442593604326,4406400,3623040
b729ad24b6b0,d6881822b57c,Oracle / factor zero-pad / bridge 5,43,/home/gogoi/ahlora-runs/p3-heterogeneous-factor,full_data_benchmark,10,0.19027828428128282,0.1903,0.0366,0.11800000000000001,0.1145,85.26984049479167,1.8406977744780195,,,,59.97169644037883,0.6147838153146031,210,2056320,80,1272960,0.5809513553977013,6462720,4896000
b729ad24b6b0,d6881822b57c,Oracle / factor zero-pad / bridge 5,43,/home/gogoi/ahlora-runs/p3-heterogeneous-factor,full_data_benchmark,11,0.20508199353776563,0.2051,0.0475,0.1245,0.121,130.86507975260417,1.930235203011989,,,,84.54840504328409,0.5995819159790549,30,293760,30,293760,0.6089904699474573,6756480,5189760
b729ad24b6b0,d6881822b57c,Oracle / factor zero-pad / bridge 5,43,/home/gogoi/ahlora-runs/p3-heterogeneous-factor,full_data_benchmark,12,0.22647850249049647,0.2265,0.0558,0.1285,0.134,174.40065104166666,1.8358101456858273,,,,108.79569180806477,0.6707233318606448,30,293760,30,293760,0.6023500477895141,7050240,5483520
b729ad24b6b0,d6881822b57c,Oracle / factor zero-pad / bridge 5,43,/home/gogoi/ahlora-runs/p3-heterogeneous-factor,full_data_benchmark,13,0.2498794146470309,0.2499,0.0667,0.12899999999999998,0.1535,216.50826822916667,1.766493427349111,,,,130.4053593635559,0.6931869644948416,30,293760,30,293760,0.547074418514967,7344000,5777280
b729ad24b6b0,d6881822b57c,Oracle / factor zero-pad / bridge 5,43,/home/gogoi/ahlora-runs/p3-heterogeneous-factor,full_data_benchmark,14,0.2647770709239975,0.2648,0.0786,0.13549999999999998,0.1665,260.23154296875,1.7128391570292665,,,,151.9755334854126,0.7083502820916926,30,293760,30,293760,0.4822876872494817,7637760,6071040
b729ad24b6b0,d6881822b57c,Oracle / factor zero-pad / bridge 5,43,/home/gogoi/ahlora-runs/p3-heterogeneous-factor,full_data_benchmark,15,0.23947230588909754,0.2395,0.0554,0.13149999999999998,0.151,175.91357421875,1.6739697831346847,,,,121.10140495300293,0.6485599383655901,210,2056320,80,1272960,0.5423584952950478,9694080,7344000
b729ad24b6b0,d6881822b57c,Oracle / factor zero-pad / bridge 5,43,/home/gogoi/ahlora-runs/p3-heterogeneous-factor,full_data_benchmark,16,0.253674964319642,0.2537,0.0706,0.13399999999999998,0.16,252.30572916666668,1.774127631276695,,,,160.76961460113526,0.627338578504474,30,293760,30,293760,0.5276849865913391,9987840,7637760
b729ad24b6b0,d6881822b57c,Oracle / factor zero-pad / bridge 5,43,/home/gogoi/ahlora-runs/p3-heterogeneous-factor,full_data_benchmark,17,0.2731749740745243,0.2732,0.0862,0.128,0.1805,318.31015625,1.7056426533676237,,,,196.55432154337566,0.6736721776685461,30,293760,30,293760,0.5263260630890727,10281600,7931520
b729ad24b6b0,d6881822b57c,Oracle / factor zero-pad / bridge 5,43,/home/gogoi/ahlora-runs/p3-heterogeneous-factor,full_data_benchmark,18,0.2865750308029168,0.2866,0.101,0.129,0.1905,383.48359375,1.6573973183965927,,,,229.9774896621704,0.6907728505427698,30,293760,30,293760,0.5295483097434044,10575360,8225280
b729ad24b6b0,d6881822b57c,Oracle / factor zero-pad / bridge 5,43,/home/gogoi/ahlora-runs/p3-heterogeneous-factor,full_data_benchmark,19,0.3024741383062223,0.3025,0.1085,0.13999999999999999,0.205,449.171875,1.6214739394520905,,,,262.69186414082844,0.6925295129526009,30,293760,30,293760,0.5725429290905595,10869120,8519040
b729ad24b6b0,d6881822b57c,Oracle / factor zero-pad / bridge 5,43,/home/gogoi/ahlora-runs/p3-heterogeneous-factor,full_data_benchmark,20,0.2741680210945578,0.2742,0.0724,0.14150000000000001,0.179,312.2690104166667,1.5960666958391554,,,,216.63203519185384,0.6609159003864103,210,2056320,80,1272960,0.5353122213855386,12925440,9792000
b729ad24b6b0,d6881822b57c,Oracle / factor zero-pad / bridge 5,43,/home/gogoi/ahlora-runs/p3-heterogeneous-factor,full_data_benchmark,21,0.2865723294508902,0.2866,0.0871,0.139,0.185,425.47942708333335,1.6845300531818346,,,,275.7563241322835,0.6287080748671715,30,293760,30,293760,0.5845888052135706,13219200,10085760
b729ad24b6b0,d6881822b57c,Oracle / factor zero-pad / bridge 5,43,/home/gogoi/ahlora-runs/p3-heterogeneous-factor,full_data_benchmark,22,0.30267298783040913,0.3027,0.104,0.12850000000000003,0.2145,527.4945638020833,1.6337351329973635,,,,331.8907178243001,0.6648281890456658,30,293760,30,293760,0.5358254564926028,13512960,10379520
b729ad24b6b0,d6881822b57c,Oracle / factor zero-pad / bridge 5,43,/home/gogoi/ahlora-runs/p3-heterogeneous-factor,full_data_benchmark,23,0.3130730430580506,0.3131,0.1136,0.13099999999999998,0.2245,628.428515625,1.59865272629697,,,,384.75095138549807,0.6728849060301906,30,293760,30,293760,0.49670756235718727,13806720,10673280
b729ad24b6b0,d6881822b57c,Oracle / factor zero-pad / bridge 5,43,/home/gogoi/ahlora-runs/p3-heterogeneous-factor,full_data_benchmark,24,0.3238739489114302,0.3239,0.1244,0.145,0.233,724.18984375,1.5796929379260496,,,,434.19183959960935,0.6814743209937738,30,293760,30,293760,0.5418136771768332,14100480,10967040
b729ad24b6b0,d6881822b57c,Oracle / factor zero-pad / bridge 5,43,/home/gogoi/ahlora-runs/p3-heterogeneous-factor,full_data_benchmark,25,0.29106857982420203,0.2911,0.0774,0.14700000000000002,0.193,511.0757161458333,1.5637356631651287,,,,362.6692731221517,0.6516739894916423,210,2056320,80,1272960,0.509957860223949,16156800,12240000
b729ad24b6b0,d6881822b57c,Oracle / factor zero-pad / bridge 5,43,/home/gogoi/ahlora-runs/p3-heterogeneous-factor,full_data_benchmark,26,0.30177253715484603,0.3018,0.095,0.13800000000000004,0.205,663.0060546875,1.64070955351924,,,,444.2101203918457,0.6368294556185555,30,293760,30,293760,0.6454150704666972,16450560,12533760
b729ad24b6b0,d6881822b57c,Oracle / factor zero-pad / bridge 5,43,/home/gogoi/ahlora-runs/p3-heterogeneous-factor,full_data_benchmark,27,0.31617194405800103,0.3162,0.1104,0.144,0.222,797.60390625,1.5993599572881108,,,,518.5155570983886,0.6583789271447333,30,293760,30,293760,0.49275626987218857,16744320,12827520
b729ad24b6b0,d6881822b57c,Oracle / factor zero-pad / bridge 5,43,/home/gogoi/ahlora-runs/p3-heterogeneous-factor,full_data_benchmark,28,0.3269745007376192,0.327,0.1223,0.148,0.2275,924.3796875,1.5695189225528379,,,,586.7112299601237,0.6634567209876726,30,293760,30,293760,0.555022194981575,17038080,13121280
b729ad24b6b0,d6881822b57c,Oracle / factor zero-pad / bridge 5,43,/home/gogoi/ahlora-runs/p3-heterogeneous-factor,full_data_benchmark,29,0.3357758057907983,0.3358,0.1312,0.15050000000000002,0.2385,1044.8584635416667,1.5524220783126295,,,,649.345563252767,0.6693151246169206,30,293760,30,293760,0.4861020063981414,17331840,13415040
b729ad24b6b0,d6881822b57c,Oracle / factor zero-pad / bridge 5,43,/home/gogoi/ahlora-runs/p3-heterogeneous-factor,full_data_benchmark,30,0.3068659364011688,0.3069,0.0796,0.1475,0.2095,750.7000651041667,1.540480958590902,,,,549.7197725931803,0.6524220596086371,210,2056320,80,1272960,0.5660987971350551,19388160,14688000
b729ad24b6b0,d6881822b57c,Oracle / factor zero-pad / bridge 5,43,/home/gogoi/ahlora-runs/p3-heterogeneous-factor,full_data_benchmark,31,0.3126718922820872,0.3127,0.0996,0.13599999999999998,0.2155,947.2897135416666,1.6139223705941121,,,,657.9624445597331,0.6362667652935792,30,293760,30,293760,0.5425154576078057,19681920,14981760
b729ad24b6b0,d6881822b57c,Oracle / factor zero-pad / bridge 5,43,/home/gogoi/ahlora-runs/p3-heterogeneous-factor,full_data_benchmark,32,0.3250727489108299,0.3251,0.1107,0.1495,0.226,1124.5479166666667,1.5771587793472657,,,,759.0527303059896,0.6540764111258344,30,293760,30,293760,0.5726971896365285,19975680,15275520
b729ad24b6b0,d6881822b57c,Oracle / factor zero-pad / bridge 5,43,/home/gogoi/ahlora-runs/p3-heterogeneous-factor,full_data_benchmark,33,0.3374740557649103,0.3375,0.1209,0.15350000000000003,0.2395,1283.6036458333333,1.5531951844783367,,,,846.4463572184245,0.6595551513619012,30,293760,30,293760,0.5776838520541787,20269440,15569280
b729ad24b6b0,d6881822b57c,Oracle / factor zero-pad / bridge 5,43,/home/gogoi/ahlora-runs/p3-heterogeneous-factor,full_data_benchmark,34,0.3415765090427759,0.3416,0.1295,0.14400000000000002,0.2455,1441.0643229166667,1.5373818426627373,,,,930.3370681762696,0.6601428256121997,30,293760,30,293760,0.613110302016139,20563200,15863040
b729ad24b6b0,d6881822b57c,Oracle / factor zero-pad / bridge 5,43,/home/gogoi/ahlora-runs/p3-heterogeneous-factor,full_data_benchmark,35,0.3151670411040725,0.3152,0.0789,0.15,0.2215,1052.5670572916667,1.524516649561082,,,,795.5330683390299,0.6448743266614102,210,2056320,80,1272960,0.5917523317039013,22619520,17136000
b729ad24b6b0,d6881822b57c,Oracle / factor zero-pad / bridge 5,43,/home/gogoi/ahlora-runs/p3-heterogeneous-factor,full_data_benchmark,36,0.3187752970361666,0.3188,0.0975,0.1495,0.2145,1292.491015625,1.601602529914722,,,,930.7137369791667,0.636604860249146,30,293760,30,293760,0.5118410931900144,22913280,17429760
b729ad24b6b0,d6881822b57c,Oracle / factor zero-pad / bridge 5,43,/home/gogoi/ahlora-runs/p3-heterogeneous-factor,full_data_benchmark,37,0.3318726522624573,0.3319,0.1085,0.1495,0.225,1508.3263020833333,1.5639340478963757,,,,1054.2574549357096,0.6502128389736476,30,293760,30,293760,0.5446432074531913,23207040,17723520
b729ad24b6b0,d6881822b57c,Oracle / factor zero-pad / bridge 5,43,/home/gogoi/ahlora-runs/p3-heterogeneous-factor,full_data_benchmark,38,0.34087415751583666,0.3409,0.1199,0.15200000000000002,0.2425,1704.6921875,1.5471713516188221,,,,1162.4301732381184,0.6554862543416035,30,293760,30,293760,0.5572220841422677,23500800,18017280
b729ad24b6b0,d6881822b57c,Oracle / factor zero-pad / bridge 5,43,/home/gogoi/ahlora-runs/p3-heterogeneous-factor,full_data_benchmark,39,0.35387441414427917,0.3539,0.1243,0.15299999999999997,0.2545,1895.7596354166667,1.5255204999396408,,,,1265.5860616048178,0.6533543155312012,30,293760,30,293760,0.5812014704570174,23794560,18311040
b729ad24b6b0,d6881822b57c,Oracle / factor zero-pad / bridge 5,43,/home/gogoi/ahlora-runs/p3-heterogeneous-factor,full_data_benchmark,40,0.31786584185384786,0.3179,0.0794,0.153,0.2225,1432.9411458333334,1.513209176779035,,,,1112.2930974324545,0.6412194904567691,210,2056320,80,1272960,0.5270151058211923,25850880,19584000
b729ad24b6b0,d6881822b57c,Oracle / factor zero-pad / bridge 5,43,/home/gogoi/ahlora-runs/p3-heterogeneous-factor,full_data_benchmark,41,0.321573447510479,0.3216,0.0941,0.13999999999999999,0.2215,1719.0239583333334,1.5912484358490826,,,,1277.3072957356771,0.636153495145008,30,293760,30,293760,0.5490717682987452,26144640,19877760
b729ad24b6b0,d6881822b57c,Oracle / factor zero-pad / bridge 5,43,/home/gogoi/ahlora-runs/p3-heterogeneous-factor,full_data_benchmark,42,0.3385745565655611,0.3386,0.1064,0.153,0.233,1971.2950520833333,1.5594008151137393,,,,1422.8489206949869,0.6449552321258046,30,293760,30,293760,0.5116114998236299,26438400,20171520
b729ad24b6b0,d6881822b57c,Oracle / factor zero-pad / bridge 5,43,/home/gogoi/ahlora-runs/p3-heterogeneous-factor,full_data_benchmark,43,0.3447749098423761,0.3448,0.1146,0.14950000000000002,0.2445,2213.18515625,1.5320701520130529,,,,1555.4693339029948,0.6480298390296118,30,293760,30,293760,0.5303941201418638,26732160,20465280
b729ad24b6b0,d6881822b57c,Oracle / factor zero-pad / bridge 5,43,/home/gogoi/ahlora-runs/p3-heterogeneous-factor,full_data_benchmark,44,0.35277571424497955,0.3528,0.1212,0.14800000000000002,0.251,2427.5174479166667,1.5141074232773168,,,,1671.330717976888,0.6479807868626019,30,293760,30,293760,0.5156441805884242,27025920,20759040
b729ad24b6b0,d6881822b57c,Oracle / factor zero-pad / bridge 5,43,/home/gogoi/ahlora-runs/p3-heterogeneous-factor,full_data_benchmark,45,0.3221671446559003,0.3222,0.0787,0.1415,0.228,1865.0255208333333,1.501111567951177,,,,1481.186083984375,0.6363713465093958,210,2056320,80,1272960,0.5221668789163232,29082240,22032000
b729ad24b6b0,d6881822b57c,Oracle / factor zero-pad / bridge 5,43,/home/gogoi/ahlora-runs/p3-heterogeneous-factor,full_data_benchmark,46,0.3252749000874938,0.3253,0.0919,0.1465,0.2235,2193.9875,1.5837007368615823,,,,1673.1515177408853,0.6284979462703826,30,293760,30,293760,0.5161085547879338,29376000,22325760
b729ad24b6b0,d6881822b57c,Oracle / factor zero-pad / bridge 5,43,/home/gogoi/ahlora-runs/p3-heterogeneous-factor,full_data_benchmark,47,0.33797260528894707,0.338,0.1043,0.155,0.23,2482.32578125,1.552162711545056,,,,1842.8498758951823,0.6401008598975731,30,293760,30,293760,0.515719274058938,29669760,22619520
b729ad24b6b0,d6881822b57c,Oracle / factor zero-pad / bridge 5,43,/home/gogoi/ahlora-runs/p3-heterogeneous-factor,full_data_benchmark,48,0.34687746216981596,0.3469,0.1122,0.14650000000000002,0.2445,2757.836979166667,1.5244932624096519,,,,1995.4224731445313,0.642107296994931,30,293760,30,293760,0.5119186909869313,29963520,22913280
b729ad24b6b0,d6881822b57c,Oracle / factor zero-pad / bridge 5,43,/home/gogoi/ahlora-runs/p3-heterogeneous-factor,full_data_benchmark,49,0.3585752168960564,0.3586,0.1172,0.14800000000000002,0.258,3018.10390625,1.5227235454462897,,,,2135.039596557617,0.642380156233779,30,293760,30,293760,0.5267176628112793,30257280,23207040
b729ad24b6b0,d6881822b57c,Oracle / factor zero-pad / bridge 5,43,/home/gogoi/ahlora-runs/p3-heterogeneous-factor,full_data_benchmark,50,0.3222670946808879,0.3223,0.0775,0.147,0.225,2360.961458333333,1.502144476572294,,,,1914.4119842529296,0.6328663920091199,210,2056320,80,1272960,0.5339842764660716,32313600,24480000
b729ad24b6b0,0bcde22a1ce1,FedAvg / factor zero-pad,44,/home/gogoi/ahlora-runs/p3-heterogeneous-factor,full_data_benchmark,1,0.008000504252378315,0.008,0.007,0.017,0.0025,0.7183698018391927,3.4392007380440455,,,,1.4729000131289165,0.26648135777878773,210,2056320,30,440640,0.5630996031686664,2056320,440640
b729ad24b6b0,0bcde22a1ce1,FedAvg / factor zero-pad,44,/home/gogoi/ahlora-runs/p3-heterogeneous-factor,full_data_benchmark,2,0.007500604052328191,0.0075,0.0068,0.020999999999999998,0.0005,5.0381103515625,3.035209490534053,,,,6.211628198623657,0.2552189713522636,210,2056320,30,440640,0.5046354345977306,4112640,881280
b729ad24b6b0,0bcde22a1ce1,FedAvg / factor zero-pad,44,/home/gogoi/ahlora-runs/p3-heterogeneous-factor,full_data_benchmark,3,0.007799853826840332,0.0078,0.0072,0.0265,0.0005,15.724422200520833,2.9576744558516883,,,,16.786087036132812,0.3042792006929235,210,2056320,30,440640,0.49792041070759296,6168960,1321920
b729ad24b6b0,0bcde22a1ce1,FedAvg / factor zero-pad,44,/home/gogoi/ahlora-runs/p3-heterogeneous-factor,full_data_benchmark,4,0.008499954227090658,0.0085,0.0075,0.028999999999999998,0.0005,32.62675374348958,2.9443613019139536,,,,33.277803897857666,0.3577170046020779,210,2056320,30,440640,0.48114299308508635,8225280,1762560
b729ad24b6b0,0bcde22a1ce1,FedAvg / factor zero-pad,44,/home/gogoi/ahlora-runs/p3-heterogeneous-factor,full_data_benchmark,5,0.008400154277215747,0.0084,0.0076,0.028999999999999998,0.001,52.27320149739583,2.9559741458542694,,,,52.476628144582115,0.40994682804044946,210,2056320,30,440640,0.48001263104379177,10281600,2203200
b729ad24b6b0,0bcde22a1ce1,FedAvg / factor zero-pad,44,/home/gogoi/ahlora-runs/p3-heterogeneous-factor,full_data_benchmark,6,0.008999404201803004,0.009,0.0087,0.033,0.0005,74.57109375,2.970258094993861,,,,74.68030611673991,0.44028860213908466,210,2056320,30,440640,0.492104584351182,12337920,2643840
b729ad24b6b0,0bcde22a1ce1,FedAvg / factor zero-pad,44,/home/gogoi/ahlora-runs/p3-heterogeneous-factor,full_data_benchmark,7,0.008499504001752877,0.0085,0.0089,0.0325,0.0005,93.6967529296875,2.988771994919536,,,,93.78741200764973,0.4612550824257122,210,2056320,30,440640,0.5209474097937346,14394240,3084480
b729ad24b6b0,0bcde22a1ce1,FedAvg / factor zero-pad,44,/home/gogoi/ahlora-runs/p3-heterogeneous-factor,full_data_benchmark,8,0.008699253976615298,0.0087,0.009,0.034,0.0005,111.50406901041667,3.0063736573501,,,,111.65603351593018,0.47887460237973684,210,2056320,30,440640,0.5188783938065171,16450560,3525120
b729ad24b6b0,0bcde22a1ce1,FedAvg / factor zero-pad,44,/home/gogoi/ahlora-runs/p3-heterogeneous-factor,full_data_benchmark,9,0.00949900425162794,0.0095,0.0096,0.0365,0.0005,125.9699951171875,3.0219922227512175,,,,126.18019739786784,0.4874326391790269,210,2056320,30,440640,0.5193253206089139,18506880,3965760
b729ad24b6b0,0bcde22a1ce1,FedAvg / factor zero-pad,44,/home/gogoi/ahlora-runs/p3-heterogeneous-factor,full_data_benchmark,10,0.009698754226490358,0.0097,0.0106,0.036,0.0005,137.06861979166666,3.036644589596105,,,,137.3360563913981,0.4897743447241822,210,2056320,30,440640,0.5179593386128545,20563200,4406400
b729ad24b6b0,0bcde22a1ce1,FedAvg / factor zero-pad,44,/home/gogoi/ahlora-runs/p3-heterogeneous-factor,full_data_benchmark,11,0.010298604451527991,0.0103,0.0112,0.037,0.0005,145.88963216145834,3.04265669105347,,,,146.23501332600912,0.4874021490672474,210,2056320,30,440640,0.5241919802501798,22619520,4847040
b729ad24b6b0,0bcde22a1ce1,FedAvg / factor zero-pad,44,/home/gogoi/ahlora-runs/p3-heterogeneous-factor,full_data_benchmark,12,0.011298104701403052,0.0113,0.0123,0.0385,0.0005,152.91064453125,3.036546363044668,,,,153.3933130900065,0.48685526332527523,210,2056320,30,440640,0.5182026140391827,24675840,5287680
b729ad24b6b0,0bcde22a1ce1,FedAvg / factor zero-pad,44,/home/gogoi/ahlora-runs/p3-heterogeneous-factor,full_data_benchmark,13,0.013397505451478466,0.0134,0.0146,0.04,0.0005,160.04357096354167,3.0270709695534874,,,,160.70616149902344,0.4868177435443269,210,2056320,30,440640,0.5168309779837728,26732160,5728320
b729ad24b6b0,0bcde22a1ce1,FedAvg / factor zero-pad,44,/home/gogoi/ahlora-runs/p3-heterogeneous-factor,full_data_benchmark,14,0.015996806401604002,0.016,0.0171,0.043,0.001,169.94384765625,3.0043717689812586,,,,170.8795623779297,0.48500296144337596,210,2056320,30,440640,0.5183233097195625,28788480,6168960
b729ad24b6b0,0bcde22a1ce1,FedAvg / factor zero-pad,44,/home/gogoi/ahlora-runs/p3-heterogeneous-factor,full_data_benchmark,15,0.01859580720150435,0.0186,0.0204,0.049,0.001,185.78876953125,2.9762179717374346,,,,187.3905169169108,0.4860626125593414,210,2056320,30,440640,0.5197760565206409,30844800,6609600
b729ad24b6b0,0bcde22a1ce1,FedAvg / factor zero-pad,44,/home/gogoi/ahlora-runs/p3-heterogeneous-factor,full_data_benchmark,16,0.020395958177067623,0.0204,0.0245,0.052,0.001,207.09685872395832,2.9381020443381964,,,,209.3136838277181,0.49425345574820584,210,2056320,30,440640,0.5176666947081685,32901120,7050240
b729ad24b6b0,0bcde22a1ce1,FedAvg / factor zero-pad,44,/home/gogoi/ahlora-runs/p3-heterogeneous-factor,full_data_benchmark,17,0.02379485932709321,0.0238,0.0288,0.06,0.0005,233.20924479166666,2.9013187426715783,,,,236.65131632486978,0.5041501343712896,210,2056320,30,440640,0.5174561766907573,34957440,7490880
b729ad24b6b0,0bcde22a1ce1,FedAvg / factor zero-pad,44,/home/gogoi/ahlora-runs/p3-heterogeneous-factor,full_data_benchmark,18,0.026094310202256225,0.0261,0.0332,0.064,0.001,269.5543619791667,2.8592832592266686,,,,273.6236928304036,0.5203247708395476,210,2056320,30,440640,0.5209285700693727,37013760,7931520
b729ad24b6b0,0bcde22a1ce1,FedAvg / factor zero-pad,44,/home/gogoi/ahlora-runs/p3-heterogeneous-factor,full_data_benchmark,19,0.029293761527644582,0.0293,0.0377,0.0715,0.001,314.50576171875,2.8226918281380615,,,,319.6565195719401,0.5333909253022538,210,2056320,30,440640,0.5165895633399487,39070080,8372160
b729ad24b6b0,0bcde22a1ce1,FedAvg / factor zero-pad,44,/home/gogoi/ahlora-runs/p3-heterogeneous-factor,full_data_benchmark,20,0.03259331295313304,0.0326,0.0398,0.0785,0.002,365.41796875,2.7903857634946987,,,,371.8391621907552,0.5463642116082315,210,2056320,30,440640,0.5213738642632961,41126400,8812800
b729ad24b6b0,0bcde22a1ce1,FedAvg / factor zero-pad,44,/home/gogoi/ahlora-runs/p3-heterogeneous-factor,full_data_benchmark,21,0.03469241355298326,0.0347,0.0413,0.073,0.004,424.62867838541666,2.748464547028753,,,,431.7883809407552,0.5556632282107855,210,2056320,30,440640,0.5144748352468014,43182720,9253440
b729ad24b6b0,0bcde22a1ce1,FedAvg / factor zero-pad,44,/home/gogoi/ahlora-runs/p3-heterogeneous-factor,full_data_benchmark,22,0.03529271400335868,0.0353,0.0427,0.0735,0.004,493.9723307291667,2.716993698629276,,,,501.97377522786456,0.5639600554784768,210,2056320,30,440640,0.5580438999459147,45239040,9694080
b729ad24b6b0,0bcde22a1ce1,FedAvg / factor zero-pad,44,/home/gogoi/ahlora-runs/p3-heterogeneous-factor,full_data_benchmark,23,0.03589226407817112,0.0359,0.0425,0.072,0.0045,572.291796875,2.6925485746975033,,,,580.438222249349,0.5700950542104561,210,2056320,30,440640,0.48622934333980083,47295360,10134720
b729ad24b6b0,0bcde22a1ce1,FedAvg / factor zero-pad,44,/home/gogoi/ahlora-runs/p3-heterogeneous-factor,full_data_benchmark,24,0.03639216427822124,0.0364,0.0432,0.06999999999999999,0.0045,652.8212239583333,2.6618119464722114,,,,660.6940994262695,0.5785362956722917,210,2056320,30,440640,0.4988801693543792,49351680,10575360
b729ad24b6b0,0bcde22a1ce1,FedAvg / factor zero-pad,44,/home/gogoi/ahlora-runs/p3-heterogeneous-factor,full_data_benchmark,25,0.03769226497862179,0.0377,0.0433,0.0705,0.004,740.09765625,2.640979396458535,,,,748.2509613037109,0.5836051931836597,210,2056320,30,440640,0.4829596886411309,51408000,11016000
b729ad24b6b0,0bcde22a1ce1,FedAvg / factor zero-pad,44,/home/gogoi/ahlora-runs/p3-heterogeneous-factor,full_data_benchmark,26,0.03849186517852186,0.0385,0.0429,0.06849999999999999,0.0045,837.8981119791666,2.6132741378428643,,,,845.2013397216797,0.5881651345869731,210,2056320,30,440640,0.4823892153799534,53464320,11456640
b729ad24b6b0,0bcde22a1ce1,FedAvg / factor zero-pad,44,/home/gogoi/ahlora-runs/p3-heterogeneous-factor,full_data_benchmark,27,0.03749221485353419,0.0375,0.042,0.06549999999999999,0.005,944.2114583333333,2.5895705210919235,,,,950.7335611979166,0.5939378613605719,210,2056320,30,440640,0.48613762203603983,55520640,11897280
b729ad24b6b0,0bcde22a1ce1,FedAvg / factor zero-pad,44,/home/gogoi/ahlora-runs/p3-heterogeneous-factor,full_data_benchmark,28,0.03689266477872175,0.0369,0.0423,0.06799999999999999,0.0045,1062.3565104166667,2.5752741495123206,,,,1068.6770833333333,0.5968879872778113,210,2056320,30,440640,0.49492303282022476,57576960,12337920
b729ad24b6b0,0bcde22a1ce1,FedAvg / factor zero-pad,44,/home/gogoi/ahlora-runs/p3-heterogeneous-factor,full_data_benchmark,29,0.0373919646783215,0.0374,0.0428,0.075,0.003,1194.4106770833334,2.553173145241469,,,,1200.0218404134114,0.5998053228743533,210,2056320,30,440640,0.49580731615424156,59633280,12778560
b729ad24b6b0,0bcde22a1ce1,FedAvg / factor zero-pad,44,/home/gogoi/ahlora-runs/p3-heterogeneous-factor,full_data_benchmark,30,0.03759231495363429,0.0376,0.0428,0.075,0.003,1331.2424479166666,2.541670070961307,,,,1336.9035135904949,0.5991199990882567,210,2056320,30,440640,0.4926244402304292,61689600,13219200
b729ad24b6b0,0bcde22a1ce1,FedAvg / factor zero-pad,44,/home/gogoi/ahlora-runs/p3-heterogeneous-factor,full_data_benchmark,31,0.03759261510385948,0.0376,0.0431,0.072,0.0035,1476.783203125,2.52498614059356,,,,1483.128173828125,0.6008005870642139,210,2056320,30,440640,0.48533801175653934,63745920,13659840
b729ad24b6b0,0bcde22a1ce1,FedAvg / factor zero-pad,44,/home/gogoi/ahlora-runs/p3-heterogeneous-factor,full_data_benchmark,32,0.03999111555333444,0.04,0.0454,0.0715,0.0035,1641.003125,2.501790422112152,,,,1647.5312601725261,0.6020738938026121,210,2056320,30,440640,0.4868182074278593,65802240,14100480
b729ad24b6b0,0bcde22a1ce1,FedAvg / factor zero-pad,44,/home/gogoi/ahlora-runs/p3-heterogeneous-factor,full_data_benchmark,33,0.041590916253584916,0.0416,0.0468,0.06799999999999999,0.004,1824.1904947916667,2.47897053493862,,,,1830.41943359375,0.6047621137173125,210,2056320,30,440640,0.5274527752771974,67858560,14541120
b729ad24b6b0,0bcde22a1ce1,FedAvg / factor zero-pad,44,/home/gogoi/ahlora-runs/p3-heterogeneous-factor,full_data_benchmark,34,0.042390666528597576,0.0424,0.0466,0.0635,0.005,2020.51796875,2.463880827149796,,,,2026.116963704427,0.6066717782030365,210,2056320,30,440640,0.49006830155849457,69914880,14981760
b729ad24b6b0,0bcde22a1ce1,FedAvg / factor zero-pad,44,/home/gogoi/ahlora-runs/p3-heterogeneous-factor,full_data_benchmark,35,0.04129226677952315,0.0413,0.0477,0.061500000000000006,0.0045,2238.2786458333335,2.4460415319488837,,,,2244.1932678222656,0.607032311297252,210,2056320,30,440640,0.48418899439275265,71971200,15422400
b729ad24b6b0,0bcde22a1ce1,FedAvg / factor zero-pad,44,/home/gogoi/ahlora-runs/p3-heterogeneous-factor,full_data_benchmark,36,0.04209216712964839,0.0421,0.0475,0.064,0.004,2465.422916666667,2.4432105354360254,,,,2471.1624755859375,0.6088928451546072,210,2056320,30,440640,0.48363266605883837,74027520,15863040
b729ad24b6b0,0bcde22a1ce1,FedAvg / factor zero-pad,44,/home/gogoi/ahlora-runs/p3-heterogeneous-factor,full_data_benchmark,37,0.04189241715478597,0.0419,0.0474,0.06699999999999999,0.0035,2709.4348958333335,2.442386052108487,,,,2715.0413818359375,0.6090651377323548,210,2056320,30,440640,0.48264230042696,76083840,16303680
b729ad24b6b0,0bcde22a1ce1,FedAvg / factor zero-pad,44,/home/gogoi/ahlora-runs/p3-heterogeneous-factor,full_data_benchmark,38,0.04119261690476083,0.0412,0.0466,0.063,0.004,2961.1927083333335,2.4430757620235517,,,,2968.079315185547,0.6087972083445296,210,2056320,30,440640,0.4831938138231635,78140160,16744320
b729ad24b6b0,0bcde22a1ce1,FedAvg / factor zero-pad,44,/home/gogoi/ahlora-runs/p3-heterogeneous-factor,full_data_benchmark,39,0.04139251695473584,0.0414,0.0447,0.06799999999999999,0.0025,3229.0661458333334,2.433082304036898,,,,3236.068806966146,0.6086689668997024,210,2056320,30,440640,0.48224382009357214,80196480,17184960
b729ad24b6b0,0bcde22a1ce1,FedAvg / factor zero-pad,44,/home/gogoi/ahlora-runs/p3-heterogeneous-factor,full_data_benchmark,40,0.04039301670486078,0.0404,0.0442,0.062,0.0025,3497.534375,2.437292775349715,,,,3504.81689453125,0.6099697167878926,210,2056320,30,440640,0.4815092468634248,82252800,17625600
b729ad24b6b0,0bcde22a1ce1,FedAvg / factor zero-pad,44,/home/gogoi/ahlora-runs/p3-heterogeneous-factor,full_data_benchmark,41,0.038394466430448436,0.0384,0.0428,0.0555,0.003,3775.3234375,2.4365458240195,,,,3782.4641927083335,0.608562665185133,210,2056320,30,440640,0.4837859682738781,84309120,18066240
b729ad24b6b0,0bcde22a1ce1,FedAvg / factor zero-pad,44,/home/gogoi/ahlora-runs/p3-heterogeneous-factor,full_data_benchmark,42,0.038295566931249095,0.0383,0.0402,0.053000000000000005,0.0045,4069.7552083333335,2.4330744280993035,,,,4077.1430460611978,0.6076217376005949,210,2056320,30,440640,0.48285516537725925,86365440,18506880
b729ad24b6b0,0bcde22a1ce1,FedAvg / factor zero-pad,44,/home/gogoi/ahlora-runs/p3-heterogeneous-factor,full_data_benchmark,43,0.03809581695638667,0.0381,0.0412,0.056,0.0055,4379.6609375,2.42457936606657,,,,4386.8476969401045,0.6070835105405582,210,2056320,30,440640,0.48262324649840593,88421760,18947520
b729ad24b6b0,0bcde22a1ce1,FedAvg / factor zero-pad,44,/home/gogoi/ahlora-runs/p3-heterogeneous-factor,full_data_benchmark,44,0.04009511760636198,0.0401,0.0425,0.0525,0.009,4691.9,2.411683179255896,,,,4698.748779296875,0.6064073049897366,210,2056320,30,440640,0.48559996858239174,90478080,19388160
b729ad24b6b0,0bcde22a1ce1,FedAvg / factor zero-pad,44,/home/gogoi/ahlora-runs/p3-heterogeneous-factor,full_data_benchmark,45,0.04179486833159996,0.0418,0.0445,0.0565,0.0105,5021.969791666666,2.398951050986177,,,,5028.526428222656,0.6065388620105849,210,2056320,30,440640,0.4835613649338484,92534400,19828800
b729ad24b6b0,0bcde22a1ce1,FedAvg / factor zero-pad,44,/home/gogoi/ahlora-runs/p3-heterogeneous-factor,full_data_benchmark,46,0.04229416823119971,0.0423,0.0455,0.059000000000000004,0.01,5364.276041666667,2.3874316867832097,,,,5370.003316243489,0.607526639744457,210,2056320,30,440640,0.4852859666571021,94590720,20269440
b729ad24b6b0,0bcde22a1ce1,FedAvg / factor zero-pad,44,/home/gogoi/ahlora-runs/p3-heterogeneous-factor,full_data_benchmark,47,0.04319401860631246,0.0432,0.0453,0.06199999999999999,0.0105,5700.851041666667,2.383248631393141,,,,5707.06884765625,0.608113843905572,210,2056320,30,440640,0.48362842109054327,96647040,20710080
b729ad24b6b0,0bcde22a1ce1,FedAvg / factor zero-pad,44,/home/gogoi/ahlora-runs/p3-heterogeneous-factor,full_data_benchmark,48,0.04259386823104963,0.0426,0.0463,0.059000000000000004,0.0105,6056.333333333333,2.3749208153648493,,,,6061.9321695963545,0.6085807076027818,210,2056320,30,440640,0.4826144855469465,98703360,21150720
b729ad24b6b0,0bcde22a1ce1,FedAvg / factor zero-pad,44,/home/gogoi/ahlora-runs/p3-heterogeneous-factor,full_data_benchmark,49,0.0434935685310498,0.0435,0.0476,0.05550000000000001,0.0125,6442.3625,2.370392150506024,,,,6447.980224609375,0.6088352986120518,210,2056320,30,440640,0.4828852694481611,100759680,21591360
b729ad24b6b0,0bcde22a1ce1,FedAvg / factor zero-pad,44,/home/gogoi/ahlora-runs/p3-heterogeneous-factor,full_data_benchmark,50,0.04459391925658792,0.0446,0.0493,0.05650000000000001,0.0125,6850.666666666667,2.369539585109068,,,,6856.407307942708,0.6094969441934641,210,2056320,30,440640,0.5362903438508511,102816000,22032000
b729ad24b6b0,1bf906c2712a,MH / factor zero-pad / ring,44,/home/gogoi/ahlora-runs/p3-heterogeneous-factor,full_data_benchmark,1,0.030404767586176884,0.0304,0.0073,0.052000000000000005,0.0045,1.4923756917317708,3.4392007380440455,,,,1.1424510835359494,0.17984358380869184,30,293760,30,293760,0.48497010208666325,293760,293760
b729ad24b6b0,1bf906c2712a,MH / factor zero-pad / ring,44,/home/gogoi/ahlora-runs/p3-heterogeneous-factor,full_data_benchmark,2,0.04110107108607859,0.0411,0.0077,0.0275,0.029,5.863189188639323,2.8800420417839594,,,,3.746549559260408,0.19371078219752097,30,293760,30,293760,0.4830099707469344,587520,587520
b729ad24b6b0,1bf906c2712a,MH / factor zero-pad / ring,44,/home/gogoi/ahlora-runs/p3-heterogeneous-factor,full_data_benchmark,3,0.03520642081361722,0.0352,0.0082,0.0375,0.014,14.155912272135417,2.75047851308687,,,,9.320090086509785,0.2562009620654561,30,293760,30,293760,0.4847421031445265,881280,881280
b729ad24b6b0,1bf906c2712a,MH / factor zero-pad / ring,44,/home/gogoi/ahlora-runs/p3-heterogeneous-factor,full_data_benchmark,4,0.038208373290832064,0.0382,0.0093,0.037,0.0175,26.183565266927083,2.704680529574686,,,,18.36753155613939,0.3346444750044982,30,293760,30,293760,0.49143611174076796,1175040,1175040
b729ad24b6b0,1bf906c2712a,MH / factor zero-pad / ring,44,/home/gogoi/ahlora-runs/p3-heterogeneous-factor,full_data_benchmark,5,0.044410677544110835,0.0444,0.0103,0.051000000000000004,0.0185,40.193827311197914,2.6562556418120438,,,,29.967796221375465,0.3842362224402097,30,293760,30,293760,0.4836356248706579,1468800,1468800
b729ad24b6b0,1bf906c2712a,MH / factor zero-pad / ring,44,/home/gogoi/ahlora-runs/p3-heterogeneous-factor,full_data_benchmark,6,0.048712130421275854,0.0487,0.0109,0.059,0.016,56.6880126953125,2.613935396236792,,,,43.68338700532913,0.42825696799885565,30,293760,30,293760,0.4857189431786537,1762560,1762560
b729ad24b6b0,1bf906c2712a,MH / factor zero-pad / ring,44,/home/gogoi/ahlora-runs/p3-heterogeneous-factor,full_data_benchmark,7,0.05291393342367856,0.0529,0.0105,0.0665,0.0175,75.9445068359375,2.5596609923193676,,,,59.825286731123924,0.45256187782931534,30,293760,30,293760,0.48384151700884104,2056320,2056320
b729ad24b6b0,1bf906c2712a,MH / factor zero-pad / ring,44,/home/gogoi/ahlora-runs/p3-heterogeneous-factor,full_data_benchmark,8,0.0613142377760069,0.0613,0.0112,0.07500000000000001,0.0215,96.8751220703125,2.516592740909765,,,,76.76369306792816,0.47092002910023467,30,293760,30,293760,0.477412112057209,2350080,2350080
b729ad24b6b0,1bf906c2712a,MH / factor zero-pad / ring,44,/home/gogoi/ahlora-runs/p3-heterogeneous-factor,full_data_benchmark,9,0.06551499025262145,0.0655,0.0132,0.08399999999999999,0.0245,122.73253580729167,2.4598421436505293,,,,96.74507201959689,0.4896102025269491,30,293760,30,293760,0.4819837873801589,2643840,2643840
b729ad24b6b0,1bf906c2712a,MH / factor zero-pad / ring,44,/home/gogoi/ahlora-runs/p3-heterogeneous-factor,full_data_benchmark,10,0.07431299365332349,0.0743,0.0182,0.098,0.0265,148.77425130208334,2.4216482687890157,,,,116.45261334975561,0.49389910750265054,30,293760,30,293760,0.48405617848038673,2937600,2937600
b729ad24b6b0,1bf906c2712a,MH / factor zero-pad / ring,44,/home/gogoi/ahlora-runs/p3-heterogeneous-factor,full_data_benchmark,11,0.07901619760690227,0.079,0.0258,0.10600000000000001,0.0295,180.56474609375,2.377591034172283,,,,138.22041855454444,0.4911618789814902,30,293760,30,293760,0.48507258389145136,3231360,3231360
b729ad24b6b0,1bf906c2712a,MH / factor zero-pad / ring,44,/home/gogoi/ahlora-runs/p3-heterogeneous-factor,full_data_benchmark,12,0.08111469790630212,0.0811,0.0304,0.11499999999999999,0.0285,214.73103841145834,2.332724738413387,,,,161.30630776087443,0.48726876091300453,30,293760,30,293760,0.48814379051327705,3525120,3525120
b729ad24b6b0,1bf906c2712a,MH / factor zero-pad / ring,44,/home/gogoi/ahlora-runs/p3-heterogeneous-factor,full_data_benchmark,13,0.0845155500327914,0.0845,0.0341,0.123,0.029,252.67703450520833,2.2939415632527864,,,,185.5138157904148,0.4885307238530822,30,293760,30,293760,0.48292011581361294,3818880,3818880
b729ad24b6b0,1bf906c2712a,MH / factor zero-pad / ring,44,/home/gogoi/ahlora-runs/p3-heterogeneous-factor,full_data_benchmark,14,0.09051975513744628,0.0905,0.0359,0.136,0.0345,292.9624348958333,2.2551569197268098,,,,211.0741995414098,0.4892172353091478,30,293760,30,293760,0.4817041391506791,4112640,4112640
b729ad24b6b0,1bf906c2712a,MH / factor zero-pad / ring,44,/home/gogoi/ahlora-runs/p3-heterogeneous-factor,full_data_benchmark,15,0.09472065768917344,0.0947,0.0385,0.1415,0.0345,331.92096354166665,2.2319176813336172,,,,234.71864099601905,0.47984446111564694,30,293760,30,293760,0.4805699735879898,4406400,4406400
b729ad24b6b0,1bf906c2712a,MH / factor zero-pad / ring,44,/home/gogoi/ahlora-runs/p3-heterogeneous-factor,full_data_benchmark,16,0.09942146044095068,0.0994,0.0407,0.1525,0.0355,378.12701822916665,2.1946960025925857,,,,262.74188804527125,0.48384122477113656,30,293760,30,293760,0.48204457852989435,4700160,4700160
b729ad24b6b0,1bf906c2712a,MH / factor zero-pad / ring,44,/home/gogoi/ahlora-runs/p3-heterogeneous-factor,full_data_benchmark,17,0.10262286274280277,0.1026,0.0416,0.1475,0.039,422.4184895833333,2.1599325817689414,,,,289.0876092513402,0.48074869275753024,30,293760,30,293760,0.49678368121385574,4993920,4993920
b729ad24b6b0,1bf906c2712a,MH / factor zero-pad / ring,44,/home/gogoi/ahlora-runs/p3-heterogeneous-factor,full_data_benchmark,18,0.10592286439362902,0.1059,0.0445,0.1495,0.0415,464.8368815104167,2.124366828785866,,,,314.41750959952674,0.47680905190507267,30,293760,30,293760,0.4963788855820894,5287680,5287680
b729ad24b6b0,1bf906c2712a,MH / factor zero-pad / ring,44,/home/gogoi/ahlora-runs/p3-heterogeneous-factor,full_data_benchmark,19,0.11042166604385496,0.1104,0.0455,0.15500000000000003,0.0465,507.23899739583334,2.104384867510566,,,,337.80788176059724,0.4759988950053598,30,293760,30,293760,0.4973344970494509,5581440,5581440
b729ad24b6b0,1bf906c2712a,MH / factor zero-pad / ring,44,/home/gogoi/ahlora-runs/p3-heterogeneous-factor,full_data_benchmark,20,0.11552452002227115,0.1155,0.0469,0.154,0.052,550.251171875,2.0773440175652738,,,,363.18977886041006,0.4692955445843386,30,293760,30,293760,0.4966769693419337,5875200,5875200
b729ad24b6b0,1bf906c2712a,MH / factor zero-pad / ring,44,/home/gogoi/ahlora-runs/p3-heterogeneous-factor,full_data_benchmark,21,0.12052187119653388,0.1205,0.0475,0.163,0.053,591.7287760416667,2.0443205154078017,,,,386.74381714860596,0.47206241699099266,30,293760,30,293760,0.4968722378835082,6168960,6168960
b729ad24b6b0,1bf906c2712a,MH / factor zero-pad / ring,44,/home/gogoi/ahlora-runs/p3-heterogeneous-factor,full_data_benchmark,22,0.1246225235730483,0.1246,0.0488,0.163,0.057,637.3139322916667,2.016748717475173,,,,412.8984050353368,0.46842968865613727,30,293760,30,293760,0.4965086476877332,6462720,6462720
b729ad24b6b0,1bf906c2712a,MH / factor zero-pad / ring,44,/home/gogoi/ahlora-runs/p3-heterogeneous-factor,full_data_benchmark,23,0.12382577480028756,0.1238,0.0503,0.152,0.059,682.1876302083333,2.0014011310291475,,,,441.0582088490327,0.4677930588684399,30,293760,30,293760,0.49828049913048744,6756480,6756480
b729ad24b6b0,1bf906c2712a,MH / factor zero-pad / ring,44,/home/gogoi/ahlora-runs/p3-heterogeneous-factor,full_data_benchmark,24,0.12652517585051318,0.1265,0.0509,0.1545,0.0615,726.3309895833333,1.9807021757913044,,,,470.5048762917519,0.46501989919458003,30,293760,30,293760,0.4973797928541899,7050240,7050240
b729ad24b6b0,1bf906c2712a,MH / factor zero-pad / ring,44,/home/gogoi/ahlora-runs/p3-heterogeneous-factor,full_data_benchmark,25,0.13152342747545145,0.1315,0.0524,0.16,0.0635,770.730078125,1.9654049549129842,,,,497.51882624228796,0.46396973014194953,30,293760,30,293760,0.49737369176000357,7344000,7344000
b729ad24b6b0,1bf906c2712a,MH / factor zero-pad / ring,44,/home/gogoi/ahlora-runs/p3-heterogeneous-factor,full_data_benchmark,26,0.13662343002672836,0.1366,0.0538,0.1685,0.0655,825.29765625,1.9549415873032765,,,,530.7565664688747,0.4629988236804843,30,293760,30,293760,0.4968150407075882,7637760,7637760
b729ad24b6b0,1bf906c2712a,MH / factor zero-pad / ring,44,/home/gogoi/ahlora-runs/p3-heterogeneous-factor,full_data_benchmark,27,0.1372246309277793,0.1372,0.0553,0.1665,0.066,876.3956380208333,1.9340406738700877,,,,563.6241242090861,0.46015931461615567,30,293760,30,293760,0.526872199960053,7931520,7931520
b729ad24b6b0,1bf906c2712a,MH / factor zero-pad / ring,44,/home/gogoi/ahlora-runs/p3-heterogeneous-factor,full_data_benchmark,28,0.14012573292933114,0.1401,0.0567,0.175,0.0675,938.7056640625,1.9224226602482823,,,,602.6981516639391,0.46043027491992433,30,293760,30,293760,0.537159669212997,8225280,8225280
b729ad24b6b0,1bf906c2712a,MH / factor zero-pad / ring,44,/home/gogoi/ahlora-runs/p3-heterogeneous-factor,full_data_benchmark,29,0.13992583287935614,0.1399,0.0581,0.16749999999999998,0.0675,1001.4912109375,1.9160678561287392,,,,642.2345512628556,0.4597113103058514,30,293760,30,293760,0.4863676419481635,8519040,8519040
b729ad24b6b0,1bf906c2712a,MH / factor zero-pad / ring,44,/home/gogoi/ahlora-runs/p3-heterogeneous-factor,full_data_benchmark,30,0.1439257848553201,0.1439,0.0591,0.173,0.0685,1074.8199869791667,1.9149524291801217,,,,688.5641966899236,0.46027155399798275,30,293760,30,293760,0.4918010616675019,8812800,8812800
b729ad24b6b0,1bf906c2712a,MH / factor zero-pad / ring,44,/home/gogoi/ahlora-runs/p3-heterogeneous-factor,full_data_benchmark,31,0.14562613588100845,0.1456,0.0611,0.1725,0.0705,1148.804296875,1.9106654506004268,,,,734.6806431253751,0.4582234171655616,30,293760,30,293760,0.4834984363988042,9106560,9106560
b729ad24b6b0,1bf906c2712a,MH / factor zero-pad / ring,44,/home/gogoi/ahlora-runs/p3-heterogeneous-factor,full_data_benchmark,32,0.14562508535522029,0.1456,0.0624,0.1725,0.0705,1220.7243489583334,1.9021387905933618,,,,779.2449738144875,0.45812695046821555,30,293760,30,293760,0.49575419165194035,9400320,9400320
b729ad24b6b0,1bf906c2712a,MH / factor zero-pad / ring,44,/home/gogoi/ahlora-runs/p3-heterogeneous-factor,full_data_benchmark,33,0.1473236354795575,0.1473,0.0603,0.1785,0.069,1294.0822916666666,1.8993159507167292,,,,824.3354925831159,0.45610389899310266,30,293760,30,293760,0.4911243412643671,9694080,9694080
b729ad24b6b0,1bf906c2712a,MH / factor zero-pad / ring,44,/home/gogoi/ahlora-runs/p3-heterogeneous-factor,full_data_benchmark,34,0.14792423608015812,0.1479,0.0608,0.174,0.07,1376.0423177083333,1.893692761200693,,,,875.5158165534338,0.45536312871780843,30,293760,30,293760,0.5607785694301128,9987840,9987840
b729ad24b6b0,1bf906c2712a,MH / factor zero-pad / ring,44,/home/gogoi/ahlora-runs/p3-heterogeneous-factor,full_data_benchmark,35,0.15112368740554646,0.1511,0.0612,0.178,0.0725,1453.57890625,1.88675919443925,,,,924.9564014633496,0.45493796289484245,30,293760,30,293760,0.48258041869848967,10281600,10281600
b729ad24b6b0,1bf906c2712a,MH / factor zero-pad / ring,44,/home/gogoi/ahlora-runs/p3-heterogeneous-factor,full_data_benchmark,36,0.14962398680539607,0.1496,0.0608,0.16999999999999998,0.0725,1542.1083333333333,1.8814317743170592,,,,978.2607517401377,0.45523696220595056,30,293760,30,293760,0.5000161333009601,10575360,10575360
b729ad24b6b0,1bf906c2712a,MH / factor zero-pad / ring,44,/home/gogoi/ahlora-runs/p3-heterogeneous-factor,full_data_benchmark,37,0.15042358700529615,0.1504,0.0611,0.17149999999999999,0.073,1638.629296875,1.8746940332554294,,,,1037.1017450213433,0.453241469256709,30,293760,30,293760,0.4901461061090231,10869120,10869120
b729ad24b6b0,1bf906c2712a,MH / factor zero-pad / ring,44,/home/gogoi/ahlora-runs/p3-heterogeneous-factor,full_data_benchmark,38,0.15282448865657258,0.1528,0.0631,0.179,0.072,1744.21953125,1.8722929871323684,,,,1100.2911818265916,0.45426872257754525,30,293760,30,293760,0.49187841452658176,11162880,11162880
b729ad24b6b0,1bf906c2712a,MH / factor zero-pad / ring,44,/home/gogoi/ahlora-runs/p3-heterogeneous-factor,full_data_benchmark,39,0.15412548980764876,0.1541,0.0636,0.1775,0.0745,1854.21171875,1.8641998967172975,,,,1167.6278631885846,0.45401855351244663,30,293760,30,293760,0.49656432680785656,11456640,11456640
b729ad24b6b0,1bf906c2712a,MH / factor zero-pad / ring,44,/home/gogoi/ahlora-runs/p3-heterogeneous-factor,full_data_benchmark,40,0.1543265904585245,0.1543,0.0651,0.173,0.075,1970.5276041666666,1.8639498644986625,,,,1239.2655552903811,0.4535466771154956,30,293760,30,293760,0.4920018743723631,11750400,11750400
b729ad24b6b0,1bf906c2712a,MH / factor zero-pad / ring,44,/home/gogoi/ahlora-runs/p3-heterogeneous-factor,full_data_benchmark,41,0.15602454028241136,0.156,0.0659,0.182,0.0755,2095.6583333333333,1.865378364796238,,,,1310.875581630071,0.454953372235025,30,293760,30,293760,0.49137902446091175,12044160,12044160
b729ad24b6b0,1bf906c2712a,MH / factor zero-pad / ring,44,/home/gogoi/ahlora-runs/p3-heterogeneous-factor,full_data_benchmark,42,0.156725991358675,0.1567,0.0654,0.1745,0.0745,2215.39375,1.8653675529947942,,,,1380.1745056152345,0.4525818997115612,30,293760,30,293760,0.488566018640995,12337920,12337920
b729ad24b6b0,1bf906c2712a,MH / factor zero-pad / ring,44,/home/gogoi/ahlora-runs/p3-heterogeneous-factor,full_data_benchmark,43,0.15842349095722408,0.1584,0.0663,0.18,0.073,2340.245052083333,1.8605249296173245,,,,1450.7022623936334,0.45449590447351595,30,293760,30,293760,0.48738649021834135,12631680,12631680
b729ad24b6b0,1bf906c2712a,MH / factor zero-pad / ring,44,/home/gogoi/ahlora-runs/p3-heterogeneous-factor,full_data_benchmark,44,0.15742444093268684,0.1574,0.0672,0.18,0.073,2478.910677083333,1.8539900836461405,,,,1533.1480357925097,0.4516698778714407,30,293760,30,293760,0.48063854686915874,12925440,12925440
b729ad24b6b0,1bf906c2712a,MH / factor zero-pad / ring,44,/home/gogoi/ahlora-runs/p3-heterogeneous-factor,full_data_benchmark,45,0.1602227414821118,0.1602,0.0696,0.1845,0.0725,2609.3307291666665,1.8540036208386252,,,,1610.011802959442,0.45524629619721646,30,293760,30,293760,0.48760058265179396,13219200,13219200
b729ad24b6b0,1bf906c2712a,MH / factor zero-pad / ring,44,/home/gogoi/ahlora-runs/p3-heterogeneous-factor,full_data_benchmark,46,0.15752439095767432,0.1575,0.0718,0.1845,0.073,2750.1,1.8509182125072539,,,,1695.0467489639918,0.45260683385013756,30,293760,30,293760,0.48213406652212143,13512960,13512960
b729ad24b6b0,1bf906c2712a,MH / factor zero-pad / ring,44,/home/gogoi/ahlora-runs/p3-heterogeneous-factor,full_data_benchmark,47,0.15892339115727425,0.1589,0.0707,0.179,0.073,2887.815885416667,1.8475966572110154,,,,1775.1372616608937,0.45335834310193696,30,293760,30,293760,0.4864677768200636,13806720,13806720
b729ad24b6b0,1bf906c2712a,MH / factor zero-pad / ring,44,/home/gogoi/ahlora-runs/p3-heterogeneous-factor,full_data_benchmark,48,0.15742399070734905,0.1574,0.0696,0.179,0.074,3060.079166666667,1.844017224010366,,,,1879.5591769456864,0.45487303473813945,30,293760,30,293760,0.4872176833450794,14100480,14100480
b729ad24b6b0,1bf906c2712a,MH / factor zero-pad / ring,44,/home/gogoi/ahlora-runs/p3-heterogeneous-factor,full_data_benchmark,49,0.1602231917074496,0.1602,0.0711,0.1825,0.0755,3222.360416666667,1.850046810290103,,,,1980.8698002576828,0.4563829044834011,30,293760,30,293760,0.495512492954731,14394240,14394240
b729ad24b6b0,1bf906c2712a,MH / factor zero-pad / ring,44,/home/gogoi/ahlora-runs/p3-heterogeneous-factor,full_data_benchmark,50,0.15922384153268715,0.1592,0.0716,0.1855,0.075,3397.483333333333,1.8482881535519204,,,,2082.7178264220556,0.45522190463289225,30,293760,30,293760,0.4898156672716141,14688000,14688000
b729ad24b6b0,d6881822b57c,Oracle / factor zero-pad / bridge 5,44,/home/gogoi/ahlora-runs/p3-heterogeneous-factor,full_data_benchmark,1,0.05359782571176875,0.0536,0.0071,0.034499999999999996,0.042,2.2777440388997396,3.4392007380440455,,,,2.051434032122294,0.24913354929067985,30,293760,30,293760,0.49280591681599617,293760,293760
b729ad24b6b0,d6881822b57c,Oracle / factor zero-pad / bridge 5,44,/home/gogoi/ahlora-runs/p3-heterogeneous-factor,full_data_benchmark,2,0.05979637808723266,0.0598,0.0074,0.0295,0.049,7.1210683186848955,2.673668110281159,,,,4.570804297924042,0.29138015719937116,30,293760,30,293760,0.4898383691906929,587520,587520
b729ad24b6b0,d6881822b57c,Oracle / factor zero-pad / bridge 5,44,/home/gogoi/ahlora-runs/p3-heterogeneous-factor,full_data_benchmark,3,0.07109388248818534,0.0711,0.0101,0.027999999999999997,0.062,16.183500162760417,2.561453842239725,,,,10.72571702003479,0.37526506500987955,30,293760,30,293760,0.488247012719512,881280,881280
b729ad24b6b0,d6881822b57c,Oracle / factor zero-pad / bridge 5,44,/home/gogoi/ahlora-runs/p3-heterogeneous-factor,full_data_benchmark,4,0.09319139229184208,0.0932,0.013,0.051000000000000004,0.0655,30.458430989583334,2.4455677890492775,,,,20.47500544389089,0.4751941255699214,30,293760,30,293760,0.489483380690217,1175040,1175040
b729ad24b6b0,d6881822b57c,Oracle / factor zero-pad / bridge 5,44,/home/gogoi/ahlora-runs/p3-heterogeneous-factor,full_data_benchmark,5,0.10018849434141788,0.1002,0.0148,0.046,0.078,30.67325236002604,2.3003109014775136,,,,24.707954978942873,0.543513320808621,210,2056320,80,1272960,0.4773899670690298,3231360,2448000
b729ad24b6b0,d6881822b57c,Oracle / factor zero-pad / bridge 5,44,/home/gogoi/ahlora-runs/p3-heterogeneous-factor,full_data_benchmark,6,0.12068800434617526,0.1207,0.0167,0.0635,0.0865,56.24169108072917,2.286659502222643,,,,42.113922627766925,0.538047149678809,30,293760,30,293760,0.48794952128082514,3525120,2741760
b729ad24b6b0,d6881822b57c,Oracle / factor zero-pad / bridge 5,44,/home/gogoi/ahlora-runs/p3-heterogeneous-factor,full_data_benchmark,7,0.13658741199970587,0.1366,0.0201,0.07949999999999999,0.096,77.29358723958333,2.1404226342172876,,,,56.813475863138834,0.6387893121747222,30,293760,30,293760,0.4802070874720812,3818880,3035520
b729ad24b6b0,d6881822b57c,Oracle / factor zero-pad / bridge 5,44,/home/gogoi/ahlora-runs/p3-heterogeneous-factor,full_data_benchmark,8,0.16198522360441403,0.162,0.0289,0.0605,0.136,98.0090576171875,2.0194140636341023,,,,69.30702718098958,0.6924047927303378,30,293760,30,293760,0.4980754107236862,4112640,3329280
b729ad24b6b0,d6881822b57c,Oracle / factor zero-pad / bridge 5,44,/home/gogoi/ahlora-runs/p3-heterogeneous-factor,full_data_benchmark,9,0.17728523125824477,0.1773,0.0376,0.057499999999999996,0.153,119.61461588541667,1.9139687596805939,,,,80.7715005238851,0.7176840861229874,30,293760,30,293760,0.48576071858406067,4406400,3623040
b729ad24b6b0,d6881822b57c,Oracle / factor zero-pad / bridge 5,44,/home/gogoi/ahlora-runs/p3-heterogeneous-factor,full_data_benchmark,10,0.17017827422625026,0.1702,0.0339,0.0675,0.1335,91.00021158854166,1.838325977386559,,,,71.14618231455485,0.6827754673979886,210,2056320,80,1272960,0.48731608502566814,6462720,4896000
b729ad24b6b0,d6881822b57c,Oracle / factor zero-pad / bridge 5,44,/home/gogoi/ahlora-runs/p3-heterogeneous-factor,full_data_benchmark,11,0.1832850841846344,0.1833,0.0478,0.045999999999999985,0.1595,131.982275390625,1.9206352048428663,,,,96.82312803268432,0.618092120259388,30,293760,30,293760,0.4891275726258755,6756480,5189760
b729ad24b6b0,d6881822b57c,Oracle / factor zero-pad / bridge 5,44,/home/gogoi/ahlora-runs/p3-heterogeneous-factor,full_data_benchmark,12,0.2064809937373656,0.2065,0.0587,0.038000000000000006,0.1905,163.468896484375,1.8362437469694863,,,,114.97948567072551,0.6722026880236045,30,293760,30,293760,0.49221048038452864,7050240,5483520
b729ad24b6b0,d6881822b57c,Oracle / factor zero-pad / bridge 5,44,/home/gogoi/ahlora-runs/p3-heterogeneous-factor,full_data_benchmark,13,0.22617745181463325,0.2262,0.0704,0.037000000000000005,0.2035,194.30485026041666,1.7572620428977908,,,,130.84468485514324,0.6877470035058518,30,293760,30,293760,0.48998465202748775,7344000,5777280
b729ad24b6b0,d6881822b57c,Oracle / factor zero-pad / bridge 5,44,/home/gogoi/ahlora-runs/p3-heterogeneous-factor,full_data_benchmark,14,0.24117655886771328,0.2412,0.0814,0.04300000000000001,0.213,224.64332682291666,1.6997865354386106,,,,146.1958793004354,0.6908821145970504,30,293760,30,293760,0.4877392118796706,7637760,6071040
b729ad24b6b0,d6881822b57c,Oracle / factor zero-pad / bridge 5,44,/home/gogoi/ahlora-runs/p3-heterogeneous-factor,full_data_benchmark,15,0.21697454576015296,0.217,0.0559,0.0595,0.1815,166.96389973958333,1.6610151201575925,,,,128.17332401275635,0.6601600687078316,210,2056320,80,1272960,0.48598570842295885,9694080,7344000
b729ad24b6b0,d6881822b57c,Oracle / factor zero-pad / bridge 5,44,/home/gogoi/ahlora-runs/p3-heterogeneous-factor,full_data_benchmark,16,0.23297750524137334,0.233,0.0689,0.024499999999999994,0.2195,224.16013997395834,1.7570293518991067,,,,162.25891602834065,0.6094836822591538,30,293760,30,293760,0.47502788715064526,9987840,7637760
b729ad24b6b0,d6881822b57c,Oracle / factor zero-pad / bridge 5,44,/home/gogoi/ahlora-runs/p3-heterogeneous-factor,full_data_benchmark,17,0.2516756636696667,0.2517,0.0801,0.035,0.2255,272.02635091145834,1.688159003567482,,,,190.3826738357544,0.6422395434834126,30,293760,30,293760,0.4870090167969465,10281600,7931520
b729ad24b6b0,d6881822b57c,Oracle / factor zero-pad / bridge 5,44,/home/gogoi/ahlora-runs/p3-heterogeneous-factor,full_data_benchmark,18,0.26157596877237055,0.2616,0.0898,0.05250000000000002,0.225,314.49078776041665,1.6399570767722986,,,,212.68969631195068,0.6599123898263222,30,293760,30,293760,0.4905500179156661,10575360,8225280
b729ad24b6b0,d6881822b57c,Oracle / factor zero-pad / bridge 5,44,/home/gogoi/ahlora-runs/p3-heterogeneous-factor,full_data_benchmark,19,0.2766772769771271,0.2767,0.101,0.04999999999999999,0.24,360.54967447916664,1.6062256015100083,,,,236.96741422017416,0.6655369739151157,30,293760,30,293760,0.48849697411060333,10869120,8519040
b729ad24b6b0,d6881822b57c,Oracle / factor zero-pad / bridge 5,44,/home/gogoi/ahlora-runs/p3-heterogeneous-factor,full_data_benchmark,20,0.2476703089896493,0.2477,0.0645,0.05650000000000002,0.2175,271.41412760416665,1.5770397325048036,,,,210.51249453226725,0.6514947729512587,210,2056320,80,1272960,0.4872254403308034,12925440,9792000
b729ad24b6b0,d6881822b57c,Oracle / factor zero-pad / bridge 5,44,/home/gogoi/ahlora-runs/p3-heterogeneous-factor,full_data_benchmark,21,0.2567759663711688,0.2568,0.0799,0.03900000000000001,0.2275,349.24619140625,1.6849589854067515,,,,254.585906346639,0.6013714500362718,30,293760,30,293760,0.4844618570059538,13219200,10085760
b729ad24b6b0,d6881822b57c,Oracle / factor zero-pad / bridge 5,44,/home/gogoi/ahlora-runs/p3-heterogeneous-factor,full_data_benchmark,22,0.2746766256511383,0.2747,0.0925,0.05199999999999999,0.242,414.626171875,1.626541153437568,,,,294.0582316080729,0.6375114883436244,30,293760,30,293760,0.48702434729784727,13512960,10379520
b729ad24b6b0,d6881822b57c,Oracle / factor zero-pad / bridge 5,44,/home/gogoi/ahlora-runs/p3-heterogeneous-factor,full_data_benchmark,23,0.28927518222870546,0.2893,0.1046,0.05099999999999999,0.256,475.9903971354167,1.5857711019704088,,,,327.1445546468099,0.6505159610262418,30,293760,30,293760,0.5321807721629739,13806720,10673280
b729ad24b6b0,d6881822b57c,Oracle / factor zero-pad / bridge 5,44,/home/gogoi/ahlora-runs/p3-heterogeneous-factor,full_data_benchmark,24,0.3018754886820854,0.3019,0.1153,0.05349999999999999,0.2685,536.6615234375,1.561559507039883,,,,359.1146800994873,0.6572947625171598,30,293760,30,293760,0.4930019108578563,14100480,10967040
b729ad24b6b0,d6881822b57c,Oracle / factor zero-pad / bridge 5,44,/home/gogoi/ahlora-runs/p3-heterogeneous-factor,full_data_benchmark,25,0.2619711165438302,0.262,0.0714,0.05649999999999997,0.2315,407.13177083333335,1.5384552878221966,,,,319.5910177866618,0.6483317730660894,210,2056320,80,1272960,0.48549201991409063,16156800,12240000
b729ad24b6b0,d6881822b57c,Oracle / factor zero-pad / bridge 5,44,/home/gogoi/ahlora-runs/p3-heterogeneous-factor,full_data_benchmark,26,0.2772745759252506,0.2773,0.0864,0.033499999999999974,0.258,505.146875,1.6423783676483055,,,,375.6266609191895,0.6058817309108395,30,293760,30,293760,0.474925197660923,16450560,12533760
b729ad24b6b0,d6881822b57c,Oracle / factor zero-pad / bridge 5,44,/home/gogoi/ahlora-runs/p3-heterogeneous-factor,full_data_benchmark,27,0.2906765836301068,0.2907,0.0982,0.032999999999999974,0.2695,592.2262369791666,1.5885871306455852,,,,427.1425145467122,0.636038687573081,30,293760,30,293760,0.4834420280531049,16744320,12827520
b729ad24b6b0,d6881822b57c,Oracle / factor zero-pad / bridge 5,44,/home/gogoi/ahlora-runs/p3-heterogeneous-factor,full_data_benchmark,28,0.30297493895694794,0.303,0.111,0.04899999999999999,0.274,672.7798828125,1.5595070066199739,,,,471.53838272094725,0.6491564776424644,30,293760,30,293760,0.48364567663520575,17038080,13121280
b729ad24b6b0,d6881822b57c,Oracle / factor zero-pad / bridge 5,44,/home/gogoi/ahlora-runs/p3-heterogeneous-factor,full_data_benchmark,29,0.31387609498554025,0.3139,0.1226,0.040000000000000036,0.2885,751.7328776041667,1.5357320576683666,,,,513.7329973856608,0.6528683638296878,30,293760,30,293760,0.483855283819139,17331840,13415040
b729ad24b6b0,d6881822b57c,Oracle / factor zero-pad / bridge 5,44,/home/gogoi/ahlora-runs/p3-heterogeneous-factor,full_data_benchmark,30,0.26817207012109556,0.2682,0.076,0.046499999999999986,0.2415,583.074609375,1.5170407633207357,,,,464.6923482259115,0.6485504313106938,210,2056320,80,1272960,0.47835461143404245,19388160,14688000
b729ad24b6b0,d6881822b57c,Oracle / factor zero-pad / bridge 5,44,/home/gogoi/ahlora-runs/p3-heterogeneous-factor,full_data_benchmark,31,0.2878748313530923,0.2879,0.0876,0.02899999999999997,0.2715,706.9854166666667,1.6280716497531362,,,,536.009033203125,0.609786917563537,30,293760,30,293760,0.47860012389719486,19681920,14981760
b729ad24b6b0,d6881822b57c,Oracle / factor zero-pad / bridge 5,44,/home/gogoi/ahlora-runs/p3-heterogeneous-factor,full_data_benchmark,32,0.3026753890322106,0.3027,0.1017,0.03150000000000003,0.283,812.8153645833333,1.5740459977999717,,,,598.8663213094076,0.6367127354703378,30,293760,30,293760,0.4829729972407222,19975680,15275520
b729ad24b6b0,d6881822b57c,Oracle / factor zero-pad / bridge 5,44,/home/gogoi/ahlora-runs/p3-heterogeneous-factor,full_data_benchmark,33,0.31347584466025247,0.3135,0.1108,0.03400000000000003,0.2915,911.692578125,1.5454094530012656,,,,653.0180872599284,0.644877606772494,30,293760,30,293760,0.4800500422716141,20269440,15569280
b729ad24b6b0,d6881822b57c,Oracle / factor zero-pad / bridge 5,44,/home/gogoi/ahlora-runs/p3-heterogeneous-factor,full_data_benchmark,34,0.3237751994873434,0.3238,0.1189,0.04650000000000004,0.294,1008.7515625,1.5281060417546353,,,,704.7724044799804,0.6487587498474776,30,293760,30,293760,0.5708695743232965,20563200,15863040
b729ad24b6b0,d6881822b57c,Oracle / factor zero-pad / bridge 5,44,/home/gogoi/ahlora-runs/p3-heterogeneous-factor,full_data_benchmark,35,0.2745720232976605,0.2746,0.0728,0.046999999999999986,0.2515,789.4317708333333,1.4997588068675711,,,,638.3635650634766,0.6442607508553359,210,2056320,80,1272960,0.52392369043082,22619520,17136000
b729ad24b6b0,d6881822b57c,Oracle / factor zero-pad / bridge 5,44,/home/gogoi/ahlora-runs/p3-heterogeneous-factor,full_data_benchmark,36,0.2904765335050193,0.2905,0.0872,0.02799999999999997,0.275,931.3403645833333,1.6098990473904577,,,,720.9657719930013,0.6141810952858469,30,293760,30,293760,0.49740466196089983,22913280,17429760
b729ad24b6b0,d6881822b57c,Oracle / factor zero-pad / bridge 5,44,/home/gogoi/ahlora-runs/p3-heterogeneous-factor,full_data_benchmark,37,0.30837764301032666,0.3084,0.0974,0.02400000000000002,0.2925,1060.2607421875,1.5692665840383573,,,,798.1463307698567,0.6349769195656599,30,293760,30,293760,0.4889389192685485,23207040,17723520
b729ad24b6b0,d6881822b57c,Oracle / factor zero-pad / bridge 5,44,/home/gogoi/ahlora-runs/p3-heterogeneous-factor,full_data_benchmark,38,0.3180765473119296,0.3181,0.1076,0.03500000000000003,0.2955,1182.6686197916667,1.5387167545476226,,,,866.4894002278646,0.6431402871839591,30,293760,30,293760,0.4880334595218301,23500800,18017280
b729ad24b6b0,d6881822b57c,Oracle / factor zero-pad / bridge 5,44,/home/gogoi/ahlora-runs/p3-heterogeneous-factor,full_data_benchmark,39,0.330176353264809,0.3302,0.1171,0.04949999999999999,0.2985,1300.698046875,1.515744177977865,,,,928.1669204711914,0.6471581021704407,30,293760,30,293760,0.494852595962584,23794560,18311040
b729ad24b6b0,d6881822b57c,Oracle / factor zero-pad / bridge 5,44,/home/gogoi/ahlora-runs/p3-heterogeneous-factor,full_data_benchmark,40,0.2834716275495886,0.2835,0.0723,0.04849999999999999,0.2555,1026.7572265625,1.5001233507657128,,,,842.1569468180338,0.6416588779491579,210,2056320,80,1272960,0.49093008786439896,25850880,19584000
b729ad24b6b0,d6881822b57c,Oracle / factor zero-pad / bridge 5,44,/home/gogoi/ahlora-runs/p3-heterogeneous-factor,full_data_benchmark,41,0.3025761893827861,0.3026,0.0855,0.026000000000000023,0.29,1191.283203125,1.6010576553207323,,,,938.291190592448,0.6142736515907481,30,293760,30,293760,0.48987057246267796,26144640,19877760
b729ad24b6b0,d6881822b57c,Oracle / factor zero-pad / bridge 5,44,/home/gogoi/ahlora-runs/p3-heterogeneous-factor,full_data_benchmark,42,0.3142772457615036,0.3143,0.0956,0.029000000000000026,0.296,1345.3709635416667,1.5561594263167293,,,,1032.1718246459961,0.6289857116800343,30,293760,30,293760,0.48798767011612654,26438400,20171520
b729ad24b6b0,d6881822b57c,Oracle / factor zero-pad / bridge 5,44,/home/gogoi/ahlora-runs/p3-heterogeneous-factor,full_data_benchmark,43,0.3298753025889457,0.3299,0.1075,0.03400000000000003,0.305,1488.1981770833333,1.527900024411313,,,,1112.122082010905,0.6413677382228394,30,293760,30,293760,0.49671561643481255,26732160,20465280
b729ad24b6b0,d6881822b57c,Oracle / factor zero-pad / bridge 5,44,/home/gogoi/ahlora-runs/p3-heterogeneous-factor,full_data_benchmark,44,0.3359764562163363,0.336,0.1174,0.03799999999999998,0.313,1621.3186197916666,1.5044273123939602,,,,1182.8935648600261,0.6418137017301998,30,293760,30,293760,0.4911624575033784,27025920,20759040
b729ad24b6b0,d6881822b57c,Oracle / factor zero-pad / bridge 5,44,/home/gogoi/ahlora-runs/p3-heterogeneous-factor,full_data_benchmark,45,0.2888719304011657,0.2889,0.0685,0.056499999999999995,0.26,1303.76015625,1.487036483903161,,,,1084.8319880167644,0.6411408653921996,210,2056320,80,1272960,0.47830518893897533,29082240,22032000
b729ad24b6b0,d6881822b57c,Oracle / factor zero-pad / bridge 5,44,/home/gogoi/ahlora-runs/p3-heterogeneous-factor,full_data_benchmark,46,0.306876591734163,0.3069,0.0852,0.02400000000000002,0.29,1499.919140625,1.5858773551146084,,,,1202.3609049479167,0.6135164135438873,30,293760,30,293760,0.4778512790799141,29376000,22325760
b729ad24b6b0,d6881822b57c,Oracle / factor zero-pad / bridge 5,44,/home/gogoi/ahlora-runs/p3-heterogeneous-factor,full_data_benchmark,47,0.320674797736267,0.3207,0.0982,0.026000000000000023,0.3035,1678.1236979166667,1.5421500631922551,,,,1308.2365356445312,0.6296101765895413,30,293760,30,293760,0.48325240798294544,29669760,22619520
b729ad24b6b0,d6881822b57c,Oracle / factor zero-pad / bridge 5,44,/home/gogoi/ahlora-runs/p3-heterogeneous-factor,full_data_benchmark,48,0.33127640384012197,0.3313,0.1069,0.04550000000000004,0.298,1843.4598958333333,1.509406330701629,,,,1403.3949818929036,0.6396397196572575,30,293760,30,293760,0.4788860101252794,29963520,22913280
b729ad24b6b0,d6881822b57c,Oracle / factor zero-pad / bridge 5,44,/home/gogoi/ahlora-runs/p3-heterogeneous-factor,full_data_benchmark,49,0.33977560769164966,0.3398,0.1155,0.044999999999999984,0.309,1995.266015625,1.499648508018274,,,,1480.7641815185548,0.6411143300125572,30,293760,30,293760,0.47956772334873676,30257280,23207040
b729ad24b6b0,d6881822b57c,Oracle / factor zero-pad / bridge 5,44,/home/gogoi/ahlora-runs/p3-heterogeneous-factor,full_data_benchmark,50,0.29807078442760593,0.2981,0.0726,0.06,0.268,1629.6489583333334,1.4844098879811751,,,,1370.2595347086587,0.6380237989786448,210,2056320,80,1272960,0.4864227594807744,32313600,24480000
b729ad24b6b0,076ae68a5277,MH / ΔW / feedback / ring,42,/home/gogoi/ahlora-runs/p3-heterogeneous-feedback,full_data_benchmark,1,0.039399369384376874,0.0394,0.015,0.061000000000000006,0.008,1.2845787048339843,3.486626647373264,4.894749255473864e-05,0.00017706875387386061,0.00034796980377995725,,,30,293760,30,293760,0.7588035576045513,293760,293760
b729ad24b6b0,076ae68a5277,MH / ΔW / feedback / ring,42,/home/gogoi/ahlora-runs/p3-heterogeneous-feedback,full_data_benchmark,2,0.07730714222468345,0.0773,0.0154,0.073,0.0465,2.5788497924804688,2.8325414846947665,0.0002967144968588257,0.0014554256066752064,0.006477676399974068,,,30,293760,30,293760,0.6372568160295486,587520,587520
b729ad24b6b0,076ae68a5277,MH / ΔW / feedback / ring,42,/home/gogoi/ahlora-runs/p3-heterogeneous-feedback,full_data_benchmark,3,0.1259190224707466,0.1259,0.0196,0.09949999999999999,0.077,4.272622680664062,2.4518147935500574,0.0009645390818880228,0.004591913122881165,0.039645819765246414,,,30,293760,30,293760,0.6407885607331991,881280,881280
b729ad24b6b0,076ae68a5277,MH / ΔW / feedback / ring,42,/home/gogoi/ahlora-runs/p3-heterogeneous-feedback,full_data_benchmark,4,0.1702306504405455,0.1702,0.0241,0.143,0.098,6.847008260091146,2.2033466039256107,0.0019366791182947702,0.008532850670481226,0.13051717312373512,,,30,293760,30,293760,0.6135371858254075,1175040,1175040
b729ad24b6b0,076ae68a5277,MH / ΔW / feedback / ring,42,/home/gogoi/ahlora-runs/p3-heterogeneous-feedback,full_data_benchmark,5,0.19403646525085808,0.194,0.0261,0.14350000000000002,0.1165,9.557371012369792,2.0018234329313374,0.0031736618724571178,0.01328046082923761,0.30766682430306297,,,30,293760,30,293760,0.6493959408253431,1468800,1468800
b729ad24b6b0,076ae68a5277,MH / ΔW / feedback / ring,42,/home/gogoi/ahlora-runs/p3-heterogeneous-feedback,full_data_benchmark,6,0.2095419257338298,0.2095,0.031,0.184,0.1245,12.944686889648438,1.8427254282402452,0.004501121744992555,0.018315257554178746,0.6053289460722833,,,30,293760,30,293760,0.572486961260438,1762560,1762560
b729ad24b6b0,076ae68a5277,MH / ΔW / feedback / ring,42,/home/gogoi/ahlora-runs/p3-heterogeneous-feedback,full_data_benchmark,7,0.21773572673122904,0.2177,0.0339,0.162,0.142,15.055051676432292,1.7520291022438632,0.005661881759644471,0.021065879039268594,0.9945512020419603,,,30,293760,30,293760,0.576156442053616,2056320,2056320
b729ad24b6b0,076ae68a5277,MH / ΔW / feedback / ring,42,/home/gogoi/ahlora-runs/p3-heterogeneous-feedback,full_data_benchmark,8,0.2328416872644759,0.2328,0.0393,0.17300000000000001,0.1555,17.79307861328125,1.6720240460690619,0.007118901846613981,0.025618122778671,1.5591691991725383,,,30,293760,30,293760,0.5717863356694579,2350080,2350080
b729ad24b6b0,076ae68a5277,MH / ΔW / feedback / ring,42,/home/gogoi/ahlora-runs/p3-heterogeneous-feedback,full_data_benchmark,9,0.24284374329351838,0.2428,0.0409,0.17300000000000001,0.149,19.534305826822916,1.6290059535019135,0.008638422636963074,0.028630355026398862,2.228269886753939,,,30,293760,30,293760,0.7081358162686229,2643840,2643840
b729ad24b6b0,076ae68a5277,MH / ΔW / feedback / ring,42,/home/gogoi/ahlora-runs/p3-heterogeneous-feedback,full_data_benchmark,10,0.2420448934691813,0.242,0.0418,0.1475,0.1635,23.08334757486979,1.5516905272533177,0.010101007019658189,0.03253446964895395,3.0811534153152023,,,30,293760,30,293760,0.5912224501371384,2937600,2937600
b729ad24b6b0,076ae68a5277,MH / ΔW / feedback / ring,42,/home/gogoi/ahlora-runs/p3-heterogeneous-feedback,full_data_benchmark,11,0.2570462516489503,0.257,0.0445,0.163,0.166,24.987955729166668,1.5332748060718606,0.010796389206884423,0.033608032965523886,3.898126645156784,,,30,293760,30,293760,0.6824300773441792,3231360,3231360
b729ad24b6b0,076ae68a5277,MH / ΔW / feedback / ring,42,/home/gogoi/ahlora-runs/p3-heterogeneous-feedback,full_data_benchmark,12,0.2534456495475986,0.2534,0.0461,0.14500000000000002,0.184,29.066825358072915,1.4623663447567146,0.011307048740961114,0.03590816091205656,4.705028931218354,,,30,293760,30,293760,0.6286274986341596,3525120,3525120
b729ad24b6b0,076ae68a5277,MH / ΔW / feedback / ring,42,/home/gogoi/ahlora-runs/p3-heterogeneous-feedback,full_data_benchmark,13,0.2694448571510041,0.2694,0.0502,0.15949999999999998,0.193,32.51487630208333,1.4879594731204715,0.011932929700558008,0.03846170036460922,5.658961011936238,,,30,293760,30,293760,0.6370601030066609,3818880,3818880
b729ad24b6b0,076ae68a5277,MH / ΔW / feedback / ring,42,/home/gogoi/ahlora-runs/p3-heterogeneous-feedback,full_data_benchmark,14,0.26085860973417196,0.2608,0.0477,0.1355,0.193,34.97000732421875,1.4091795581622473,0.012283230297098281,0.0391881513450873,6.5805432881611825,,,30,293760,30,293760,0.626998201943934,4112640,4112640
b729ad24b6b0,076ae68a5277,MH / ΔW / feedback / ring,42,/home/gogoi/ahlora-runs/p3-heterogeneous-feedback,full_data_benchmark,15,0.27025106065585824,0.2702,0.0535,0.1825,0.1925,38.58096516927083,1.4368484500424719,0.012786412383344992,0.044987928702799336,7.688329604993244,,,30,293760,30,293760,0.6256900271400809,4406400,4406400
b729ad24b6b0,076ae68a5277,MH / ΔW / feedback / ring,42,/home/gogoi/ahlora-runs/p3-heterogeneous-feedback,full_data_benchmark,16,0.27585306445876157,0.2758,0.0516,0.15099999999999997,0.196,40.0479248046875,1.4016888662892732,0.013219277375085017,0.047699722975071385,8.847293610288277,,,30,293760,30,293760,0.631335411220789,4700160,4700160
b729ad24b6b0,076ae68a5277,MH / ΔW / feedback / ring,42,/home/gogoi/ahlora-runs/p3-heterogeneous-feedback,full_data_benchmark,17,0.2746532139335737,0.2746,0.0549,0.156,0.211,44.28411051432292,1.3862506043547915,0.013570948717188074,0.050961927677768235,10.098568781097613,,,30,293760,30,293760,0.6330272732302547,4993920,4993920
b729ad24b6b0,076ae68a5277,MH / ΔW / feedback / ring,42,/home/gogoi/ahlora-runs/p3-heterogeneous-feedback,full_data_benchmark,18,0.26906036471253864,0.269,0.054,0.11400000000000002,0.2165,46.54556884765625,1.3594259029807803,0.013785978507792522,0.052592636284553615,11.194565560066742,,,30,293760,30,293760,0.6278984565287828,5287680,5287680
b729ad24b6b0,076ae68a5277,MH / ΔW / feedback / ring,42,/home/gogoi/ahlora-runs/p3-heterogeneous-feedback,full_data_benchmark,19,0.27725866796331566,0.2772,0.0562,0.1435,0.2115,49.821354166666666,1.4023148642796954,0.013721541561483686,0.05381596907765,12.312665182370013,,,30,293760,30,293760,0.595181405544281,5581440,5581440
b729ad24b6b0,076ae68a5277,MH / ΔW / feedback / ring,42,/home/gogoi/ahlora-runs/p3-heterogeneous-feedback,full_data_benchmark,20,0.2689586137862,0.2689,0.0565,0.12150000000000002,0.218,53.059733072916664,1.3356884035967107,0.013826488961595813,0.054045937930907964,13.285135456674713,,,30,293760,30,293760,0.5946051571518183,5875200,5875200
b729ad24b6b0,076ae68a5277,MH / ΔW / feedback / ring,42,/home/gogoi/ahlora-runs/p3-heterogeneous-feedback,full_data_benchmark,21,0.2846672759716238,0.2846,0.0571,0.15549999999999997,0.203,55.0178955078125,1.3614012609419652,0.014065307578087046,0.0558922629234598,14.702818614796463,,,30,293760,30,293760,0.6291204066947103,6168960,6168960
b729ad24b6b0,076ae68a5277,MH / ΔW / feedback / ring,42,/home/gogoi/ahlora-runs/p3-heterogeneous-feedback,full_data_benchmark,22,0.2784556670613642,0.2784,0.0608,0.1425,0.2125,58.63138427734375,1.3420353313498774,0.014148426400362938,0.05431727509225704,15.889639575427282,,,30,293760,30,293760,0.6390581550076604,6462720,6462720
b729ad24b6b0,076ae68a5277,MH / ΔW / feedback / ring,42,/home/gogoi/ahlora-runs/p3-heterogeneous-feedback,full_data_benchmark,23,0.28906807857332595,0.289,0.0667,0.10650000000000001,0.2305,62.099735514322916,1.3493686073276636,0.01410697168497222,0.05183560242938222,17.1538311330068,,,30,293760,30,293760,0.6273855259642005,6756480,6756480
b729ad24b6b0,076ae68a5277,MH / ΔW / feedback / ring,42,/home/gogoi/ahlora-runs/p3-heterogeneous-feedback,full_data_benchmark,24,0.2789656222939581,0.2789,0.0657,0.12699999999999997,0.227,65.03138834635416,1.2978938352333427,0.014250632322703233,0.05501155574125987,18.567279208116815,,,30,293760,30,293760,0.6333755673840642,7050240,7050240
b729ad24b6b0,076ae68a5277,MH / ΔW / feedback / ring,42,/home/gogoi/ahlora-runs/p3-heterogeneous-feedback,full_data_benchmark,25,0.2923686805246026,0.2923,0.0687,0.12999999999999998,0.2285,69.60582682291667,1.3660047514140616,0.01437291897845441,0.05610704418831484,20.002366621479936,,,30,293760,30,293760,0.6444793967530131,7344000,7344000
b729ad24b6b0,076ae68a5277,MH / ΔW / feedback / ring,42,/home/gogoi/ahlora-runs/p3-heterogeneous-feedback,full_data_benchmark,26,0.28476872674773723,0.2847,0.0711,0.12349999999999997,0.2275,72.390576171875,1.2902449267272007,0.014423201537984563,0.055203531155745965,21.238852423300948,,,30,293760,30,293760,0.6495381202548742,7637760,7637760
b729ad24b6b0,076ae68a5277,MH / ΔW / feedback / ring,42,/home/gogoi/ahlora-runs/p3-heterogeneous-feedback,full_data_benchmark,27,0.29336953145049094,0.2933,0.0761,0.148,0.2095,75.93473307291667,1.3533960029300076,0.014161737156042685,0.05488656710929715,22.505239984769528,,,30,293760,30,293760,0.6346022738143802,7931520,7931520
b729ad24b6b0,076ae68a5277,MH / ΔW / feedback / ring,42,/home/gogoi/ahlora-runs/p3-heterogeneous-feedback,full_data_benchmark,28,0.27956817387102245,0.2795,0.0682,0.10650000000000001,0.2225,77.72578125,1.2628496432481089,0.014298728742620176,0.05721289145657331,23.818423885595983,,,30,293760,30,293760,0.6338779395446181,8225280,8225280
b729ad24b6b0,076ae68a5277,MH / ΔW / feedback / ring,42,/home/gogoi/ahlora-runs/p3-heterogeneous-feedback,full_data_benchmark,29,0.29587128357743053,0.2958,0.0771,0.11949999999999997,0.2325,80.25658365885417,1.3913640420780078,0.014205534552253898,0.05642659571729851,25.0311842869715,,,30,293760,30,293760,0.6383751053363085,8519040,8519040
b729ad24b6b0,076ae68a5277,MH / ΔW / feedback / ring,42,/home/gogoi/ahlora-runs/p3-heterogeneous-feedback,full_data_benchmark,30,0.2758658208433321,0.2758,0.076,0.11450000000000002,0.2195,79.6177490234375,1.282220370875782,0.014579872728887193,0.0565704443282196,26.293665199002135,,,30,293760,30,293760,0.6366886915639043,8812800,8812800
b729ad24b6b0,076ae68a5277,MH / ΔW / feedback / ring,42,/home/gogoi/ahlora-runs/p3-heterogeneous-feedback,full_data_benchmark,31,0.2859691775733755,0.2859,0.0761,0.10650000000000001,0.2245,82.4247802734375,1.3446790334418302,0.014479980463424453,0.057231299855992054,27.820675717823907,,,30,293760,30,293760,0.640689174644649,9106560,9106560
b729ad24b6b0,076ae68a5277,MH / ΔW / feedback / ring,42,/home/gogoi/ahlora-runs/p3-heterogeneous-feedback,full_data_benchmark,32,0.2783690737213976,0.2783,0.075,0.094,0.228,83.62423502604166,1.3076023729662394,0.01482016747390719,0.05883661850866651,29.248446634743594,,,30,293760,30,293760,0.6357304407283664,9400320,9400320
b729ad24b6b0,076ae68a5277,MH / ΔW / feedback / ring,42,/home/gogoi/ahlora-runs/p3-heterogeneous-feedback,full_data_benchmark,33,0.2858764311537925,0.2858,0.0803,0.11200000000000002,0.212,89.17353515625,1.3611623945332696,0.014793332685545833,0.06141051769488525,30.500195790365492,,,30,293760,30,293760,0.6380373751744628,9694080,9694080
b729ad24b6b0,076ae68a5277,MH / ΔW / feedback / ring,42,/home/gogoi/ahlora-runs/p3-heterogeneous-feedback,full_data_benchmark,34,0.28266572419495956,0.2826,0.0784,0.11399999999999996,0.233,89.3599853515625,1.2951449018413095,0.014966053804341812,0.061328110034036425,31.600289807191196,,,30,293760,30,293760,0.6421034708619118,9987840,9987840
b729ad24b6b0,076ae68a5277,MH / ΔW / feedback / ring,42,/home/gogoi/ahlora-runs/p3-heterogeneous-feedback,full_data_benchmark,35,0.3052730391560976,0.3052,0.0797,0.10649999999999998,0.2505,93.64959309895833,1.3600115664090806,0.014876940833360358,0.06358097441104363,33.03296026384729,,,30,293760,30,293760,0.6510886112228036,10281600,10281600
b729ad24b6b0,076ae68a5277,MH / ΔW / feedback / ring,42,/home/gogoi/ahlora-runs/p3-heterogeneous-feedback,full_data_benchmark,36,0.28218008113060583,0.2821,0.0831,0.097,0.226,94.2419921875,1.2686124433062174,0.014837590426727788,0.06295510234312784,34.477539969419986,,,30,293760,30,293760,0.6333156637847424,10575360,10575360
b729ad24b6b0,076ae68a5277,MH / ΔW / feedback / ring,42,/home/gogoi/ahlora-runs/p3-heterogeneous-feedback,full_data_benchmark,37,0.2820763792278035,0.282,0.0841,0.12549999999999997,0.231,102.26605631510417,1.3590152743801787,0.014850041795688728,0.06284372516605631,35.66669754939697,,,30,293760,30,293760,0.6728147324174643,10869120,10869120
b729ad24b6b0,076ae68a5277,MH / ΔW / feedback / ring,42,/home/gogoi/ahlora-runs/p3-heterogeneous-feedback,full_data_benchmark,38,0.29096487792139963,0.2909,0.0877,0.10000000000000003,0.237,101.90870768229166,1.3599999251958588,0.014903960999368622,0.0629624987295921,36.611770923670456,,,30,293760,30,293760,0.6308301966637373,11162880,11162880
b729ad24b6b0,076ae68a5277,MH / ΔW / feedback / ring,42,/home/gogoi/ahlora-runs/p3-heterogeneous-feedback,full_data_benchmark,39,0.2965805385595491,0.2965,0.0974,0.152,0.232,105.72188313802083,1.316751536424134,0.015113095425341816,0.0643853947746882,38.14968984794299,,,30,293760,30,293760,0.6223181448876858,11456640,11456640
b729ad24b6b0,076ae68a5277,MH / ΔW / feedback / ring,42,/home/gogoi/ahlora-runs/p3-heterogeneous-feedback,full_data_benchmark,40,0.2828693761227494,0.2828,0.0929,0.10200000000000001,0.232,110.713916015625,1.3453233424155004,0.014990674947549453,0.06508546380159275,39.477271353304,,,30,293760,30,293760,0.6394457500427961,11750400,11750400
b729ad24b6b0,076ae68a5277,MH / ΔW / feedback / ring,42,/home/gogoi/ahlora-runs/p3-heterogeneous-feedback,full_data_benchmark,41,0.2813750782266524,0.2813,0.0891,0.09650000000000003,0.235,116.38832194010416,1.3686697692844718,0.015382594458930927,0.06627530940863514,41.047905194028864,,,30,293760,30,293760,0.6878255670890212,12044160,12044160
b729ad24b6b0,076ae68a5277,MH / ΔW / feedback / ring,42,/home/gogoi/ahlora-runs/p3-heterogeneous-feedback,full_data_benchmark,42,0.27849138493816167,0.2784,0.0836,0.094,0.2245,115.07666015625,1.281784713460144,0.015165932439117284,0.06370845136291439,42.109822564468296,,,30,293760,30,293760,0.569287046790123,12337920,12337920
b729ad24b6b0,076ae68a5277,MH / ΔW / feedback / ring,42,/home/gogoi/ahlora-runs/p3-heterogeneous-feedback,full_data_benchmark,43,0.3003736870303587,0.3003,0.0891,0.1505,0.2325,121.19322916666667,1.3388254519220255,0.015125784447586848,0.06488030168431454,43.7167163176462,,,30,293760,30,293760,0.595657174475491,12631680,12631680
b729ad24b6b0,076ae68a5277,MH / ΔW / feedback / ring,42,/home/gogoi/ahlora-runs/p3-heterogeneous-feedback,full_data_benchmark,44,0.27437812625218927,0.2743,0.0892,0.12399999999999997,0.229,122.36212565104167,1.2582794072296182,0.014860597578517784,0.06325943347009438,45.10304559340099,,,30,293760,30,293760,0.5878207655623555,12925440,12925440
b729ad24b6b0,076ae68a5277,MH / ΔW / feedback / ring,42,/home/gogoi/ahlora-runs/p3-heterogeneous-feedback,full_data_benchmark,45,0.28448238343290816,0.2844,0.0875,0.07900000000000001,0.2395,128.23695475260416,1.3573354402960358,0.014752865396226214,0.06438444583309767,46.63029346145437,,,30,293760,30,293760,0.5906594134867191,13219200,13219200
b729ad24b6b0,076ae68a5277,MH / ΔW / feedback / ring,42,/home/gogoi/ahlora-runs/p3-heterogeneous-feedback,full_data_benchmark,46,0.2748867308087698,0.2748,0.0911,0.10700000000000001,0.221,128.92685546875,1.3161723328866661,0.014108016691684176,0.059701154609548175,47.17107642693639,,,30,293760,30,293760,0.5904926983639598,13512960,13512960
b729ad24b6b0,076ae68a5277,MH / ΔW / feedback / ring,42,/home/gogoi/ahlora-runs/p3-heterogeneous-feedback,full_data_benchmark,47,0.29209044126585354,0.292,0.1009,0.12949999999999998,0.223,133.13784993489583,1.3148145224642322,0.014377031015315721,0.060344656182100186,48.21816775647846,,,30,293760,30,293760,0.5931042851880193,13806720,13806720
b729ad24b6b0,076ae68a5277,MH / ΔW / feedback / ring,42,/home/gogoi/ahlora-runs/p3-heterogeneous-feedback,full_data_benchmark,48,0.27937952945449196,0.2793,0.0874,0.091,0.229,138.71357421875,1.332465085534057,0.014449466432308699,0.06222636052696212,49.66132914182187,,,30,293760,30,293760,0.5907077649608254,14100480,14100480
b729ad24b6b0,076ae68a5277,MH / ΔW / feedback / ring,42,/home/gogoi/ahlora-runs/p3-heterogeneous-feedback,full_data_benchmark,49,0.2875808342075209,0.2875,0.0945,0.09550000000000003,0.247,135.73599446614583,1.3090433567864832,0.014296838444792239,0.0580220247677504,50.75724145255129,,,30,293760,30,293760,0.5894868522882462,14394240,14394240
b729ad24b6b0,076ae68a5277,MH / ΔW / feedback / ring,42,/home/gogoi/ahlora-runs/p3-heterogeneous-feedback,full_data_benchmark,50,0.2771755263509387,0.2771,0.0942,0.157,0.2135,143.3611328125,1.313677627981537,0.014298405336255194,0.05817080470185643,51.87314291966614,,,30,293760,30,293760,0.6073831645771861,14688000,14688000
b729ad24b6b0,8fbe5acc92e3,Oracle / ΔW / feedback / bridge 5,42,/home/gogoi/ahlora-runs/p3-heterogeneous-feedback,full_data_benchmark,1,0.07039603321462391,0.0704,0.015,0.032499999999999994,0.055,2.9511149088541666,3.486626647373264,5.301129967349421e-05,0.0002264346608833714,0.0004469653606512895,,,30,293760,30,293760,0.5798198888078332,293760,293760
b729ad24b6b0,8fbe5acc92e3,Oracle / ΔW / feedback / bridge 5,42,/home/gogoi/ahlora-runs/p3-heterogeneous-feedback,full_data_benchmark,2,0.12110371240806023,0.1211,0.0157,0.066,0.0915,3.965460713704427,2.701832063302023,0.00041671910282144284,0.001965824296776293,0.0057826832170536115,,,30,293760,30,293760,0.5652391714975238,587520,587520
b729ad24b6b0,8fbe5acc92e3,Oracle / ΔW / feedback / bridge 5,42,/home/gogoi/ahlora-runs/p3-heterogeneous-feedback,full_data_benchmark,3,0.20100655378016696,0.201,0.0192,0.10549999999999998,0.136,6.600513203938802,2.2837830376220394,0.0016638953663307675,0.0076074026133128286,0.0372732984688966,,,30,293760,30,293760,0.6759689301252365,881280,881280
b729ad24b6b0,8fbe5acc92e3,Oracle / ΔW / feedback / bridge 5,42,/home/gogoi/ahlora-runs/p3-heterogeneous-feedback,full_data_benchmark,4,0.26451579015297155,0.2645,0.0251,0.1265,0.184,11.013090006510417,1.9160359250528705,0.004191018494088442,0.02061794344952392,0.14407834636953584,,,30,293760,30,293760,0.6805388405919075,1175040,1175040
b729ad24b6b0,8fbe5acc92e3,Oracle / ΔW / feedback / bridge 5,42,/home/gogoi/ahlora-runs/p3-heterogeneous-feedback,full_data_benchmark,5,0.2823193508350929,0.2823,0.0311,0.10900000000000001,0.226,7.813835652669271,1.654635875335879,0.008504172703179028,0.0389007481436699,0.34821517075567193,,,210,2056320,80,2853760,0.6840130742639303,3231360,4028800
b729ad24b6b0,8fbe5acc92e3,Oracle / ΔW / feedback / bridge 5,42,/home/gogoi/ahlora-runs/p3-heterogeneous-feedback,full_data_benchmark,6,0.31681891786839317,0.3168,0.0445,0.1485,0.232,13.618269856770834,1.6189675454388872,0.011203786426645514,0.052848157834251154,0.6916509494651109,,,30,293760,30,293760,0.6475285077467561,3525120,4322560
b729ad24b6b0,8fbe5acc92e3,Oracle / ΔW / feedback / bridge 5,42,/home/gogoi/ahlora-runs/p3-heterogeneous-feedback,full_data_benchmark,7,0.3487253370311841,0.3487,0.0521,0.1255,0.28,19.690348307291668,1.4399065991941806,0.014910771397473425,0.07478485228736403,1.1979543378033364,,,30,293760,30,293760,0.6376202246174216,3818880,4616320
b729ad24b6b0,8fbe5acc92e3,Oracle / ΔW / feedback / bridge 5,42,/home/gogoi/ahlora-runs/p3-heterogeneous-feedback,full_data_benchmark,8,0.36772739756247996,0.3677,0.064,0.11149999999999999,0.3035,26.24349568684896,1.3600596934559,0.018194796371938972,0.09146358853430325,1.7978205698988556,,,30,293760,30,293760,0.6824263771995902,4112640,4910080
b729ad24b6b0,8fbe5acc92e3,Oracle / ΔW / feedback / bridge 5,42,/home/gogoi/ahlora-runs/p3-heterogeneous-feedback,full_data_benchmark,9,0.3880264072168121,0.388,0.0786,0.14300000000000002,0.3165,31.385978190104165,1.2764440281707756,0.023823150604573576,0.12200873353640812,2.6236867012819856,,,30,293760,30,293760,0.6295157112181187,4406400,5203840
b729ad24b6b0,8fbe5acc92e3,Oracle / ΔW / feedback / bridge 5,42,/home/gogoi/ahlora-runs/p3-heterogeneous-feedback,full_data_benchmark,10,0.35623989806898343,0.3562,0.0826,0.11200000000000004,0.293,16.911627197265624,1.2256645755579827,0.03420311838970372,0.1463490204357497,3.5292185488777856,,,210,2056320,80,2853760,0.6330721639096737,6462720,8057600
b729ad24b6b0,8fbe5acc92e3,Oracle / ΔW / feedback / bridge 5,42,/home/gogoi/ahlora-runs/p3-heterogeneous-feedback,full_data_benchmark,11,0.394032413222818,0.394,0.0754,0.1375,0.33,25.525447591145834,1.3773097859521934,0.03259731915765525,0.15418612966447093,4.1528684428427365,,,30,293760,30,293760,0.625404629856348,6756480,8351360
b729ad24b6b0,8fbe5acc92e3,Oracle / ΔW / feedback / bridge 5,42,/home/gogoi/ahlora-runs/p3-heterogeneous-feedback,full_data_benchmark,12,0.39853001427214324,0.3985,0.0895,0.11549999999999999,0.337,32.65400390625,1.2459350400737939,0.03433850378032071,0.16615888142945254,5.2126855168413995,,,30,293760,30,293760,0.7047750446945429,7050240,8645120
b729ad24b6b0,8fbe5acc92e3,Oracle / ΔW / feedback / bridge 5,42,/home/gogoi/ahlora-runs/p3-heterogeneous-feedback,full_data_benchmark,13,0.4226307266787027,0.4226,0.0931,0.1405,0.355,39.76195475260417,1.199673456434279,0.03789744232615168,0.18227436953524453,6.282552400167333,,,30,293760,30,293760,0.6532204393297434,7344000,8938880
b729ad24b6b0,8fbe5acc92e3,Oracle / ΔW / feedback / bridge 5,42,/home/gogoi/ahlora-runs/p3-heterogeneous-feedback,full_data_benchmark,14,0.4136385260823042,0.4136,0.0986,0.11950000000000005,0.3455,45.24150797526042,1.1505781782696154,0.04100753044447319,0.18492007035612665,7.438384113570404,,,30,293760,30,293760,0.6257247291505337,7637760,9232640
b729ad24b6b0,8fbe5acc92e3,Oracle / ΔW / feedback / bridge 5,42,/home/gogoi/ahlora-runs/p3-heterogeneous-feedback,full_data_benchmark,15,0.3998520259389825,0.3998,0.0961,0.1355,0.3565,23.827398681640624,1.163695683738515,0.05042864443888103,0.19249806305486106,8.361637149751186,,,210,2056320,80,2853760,0.7082033026963472,9694080,12086400
b729ad24b6b0,8fbe5acc92e3,Oracle / ΔW / feedback / bridge 5,42,/home/gogoi/ahlora-runs/p3-heterogeneous-feedback,full_data_benchmark,16,0.40564027295661476,0.4056,0.0945,0.1265,0.3345,32.597285970052084,1.2863664031381097,0.04762136477523848,0.19879997424164395,9.404251296445727,,,30,293760,30,293760,0.6418089671060443,9987840,12380160
b729ad24b6b0,8fbe5acc92e3,Oracle / ΔW / feedback / bridge 5,42,/home/gogoi/ahlora-runs/p3-heterogeneous-feedback,full_data_benchmark,17,0.4281362321842082,0.4281,0.1039,0.10299999999999998,0.372,41.226131184895834,1.186198930238754,0.04797768912795332,0.21297583708640264,10.62197812066103,,,30,293760,30,293760,0.6344660753384233,10281600,12673920
b729ad24b6b0,8fbe5acc92e3,Oracle / ΔW / feedback / bridge 5,42,/home/gogoi/ahlora-runs/p3-heterogeneous-feedback,full_data_benchmark,18,0.41344312828570706,0.4134,0.1026,0.09800000000000003,0.3665,48.113382975260414,1.1265396953560975,0.04762694648286892,0.20016622656105995,11.65781480614872,,,30,293760,30,293760,0.6523456610739231,10575360,12967680
b729ad24b6b0,8fbe5acc92e3,Oracle / ΔW / feedback / bridge 5,42,/home/gogoi/ahlora-runs/p3-heterogeneous-feedback,full_data_benchmark,19,0.44644254449351906,0.4464,0.1072,0.12549999999999994,0.389,53.66732584635417,1.220363004739358,0.05152633585041613,0.20797827028717486,12.847712125326506,,,30,293760,30,293760,0.6161541352048516,10869120,13261440
b729ad24b6b0,8fbe5acc92e3,Oracle / ΔW / feedback / bridge 5,42,/home/gogoi/ahlora-runs/p3-heterogeneous-feedback,full_data_benchmark,20,0.39656132894513707,0.3965,0.1043,0.09649999999999997,0.3395,29.451216634114584,1.1071217758493845,0.05804195808724652,0.2193384179068901,13.31377060736219,,,210,2056320,80,2853760,0.6294044340029359,12925440,16115200
b729ad24b6b0,8fbe5acc92e3,Oracle / ΔW / feedback / bridge 5,42,/home/gogoi/ahlora-runs/p3-heterogeneous-feedback,full_data_benchmark,21,0.4102489295892594,0.4102,0.0992,0.10600000000000004,0.3625,38.93356119791667,1.333174044538438,0.05464809072320574,0.2268477361647271,13.983371097408234,,,30,293760,30,293760,0.6286053145304322,13219200,16408960
b729ad24b6b0,8fbe5acc92e3,Oracle / ΔW / feedback / bridge 5,42,/home/gogoi/ahlora-runs/p3-heterogeneous-feedback,full_data_benchmark,22,0.44124364244304276,0.4412,0.106,0.12749999999999995,0.378,45.48401692708333,1.217341733045412,0.05299423475559331,0.2083495195429232,15.348957334132866,,,30,293760,30,293760,0.6570134116336703,13512960,16702720
b729ad24b6b0,8fbe5acc92e3,Oracle / ΔW / feedback / bridge 5,42,/home/gogoi/ahlora-runs/p3-heterogeneous-feedback,full_data_benchmark,23,0.4444465454960208,0.4444,0.108,0.09799999999999998,0.38,52.849560546875,1.1053544831626274,0.05401584162486705,0.2134344453497704,16.770255582865015,,,30,293760,30,293760,0.641757421195507,13806720,16996480
b729ad24b6b0,8fbe5acc92e3,Oracle / ΔW / feedback / bridge 5,42,/home/gogoi/ahlora-runs/p3-heterogeneous-feedback,full_data_benchmark,24,0.4408507457982721,0.4408,0.1027,0.10649999999999998,0.3765,57.65623372395833,1.1326808522790561,0.056199309574530024,0.21476754506429763,18.408939664653737,,,30,293760,30,293760,0.6896571647375822,14100480,17290240
b729ad24b6b0,8fbe5acc92e3,Oracle / ΔW / feedback / bridge 5,42,/home/gogoi/ahlora-runs/p3-heterogeneous-feedback,full_data_benchmark,25,0.4079611845728787,0.4079,0.1123,0.1295,0.337,32.57962239583333,1.131732610447639,0.06161203783803929,0.20686796224233403,18.696387463311353,,,210,2056320,80,2853760,0.6327010281383991,16156800,20144000
b729ad24b6b0,8fbe5acc92e3,Oracle / ΔW / feedback / bridge 5,42,/home/gogoi/ahlora-runs/p3-heterogeneous-feedback,full_data_benchmark,26,0.4304521913217566,0.4304,0.1005,0.1225,0.3665,41.30081380208333,1.296358118540414,0.056139363492202235,0.20556293885025095,19.34318988888214,,,30,293760,30,293760,0.6345803132280707,16450560,20437760
b729ad24b6b0,8fbe5acc92e3,Oracle / ΔW / feedback / bridge 5,42,/home/gogoi/ahlora-runs/p3-heterogeneous-feedback,full_data_benchmark,27,0.43345069207138176,0.4334,0.1109,0.10849999999999999,0.3755,49.309366861979164,1.1935933173393738,0.05541490585254801,0.20091148202722436,20.963581946740547,,,30,293760,30,293760,0.5581055097281933,16744320,20731520
b729ad24b6b0,8fbe5acc92e3,Oracle / ΔW / feedback / bridge 5,42,/home/gogoi/ahlora-runs/p3-heterogeneous-feedback,full_data_benchmark,28,0.4399550975263119,0.4399,0.1041,0.14900000000000002,0.3475,58.007975260416664,1.1302272158850104,0.055630074303814434,0.20473360943523744,22.35826352109046,,,30,293760,30,293760,0.6462040171027184,17038080,21025280
b729ad24b6b0,8fbe5acc92e3,Oracle / ΔW / feedback / bridge 5,42,/home/gogoi/ahlora-runs/p3-heterogeneous-feedback,full_data_benchmark,29,0.4451549000274638,0.4451,0.0982,0.11899999999999994,0.3825,65.31134847005208,1.1923073081905107,0.05563426236476416,0.19058402676824027,23.519355715799612,,,30,293760,30,293760,0.6122374944388866,17331840,21319040
b729ad24b6b0,8fbe5acc92e3,Oracle / ΔW / feedback / bridge 5,42,/home/gogoi/ahlora-runs/p3-heterogeneous-feedback,full_data_benchmark,30,0.4212672942807875,0.4212,0.095,0.10150000000000003,0.3635,36.488850911458336,1.1049194199874404,0.060283429811068726,0.1975270803466406,24.027145302047334,,,210,2056320,80,2853760,0.5529933795332909,19388160,24172800
b729ad24b6b0,8fbe5acc92e3,Oracle / ΔW / feedback / bridge 5,42,/home/gogoi/ahlora-runs/p3-heterogeneous-feedback,full_data_benchmark,31,0.4158566362464413,0.4158,0.1074,0.11300000000000004,0.3485,46.701456705729164,1.288401686683477,0.05548891204790587,0.18832289429800067,25.057402624500295,,,30,293760,30,293760,0.5531086195260286,19681920,24466560
b729ad24b6b0,8fbe5acc92e3,Oracle / ΔW / feedback / bridge 5,42,/home/gogoi/ahlora-runs/p3-heterogeneous-feedback,full_data_benchmark,32,0.4336538937738338,0.4336,0.1139,0.129,0.365,54.96855875651042,1.249531757539358,0.05298723302883885,0.176885146020788,26.572868110922474,,,30,293760,30,293760,0.5594410365447402,19975680,24760320
b729ad24b6b0,8fbe5acc92e3,Oracle / ΔW / feedback / bridge 5,42,/home/gogoi/ahlora-runs/p3-heterogeneous-feedback,full_data_benchmark,33,0.43496119807963896,0.4349,0.0991,0.08749999999999997,0.389,62.42486572265625,1.1452731470512076,0.052449999676557425,0.1703252780631946,27.71046550355386,,,30,293760,30,293760,0.5609223870560527,20269440,25054080
b729ad24b6b0,8fbe5acc92e3,Oracle / ΔW / feedback / bridge 5,42,/home/gogoi/ahlora-runs/p3-heterogeneous-feedback,full_data_benchmark,34,0.4550567058812936,0.455,0.1095,0.17400000000000004,0.361,69.5950927734375,1.2153305085744357,0.05424955282516105,0.18292293267599438,29.14530478020897,,,30,293760,30,293760,0.5779896304011345,20563200,25347840
b729ad24b6b0,8fbe5acc92e3,Oracle / ΔW / feedback / bridge 5,42,/home/gogoi/ahlora-runs/p3-heterogeneous-feedback,full_data_benchmark,35,0.40477358918138523,0.4047,0.1045,0.10200000000000004,0.345,40.517635091145834,1.0772655811244198,0.057542292491009873,0.18974830988617572,30.006605730205774,,,210,2056320,80,2853760,0.5367521615698934,22619520,28201600
b729ad24b6b0,8fbe5acc92e3,Oracle / ΔW / feedback / bridge 5,42,/home/gogoi/ahlora-runs/p3-heterogeneous-feedback,full_data_benchmark,36,0.43255474364919644,0.4325,0.0955,0.15899999999999997,0.336,51.404789225260416,1.369369698115192,0.051952667469995786,0.1708316191485037,30.347319725404184,,,30,293760,30,293760,0.5787397706881166,22913280,28495360
b729ad24b6b0,8fbe5acc92e3,Oracle / ΔW / feedback / bridge 5,42,/home/gogoi/ahlora-runs/p3-heterogeneous-feedback,full_data_benchmark,37,0.44385915150532845,0.4438,0.1171,0.11349999999999999,0.3705,62.98133951822917,1.1833081189876347,0.04962552953881678,0.1634161596419347,32.0081871084248,,,30,293760,30,293760,0.6457725064828992,23207040,28789120
b729ad24b6b0,8fbe5acc92e3,Oracle / ΔW / feedback / bridge 5,42,/home/gogoi/ahlora-runs/p3-heterogeneous-feedback,full_data_benchmark,38,0.43876260068164114,0.4387,0.1107,0.14950000000000002,0.3605,72.463232421875,1.1713706873981653,0.04902805014530804,0.16507464923736373,33.675589556021926,,,30,293760,30,293760,0.6496592340990901,23500800,29082880
b729ad24b6b0,8fbe5acc92e3,Oracle / ΔW / feedback / bridge 5,42,/home/gogoi/ahlora-runs/p3-heterogeneous-feedback,full_data_benchmark,39,0.4429635032333684,0.4429,0.0946,0.14949999999999997,0.352,77.94835611979167,1.2183840024944605,0.04963008255469903,0.16975551984590062,35.24813321836215,,,30,293760,30,293760,0.7121660159900784,23794560,29376640
b729ad24b6b0,8fbe5acc92e3,Oracle / ΔW / feedback / bridge 5,42,/home/gogoi/ahlora-runs/p3-heterogeneous-feedback,full_data_benchmark,40,0.41037349193271233,0.4103,0.1137,0.13199999999999995,0.343,44.99187418619792,1.179860853093894,0.05206180461185158,0.1684532868547047,35.54426755184929,,,210,2056320,80,2853760,0.6349044293165207,25850880,32230400
b729ad24b6b0,8fbe5acc92e3,Oracle / ΔW / feedback / bridge 5,42,/home/gogoi/ahlora-runs/p3-heterogeneous-feedback,full_data_benchmark,41,0.42606039322681,0.426,0.0931,0.177,0.327,54.6700439453125,1.3084712573079018,0.0477089071450181,0.15131657752376862,36.29181394279003,,,30,293760,30,293760,0.5684733744710684,26144640,32524160
b729ad24b6b0,8fbe5acc92e3,Oracle / ΔW / feedback / bridge 5,42,/home/gogoi/ahlora-runs/p3-heterogeneous-feedback,full_data_benchmark,42,0.4322625474049762,0.4322,0.0929,0.15099999999999997,0.3585,66.44883626302084,1.2474848241972607,0.04533748173394033,0.1482957962082458,37.7205704961593,,,30,293760,30,293760,0.5527025684714317,26438400,32817920
b729ad24b6b0,8fbe5acc92e3,Oracle / ΔW / feedback / bridge 5,42,/home/gogoi/ahlora-runs/p3-heterogeneous-feedback,full_data_benchmark,43,0.4247676462069266,0.4247,0.096,0.11350000000000005,0.353,74.65260416666666,1.2014145376577936,0.04551458260867161,0.15034121233378636,39.07824920197017,,,30,293760,30,293760,0.5686539150774479,26732160,33111680
b729ad24b6b0,8fbe5acc92e3,Oracle / ΔW / feedback / bridge 5,42,/home/gogoi/ahlora-runs/p3-heterogeneous-feedback,full_data_benchmark,44,0.4452580016298157,0.4452,0.0973,0.17849999999999994,0.33,84.2099609375,1.262136445614454,0.04470126430256434,0.1473812190891952,39.94506321852096,,,30,293760,30,293760,0.5820491695776582,27025920,33405440
b729ad24b6b0,8fbe5acc92e3,Oracle / ΔW / feedback / bridge 5,42,/home/gogoi/ahlora-runs/p3-heterogeneous-feedback,full_data_benchmark,45,0.409375192283738,0.4093,0.0692,0.1255,0.3375,47.01988932291667,1.1408711811619934,0.04714696017717283,0.153492237035291,40.69205863624811,,,210,2056320,80,2853760,0.5804945444688201,29082240,36259200
b729ad24b6b0,8fbe5acc92e3,Oracle / ΔW / feedback / bridge 5,42,/home/gogoi/ahlora-runs/p3-heterogeneous-feedback,full_data_benchmark,46,0.4243630437033736,0.4243,0.0754,0.14750000000000002,0.3505,57.8828369140625,1.3448901866601781,0.04386339567185293,0.14009833647091857,41.72065366568665,,,30,293760,30,293760,0.6103331623598933,29376000,36552960
b729ad24b6b0,8fbe5acc92e3,Oracle / ΔW / feedback / bridge 5,42,/home/gogoi/ahlora-runs/p3-heterogeneous-feedback,full_data_benchmark,47,0.42366804585695145,0.4236,0.0898,0.14149999999999996,0.3295,68.16888834635417,1.2475796543531452,0.04181331324817051,0.14086059051700636,43.2171199467654,,,30,293760,30,293760,0.5648310072720051,29669760,36846720
b729ad24b6b0,8fbe5acc92e3,Oracle / ΔW / feedback / bridge 5,42,/home/gogoi/ahlora-runs/p3-heterogeneous-feedback,full_data_benchmark,48,0.43187130158644405,0.4318,0.0901,0.16799999999999998,0.333,78.42189127604166,1.2195567768855933,0.04214393540148092,0.14575961129533815,44.908070505037905,,,30,293760,30,293760,0.6438610209152102,29963520,37140480
b729ad24b6b0,8fbe5acc92e3,Oracle / ΔW / feedback / bridge 5,42,/home/gogoi/ahlora-runs/p3-heterogeneous-feedback,full_data_benchmark,49,0.4553616585100843,0.4553,0.0907,0.10699999999999998,0.3915,87.7613525390625,1.1660342584478016,0.042297633457271354,0.14084609606943513,46.19382335538976,,,30,293760,30,293760,0.6511518461629748,30257280,37434240
b729ad24b6b0,8fbe5acc92e3,Oracle / ΔW / feedback / bridge 5,42,/home/gogoi/ahlora-runs/p3-heterogeneous-feedback,full_data_benchmark,50,0.41657774716245477,0.4165,0.0797,0.14949999999999997,0.3415,51.834407552083334,1.1407835965165454,0.04366279892313709,0.14613990804193197,47.164477318525314,,,210,2056320,80,2853760,0.6723099900409579,32313600,40288000
b729ad24b6b0,076ae68a5277,MH / ΔW / feedback / ring,43,/home/gogoi/ahlora-runs/p3-heterogeneous-feedback,full_data_benchmark,1,0.027597912755334044,0.0276,0.0098,0.03,0.013,1.3012284596761068,3.5922637717830983,5.8536060535159225e-05,0.0003471468904330706,0.0003224201127769296,,,30,293760,30,293760,0.6343212183564901,293760,293760
b729ad24b6b0,076ae68a5277,MH / ΔW / feedback / ring,43,/home/gogoi/ahlora-runs/p3-heterogeneous-feedback,full_data_benchmark,2,0.058200329264797034,0.0582,0.007,0.060500000000000005,0.0365,2.5701754252115885,3.0112266068320794,0.00022166364112894432,0.0013956233957489374,0.0032219011061291286,,,30,293760,30,293760,0.6387989595532417,587520,587520
b729ad24b6b0,076ae68a5277,MH / ΔW / feedback / ring,43,/home/gogoi/ahlora-runs/p3-heterogeneous-feedback,full_data_benchmark,3,0.08910754832793814,0.0891,0.0129,0.14650000000000002,0.0245,4.284100850423177,2.6029724497888664,0.0005108093132613813,0.002831425541409057,0.015717090498947074,,,30,293760,30,293760,0.7060819743201137,881280,881280
b729ad24b6b0,076ae68a5277,MH / ΔW / feedback / ring,43,/home/gogoi/ahlora-runs/p3-heterogeneous-feedback,full_data_benchmark,4,0.1298134716425571,0.1298,0.0193,0.217,0.0415,6.34354248046875,2.3191305665711313,0.0011915548000667783,0.0061845245130593696,0.06169495061427976,,,30,293760,30,293760,0.6758876889944077,1175040,1175040
b729ad24b6b0,076ae68a5277,MH / ΔW / feedback / ring,43,/home/gogoi/ahlora-runs/p3-heterogeneous-feedback,full_data_benchmark,5,0.1600199900049975,0.16,0.0238,0.28950000000000004,0.046,8.74180908203125,2.0944801897537255,0.002292784778518069,0.011648004593318498,0.1735200467868708,,,30,293760,30,293760,0.6373125957325101,1468800,1468800
b729ad24b6b0,076ae68a5277,MH / ΔW / feedback / ring,43,/home/gogoi/ahlora-runs/p3-heterogeneous-feedback,full_data_benchmark,6,0.17842520181350768,0.1784,0.0321,0.318,0.0445,11.413033040364583,1.9291132444439265,0.003535529009039796,0.017725159501501917,0.37004756409830103,,,30,293760,30,293760,0.6930998712778091,1762560,1762560
b729ad24b6b0,076ae68a5277,MH / ΔW / feedback / ring,43,/home/gogoi/ahlora-runs/p3-heterogeneous-feedback,full_data_benchmark,7,0.20312381346864106,0.2031,0.036,0.3575,0.0605,13.779770914713541,1.806072513777201,0.005065835776870664,0.026165551703996894,0.6770580663578585,,,30,293760,30,293760,0.6432505482807755,2056320,2056320
b729ad24b6b0,076ae68a5277,MH / ΔW / feedback / ring,43,/home/gogoi/ahlora-runs/p3-heterogeneous-feedback,full_data_benchmark,8,0.21803002402702554,0.218,0.0441,0.32599999999999996,0.0905,16.308544921875,1.7203922709261488,0.006990888837440561,0.03539057396814621,1.155233814078383,,,30,293760,30,293760,0.6354781659319997,2350080,2350080
b729ad24b6b0,076ae68a5277,MH / ΔW / feedback / ring,43,/home/gogoi/ahlora-runs/p3-heterogeneous-feedback,full_data_benchmark,9,0.2296288792540667,0.2296,0.051,0.36250000000000004,0.088,18.262740071614584,1.6440921232831303,0.00899449053847414,0.049048942809755754,1.7426268806525818,,,30,293760,30,293760,0.6248471150174737,2643840,2643840
b729ad24b6b0,076ae68a5277,MH / ΔW / feedback / ring,43,/home/gogoi/ahlora-runs/p3-heterogeneous-feedback,full_data_benchmark,10,0.24243193718456085,0.2424,0.0575,0.35000000000000003,0.102,20.510982259114584,1.5982980785787015,0.011054768282954626,0.060450744414960615,2.5227090005918096,,,30,293760,30,293760,0.5977917900308967,2937600,2937600
b729ad24b6b0,076ae68a5277,MH / ΔW / feedback / ring,43,/home/gogoi/ahlora-runs/p3-heterogeneous-feedback,full_data_benchmark,11,0.24043698871285082,0.2404,0.0574,0.34550000000000003,0.1045,22.578324381510416,1.5522413419707242,0.012799892706376817,0.07043052091870118,3.3411424208432434,,,30,293760,30,293760,0.5948742087930441,3231360,3231360
b729ad24b6b0,076ae68a5277,MH / ΔW / feedback / ring,43,/home/gogoi/ahlora-runs/p3-heterogeneous-feedback,full_data_benchmark,12,0.24953634293964128,0.2495,0.068,0.35800000000000004,0.1075,25.047049967447915,1.5291561491905277,0.01449409722951944,0.08144743786731151,4.188862341347461,,,30,293760,30,293760,0.5905024902895093,3525120,3525120
b729ad24b6b0,076ae68a5277,MH / ΔW / feedback / ring,43,/home/gogoi/ahlora-runs/p3-heterogeneous-feedback,full_data_benchmark,13,0.2506371438905172,0.2506,0.0647,0.3335,0.121,25.794083658854166,1.506467420729702,0.015764983647433017,0.08832591624633494,5.232798609184101,,,30,293760,30,293760,0.6285848980769515,3818880,3818880
b729ad24b6b0,076ae68a5277,MH / ΔW / feedback / ring,43,/home/gogoi/ahlora-runs/p3-heterogeneous-feedback,full_data_benchmark,14,0.25743899821860844,0.2574,0.0783,0.39649999999999996,0.098,27.861079915364584,1.4771213339685434,0.01741628398561113,0.09504480511646235,6.311668280636271,,,30,293760,30,293760,0.5914042089134455,4112640,4112640
b729ad24b6b0,076ae68a5277,MH / ΔW / feedback / ring,43,/home/gogoi/ahlora-runs/p3-heterogeneous-feedback,full_data_benchmark,15,0.26074170122146134,0.2607,0.0732,0.2945,0.141,29.234684244791666,1.4523212386487339,0.01875281964828463,0.10111817677269068,7.501940431476881,,,30,293760,30,293760,0.6396455178037286,4406400,4406400
b729ad24b6b0,076ae68a5277,MH / ΔW / feedback / ring,43,/home/gogoi/ahlora-runs/p3-heterogeneous-feedback,full_data_benchmark,16,0.25583889736813276,0.2558,0.0825,0.3635,0.1165,31.889412434895835,1.4415463136813658,0.020171229251464896,0.10733715313768497,8.79937655441463,,,30,293760,30,293760,0.6658003302291036,4700160,4700160
b729ad24b6b0,076ae68a5277,MH / ΔW / feedback / ring,43,/home/gogoi/ahlora-runs/p3-heterogeneous-feedback,full_data_benchmark,17,0.26244355299827565,0.2624,0.0743,0.329,0.117,32.900065104166664,1.4112255269954845,0.021283755769136367,0.11145116108603538,10.063386872162422,,,30,293760,30,293760,0.6506171869114041,4993920,4993920
b729ad24b6b0,076ae68a5277,MH / ΔW / feedback / ring,43,/home/gogoi/ahlora-runs/p3-heterogeneous-feedback,full_data_benchmark,18,0.2608449528989259,0.2608,0.0786,0.34299999999999997,0.126,35.51766764322917,1.4296105970883617,0.02251958386950099,0.11924846656982888,11.389151555423934,,,30,293760,30,293760,0.6362992571666837,5287680,5287680
b729ad24b6b0,076ae68a5277,MH / ΔW / feedback / ring,43,/home/gogoi/ahlora-runs/p3-heterogeneous-feedback,full_data_benchmark,19,0.27534220877549215,0.2753,0.0783,0.32699999999999996,0.144,37.587605794270836,1.3967377279625357,0.023487497969526674,0.12589225484014518,12.704678272455931,,,30,293760,30,293760,0.6334145367145538,5581440,5581440
b729ad24b6b0,076ae68a5277,MH / ΔW / feedback / ring,43,/home/gogoi/ahlora-runs/p3-heterogeneous-feedback,full_data_benchmark,20,0.26344995670333005,0.2634,0.0854,0.38,0.1185,38.72134195963542,1.3989648360043105,0.02528609999224019,0.13385282839546667,14.285267748869956,,,30,293760,30,293760,0.6291936812922359,5875200,5875200
b729ad24b6b0,076ae68a5277,MH / ΔW / feedback / ring,43,/home/gogoi/ahlora-runs/p3-heterogeneous-feedback,full_data_benchmark,21,0.2721534127830979,0.2721,0.0841,0.28900000000000003,0.145,41.56568603515625,1.3973482102350487,0.025057421112202678,0.1342062910712323,15.536080282181501,,,30,293760,30,293760,0.6340795569121838,6168960,6168960
b729ad24b6b0,076ae68a5277,MH / ΔW / feedback / ring,43,/home/gogoi/ahlora-runs/p3-heterogeneous-feedback,full_data_benchmark,22,0.2639534587060824,0.2639,0.0864,0.3535,0.1305,42.78363037109375,1.3991491499081623,0.027504299012211793,0.14124229721029524,17.222236758222184,,,30,293760,30,293760,0.6407129662111402,6462720,6462720
b729ad24b6b0,076ae68a5277,MH / ΔW / feedback / ring,43,/home/gogoi/ahlora-runs/p3-heterogeneous-feedback,full_data_benchmark,23,0.2769564166865516,0.2769,0.0828,0.2815,0.162,44.19468994140625,1.391543330782126,0.02727644259546898,0.1442934259546104,18.587491284683345,,,30,293760,30,293760,0.637555442750454,6756480,6756480
b729ad24b6b0,076ae68a5277,MH / ΔW / feedback / ring,43,/home/gogoi/ahlora-runs/p3-heterogeneous-feedback,full_data_benchmark,24,0.2728563646104875,0.2728,0.0909,0.33249999999999996,0.1405,45.486690266927084,1.4241498264172636,0.029026930296320377,0.1496440962924343,20.27493893827001,,,30,293760,30,293760,0.6324431821703911,7050240,7050240
b729ad24b6b0,076ae68a5277,MH / ΔW / feedback / ring,43,/home/gogoi/ahlora-runs/p3-heterogeneous-feedback,full_data_benchmark,25,0.2677478077777928,0.2677,0.0991,0.31100000000000005,0.1435,48.42692464192708,1.3640588938610767,0.029446224838780725,0.15207646425767998,21.788495268796883,,,30,293760,30,293760,0.6355381896719337,7344000,7344000
b729ad24b6b0,076ae68a5277,MH / ΔW / feedback / ring,43,/home/gogoi/ahlora-runs/p3-heterogeneous-feedback,full_data_benchmark,26,0.27835631733682703,0.2783,0.0891,0.32499999999999996,0.1525,48.81215006510417,1.4019088858383344,0.03146385180127141,0.16161454091855068,23.52793296848734,,,30,293760,30,293760,0.6481028134003282,7637760,7637760
b729ad24b6b0,076ae68a5277,MH / ΔW / feedback / ring,43,/home/gogoi/ahlora-runs/p3-heterogeneous-feedback,full_data_benchmark,27,0.2558551054802929,0.2558,0.0902,0.34,0.12,51.53450113932292,1.3435981570365108,0.03151501748215071,0.15658585290291058,25.10475097397963,,,30,293760,30,293760,0.6317233238369226,7931520,7931520
b729ad24b6b0,076ae68a5277,MH / ΔW / feedback / ring,43,/home/gogoi/ahlora-runs/p3-heterogeneous-feedback,full_data_benchmark,28,0.2867635251443348,0.2867,0.099,0.2485,0.183,52.60802408854167,1.4518951482338918,0.032374815214027276,0.15762427020647626,26.752686818689106,,,30,293760,30,293760,0.6000100141391158,8225280,8225280
b729ad24b6b0,076ae68a5277,MH / ΔW / feedback / ring,43,/home/gogoi/ahlora-runs/p3-heterogeneous-feedback,full_data_benchmark,29,0.2614667140904023,0.2614,0.0918,0.278,0.158,55.50721842447917,1.3864208994601108,0.032483932477017356,0.15192139028981855,28.38929804811875,,,30,293760,30,293760,0.5826844377443194,8519040,8519040
b729ad24b6b0,076ae68a5277,MH / ΔW / feedback / ring,43,/home/gogoi/ahlora-runs/p3-heterogeneous-feedback,full_data_benchmark,30,0.2892565729147438,0.2892,0.0931,0.33299999999999996,0.161,57.53422444661458,1.4328378125164258,0.03320164790198186,0.15172675334546007,30.201174688960116,,,30,293760,30,293760,0.5815373696386814,8812800,8812800
b729ad24b6b0,076ae68a5277,MH / ΔW / feedback / ring,43,/home/gogoi/ahlora-runs/p3-heterogeneous-feedback,full_data_benchmark,31,0.26607146877011945,0.266,0.0988,0.259,0.1675,60.17176106770833,1.3747178362075396,0.03407962029360091,0.1568627153691008,31.73455485080679,,,30,293760,30,293760,0.616660600528121,9106560,9106560
b729ad24b6b0,076ae68a5277,MH / ΔW / feedback / ring,43,/home/gogoi/ahlora-runs/p3-heterogeneous-feedback,full_data_benchmark,32,0.2662706184445315,0.2662,0.0933,0.3405,0.115,63.037150065104164,1.4062962744551237,0.03402817093260251,0.15143368259344742,33.8234398715198,,,30,293760,30,293760,0.5460538119077682,9400320,9400320
b729ad24b6b0,076ae68a5277,MH / ΔW / feedback / ring,43,/home/gogoi/ahlora-runs/p3-heterogeneous-feedback,full_data_benchmark,33,0.2655691673682678,0.2655,0.1096,0.3005,0.141,64.17240397135417,1.4161677025536474,0.034093525414625694,0.15220177303088414,35.265292248378195,,,30,293760,30,293760,0.6210402715951204,9694080,9694080
b729ad24b6b0,076ae68a5277,MH / ΔW / feedback / ring,43,/home/gogoi/ahlora-runs/p3-heterogeneous-feedback,full_data_benchmark,34,0.2704671688179934,0.2704,0.0938,0.38249999999999995,0.099,66.01953938802083,1.3618213538977806,0.03545362590621142,0.16564536341808536,36.797450221329925,,,30,293760,30,293760,0.6172536863014102,9987840,9987840
b729ad24b6b0,076ae68a5277,MH / ΔW / feedback / ring,43,/home/gogoi/ahlora-runs/p3-heterogeneous-feedback,full_data_benchmark,35,0.2749737743740742,0.2749,0.1059,0.2405,0.1775,66.98220621744791,1.4190195100970486,0.03689516543262796,0.16828888202353748,38.933339551836255,,,30,293760,30,293760,0.5589924156665802,10281600,10281600
b729ad24b6b0,076ae68a5277,MH / ΔW / feedback / ring,43,/home/gogoi/ahlora-runs/p3-heterogeneous-feedback,full_data_benchmark,36,0.2595717156436797,0.2595,0.1052,0.3345,0.1055,72.0462890625,1.386298298276134,0.037197944972658395,0.16502312607751,40.78307614897688,,,30,293760,30,293760,0.5773950600996614,10575360,10575360
b729ad24b6b0,076ae68a5277,MH / ΔW / feedback / ring,43,/home/gogoi/ahlora-runs/p3-heterogeneous-feedback,full_data_benchmark,37,0.2626704665685175,0.2626,0.1066,0.2885,0.13,73.47119954427083,1.3922579073586208,0.0382766294582455,0.17064060322096078,42.38946409150958,,,30,293760,30,293760,0.5588519806042314,10869120,10869120
b729ad24b6b0,076ae68a5277,MH / ΔW / feedback / ring,43,/home/gogoi/ahlora-runs/p3-heterogeneous-feedback,full_data_benchmark,38,0.27226987107047074,0.2722,0.0918,0.311,0.1355,75.68134765625,1.4136362405623815,0.03948213589697602,0.17646200586295746,44.6555655742685,,,30,293760,30,293760,0.566792631521821,11162880,11162880
b729ad24b6b0,076ae68a5277,MH / ΔW / feedback / ring,43,/home/gogoi/ahlora-runs/p3-heterogeneous-feedback,full_data_benchmark,39,0.2640679660169915,0.264,0.0971,0.3335,0.1155,79.08167317708333,1.3744329662135952,0.03935860579971425,0.17425009800851085,46.43811295703053,,,30,293760,30,293760,0.5671314978972077,11456640,11456640
b729ad24b6b0,076ae68a5277,MH / ΔW / feedback / ring,43,/home/gogoi/ahlora-runs/p3-heterogeneous-feedback,full_data_benchmark,40,0.283970327148738,0.2839,0.1075,0.313,0.139,84.4705810546875,1.484963026472928,0.0396086669688113,0.1734396356043738,47.96717136303584,,,30,293760,30,293760,0.5560699542984366,11750400,11750400
b729ad24b6b0,076ae68a5277,MH / ΔW / feedback / ring,43,/home/gogoi/ahlora-runs/p3-heterogeneous-feedback,full_data_benchmark,41,0.2974659817238528,0.2974,0.1016,0.28250000000000003,0.1735,87.9104736328125,1.3687874374035323,0.03968270983250472,0.1758016624005539,49.71895030836264,,,30,293760,30,293760,0.5619191043078899,12044160,12044160
b729ad24b6b0,076ae68a5277,MH / ΔW / feedback / ring,43,/home/gogoi/ahlora-runs/p3-heterogeneous-feedback,full_data_benchmark,42,0.2683754218986603,0.2683,0.1009,0.33199999999999996,0.091,91.74750162760417,1.355943588679343,0.039713399136308,0.17220140298843276,51.78784853518009,,,30,293760,30,293760,0.6298910705372691,12337920,12337920
b729ad24b6b0,076ae68a5277,MH / ΔW / feedback / ring,43,/home/gogoi/ahlora-runs/p3-heterogeneous-feedback,full_data_benchmark,43,0.281669375522449,0.2816,0.1052,0.31699999999999995,0.166,94.99302571614584,1.4594613816798483,0.03935357742862935,0.17239001579723362,53.05433032313983,,,30,293760,30,293760,0.5815242435783148,12631680,12631680
b729ad24b6b0,076ae68a5277,MH / ΔW / feedback / ring,43,/home/gogoi/ahlora-runs/p3-heterogeneous-feedback,full_data_benchmark,44,0.26797186992089544,0.2679,0.1089,0.341,0.109,97.45843098958333,1.4355754656133446,0.03881617262023343,0.16953695722251277,54.908037437001866,,,30,293760,30,293760,0.5952202286571264,12925440,12925440
b729ad24b6b0,076ae68a5277,MH / ΔW / feedback / ring,43,/home/gogoi/ahlora-runs/p3-heterogeneous-feedback,full_data_benchmark,45,0.28097602850226533,0.2809,0.0902,0.30000000000000004,0.164,102.272119140625,1.4356815599943074,0.0390342736813258,0.174374377958713,56.28517207006613,,,30,293760,30,293760,0.5971699487417936,13219200,13219200
b729ad24b6b0,076ae68a5277,MH / ΔW / feedback / ring,43,/home/gogoi/ahlora-runs/p3-heterogeneous-feedback,full_data_benchmark,46,0.26757372064718393,0.2675,0.1016,0.364,0.101,107.50515950520834,1.3986032333527,0.038623238886053006,0.17028794302850972,58.56700283139944,,,30,293760,30,293760,0.5935648530721664,13512960,13512960
b729ad24b6b0,076ae68a5277,MH / ΔW / feedback / ring,43,/home/gogoi/ahlora-runs/p3-heterogeneous-feedback,full_data_benchmark,47,0.29377113245179215,0.2937,0.106,0.31000000000000005,0.157,108.1781982421875,1.4497477554175822,0.03869101771883833,0.17312025025645922,60.31272700975339,,,30,293760,30,293760,0.569080064073205,13806720,13806720
b729ad24b6b0,076ae68a5277,MH / ΔW / feedback / ring,43,/home/gogoi/ahlora-runs/p3-heterogeneous-feedback,full_data_benchmark,48,0.26687707197452326,0.2668,0.0997,0.27449999999999997,0.15,117.3519775390625,1.4330260317643309,0.03756887401823853,0.17072655251177876,62.16886731336514,,,30,293760,30,293760,0.6091930530965328,14100480,14100480
b729ad24b6b0,076ae68a5277,MH / ΔW / feedback / ring,43,/home/gogoi/ahlora-runs/p3-heterogeneous-feedback,full_data_benchmark,49,0.26997312154733444,0.2699,0.0999,0.287,0.134,121.29095052083333,1.5229059536399405,0.03714124030641231,0.16935828733034933,64.0028205037117,,,30,293760,30,293760,0.5874513443559408,14394240,14394240
b729ad24b6b0,076ae68a5277,MH / ΔW / feedback / ring,43,/home/gogoi/ahlora-runs/p3-heterogeneous-feedback,full_data_benchmark,50,0.27477822650236444,0.2747,0.1038,0.3545,0.1175,125.50790201822916,1.4200981508895003,0.03733535442162094,0.17747179674005883,65.37859239081541,,,30,293760,30,293760,0.619387692771852,14688000,14688000
b729ad24b6b0,8fbe5acc92e3,Oracle / ΔW / feedback / bridge 5,43,/home/gogoi/ahlora-runs/p3-heterogeneous-feedback,full_data_benchmark,1,0.05340032686359523,0.0534,0.0098,0.0415,0.0425,2.592310587565104,3.5922637717830983,8.217997389226573e-05,0.0003487147035786839,0.0005976215968520512,,,30,293760,30,293760,0.5784908942878246,293760,293760
b729ad24b6b0,8fbe5acc92e3,Oracle / ΔW / feedback / bridge 5,43,/home/gogoi/ahlora-runs/p3-heterogeneous-feedback,full_data_benchmark,2,0.1095026060543302,0.1095,0.0118,0.08399999999999999,0.062,3.4105814615885417,2.765320668090603,0.000511857315043742,0.001823158431822499,0.006354132716734225,,,30,293760,30,293760,0.582758636213839,587520,587520
b729ad24b6b0,8fbe5acc92e3,Oracle / ΔW / feedback / bridge 5,43,/home/gogoi/ahlora-runs/p3-heterogeneous-feedback,full_data_benchmark,3,0.19261075168121644,0.1926,0.0157,0.07600000000000001,0.151,5.650407918294271,2.2995278420039815,0.002000082165636415,0.007757854659782432,0.039818172909689524,,,30,293760,30,293760,0.6494511421769857,881280,881280
b729ad24b6b0,8fbe5acc92e3,Oracle / ΔW / feedback / bridge 5,43,/home/gogoi/ahlora-runs/p3-heterogeneous-feedback,full_data_benchmark,4,0.26101333717525627,0.261,0.0276,0.08549999999999999,0.2175,9.39224853515625,1.915812723220417,0.005098020708420196,0.02174299308551542,0.1554787549323739,,,30,293760,30,293760,0.5761383483186364,1175040,1175040
b729ad24b6b0,8fbe5acc92e3,Oracle / ΔW / feedback / bridge 5,43,/home/gogoi/ahlora-runs/p3-heterogeneous-feedback,full_data_benchmark,5,0.2913172542857701,0.2913,0.0313,0.09300000000000003,0.246,6.5932261149088545,1.6495299126842147,0.010097428853177924,0.04489759113022667,0.3642680443512897,,,210,2056320,80,2853760,0.6016153898090124,3231360,4028800
b729ad24b6b0,8fbe5acc92e3,Oracle / ΔW / feedback / bridge 5,43,/home/gogoi/ahlora-runs/p3-heterogeneous-feedback,full_data_benchmark,6,0.3245153699426563,0.3245,0.0404,0.10599999999999998,0.277,12.035563151041666,1.6084529075508978,0.01306430812833625,0.05710096993957675,0.7369189558395495,,,30,293760,30,293760,0.5760885644704103,3525120,4322560
b729ad24b6b0,8fbe5acc92e3,Oracle / ΔW / feedback / bridge 5,43,/home/gogoi/ahlora-runs/p3-heterogeneous-feedback,full_data_benchmark,7,0.36652469561015283,0.3665,0.0463,0.126,0.319,18.17197265625,1.4308100782616484,0.017138954592736476,0.08158623217576264,1.286494447562533,,,30,293760,30,293760,0.5915970401838422,3818880,4616320
b729ad24b6b0,8fbe5acc92e3,Oracle / ΔW / feedback / bridge 5,43,/home/gogoi/ahlora-runs/p3-heterogeneous-feedback,full_data_benchmark,8,0.38832280556418486,0.3883,0.0591,0.14199999999999996,0.3325,25.093326822916666,1.330355157882778,0.021095585653816504,0.09984988019878027,2.001345440233126,,,30,293760,30,293760,0.5775410523638129,4112640,4910080
b729ad24b6b0,8fbe5acc92e3,Oracle / ΔW / feedback / bridge 5,43,/home/gogoi/ahlora-runs/p3-heterogeneous-feedback,full_data_benchmark,9,0.3915288601945273,0.3915,0.0762,0.12,0.3425,30.268766276041667,1.2482549207479487,0.026589107472988253,0.12070725379488734,2.9118292903032854,,,30,293760,30,293760,0.5920161874964833,4406400,5203840
b729ad24b6b0,8fbe5acc92e3,Oracle / ΔW / feedback / bridge 5,43,/home/gogoi/ahlora-runs/p3-heterogeneous-feedback,full_data_benchmark,10,0.365338501920211,0.3653,0.0728,0.064,0.3355,16.595963541666666,1.219153085588935,0.03584121725569026,0.14850192825945926,3.7355397369402152,,,210,2056320,80,2853760,0.6372503442689776,6462720,8057600
b729ad24b6b0,8fbe5acc92e3,Oracle / ΔW / feedback / bridge 5,43,/home/gogoi/ahlora-runs/p3-heterogeneous-feedback,full_data_benchmark,11,0.3995223109166138,0.3995,0.0763,0.1215,0.352,25.448583984375,1.370500595297456,0.03191610604626358,0.13402813020455742,4.338937463859717,,,30,293760,30,293760,0.5971336122602224,6756480,8351360
b729ad24b6b0,8fbe5acc92e3,Oracle / ΔW / feedback / bridge 5,43,/home/gogoi/ahlora-runs/p3-heterogeneous-feedback,full_data_benchmark,12,0.40473246860053463,0.4047,0.0791,0.10849999999999999,0.3705,33.93811848958333,1.193571042803135,0.03570374954163784,0.14435987692185157,5.760602300404571,,,30,293760,30,293760,0.6957606142386794,7050240,8645120
b729ad24b6b0,8fbe5acc92e3,Oracle / ΔW / feedback / bridge 5,43,/home/gogoi/ahlora-runs/p3-heterogeneous-feedback,full_data_benchmark,13,0.4092341216778998,0.4092,0.093,0.124,0.366,41.016658528645834,1.1697216134875885,0.03887822922569863,0.16653155776219805,6.998158129362855,,,30,293760,30,293760,0.6214117370545864,7344000,8938880
b729ad24b6b0,8fbe5acc92e3,Oracle / ΔW / feedback / bridge 5,43,/home/gogoi/ahlora-runs/p3-heterogeneous-feedback,full_data_benchmark,14,0.43664263964114036,0.4366,0.0961,0.12899999999999995,0.3895,47.60890299479167,1.1828803670206827,0.040924461494299895,0.18105106576730862,7.772680384929602,,,30,293760,30,293760,0.6143339956179261,7637760,9232640
b729ad24b6b0,8fbe5acc92e3,Oracle / ΔW / feedback / bridge 5,43,/home/gogoi/ahlora-runs/p3-heterogeneous-feedback,full_data_benchmark,15,0.3795549672611142,0.3795,0.0884,0.136,0.304,25.23615926106771,1.132650525628162,0.0498713320148363,0.19313587147680936,8.7620052292943,,,210,2056320,80,2853760,0.6128914197906852,9694080,12086400
b729ad24b6b0,8fbe5acc92e3,Oracle / ΔW / feedback / bridge 5,43,/home/gogoi/ahlora-runs/p3-heterogeneous-feedback,full_data_benchmark,16,0.4232326779553166,0.4232,0.0962,0.127,0.364,34.40345865885417,1.336712372991162,0.04616993767754498,0.16809790600058938,9.827198267634959,,,30,293760,30,293760,0.6063225725665689,9987840,12380160
b729ad24b6b0,8fbe5acc92e3,Oracle / ΔW / feedback / bridge 5,43,/home/gogoi/ahlora-runs/p3-heterogeneous-feedback,full_data_benchmark,17,0.41984338161249707,0.4198,0.0992,0.09899999999999998,0.376,45.69778238932292,1.1628539022917468,0.045230647464255286,0.17389421240255135,10.97221346963197,,,30,293760,30,293760,0.612671535462141,10281600,12673920
b729ad24b6b0,8fbe5acc92e3,Oracle / ΔW / feedback / bridge 5,43,/home/gogoi/ahlora-runs/p3-heterogeneous-feedback,full_data_benchmark,18,0.43204493849171505,0.432,0.0984,0.123,0.397,53.26193440755208,1.2060812757645494,0.045816748509416715,0.16683691632810146,12.053522014528669,,,30,293760,30,293760,0.6069588596001267,10575360,12967680
b729ad24b6b0,8fbe5acc92e3,Oracle / ΔW / feedback / bridge 5,43,/home/gogoi/ahlora-runs/p3-heterogeneous-feedback,full_data_benchmark,19,0.4365453909681796,0.4365,0.103,0.11699999999999999,0.378,59.39034830729167,1.128038338431294,0.049925343286329804,0.19974079828103591,13.367885740902663,,,30,293760,30,293760,0.6079139467328787,10869120,13261440
b729ad24b6b0,8fbe5acc92e3,Oracle / ΔW / feedback / bridge 5,43,/home/gogoi/ahlora-runs/p3-heterogeneous-feedback,full_data_benchmark,20,0.41015768392080243,0.4101,0.0997,0.14250000000000002,0.355,32.82770589192708,1.1336614384790271,0.05587742768598501,0.19951988636694276,13.750805685048302,,,210,2056320,80,2853760,0.5992612335830927,12925440,16115200
b729ad24b6b0,8fbe5acc92e3,Oracle / ΔW / feedback / bridge 5,43,/home/gogoi/ahlora-runs/p3-heterogeneous-feedback,full_data_benchmark,21,0.4168558363460912,0.4168,0.09,0.08649999999999997,0.3905,41.29226888020833,1.314325109041044,0.05284898158583835,0.204669892826319,14.661335321205359,,,30,293760,30,293760,0.593507457524538,13219200,16408960
b729ad24b6b0,8fbe5acc92e3,Oracle / ΔW / feedback / bridge 5,43,/home/gogoi/ahlora-runs/p3-heterogeneous-feedback,full_data_benchmark,22,0.44024309166737946,0.4402,0.0937,0.11850000000000005,0.4065,51.4044921875,1.2089004935057983,0.05183375042819583,0.19202726759949518,16.049805801718808,,,30,293760,30,293760,0.5926324781030416,13512960,16702720
b729ad24b6b0,8fbe5acc92e3,Oracle / ΔW / feedback / bridge 5,43,/home/gogoi/ahlora-runs/p3-heterogeneous-feedback,full_data_benchmark,23,0.43115229172200686,0.4311,0.1026,0.08999999999999997,0.3955,60.32862955729167,1.1779056515349102,0.051276901431927875,0.1862246407127661,16.82915852222747,,,30,293760,30,293760,0.5905970651656389,13806720,16996480
b729ad24b6b0,8fbe5acc92e3,Oracle / ΔW / feedback / bridge 5,43,/home/gogoi/ahlora-runs/p3-heterogeneous-feedback,full_data_benchmark,24,0.453246349798074,0.4532,0.1021,0.134,0.394,64.60325520833334,1.1967846923167864,0.055120060821704585,0.19513453778643822,18.3373698986019,,,30,293760,30,293760,0.5838367957621813,14100480,17290240
b729ad24b6b0,8fbe5acc92e3,Oracle / ΔW / feedback / bridge 5,43,/home/gogoi/ahlora-runs/p3-heterogeneous-feedback,full_data_benchmark,25,0.4078678378528453,0.4078,0.0913,0.08150000000000002,0.3705,35.880436197916666,1.1064038780198657,0.06088541859555068,0.21852276603788623,19.33129501019915,,,210,2056320,80,2853760,0.6357882209122181,16156800,20144000
b729ad24b6b0,8fbe5acc92e3,Oracle / ΔW / feedback / bridge 5,43,/home/gogoi/ahlora-runs/p3-heterogeneous-feedback,full_data_benchmark,26,0.4273580927254091,0.4273,0.0928,0.09449999999999997,0.385,45.73059895833333,1.406519293663005,0.05569868165360106,0.18428666791972345,20.01048816572875,,,30,293760,30,293760,0.5952278403565288,16450560,20437760
b729ad24b6b0,8fbe5acc92e3,Oracle / ΔW / feedback / bridge 5,43,/home/gogoi/ahlora-runs/p3-heterogeneous-feedback,full_data_benchmark,27,0.428057592825209,0.428,0.0876,0.12649999999999995,0.393,54.433902994791666,1.2349739350561195,0.05423790395849044,0.18408416383852905,20.985383814790598,,,30,293760,30,293760,0.5840752329677343,16744320,20731520
b729ad24b6b0,8fbe5acc92e3,Oracle / ΔW / feedback / bridge 5,43,/home/gogoi/ahlora-runs/p3-heterogeneous-feedback,full_data_benchmark,28,0.440850745798272,0.4408,0.1008,0.10999999999999999,0.4105,61.90808919270833,1.164243328471624,0.05481821315325811,0.18880846388881567,22.67961405016637,,,30,293760,30,293760,0.5895617268979549,17038080,21025280
b729ad24b6b0,8fbe5acc92e3,Oracle / ΔW / feedback / bridge 5,43,/home/gogoi/ahlora-runs/p3-heterogeneous-feedback,full_data_benchmark,29,0.44915260087673886,0.4491,0.1058,0.12,0.4135,67.37814127604166,1.143232059896286,0.05698562943745458,0.20183302170549464,24.464637798509404,,,30,293760,30,293760,0.5840408112853765,17331840,21319040
b729ad24b6b0,8fbe5acc92e3,Oracle / ΔW / feedback / bridge 5,43,/home/gogoi/ahlora-runs/p3-heterogeneous-feedback,full_data_benchmark,30,0.39987408698053384,0.3998,0.0868,0.08550000000000002,0.3555,38.6117431640625,1.0994204301536752,0.061733014100179714,0.2079070530453536,24.971874607602754,,,210,2056320,80,2853760,0.6197761623188853,19388160,24172800
b729ad24b6b0,8fbe5acc92e3,Oracle / ΔW / feedback / bridge 5,43,/home/gogoi/ahlora-runs/p3-heterogeneous-feedback,full_data_benchmark,31,0.4370527949238594,0.437,0.0972,0.07250000000000001,0.416,48.295170084635416,1.4143306371928945,0.057281558441261635,0.1975398942607775,25.812240163609385,,,30,293760,30,293760,0.5751376142725348,19681920,24466560
b729ad24b6b0,8fbe5acc92e3,Oracle / ΔW / feedback / bridge 5,43,/home/gogoi/ahlora-runs/p3-heterogeneous-feedback,full_data_benchmark,32,0.4296648972810892,0.4296,0.0988,0.12349999999999994,0.396,58.580029296875,1.1537409866248438,0.05455085510464793,0.17738751139316836,27.45999225458751,,,30,293760,30,293760,0.5787266511470079,19975680,24760320
b729ad24b6b0,8fbe5acc92e3,Oracle / ΔW / feedback / bridge 5,43,/home/gogoi/ahlora-runs/p3-heterogeneous-feedback,full_data_benchmark,33,0.43785749767758764,0.4378,0.0871,0.136,0.378,66.5137451171875,1.277273312726869,0.05409079184029323,0.18041953054311466,29.191177823518714,,,30,293760,30,293760,0.5706707434728742,20269440,25054080
b729ad24b6b0,8fbe5acc92e3,Oracle / ΔW / feedback / bridge 5,43,/home/gogoi/ahlora-runs/p3-heterogeneous-feedback,full_data_benchmark,34,0.4446578512545528,0.4446,0.0933,0.11650000000000005,0.4125,73.5179443359375,1.140804430531095,0.05453586357494888,0.18726080916970733,30.37119936828191,,,30,293760,30,293760,0.6188982855528593,20563200,25347840
b729ad24b6b0,8fbe5acc92e3,Oracle / ΔW / feedback / bridge 5,43,/home/gogoi/ahlora-runs/p3-heterogeneous-feedback,full_data_benchmark,35,0.42027349688519106,0.4202,0.1017,0.11349999999999999,0.3705,42.57521158854167,1.1621751625144874,0.05682892771361382,0.1842028286084751,30.250363592803478,,,210,2056320,80,2853760,0.5801040790975094,22619520,28201600
b729ad24b6b0,8fbe5acc92e3,Oracle / ΔW / feedback / bridge 5,43,/home/gogoi/ahlora-runs/p3-heterogeneous-feedback,full_data_benchmark,36,0.4241620931276104,0.4241,0.0858,0.14950000000000002,0.3655,52.04533284505208,1.332057336334574,0.05204813083327508,0.16772053943454063,31.176226624970635,,,30,293760,30,293760,0.5873648282140493,22913280,28495360
b729ad24b6b0,8fbe5acc92e3,Oracle / ΔW / feedback / bridge 5,43,/home/gogoi/ahlora-runs/p3-heterogeneous-feedback,full_data_benchmark,37,0.4230582906744826,0.423,0.0869,0.07049999999999995,0.4025,65.33771158854167,1.3502547246392347,0.04913597906537269,0.1561563378333878,32.678429574954016,,,30,293760,30,293760,0.6317906826734543,23207040,28789120
b729ad24b6b0,8fbe5acc92e3,Oracle / ΔW / feedback / bridge 5,43,/home/gogoi/ahlora-runs/p3-heterogeneous-feedback,full_data_benchmark,38,0.45546400973687334,0.4554,0.1029,0.08749999999999997,0.436,71.723193359375,1.177662427656407,0.049050444396161866,0.16135105655627083,34.49550733303185,,,30,293760,30,293760,0.6380890477448702,23500800,29082880
b729ad24b6b0,8fbe5acc92e3,Oracle / ΔW / feedback / bridge 5,43,/home/gogoi/ahlora-runs/p3-heterogeneous-feedback,full_data_benchmark,39,0.4493630061845954,0.4493,0.0789,0.11950000000000005,0.4165,80.10279947916666,1.2283374817302948,0.04882037118852692,0.1590106900774424,35.614002051344144,,,30,293760,30,293760,0.6542310575023293,23794560,29376640
b729ad24b6b0,8fbe5acc92e3,Oracle / ΔW / feedback / bridge 5,43,/home/gogoi/ahlora-runs/p3-heterogeneous-feedback,full_data_benchmark,40,0.41327294310802565,0.4132,0.0917,0.07900000000000001,0.372,45.05602213541667,1.2156269384979435,0.05203861331918827,0.16743286449771347,36.011738287160796,,,210,2056320,80,2853760,0.7543404260650277,25850880,32230400
b729ad24b6b0,8fbe5acc92e3,Oracle / ΔW / feedback / bridge 5,43,/home/gogoi/ahlora-runs/p3-heterogeneous-feedback,full_data_benchmark,41,0.4271592432012223,0.4271,0.0669,0.16849999999999998,0.365,59.50039876302083,1.3895093048283678,0.04735228602736246,0.1486042435646109,36.66139480862766,,,30,293760,30,293760,0.6248057847842574,26144640,32524160
b729ad24b6b0,8fbe5acc92e3,Oracle / ΔW / feedback / bridge 5,43,/home/gogoi/ahlora-runs/p3-heterogeneous-feedback,full_data_benchmark,42,0.4285570427999213,0.4285,0.0788,0.14649999999999996,0.375,69.33121744791667,1.26172337498461,0.04535501337873413,0.14477808115417315,38.45193032193929,,,30,293760,30,293760,0.636127925477922,26438400,32817920
b729ad24b6b0,8fbe5acc92e3,Oracle / ΔW / feedback / bridge 5,43,/home/gogoi/ahlora-runs/p3-heterogeneous-feedback,full_data_benchmark,43,0.4478604541573057,0.4478,0.0982,0.14349999999999996,0.394,80.852978515625,1.2111697571717492,0.04566593189164862,0.1388428617351438,40.62799733846138,,,30,293760,30,293760,0.6331383213400841,26732160,33111680
b729ad24b6b0,8fbe5acc92e3,Oracle / ΔW / feedback / bridge 5,43,/home/gogoi/ahlora-runs/p3-heterogeneous-feedback,full_data_benchmark,44,0.4368698533616075,0.4368,0.0638,0.1185,0.4055,86.78116861979167,1.2144723673571793,0.047214001293716376,0.1543202788669829,42.11226183286635,,,30,293760,30,293760,0.631839893758297,27025920,33405440
b729ad24b6b0,8fbe5acc92e3,Oracle / ΔW / feedback / bridge 5,43,/home/gogoi/ahlora-runs/p3-heterogeneous-feedback,full_data_benchmark,45,0.4089755422589006,0.4089,0.0801,0.10499999999999998,0.3745,50.21551513671875,1.2896578500986913,0.04871548572354593,0.15092438588048804,42.574826288223264,,,210,2056320,80,2853760,0.6451037097722292,29082240,36259200
b729ad24b6b0,8fbe5acc92e3,Oracle / ΔW / feedback / bridge 5,43,/home/gogoi/ahlora-runs/p3-heterogeneous-feedback,full_data_benchmark,46,0.4243592918255587,0.4243,0.0758,0.14099999999999996,0.3835,61.409175618489584,1.3306333040467189,0.04446074569061286,0.13631511193729798,43.16131270440916,,,30,293760,30,293760,0.648643889464438,29376000,36552960
b729ad24b6b0,8fbe5acc92e3,Oracle / ΔW / feedback / bridge 5,43,/home/gogoi/ahlora-runs/p3-heterogeneous-feedback,full_data_benchmark,47,0.44556175365770573,0.4455,0.0871,0.126,0.394,74.93614908854167,1.3047950231425967,0.042096337818471795,0.13064275245587412,44.49035382450869,,,30,293760,30,293760,0.6280302628874779,29669760,36846720
b729ad24b6b0,8fbe5acc92e3,Oracle / ΔW / feedback / bridge 5,43,/home/gogoi/ahlora-runs/p3-heterogeneous-feedback,full_data_benchmark,48,0.4274692983838412,0.4274,0.0895,0.1295,0.3825,82.30686848958334,1.1668084434722694,0.04265569369684979,0.13446175555717188,46.65795995184841,,,30,293760,30,293760,0.6352403461933136,29963520,37140480
b729ad24b6b0,8fbe5acc92e3,Oracle / ΔW / feedback / bridge 5,43,/home/gogoi/ahlora-runs/p3-heterogeneous-feedback,full_data_benchmark,49,0.4522626074350212,0.4522,0.0844,0.10549999999999998,0.42,94.001708984375,1.376165265225044,0.043247856643115166,0.13703111794993064,47.7391891809646,,,30,293760,30,293760,0.6473014838993549,30257280,37434240
b729ad24b6b0,8fbe5acc92e3,Oracle / ΔW / feedback / bridge 5,43,/home/gogoi/ahlora-runs/p3-heterogeneous-feedback,full_data_benchmark,50,0.40467453960707334,0.4046,0.0965,0.09350000000000003,0.372,52.07105305989583,1.1648859441604433,0.04497741529890225,0.14218924667134944,48.352842506517966,,,210,2056320,80,2853760,0.6635441891849041,32313600,40288000
b729ad24b6b0,076ae68a5277,MH / ΔW / feedback / ring,44,/home/gogoi/ahlora-runs/p3-heterogeneous-feedback,full_data_benchmark,1,0.025599662631146887,0.0256,0.0061,0.046,0.0065,1.1742380777994792,3.4392007380440455,5.337935838426807e-05,0.00025846838255102605,0.000413819343205842,,,30,293760,30,293760,0.6240173615515232,293760,293760
b729ad24b6b0,076ae68a5277,MH / ΔW / feedback / ring,44,/home/gogoi/ahlora-runs/p3-heterogeneous-feedback,full_data_benchmark,2,0.05960353156754954,0.0596,0.0087,0.020499999999999997,0.052,2.53790766398112,2.9329449456885404,0.0003173704161156241,0.0016473468809418334,0.0071261134244196,,,30,293760,30,293760,0.671572313643992,587520,587520
b729ad24b6b0,076ae68a5277,MH / ΔW / feedback / ring,44,/home/gogoi/ahlora-runs/p3-heterogeneous-feedback,full_data_benchmark,3,0.10021430726078402,0.1002,0.0161,0.0315,0.0855,4.245092519124349,2.545924938255658,0.0010539416291367126,0.004795585924971067,0.04616335388661052,,,30,293760,30,293760,0.6519293887540698,881280,881280
b729ad24b6b0,076ae68a5277,MH / ΔW / feedback / ring,44,/home/gogoi/ahlora-runs/p3-heterogeneous-feedback,full_data_benchmark,4,0.1284291788039914,0.1284,0.0244,0.06600000000000002,0.1035,6.426587931315104,2.309162802308661,0.002001102932261037,0.0092324132180943,0.14666416770135887,,,30,293760,30,293760,0.671727460809052,1175040,1175040
b729ad24b6b0,076ae68a5277,MH / ΔW / feedback / ring,44,/home/gogoi/ahlora-runs/p3-heterogeneous-feedback,full_data_benchmark,5,0.14822888855872363,0.1482,0.0286,0.112,0.112,8.997288004557292,2.1120763173527575,0.0031198606068575893,0.014734225089755314,0.32900546275692855,,,30,293760,30,293760,0.7458443650975823,1468800,1468800
b729ad24b6b0,076ae68a5277,MH / ΔW / feedback / ring,44,/home/gogoi/ahlora-runs/p3-heterogeneous-feedback,full_data_benchmark,6,0.16653204929066998,0.1665,0.0357,0.1325,0.1275,11.523679606119792,1.9769731382514926,0.004487415288588051,0.02125075552593078,0.6290398994155112,,,30,293760,30,293760,0.6634464701637626,1762560,1762560
b729ad24b6b0,076ae68a5277,MH / ΔW / feedback / ring,44,/home/gogoi/ahlora-runs/p3-heterogeneous-feedback,full_data_benchmark,7,0.17243345294319806,0.1724,0.0376,0.18,0.119,14.456468709309895,1.8546516336955492,0.005999231304654442,0.027502674270647665,1.0946186014130945,,,30,293760,30,293760,0.6888910327106714,2056320,2056320
b729ad24b6b0,076ae68a5277,MH / ΔW / feedback / ring,44,/home/gogoi/ahlora-runs/p3-heterogeneous-feedback,full_data_benchmark,8,0.1876386131258695,0.1876,0.0396,0.15599999999999997,0.135,16.87064412434896,1.7711612333981035,0.0076521242593067485,0.0359309738298594,1.6971626649426375,,,30,293760,30,293760,0.7238686801865697,2350080,2350080
b729ad24b6b0,076ae68a5277,MH / ΔW / feedback / ring,44,/home/gogoi/ahlora-runs/p3-heterogeneous-feedback,full_data_benchmark,9,0.19984107045576313,0.1998,0.0359,0.20500000000000002,0.1235,19.966560872395835,1.6985843291718956,0.00925032283386353,0.04530598395419106,2.4714951721878604,,,30,293760,30,293760,0.69685965962708,2643840,2643840
b729ad24b6b0,076ae68a5277,MH / ΔW / feedback / ring,44,/home/gogoi/ahlora-runs/p3-heterogeneous-feedback,full_data_benchmark,10,0.21004527766146955,0.21,0.0431,0.19550000000000003,0.1435,22.413118489583333,1.6522457109222037,0.011425372862082235,0.05623087120871478,3.492275154958285,,,30,293760,30,293760,0.6378680020570755,2937600,2937600
b729ad24b6b0,076ae68a5277,MH / ΔW / feedback / ring,44,/home/gogoi/ahlora-runs/p3-heterogeneous-feedback,full_data_benchmark,11,0.2233465849657754,0.2233,0.0392,0.19799999999999998,0.1525,26.21739501953125,1.604062452554607,0.012674681485207836,0.06057879895648022,4.562513475594945,,,30,293760,30,293760,0.627276498824358,3231360,3231360
b729ad24b6b0,076ae68a5277,MH / ΔW / feedback / ring,44,/home/gogoi/ahlora-runs/p3-heterogeneous-feedback,full_data_benchmark,12,0.2175415295355325,0.2175,0.0432,0.20699999999999996,0.1405,29.738968912760416,1.5832880067424882,0.013920080518626105,0.06768052408447268,5.711329206634158,,,30,293760,30,293760,0.603878865018487,3525120,3525120
b729ad24b6b0,076ae68a5277,MH / ΔW / feedback / ring,44,/home/gogoi/ahlora-runs/p3-heterogeneous-feedback,full_data_benchmark,13,0.2230519875197536,0.223,0.041,0.19349999999999998,0.152,33.656610107421876,1.5543366074237537,0.01564589042703229,0.07660472211284275,7.127211057038706,,,30,293760,30,293760,0.7132985508069396,3818880,3818880
b729ad24b6b0,076ae68a5277,MH / ΔW / feedback / ring,44,/home/gogoi/ahlora-runs/p3-heterogeneous-feedback,full_data_benchmark,14,0.23034923979451716,0.2303,0.0435,0.20249999999999999,0.1665,37.849910481770834,1.531062859507261,0.01626557894994161,0.07862466824121515,8.341770083627004,,,30,293760,30,293760,0.6455020941793919,4112640,4112640
b729ad24b6b0,076ae68a5277,MH / ΔW / feedback / ring,44,/home/gogoi/ahlora-runs/p3-heterogeneous-feedback,full_data_benchmark,15,0.24025239632436032,0.2402,0.0447,0.1815,0.175,42.009130859375,1.5135334382835592,0.017239563705757324,0.08429259862023003,9.797479392388292,,,30,293760,30,293760,0.6823868788778782,4406400,4406400
b729ad24b6b0,076ae68a5277,MH / ΔW / feedback / ring,44,/home/gogoi/ahlora-runs/p3-heterogeneous-feedback,full_data_benchmark,16,0.23504088796442618,0.235,0.0433,0.208,0.152,46.457967122395836,1.4958610258478848,0.017903147717695998,0.08874095943512739,11.224037954223848,,,30,293760,30,293760,0.6799262408167124,4700160,4700160
b729ad24b6b0,076ae68a5277,MH / ΔW / feedback / ring,44,/home/gogoi/ahlora-runs/p3-heterogeneous-feedback,full_data_benchmark,17,0.23405519462490973,0.234,0.0434,0.17,0.16,52.85708414713542,1.4870470205149078,0.018256264559512923,0.08975034935429346,12.520513833638203,,,30,293760,30,293760,0.6186090288683772,4993920,4993920
b729ad24b6b0,076ae68a5277,MH / ΔW / feedback / ring,44,/home/gogoi/ahlora-runs/p3-heterogeneous-feedback,full_data_benchmark,18,0.24365174769972373,0.2436,0.0516,0.2135,0.165,56.3066650390625,1.4644209115595992,0.019251607212732717,0.09605332495793614,14.276452747910904,,,30,293760,30,293760,0.7144840555265546,5287680,5287680
b729ad24b6b0,076ae68a5277,MH / ΔW / feedback / ring,44,/home/gogoi/ahlora-runs/p3-heterogeneous-feedback,full_data_benchmark,19,0.24076040058049053,0.2407,0.0509,0.2095,0.161,60.8857421875,1.4545290358087726,0.01996087723585335,0.1016474635527931,16.02935799753371,,,30,293760,30,293760,0.6713068233802915,5581440,5581440
b729ad24b6b0,076ae68a5277,MH / ΔW / feedback / ring,44,/home/gogoi/ahlora-runs/p3-heterogeneous-feedback,full_data_benchmark,20,0.24235449842646242,0.2423,0.0519,0.17149999999999999,0.1865,66.2772705078125,1.446186315221972,0.02074387223229055,0.10797794609691981,17.795314738492017,,,30,293760,30,293760,0.6951689124107361,5875200,5875200
b729ad24b6b0,076ae68a5277,MH / ΔW / feedback / ring,44,/home/gogoi/ahlora-runs/p3-heterogeneous-feedback,full_data_benchmark,21,0.25345465405435424,0.2534,0.0468,0.214,0.16,71.56266276041667,1.4515169656027411,0.02091159255099193,0.10921055935702607,19.280112405550124,,,30,293760,30,293760,0.6915027657523751,6168960,6168960
b729ad24b6b0,076ae68a5277,MH / ΔW / feedback / ring,44,/home/gogoi/ahlora-runs/p3-heterogeneous-feedback,full_data_benchmark,22,0.23465084274679476,0.2346,0.0569,0.2215,0.1535,75.88470052083333,1.4155529744371678,0.021555892816168095,0.11305281849314866,20.938611040004375,,,30,293760,30,293760,0.6673612520098686,6462720,6462720
b729ad24b6b0,076ae68a5277,MH / ΔW / feedback / ring,44,/home/gogoi/ahlora-runs/p3-heterogeneous-feedback,full_data_benchmark,23,0.24846570708639676,0.2484,0.0512,0.20299999999999999,0.1675,77.77548828125,1.435346761433496,0.022577733843077423,0.11864333585041513,23.008114217146066,,,30,293760,30,293760,0.6168845007196069,6756480,6756480
b729ad24b6b0,076ae68a5277,MH / ΔW / feedback / ring,44,/home/gogoi/ahlora-runs/p3-heterogeneous-feedback,full_data_benchmark,24,0.23096079587833712,0.2309,0.0578,0.2135,0.154,80.93982747395833,1.4122972549280908,0.022653983915985377,0.11784086711004661,24.598843325581402,,,30,293760,30,293760,0.5656050927937031,7050240,7050240
b729ad24b6b0,076ae68a5277,MH / ΔW / feedback / ring,44,/home/gogoi/ahlora-runs/p3-heterogeneous-feedback,full_data_benchmark,25,0.2577612094853474,0.2577,0.0613,0.226,0.1645,82.81507161458333,1.4223219474494158,0.02346479011583998,0.12545345360506338,26.642883743066342,,,30,293760,30,293760,0.6189413368701935,7344000,7344000
b729ad24b6b0,076ae68a5277,MH / ΔW / feedback / ring,44,/home/gogoi/ahlora-runs/p3-heterogeneous-feedback,full_data_benchmark,26,0.24865825345585466,0.2486,0.0613,0.208,0.1705,86.18253580729167,1.4140613633699433,0.02391205596205994,0.13088358960325197,28.53958471682466,,,30,293760,30,293760,0.6766058569774032,7637760,7637760
b729ad24b6b0,076ae68a5277,MH / ΔW / feedback / ring,44,/home/gogoi/ahlora-runs/p3-heterogeneous-feedback,full_data_benchmark,27,0.2561692126909518,0.2561,0.0558,0.21650000000000003,0.1875,90.195703125,1.4250595719409027,0.024475079109109284,0.13291763364196793,30.102780383530384,,,30,293760,30,293760,0.6973655698820949,7931520,7931520
b729ad24b6b0,076ae68a5277,MH / ΔW / feedback / ring,44,/home/gogoi/ahlora-runs/p3-heterogeneous-feedback,full_data_benchmark,28,0.2535595565580573,0.2535,0.0604,0.20950000000000002,0.177,89.865869140625,1.3988838029481048,0.02450422448746068,0.1271262479293233,31.902295096750215,,,30,293760,30,293760,0.6798178711906075,8225280,8225280
b729ad24b6b0,076ae68a5277,MH / ΔW / feedback / ring,44,/home/gogoi/ahlora-runs/p3-heterogeneous-feedback,full_data_benchmark,29,0.257166461814138,0.2571,0.0619,0.23750000000000002,0.1555,93.40985514322917,1.3821852929019225,0.024472053234332124,0.12886661271087285,33.48369415503306,,,30,293760,30,293760,0.6598164970055223,8519040,8519040
b729ad24b6b0,076ae68a5277,MH / ΔW / feedback / ring,44,/home/gogoi/ahlora-runs/p3-heterogeneous-feedback,full_data_benchmark,30,0.2543615579597589,0.2543,0.0682,0.23500000000000001,0.1665,99.10743815104166,1.3777166944382946,0.02543070556558761,0.1381553147722272,35.281259850400964,,,30,293760,30,293760,0.6066309250891209,8812800,8812800
b729ad24b6b0,076ae68a5277,MH / ΔW / feedback / ring,44,/home/gogoi/ahlora-runs/p3-heterogeneous-feedback,full_data_benchmark,31,0.2526640583612098,0.2526,0.0624,0.22050000000000003,0.1775,99.98212890625,1.3935276886986177,0.025865152519556116,0.14041205549090968,37.65576747904997,,,30,293760,30,293760,0.6469272887334228,9106560,9106560
b729ad24b6b0,076ae68a5277,MH / ΔW / feedback / ring,44,/home/gogoi/ahlora-runs/p3-heterogeneous-feedback,full_data_benchmark,32,0.24795545170357766,0.2479,0.0814,0.196,0.1735,98.42840169270833,1.396570408798431,0.026152227897271382,0.13809552001650058,39.81218724708694,,,30,293760,30,293760,0.6928582461550832,9400320,9400320
b729ad24b6b0,076ae68a5277,MH / ΔW / feedback / ring,44,/home/gogoi/ahlora-runs/p3-heterogeneous-feedback,full_data_benchmark,33,0.2593674634154394,0.2593,0.0678,0.19149999999999998,0.167,103.3578857421875,1.3562354556103788,0.026073739854979187,0.13921290110346268,41.92569997118165,,,30,293760,30,293760,0.6621819110587239,9694080,9694080
b729ad24b6b0,076ae68a5277,MH / ΔW / feedback / ring,44,/home/gogoi/ahlora-runs/p3-heterogeneous-feedback,full_data_benchmark,34,0.2675536105820963,0.2675,0.0821,0.24049999999999996,0.1715,104.97978515625,1.4305379420488207,0.02632538967026925,0.13616672909714328,44.058190308806175,,,30,293760,30,293760,0.6878828387707472,9987840,9987840
b729ad24b6b0,076ae68a5277,MH / ΔW / feedback / ring,44,/home/gogoi/ahlora-runs/p3-heterogeneous-feedback,full_data_benchmark,35,0.24896680788734762,0.2489,0.0829,0.2115,0.1695,109.48894856770833,1.328684912728534,0.026072719306970228,0.13705661000902927,46.05287366901369,,,30,293760,30,293760,0.6662880899384618,10281600,10281600
b729ad24b6b0,076ae68a5277,MH / ΔW / feedback / ring,44,/home/gogoi/ahlora-runs/p3-heterogeneous-feedback,full_data_benchmark,36,0.24026440233336788,0.2402,0.092,0.1995,0.176,113.7441650390625,1.4099152581582908,0.026862952192786064,0.14734396251950563,47.880626753539154,,,30,293760,30,293760,0.6650078073143959,10575360,10575360
b729ad24b6b0,076ae68a5277,MH / ΔW / feedback / ring,44,/home/gogoi/ahlora-runs/p3-heterogeneous-feedback,full_data_benchmark,37,0.24866785826306073,0.2486,0.07,0.19449999999999998,0.168,112.58448893229166,1.4355036479881316,0.026533295571336084,0.1384527595216914,49.682595509756354,,,30,293760,30,293760,0.6679065292701125,10869120,10869120
b729ad24b6b0,076ae68a5277,MH / ΔW / feedback / ring,44,/home/gogoi/ahlora-runs/p3-heterogeneous-feedback,full_data_benchmark,38,0.2624513569041305,0.2624,0.0943,0.20600000000000002,0.175,113.54468587239583,1.4106406872877784,0.02786637344814907,0.15010408171322812,51.680579979484904,,,30,293760,30,293760,0.6793770426884294,11162880,11162880
b729ad24b6b0,076ae68a5277,MH / ΔW / feedback / ring,44,/home/gogoi/ahlora-runs/p3-heterogeneous-feedback,full_data_benchmark,39,0.2602674638656648,0.2602,0.0831,0.2065,0.1715,113.55655924479167,1.3634216654299485,0.028208974728894186,0.15082391093561556,53.772640022550085,,,30,293760,30,293760,0.6335183903574944,11456640,11456640
b729ad24b6b0,076ae68a5277,MH / ΔW / feedback / ring,44,/home/gogoi/ahlora-runs/p3-heterogeneous-feedback,full_data_benchmark,40,0.25776931354142746,0.2577,0.083,0.20650000000000002,0.1725,110.48106282552084,1.3915719905987272,0.027966799543243277,0.1441543473999908,55.34839199928101,,,30,293760,30,293760,0.6574015719816089,11750400,11750400
b729ad24b6b0,076ae68a5277,MH / ΔW / feedback / ring,44,/home/gogoi/ahlora-runs/p3-heterogeneous-feedback,full_data_benchmark,41,0.2561576569072821,0.2561,0.085,0.2225,0.154,113.55546875,1.3728036084320752,0.027880669113078262,0.14471112957075763,57.00186152507085,,,30,293760,30,293760,0.6590056754648685,12044160,12044160
b729ad24b6b0,076ae68a5277,MH / ΔW / feedback / ring,44,/home/gogoi/ahlora-runs/p3-heterogeneous-feedback,full_data_benchmark,42,0.24966405686045867,0.2496,0.1007,0.23,0.166,114.04540201822917,1.3367859655969125,0.027968779075699484,0.14494107111494994,58.48232418073652,,,30,293760,30,293760,0.6838390044867992,12337920,12337920
b729ad24b6b0,076ae68a5277,MH / ΔW / feedback / ring,44,/home/gogoi/ahlora-runs/p3-heterogeneous-feedback,full_data_benchmark,43,0.25636446041243643,0.2563,0.0837,0.24000000000000002,0.151,115.0411376953125,1.424548264778713,0.027732347930965563,0.14355391621435412,60.53953677448444,,,30,293760,30,293760,0.6914052246138453,12631680,12631680
b729ad24b6b0,076ae68a5277,MH / ΔW / feedback / ring,44,/home/gogoi/ahlora-runs/p3-heterogeneous-feedback,full_data_benchmark,44,0.2575760167964066,0.2575,0.089,0.22550000000000003,0.1805,115.2951904296875,1.3518366433542974,0.027879325550882954,0.1460483054858283,62.2517132433597,,,30,293760,30,293760,0.5974147627130151,12925440,12925440
b729ad24b6b0,076ae68a5277,MH / ΔW / feedback / ring,44,/home/gogoi/ahlora-runs/p3-heterogeneous-feedback,full_data_benchmark,45,0.25855975915945933,0.2585,0.0852,0.2285,0.165,112.811279296875,1.410941652353782,0.027755482607771977,0.14094432967970122,63.943021859756364,,,30,293760,30,293760,0.6157133113592863,13219200,13219200
b729ad24b6b0,076ae68a5277,MH / ΔW / feedback / ring,44,/home/gogoi/ahlora-runs/p3-heterogeneous-feedback,full_data_benchmark,46,0.22877074976025505,0.2287,0.1114,0.21649999999999997,0.1295,113.4507080078125,1.331932765202766,0.0279938689472103,0.14523741733153847,66.05483630994955,,,30,293760,30,293760,0.7034408673644066,13512960,13512960
b729ad24b6b0,076ae68a5277,MH / ΔW / feedback / ring,44,/home/gogoi/ahlora-runs/p3-heterogeneous-feedback,full_data_benchmark,47,0.26316106211158685,0.2631,0.1023,0.2125,0.167,113.28185221354167,1.5017795616683034,0.02861419209954493,0.14409029711211568,67.9744823902535,,,30,293760,30,293760,0.6872683316469193,13806720,13806720
b729ad24b6b0,076ae68a5277,MH / ΔW / feedback / ring,44,/home/gogoi/ahlora-runs/p3-heterogeneous-feedback,full_data_benchmark,48,0.25966281123702417,0.2596,0.1045,0.23950000000000002,0.164,113.346533203125,1.366718469053768,0.02864988035108693,0.14637817509816206,69.58209179670861,,,30,293760,30,293760,0.6066720942035317,14100480,14100480
b729ad24b6b0,076ae68a5277,MH / ΔW / feedback / ring,44,/home/gogoi/ahlora-runs/p3-heterogeneous-feedback,full_data_benchmark,49,0.25216400808604705,0.2521,0.0821,0.17949999999999997,0.171,119.57162272135416,1.4149664780458815,0.028149665204084465,0.14080620214349238,71.04015867663547,,,30,293760,30,293760,0.6266296366229653,14394240,14394240
b729ad24b6b0,076ae68a5277,MH / ΔW / feedback / ring,44,/home/gogoi/ahlora-runs/p3-heterogeneous-feedback,full_data_benchmark,50,0.24696735716225973,0.2469,0.1205,0.18649999999999997,0.1655,119.27434895833333,1.391489556728695,0.027898426367590382,0.13863633366648936,72.4584549794284,,,30,293760,30,293760,0.6286238376051188,14688000,14688000
b729ad24b6b0,8fbe5acc92e3,Oracle / ΔW / feedback / bridge 5,44,/home/gogoi/ahlora-runs/p3-heterogeneous-feedback,full_data_benchmark,1,0.061699630665147914,0.0617,0.0061,0.022999999999999993,0.0475,2.7010289510091146,3.4392007380440455,5.209800776530969e-05,0.00022225519908694233,0.00043174893442035807,,,30,293760,30,293760,0.6315200533717871,293760,293760
b729ad24b6b0,8fbe5acc92e3,Oracle / ΔW / feedback / bridge 5,44,/home/gogoi/ahlora-runs/p3-heterogeneous-feedback,full_data_benchmark,2,0.11440150795473136,0.1144,0.0088,0.032,0.096,3.583031717936198,2.679364468537728,0.00044914383351730465,0.001610456560226229,0.0059788450802811845,,,30,293760,30,293760,0.588457110337913,587520,587520
b729ad24b6b0,8fbe5acc92e3,Oracle / ΔW / feedback / bridge 5,44,/home/gogoi/ahlora-runs/p3-heterogeneous-feedback,full_data_benchmark,3,0.18910754832793814,0.1891,0.0159,0.035500000000000004,0.1675,5.908680725097656,2.2416105149249503,0.0016574980841210561,0.006154697112288776,0.03643969829568737,,,30,293760,30,293760,0.6049272902309895,881280,881280
b729ad24b6b0,8fbe5acc92e3,Oracle / ΔW / feedback / bridge 5,44,/home/gogoi/ahlora-runs/p3-heterogeneous-feedback,full_data_benchmark,4,0.24431237834536182,0.2443,0.021,0.15450000000000003,0.178,9.468544514973958,1.9191348830387063,0.003981234627845235,0.016586293395565593,0.1290995520425014,,,30,293760,30,293760,0.5945716975256801,1175040,1175040
b729ad24b6b0,8fbe5acc92e3,Oracle / ΔW / feedback / bridge 5,44,/home/gogoi/ahlora-runs/p3-heterogeneous-feedback,full_data_benchmark,5,0.2727238482860672,0.2727,0.0255,0.10300000000000001,0.2215,6.569009399414062,1.6644399625156363,0.007273837258838154,0.030257619691385226,0.2838042934735616,,,210,2056320,80,2853760,0.6142232669517398,3231360,4028800
b729ad24b6b0,8fbe5acc92e3,Oracle / ΔW / feedback / bridge 5,44,/home/gogoi/ahlora-runs/p3-heterogeneous-feedback,full_data_benchmark,6,0.30731916324120223,0.3073,0.0317,0.14999999999999997,0.2665,11.685469563802084,1.622092050835178,0.009949821882027558,0.039698352602909284,0.5984651810489595,,,30,293760,30,293760,0.6063622469082475,3525120,4322560
b729ad24b6b0,8fbe5acc92e3,Oracle / ΔW / feedback / bridge 5,44,/home/gogoi/ahlora-runs/p3-heterogeneous-feedback,full_data_benchmark,7,0.3403244323784053,0.3403,0.0387,0.13949999999999996,0.281,17.674519856770832,1.4613588578120376,0.012947716285147152,0.052485725574686434,1.0455171271285508,,,30,293760,30,293760,0.5976187977939844,3818880,4616320
b729ad24b6b0,8fbe5acc92e3,Oracle / ΔW / feedback / bridge 5,44,/home/gogoi/ahlora-runs/p3-heterogeneous-feedback,full_data_benchmark,8,0.3633288460874668,0.3633,0.0598,0.182,0.2955,24.631107584635416,1.3609581981336292,0.015885900658269378,0.06173319117394472,1.6309853994597991,,,30,293760,30,293760,0.603419310413301,4112640,4910080
b729ad24b6b0,8fbe5acc92e3,Oracle / ΔW / feedback / bridge 5,44,/home/gogoi/ahlora-runs/p3-heterogeneous-feedback,full_data_benchmark,9,0.3908254581417999,0.3908,0.0831,0.121,0.3335,28.980782063802085,1.2762445109218064,0.02100285244668641,0.08316239985618416,2.374179411728498,,,30,293760,30,293760,0.6930976891890168,4406400,5203840
b729ad24b6b0,8fbe5acc92e3,Oracle / ΔW / feedback / bridge 5,44,/home/gogoi/ahlora-runs/p3-heterogeneous-feedback,full_data_benchmark,10,0.36024540282411344,0.3602,0.0848,0.15249999999999997,0.28,16.460621134440103,1.2350441650674107,0.028926249515096706,0.10812615060025077,3.0998199809963505,,,210,2056320,80,2853760,0.638446444645524,6462720,8057600
b729ad24b6b0,8fbe5acc92e3,Oracle / ΔW / feedback / bridge 5,44,/home/gogoi/ahlora-runs/p3-heterogeneous-feedback,full_data_benchmark,11,0.39442651046848953,0.3944,0.086,0.13949999999999996,0.34,24.186515299479165,1.3448664093323421,0.028868741560663397,0.11026830803709917,3.933286717456455,,,30,293760,30,293760,0.6650588028132915,6756480,8351360
b729ad24b6b0,8fbe5acc92e3,Oracle / ΔW / feedback / bridge 5,44,/home/gogoi/ahlora-runs/p3-heterogeneous-feedback,full_data_benchmark,12,0.40603692147920023,0.406,0.099,0.14049999999999996,0.339,32.62410074869792,1.2251361437685873,0.029206524707995573,0.11151174736892093,4.862672091981707,,,30,293760,30,293760,0.6565029779449105,7050240,8645120
b729ad24b6b0,8fbe5acc92e3,Oracle / ΔW / feedback / bridge 5,44,/home/gogoi/ahlora-runs/p3-heterogeneous-feedback,full_data_benchmark,13,0.41464132798465625,0.4146,0.107,0.10950000000000004,0.3575,40.2951416015625,1.1863365330477598,0.030746716474164288,0.12495008421575005,5.643539617971206,,,30,293760,30,293760,0.6708751311525702,7344000,8938880
b729ad24b6b0,8fbe5acc92e3,Oracle / ΔW / feedback / bridge 5,44,/home/gogoi/ahlora-runs/p3-heterogeneous-feedback,full_data_benchmark,14,0.42904148526337427,0.429,0.1153,0.14349999999999996,0.362,46.156062825520834,1.1573286009369732,0.03514045955579756,0.13507798046824362,6.800771469414273,,,30,293760,30,293760,0.6018896494060755,7637760,9232640
b729ad24b6b0,8fbe5acc92e3,Oracle / ΔW / feedback / bridge 5,44,/home/gogoi/ahlora-runs/p3-heterogeneous-feedback,full_data_benchmark,15,0.38116257186721947,0.3811,0.1136,0.129,0.322,24.87999267578125,1.1275275579648247,0.04420937326766621,0.1717024335103547,7.701191241232057,,,210,2056320,80,2853760,0.6673953616991639,9694080,12086400
b729ad24b6b0,8fbe5acc92e3,Oracle / ΔW / feedback / bridge 5,44,/home/gogoi/ahlora-runs/p3-heterogeneous-feedback,full_data_benchmark,16,0.4037439238338789,0.4037,0.1008,0.125,0.3655,33.27670084635417,1.3402127809220272,0.03989570088280687,0.158513333936252,8.2668440864111,,,30,293760,30,293760,0.6664002798497677,9987840,12380160
b729ad24b6b0,8fbe5acc92e3,Oracle / ΔW / feedback / bridge 5,44,/home/gogoi/ahlora-runs/p3-heterogeneous-feedback,full_data_benchmark,17,0.42775083929506713,0.4277,0.1143,0.1255,0.3695,43.468408203125,1.212284476745533,0.03986996480233125,0.152821869257327,9.459698007286837,,,30,293760,30,293760,0.6593979224562645,10281600,12673920
b729ad24b6b0,8fbe5acc92e3,Oracle / ΔW / feedback / bridge 5,44,/home/gogoi/ahlora-runs/p3-heterogeneous-feedback,full_data_benchmark,18,0.43794679236958095,0.4379,0.112,0.14100000000000001,0.376,50.32066650390625,1.1368374762450322,0.04165813989624656,0.16177708707872282,10.556052487979953,,,30,293760,30,293760,0.6666914895176888,10575360,12967680
b729ad24b6b0,8fbe5acc92e3,Oracle / ΔW / feedback / bridge 5,44,/home/gogoi/ahlora-runs/p3-heterogeneous-feedback,full_data_benchmark,19,0.4452494473483979,0.4452,0.1153,0.139,0.38,57.0093994140625,1.134711647031792,0.043258824181482525,0.16395425060462993,11.41871187769575,,,30,293760,30,293760,0.6639746986329556,10869120,13261440
b729ad24b6b0,8fbe5acc92e3,Oracle / ΔW / feedback / bridge 5,44,/home/gogoi/ahlora-runs/p3-heterogeneous-feedback,full_data_benchmark,20,0.40406673540106824,0.404,0.1185,0.10250000000000004,0.3575,31.932301839192707,1.1141563091687658,0.05008060254276156,0.17846509285775722,12.00403436459601,,,210,2056320,80,2853760,0.7153268586844206,12925440,16115200
b729ad24b6b0,8fbe5acc92e3,Oracle / ΔW / feedback / bridge 5,44,/home/gogoi/ahlora-runs/p3-heterogeneous-feedback,full_data_benchmark,21,0.41314703008855935,0.4131,0.1044,0.14599999999999996,0.3435,40.46237386067708,1.2847637174257047,0.04698504025756862,0.16541019189873682,13.154989095653097,,,30,293760,30,293760,0.7125483434647322,13219200,16408960
b729ad24b6b0,8fbe5acc92e3,Oracle / ΔW / feedback / bridge 5,44,/home/gogoi/ahlora-runs/p3-heterogeneous-feedback,full_data_benchmark,22,0.4307466386926657,0.4307,0.1208,0.09399999999999997,0.3815,49.7868896484375,1.1618769978879635,0.045625170725469705,0.17358327141081387,14.347289192257449,,,30,293760,30,293760,0.665301444940269,13512960,16702720
b729ad24b6b0,8fbe5acc92e3,Oracle / ΔW / feedback / bridge 5,44,/home/gogoi/ahlora-runs/p3-heterogeneous-feedback,full_data_benchmark,23,0.44405079742411085,0.444,0.1135,0.10949999999999999,0.386,58.15232747395833,1.1527449549758566,0.046212685375626464,0.1791665660168716,15.39877738369784,,,30,293760,30,293760,0.6021059136837721,13806720,16996480
b729ad24b6b0,8fbe5acc92e3,Oracle / ΔW / feedback / bridge 5,44,/home/gogoi/ahlora-runs/p3-heterogeneous-feedback,full_data_benchmark,24,0.4544526535531033,0.4544,0.1247,0.12199999999999994,0.3925,66.60957438151041,1.1121927593744778,0.04904091404103462,0.18903475648073523,16.75661282984074,,,30,293760,30,293760,0.669598301872611,14100480,17290240
b729ad24b6b0,8fbe5acc92e3,Oracle / ΔW / feedback / bridge 5,44,/home/gogoi/ahlora-runs/p3-heterogeneous-feedback,full_data_benchmark,25,0.3891747819783801,0.3891,0.1101,0.09450000000000003,0.357,37.8005126953125,1.0893095167156657,0.05632808682516239,0.19978841134179362,17.492257525896033,,,210,2056320,80,2853760,0.6469012321904302,16156800,20144000
b729ad24b6b0,8fbe5acc92e3,Oracle / ΔW / feedback / bridge 5,44,/home/gogoi/ahlora-runs/p3-heterogeneous-feedback,full_data_benchmark,26,0.411653932793363,0.4116,0.1136,0.1945,0.3175,47.51722005208333,1.402739348467758,0.05067108746247457,0.18157396210431914,18.292086068354546,,,30,293760,30,293760,0.6396268727257848,16450560,20437760
b729ad24b6b0,8fbe5acc92e3,Oracle / ΔW / feedback / bridge 5,44,/home/gogoi/ahlora-runs/p3-heterogeneous-feedback,full_data_benchmark,27,0.4377537957747853,0.4377,0.1154,0.15249999999999997,0.365,56.72978515625,1.1628497794258974,0.04952318334088868,0.1797777965285498,19.78642154134189,,,30,293760,30,293760,0.6967198876664042,16744320,20731520
b729ad24b6b0,8fbe5acc92e3,Oracle / ΔW / feedback / bridge 5,44,/home/gogoi/ahlora-runs/p3-heterogeneous-feedback,full_data_benchmark,28,0.4505490497994247,0.4505,0.1314,0.178,0.3625,63.728084309895834,1.1367992506938243,0.050809992157651925,0.17839554415779516,21.00119375596599,,,30,293760,30,293760,0.5841629384085536,17038080,21025280
b729ad24b6b0,8fbe5acc92e3,Oracle / ΔW / feedback / bridge 5,44,/home/gogoi/ahlora-runs/p3-heterogeneous-feedback,full_data_benchmark,29,0.4455545500523012,0.4455,0.1135,0.14100000000000001,0.381,69.75750325520833,1.0871136709651923,0.05319521244428738,0.18771207398448633,22.61290580104493,,,30,293760,30,293760,0.5978261176496744,17331840,21319040
b729ad24b6b0,8fbe5acc92e3,Oracle / ΔW / feedback / bridge 5,44,/home/gogoi/ahlora-runs/p3-heterogeneous-feedback,full_data_benchmark,30,0.4158663911287599,0.4158,0.113,0.131,0.352,39.85516357421875,1.130862332678605,0.05801500387681816,0.19377161701002157,23.00873618721962,,,210,2056320,80,2853760,0.5996979791671038,19388160,24172800
b729ad24b6b0,8fbe5acc92e3,Oracle / ΔW / feedback / bridge 5,44,/home/gogoi/ahlora-runs/p3-heterogeneous-feedback,full_data_benchmark,31,0.4153616885251068,0.4153,0.1144,0.14350000000000002,0.3455,50.193058268229166,1.274405159142184,0.05276037816599093,0.16859473880360068,23.69343461698542,,,30,293760,30,293760,0.591735228896141,19681920,24466560
b729ad24b6b0,8fbe5acc92e3,Oracle / ΔW / feedback / bridge 5,44,/home/gogoi/ahlora-runs/p3-heterogeneous-feedback,full_data_benchmark,32,0.43276304790547676,0.4327,0.1223,0.11149999999999999,0.3725,61.10060221354167,1.168072651564081,0.05009445771960497,0.16701017175007404,25.339538344213118,,,30,293760,30,293760,0.5960784433409572,19975680,24760320
b729ad24b6b0,8fbe5acc92e3,Oracle / ΔW / feedback / bridge 5,44,/home/gogoi/ahlora-runs/p3-heterogeneous-feedback,full_data_benchmark,33,0.4424574499537018,0.4424,0.1063,0.16799999999999998,0.3755,70.773193359375,1.1680164595191445,0.0507642475810083,0.16861239569074613,26.772158905964655,,,30,293760,30,293760,0.5896156402304769,20269440,25054080
b729ad24b6b0,8fbe5acc92e3,Oracle / ΔW / feedback / bridge 5,44,/home/gogoi/ahlora-runs/p3-heterogeneous-feedback,full_data_benchmark,34,0.45665365515440465,0.4566,0.1152,0.15750000000000003,0.3805,77.983642578125,1.1338132881363878,0.051585479246995546,0.17985492387113855,28.21777920114109,,,30,293760,30,293760,0.5935513013973832,20563200,25347840
b729ad24b6b0,8fbe5acc92e3,Oracle / ΔW / feedback / bridge 5,44,/home/gogoi/ahlora-runs/p3-heterogeneous-feedback,full_data_benchmark,35,0.40547218883050967,0.4054,0.1167,0.1235,0.3405,45.2891845703125,1.0865462526150076,0.05496136169360193,0.18063853041013214,28.595888653273384,,,210,2056320,80,2853760,0.6017465209588408,22619520,28201600
b729ad24b6b0,8fbe5acc92e3,Oracle / ΔW / feedback / bridge 5,44,/home/gogoi/ahlora-runs/p3-heterogeneous-feedback,full_data_benchmark,36,0.42495839167503335,0.4249,0.1041,0.14650000000000002,0.3585,54.61513671875,1.295734158019827,0.050835061471927366,0.17440490832322,29.674277786165476,,,30,293760,30,293760,0.587091120891273,22913280,28495360
b729ad24b6b0,8fbe5acc92e3,Oracle / ΔW / feedback / bridge 5,44,/home/gogoi/ahlora-runs/p3-heterogeneous-feedback,full_data_benchmark,37,0.4418586502544523,0.4418,0.1015,0.12949999999999995,0.377,68.57554524739584,1.2008518639767758,0.04803553312547105,0.16286896102507376,31.519426241703332,,,30,293760,30,293760,0.591640854254365,23207040,28789120
b729ad24b6b0,8fbe5acc92e3,Oracle / ΔW / feedback / bridge 5,44,/home/gogoi/ahlora-runs/p3-heterogeneous-feedback,full_data_benchmark,38,0.4255661958810385,0.4255,0.1083,0.16399999999999998,0.328,81.12255859375,1.0937193734941493,0.046648282954111074,0.15722471225891368,32.904709176820084,,,30,293760,30,293760,0.5887791020795703,23500800,29082880
b729ad24b6b0,8fbe5acc92e3,Oracle / ΔW / feedback / bridge 5,44,/home/gogoi/ahlora-runs/p3-heterogeneous-feedback,full_data_benchmark,39,0.449958804381593,0.4499,0.1183,0.17200000000000004,0.37,87.14705403645833,1.1641766720510387,0.04757986190917337,0.1627602390191404,34.3000004203214,,,30,293760,30,293760,0.591407367028296,23794560,29376640
b729ad24b6b0,8fbe5acc92e3,Oracle / ΔW / feedback / bridge 5,44,/home/gogoi/ahlora-runs/p3-heterogeneous-feedback,full_data_benchmark,40,0.42016664340502424,0.4201,0.1063,0.1735,0.3325,50.100687662760414,1.124024421303365,0.05078387778868516,0.17082399546752614,34.83537159512441,,,210,2056320,80,2853760,0.5978099144995213,25850880,32230400
b729ad24b6b0,8fbe5acc92e3,Oracle / ΔW / feedback / bridge 5,44,/home/gogoi/ahlora-runs/p3-heterogeneous-feedback,full_data_benchmark,41,0.4314576945761353,0.4314,0.1124,0.186,0.322,63.142252604166664,1.3074421293627654,0.045585871558168976,0.15755493476989063,35.38609556717177,,,30,293760,30,293760,0.5972829833626747,26144640,32524160
b729ad24b6b0,8fbe5acc92e3,Oracle / ΔW / feedback / bridge 5,44,/home/gogoi/ahlora-runs/p3-heterogeneous-feedback,full_data_benchmark,42,0.44445840142991566,0.4444,0.0949,0.1785,0.35,74.18123372395833,1.1653900282621767,0.04360817862002329,0.14766944356247588,36.99597974425803,,,30,293760,30,293760,0.588272089138627,26438400,32817920
b729ad24b6b0,8fbe5acc92e3,Oracle / ΔW / feedback / bridge 5,44,/home/gogoi/ahlora-runs/p3-heterogeneous-feedback,full_data_benchmark,43,0.4499600049824937,0.4499,0.1138,0.19349999999999995,0.331,88.12727864583333,1.179948962252933,0.04338417188965227,0.14845257485169758,38.887593480867025,,,30,293760,30,293760,0.5898529188707471,26732160,33111680
b729ad24b6b0,8fbe5acc92e3,Oracle / ΔW / feedback / bridge 5,44,/home/gogoi/ahlora-runs/p3-heterogeneous-feedback,full_data_benchmark,44,0.45135555345450407,0.4513,0.1071,0.16399999999999998,0.3725,99.8273681640625,1.1513706212007746,0.043851595317913473,0.150928804017255,40.41821320074766,,,30,293760,30,293760,0.5904417494311929,27025920,33405440
b729ad24b6b0,8fbe5acc92e3,Oracle / ΔW / feedback / bridge 5,44,/home/gogoi/ahlora-runs/p3-heterogeneous-feedback,full_data_benchmark,45,0.4207714461087775,0.4207,0.0805,0.16049999999999998,0.32,56.137394205729166,1.1611757700257501,0.045353403853042915,0.15402892119236766,40.80769186442097,,,210,2056320,80,2853760,0.6021307306364179,29082240,36259200
b729ad24b6b0,8fbe5acc92e3,Oracle / ΔW / feedback / bridge 5,44,/home/gogoi/ahlora-runs/p3-heterogeneous-feedback,full_data_benchmark,46,0.43356024690357525,0.4335,0.1063,0.14200000000000002,0.346,68.97060546875,1.2650090774384333,0.041637509162341796,0.1420150928835712,41.502916500344874,,,30,293760,30,293760,0.5678461231291294,29376000,36552960
b729ad24b6b0,8fbe5acc92e3,Oracle / ΔW / feedback / bridge 5,44,/home/gogoi/ahlora-runs/p3-heterogeneous-feedback,full_data_benchmark,47,0.4390620005312659,0.439,0.1048,0.18100000000000005,0.353,85.1326171875,1.1917266550307934,0.0392658057480615,0.1337069087593247,42.82094846175362,,,30,293760,30,293760,0.5939407153055072,29669760,36846720
b729ad24b6b0,8fbe5acc92e3,Oracle / ΔW / feedback / bridge 5,44,/home/gogoi/ahlora-runs/p3-heterogeneous-feedback,full_data_benchmark,48,0.44565915240577925,0.4456,0.1025,0.1825,0.368,98.57205403645834,1.1682939311585863,0.03914510759398982,0.1339566273410068,44.80677610477433,,,30,293760,30,293760,0.5631355885416269,29963520,37140480
b729ad24b6b0,8fbe5acc92e3,Oracle / ΔW / feedback / bridge 5,44,/home/gogoi/ahlora-runs/p3-heterogeneous-feedback,full_data_benchmark,49,0.4332689511100306,0.4332,0.1147,0.1895,0.3355,108.97278645833333,1.0741384556608746,0.03983012592270855,0.13920226360080756,46.222113728988916,,,30,293760,30,293760,0.5453863367438316,30257280,37434240
b729ad24b6b0,8fbe5acc92e3,Oracle / ΔW / feedback / bridge 5,44,/home/gogoi/ahlora-runs/p3-heterogeneous-feedback,full_data_benchmark,50,0.41717384550967757,0.4171,0.1074,0.17049999999999998,0.3155,61.398258463541666,1.1816156797173334,0.0408316029788016,0.13636021701866835,46.602979403237505,,,210,2056320,80,2853760,0.5695300381630659,32313600,40288000
