seed,method,round,client_id,rank,capacity_ceiling,stable_rank,ema_demand,quality_ema,changed
42,adaptive_domain,1,0,4,4,1.089570184537079,1.089570184537079,0.2723965994067718,False
42,adaptive_domain,1,1,8,8,1.1117543643379155,1.1117543643379155,0.2572809715560126,False
42,adaptive_domain,1,2,16,16,1.1205120300895082,1.1205120300895082,0.28361231802523845,False
42,adaptive_domain,1,3,4,4,1.0744941104408323,1.0744941104408323,0.267731574697153,False
42,adaptive_domain,1,4,8,8,1.057441835535704,1.057441835535704,0.2823296335843713,False
42,adaptive_domain,1,5,16,16,1.0801153691835113,1.0801153691835113,0.26426618963587084,False
42,adaptive_domain,1,6,4,4,1.0559110015420299,1.0559110015420299,0.27328492097171614,False
42,adaptive_domain,1,7,8,8,1.0854014064667712,1.0854014064667712,0.28617049954283585,False
42,adaptive_domain,1,8,16,16,1.0801240043692515,1.0801240043692515,0.2838431334227255,False
42,adaptive_domain,1,9,4,4,1.0362036954521041,1.0362036954521041,0.2934189993150555,False
42,adaptive_domain,1,10,8,8,1.0735254947617268,1.0735254947617268,0.2680745804336102,False
42,adaptive_domain,1,11,16,16,1.0472424666947988,1.0472424666947988,0.27791291791919404,False
42,adaptive_domain,1,12,4,4,1.0769694540370434,1.0769694540370434,0.28115814549087265,False
42,adaptive_domain,1,13,8,8,1.0814393887776257,1.0814393887776257,0.26381707844580105,False
42,adaptive_domain,1,14,16,16,1.064493339658858,1.064493339658858,0.269945109990476,False
42,adaptive_domain,2,0,4,4,1.0127030402836166,1.0665100412610404,0.2810433196505918,False
42,adaptive_domain,2,1,8,8,1.0155455724475562,1.0828917267708076,0.26356902154941547,False
42,adaptive_domain,2,2,16,16,1.045468957313454,1.0979991082566918,0.2972673859830187,False
42,adaptive_domain,2,3,4,4,1.025137551412438,1.059687142732314,0.2716242354405705,False
42,adaptive_domain,2,4,8,8,1.0239218444575324,1.0473858382122527,0.2895864464428463,False
42,adaptive_domain,2,5,16,16,1.1711926489030016,1.1074385530993582,0.2868410897870344,False
42,adaptive_domain,2,6,4,4,1.0141065573604082,1.0433696682875433,0.2790039177169892,False
42,adaptive_domain,2,7,8,8,1.020006328119433,1.0657828829625697,0.2900577033676441,False
42,adaptive_domain,2,8,16,16,1.015228813857199,1.0606554472156358,0.29676313793849673,False
42,adaptive_domain,2,9,4,4,1.0001929663505829,1.0254004767216478,0.2939765429014387,False
42,adaptive_domain,2,10,8,8,1.0018610587416101,1.0520261639556918,0.2761979176886853,False
42,adaptive_domain,2,11,16,16,1.0031657017421822,1.034019437209014,0.27960446492988905,False
42,adaptive_domain,2,12,4,4,1.0030149248302527,1.0547830952750061,0.2827346206282889,False
42,adaptive_domain,2,13,8,8,1.0004734498229826,1.0571496070912327,0.26694407751234656,False
42,adaptive_domain,2,14,16,16,1.0330970031409434,1.0550744387034836,0.2803190232144161,False
42,adaptive_domain,3,0,4,4,1.1001027628385622,1.0765878577342969,0.29850943037240885,False
42,adaptive_domain,3,1,8,8,1.0748696028881104,1.0804850896059983,0.27530888407464643,False
42,adaptive_domain,3,2,16,16,1.1670201422620932,1.1187054184583123,0.3234184966066774,False
42,adaptive_domain,3,3,4,4,1.0333969678688129,1.0518000902732636,0.2776734573381455,False
42,adaptive_domain,3,4,8,8,1.0289777742007291,1.0418634190087956,0.3015989440005939,False
42,adaptive_domain,3,5,16,16,1.2751396061290783,1.1577488690082742,0.32632604720412556,False
42,adaptive_domain,3,6,4,4,1.0531510882772799,1.0463040942844644,0.2916579261737908,False
42,adaptive_domain,3,7,8,8,1.0811326421170389,1.0703878107089104,0.29826031981457335,False
42,adaptive_domain,3,8,16,16,1.14621806904987,1.086324233765906,0.32616021153788677,False
42,adaptive_domain,3,9,4,4,1.0008490625401518,1.0180350524671988,0.29477574960769154,False
42,adaptive_domain,3,10,8,8,1.0570341740156406,1.0535285669736765,0.2907732610201609,False
42,adaptive_domain,3,11,16,16,1.0096468692300231,1.0267076668153168,0.28448674333735324,False
42,adaptive_domain,3,12,4,4,1.0094494448320201,1.0411830001421103,0.28842568137265573,False
42,adaptive_domain,3,13,8,8,1.0024013056358352,1.0407251166546134,0.2715248054657781,False
42,adaptive_domain,3,14,16,16,1.47598499774737,1.1813476064166495,0.29607491146870935,False
42,adaptive_domain,4,0,2,4,1.126970793117303,1.0917027383491988,0.30619949492573423,True
42,adaptive_domain,4,1,6,8,1.1311107959105122,1.0956728014973525,0.2891042655252237,True
42,adaptive_domain,4,2,12,16,1.1505732927865613,1.128265780756787,0.3561344792847284,True
42,adaptive_domain,4,3,2,4,1.0913079137795165,1.0636524373251395,0.28172581380129874,True
42,adaptive_domain,4,4,6,8,1.0378261713027874,1.0406522446969932,0.3150439752994217,True
42,adaptive_domain,4,5,12,16,1.2695434319534677,1.1912872378918322,0.3717719085199749,True
42,adaptive_domain,4,6,2,4,1.1596639067758239,1.0803120380318723,0.3006141285493114,True
42,adaptive_domain,4,7,6,8,1.056138267361467,1.0661129477046773,0.31038608073818236,True
42,adaptive_domain,4,8,12,16,1.1995070101485104,1.1202790666806872,0.3617256528884041,True
42,adaptive_domain,4,9,2,4,1.0017823545658007,1.0131592430967795,0.29510148868804864,True
42,adaptive_domain,4,10,6,8,1.1532398148595182,1.083441941339429,0.30508427078425726,True
42,adaptive_domain,4,11,12,16,1.0244631092702097,1.0260342995517846,0.2913976660809199,True
42,adaptive_domain,4,12,2,4,1.033496218768433,1.0388769657300072,0.29273586637216764,True
42,adaptive_domain,4,13,6,8,1.0039609376099277,1.0296958629412076,0.27793904695594035,True
42,adaptive_domain,4,14,12,16,1.2935931233080114,1.215021261484058,0.3149982845861268,True
42,adaptive_domain,5,0,2,4,1.0086131269996101,1.0667758549443223,0.3144167162739442,False
42,adaptive_domain,5,1,6,8,1.2166079826273304,1.131953355836346,0.30389001025262063,False
42,adaptive_domain,5,2,12,16,1.115451361622068,1.1244214550163714,0.3885547977370302,False
42,adaptive_domain,5,3,2,4,1.021316872158991,1.0509517677752949,0.2890913978731249,False
42,adaptive_domain,5,4,6,8,1.0340454120785223,1.038670194911452,0.32801262034314466,False
42,adaptive_domain,5,5,12,16,1.268689704732104,1.2145079779439139,0.4178774499055674,False
42,adaptive_domain,5,6,2,4,1.0067893702455837,1.0582552376959857,0.3093123237254597,False
42,adaptive_domain,5,7,6,8,1.0313802186162666,1.0556931289781541,0.32305250770928085,False
42,adaptive_domain,5,8,12,16,1.1284172058448485,1.1227205084299356,0.4011058614505651,False
42,adaptive_domain,5,9,2,4,1.0198472473804001,1.0151656443818657,0.2943061106731313,False
42,adaptive_domain,5,10,6,8,1.21816998245827,1.1238603536750813,0.31829710821910895,False
42,adaptive_domain,5,11,12,16,1.0250055855460927,1.0257256853500771,0.29852885089885123,False
42,adaptive_domain,5,12,2,4,1.0043654212783149,1.0285235023944994,0.2977971867791266,False
42,adaptive_domain,5,13,6,8,1.0073408157385324,1.022989348780405,0.2828824244528637,False
42,adaptive_domain,5,14,12,16,1.147711999797447,1.1948284829780746,0.3349259312099164,False
42,adaptive_domain,6,0,2,4,1.0066508650531465,1.0487383579769696,0.3198947486750119,False
42,adaptive_domain,6,1,4,8,1.2078249182451564,1.154714824558989,0.3163981140962513,True
42,adaptive_domain,6,2,8,16,1.1124069491889321,1.1208171032681395,0.41371826044055343,True
42,adaptive_domain,6,3,2,4,1.0066366385049954,1.037657228994205,0.2963715045684232,False
42,adaptive_domain,6,4,4,8,1.032636535792177,1.0368600971756696,0.33994205255106663,True
42,adaptive_domain,6,5,8,16,1.155291937427378,1.1967431657889531,0.45251552420847896,True
42,adaptive_domain,6,6,2,4,1.0091763050555147,1.0435315579038444,0.31704362403671676,False
42,adaptive_domain,6,7,4,8,1.0697037163987897,1.0598963052043449,0.33281814812264043,True
42,adaptive_domain,6,8,8,16,1.038346639467144,1.097408347741098,0.4309707401473474,True
42,adaptive_domain,6,9,2,4,1.011124786392544,1.0139533869850692,0.2916331013898569,False
42,adaptive_domain,6,10,4,8,1.2852127075050765,1.17226605982408,0.33033704042507567,True
42,adaptive_domain,6,11,8,16,1.0320173314578096,1.0276131791823968,0.3054227502854444,True
42,adaptive_domain,6,12,2,4,1.0046131398823037,1.0213503936408408,0.3022985003948724,False
42,adaptive_domain,6,13,4,8,1.0157874698566718,1.020828785103285,0.28612692319671856,True
42,adaptive_domain,6,14,8,16,1.0884818399655996,1.162924490074332,0.3554395819477606,True
42,adaptive_domain,7,0,2,4,1.0038124072783647,1.0352605727673883,0.32520184673417124,False
42,adaptive_domain,7,1,4,8,1.3817403141116449,1.2228224714247857,0.3271417297830966,False
42,adaptive_domain,7,2,8,16,1.0547658457280722,1.1010017260061193,0.4382046632645556,False
42,adaptive_domain,7,3,2,4,1.008422438382992,1.028886791810841,0.3030032144160927,False
42,adaptive_domain,7,4,4,8,1.0393852682919311,1.037617648510548,0.3514966386325957,False
42,adaptive_domain,7,5,8,16,1.1664349314259768,1.1876506954800603,0.4844395391531759,False
42,adaptive_domain,7,6,2,4,1.0224169673534205,1.0371971807387173,0.32493006416887105,False
42,adaptive_domain,7,7,4,8,1.016839840180308,1.0469793656971338,0.342072873489207,False
42,adaptive_domain,7,8,8,16,1.0542954136815794,1.0844744675232425,0.45771916502252463,False
42,adaptive_domain,7,9,2,4,1.021655787394951,1.0162641071080338,0.28947598769974026,False
42,adaptive_domain,7,10,4,8,1.3437646545677095,1.2237156382471688,0.3409219769249439,False
42,adaptive_domain,7,11,8,16,1.073878557627334,1.041492792715878,0.3125456460909932,False
42,adaptive_domain,7,12,2,4,1.004834131423329,1.0163955149755872,0.30712615749653527,False
42,adaptive_domain,7,13,4,8,1.0256269170269912,1.022268224680397,0.29013306285707546,False
42,adaptive_domain,7,14,8,16,1.1346626270943574,1.1544459311803397,0.3752185533204427,False
42,adaptive_domain,8,0,2,4,1.0032929273917348,1.025670279154692,0.3298285670812003,False
42,adaptive_domain,8,1,4,8,1.2466491206275419,1.2299704661856126,0.3364978535872534,False
42,adaptive_domain,8,2,8,16,1.086912563079118,1.0967749771280189,0.4596751093147264,False
42,adaptive_domain,8,3,2,4,1.0086966368041255,1.0228297453088264,0.3095624421113811,False
42,adaptive_domain,8,4,4,8,1.0442854092838734,1.0396179767425455,0.36114442840571637,False
42,adaptive_domain,8,5,8,16,1.1100847584572007,1.1643809143732025,0.515430574047049,False
42,adaptive_domain,8,6,2,4,1.0138033760838447,1.0301790393422556,0.33101738593932045,False
42,adaptive_domain,8,7,4,8,1.0127748401611854,1.0367180080363494,0.3495685151333755,False
42,adaptive_domain,8,8,8,16,1.0347546353302692,1.0695585178653504,0.48232715407131616,False
42,adaptive_domain,8,9,2,4,1.0173572435577056,1.0165920480429353,0.2867030896470829,False
42,adaptive_domain,8,10,4,8,1.1791642702507112,1.2103502278482314,0.35138168594715585,False
42,adaptive_domain,8,11,8,16,1.089058428717585,1.0557624835163901,0.31955572009858996,False
42,adaptive_domain,8,12,2,4,1.0058322179900587,1.0132265258799287,0.3112561111318778,False
42,adaptive_domain,8,13,4,8,1.0337066016145595,1.0256997377606456,0.2931864184692936,False
42,adaptive_domain,8,14,8,16,1.1062934183764923,1.1400001773391855,0.3924561956770761,False
42,adaptive_domain,9,0,2,4,1.0035071495476646,1.0190213402725838,0.3346482577565714,False
42,adaptive_domain,9,1,4,8,1.1942666436000127,1.2192593194099326,0.3453748245565459,False
42,adaptive_domain,9,2,8,16,1.087493758714845,1.0939906116040667,0.4788299796829949,False
42,adaptive_domain,9,3,2,4,1.0101919081390744,1.0190383941579009,0.3152842877681788,False
42,adaptive_domain,9,4,4,8,1.0494678234968782,1.0425729307688454,0.37107750730316824,False
42,adaptive_domain,9,5,8,16,1.19273489523618,1.1728871086320958,0.5429064006532262,False
42,adaptive_domain,9,6,2,4,1.060821838385657,1.0393718790552762,0.33708779728602384,False
42,adaptive_domain,9,7,4,8,1.0197403677295345,1.031624715944305,0.3562805953163015,False
42,adaptive_domain,9,8,8,16,1.0437287101455994,1.061809575549425,0.5041834314459213,False
42,adaptive_domain,9,9,2,4,1.0181088131741565,1.0170470775823017,0.28403155969052407,False
42,adaptive_domain,9,10,4,8,1.203641736732205,1.2083376805134236,0.36086329314475735,False
42,adaptive_domain,9,11,8,16,1.1620511045727062,1.087649069833285,0.3265284845445333,False
42,adaptive_domain,9,12,2,4,1.0046333751684946,1.0106485806664984,0.3137426770354991,False
42,adaptive_domain,9,13,4,8,1.0342526964564234,1.028265625369379,0.29473266113814894,False
42,adaptive_domain,9,14,8,16,1.1214337343443375,1.134430244440731,0.4074991753974305,False
42,adaptive_domain,10,0,2,4,1.0043009987372897,1.0146052378119956,0.3393862734525083,False
42,adaptive_domain,10,1,4,8,1.4745676009889506,1.295851803883638,0.35408928304418136,False
42,adaptive_domain,10,2,8,16,1.0815166175265132,1.0902484133808006,0.4944234155305453,False
42,adaptive_domain,10,3,2,4,1.0092440651243861,1.0161000954478465,0.32008063573673684,False
42,adaptive_domain,10,4,4,8,1.037609491043236,1.0410838988511626,0.3794313118352163,False
42,adaptive_domain,10,5,8,16,1.3178824036443948,1.2163856971357856,0.5649952231837827,False
42,adaptive_domain,10,6,2,4,1.030636844660963,1.0367513687369823,0.3426879936191022,False
42,adaptive_domain,10,7,4,8,1.0296473693601742,1.0310315119690658,0.36325152911089836,False
42,adaptive_domain,10,8,8,16,1.0363289558871918,1.054165389650755,0.524887394500142,False
42,adaptive_domain,10,9,2,4,1.014920666041323,1.0164091541200082,0.2822426257006415,False
42,adaptive_domain,10,10,4,8,1.1867119153830052,1.2018499509742981,0.3689874623700852,False
42,adaptive_domain,10,11,8,16,1.2339640104720448,1.131543552024913,0.33258194581511324,False
42,adaptive_domain,10,12,2,4,1.0043839899363878,1.0087692034474651,0.3161021682577322,False
42,adaptive_domain,10,13,4,8,1.0681002582593397,1.0402160152363673,0.29542617456867526,False
42,adaptive_domain,10,14,8,16,1.1013055026330298,1.1244928218984207,0.42207820815843,False
42,adaptive_domain,11,0,2,4,1.0028449894685634,1.011077163308966,0.3422210809456726,False
42,adaptive_domain,11,1,4,8,1.2472440032805046,1.281269463702698,0.36120485383386214,False
42,adaptive_domain,11,2,8,16,1.0864160446634907,1.0890987027656076,0.5079154215779849,False
42,adaptive_domain,11,3,2,4,1.008874513220682,1.0139324207796971,0.3237535871252198,False
42,adaptive_domain,11,4,4,8,1.0382254597903453,1.0402263671329175,0.38782044809969124,False
42,adaptive_domain,11,5,8,16,1.4829675668311286,1.2963602580443885,0.5838327741530036,False
42,adaptive_domain,11,6,2,4,1.0235825507551715,1.032800723342439,0.347669282481236,False
42,adaptive_domain,11,7,4,8,1.0240076746109774,1.0289243607616392,0.37031976917502,False
42,adaptive_domain,11,8,8,16,1.0292892979795634,1.0467025621493975,0.5398107030316255,False
42,adaptive_domain,11,9,2,4,1.0139138307482183,1.0156605571084714,0.2808033753254997,False
42,adaptive_domain,11,10,4,8,1.095902781096099,1.1700658000108384,0.376145695496509,False
42,adaptive_domain,11,11,8,16,1.1865296445587141,1.1480393797850534,0.3383173432856692,False
42,adaptive_domain,11,12,2,4,1.0058476073320521,1.0078927246128413,0.3183964934929529,False
42,adaptive_domain,11,13,4,8,1.0615986212097481,1.0466307970283815,0.2969062019009183,False
42,adaptive_domain,11,14,8,16,1.1452818609539483,1.130729533615079,0.433703836091602,False
42,adaptive_domain,12,0,2,4,1.0024677428633209,1.0084943371752724,0.3467317686222851,False
42,adaptive_domain,12,1,4,8,1.2241087411668978,1.264121246941958,0.36750818106884964,False
42,adaptive_domain,12,2,8,16,1.053242426949992,1.078341820020923,0.5196105588205825,False
42,adaptive_domain,12,3,2,4,1.0100474100510017,1.0127669175610885,0.32741539177482687,False
42,adaptive_domain,12,4,4,8,1.0443788480232907,1.0414721114000294,0.3952568157243439,False
42,adaptive_domain,12,5,8,16,1.3973004472808201,1.326642314815318,0.5977191805709858,False
42,adaptive_domain,12,6,2,4,1.0435855960083118,1.0360361851422009,0.35135773157674943,False
42,adaptive_domain,12,7,4,8,1.0234035778460484,1.027268125886962,0.3756605050738654,False
42,adaptive_domain,12,8,8,16,1.0295727926994505,1.0415636313144134,0.5554341619749558,False
42,adaptive_domain,12,9,2,4,1.009485169595381,1.0138079408545442,0.2800408332646616,False
42,adaptive_domain,12,10,4,8,1.090364176147291,1.146155312851774,0.3832259263375667,False
42,adaptive_domain,12,11,8,16,1.2180462633602036,1.1690414448575985,0.34381133927994195,False
42,adaptive_domain,12,12,2,4,1.0075113895387033,1.0077783240906,0.3207624241518427,False
42,adaptive_domain,12,13,4,8,1.0546388526951636,1.049033213728416,0.2980102159557101,False
42,adaptive_domain,12,14,8,16,1.1242858993224227,1.1287964433272824,0.44378692150346943,False
42,adaptive_domain,13,0,2,4,1.0031500093408283,1.0068910388249392,0.35052432454965965,False
42,adaptive_domain,13,1,4,8,1.2029599126817068,1.2457728466638827,0.3735403633114381,False
42,adaptive_domain,13,2,8,16,1.0586787576096008,1.0724429012975263,0.5319663423115788,False
42,adaptive_domain,13,3,2,4,1.0085927902504248,1.0115146793678893,0.3310232812130214,False
42,adaptive_domain,13,4,4,8,1.0438095603886144,1.042173346096605,0.40073671319959514,False
42,adaptive_domain,13,5,8,16,1.15237083216888,1.2743608700213866,0.6121733077570983,False
42,adaptive_domain,13,6,2,4,1.0092306115076275,1.0279945130518289,0.3557332768475789,False
42,adaptive_domain,13,7,4,8,1.0100944549711515,1.022116024612219,0.37945817214819366,False
42,adaptive_domain,13,8,8,16,1.035437824139502,1.0397258891619399,0.5683690989383701,False
42,adaptive_domain,13,9,2,4,1.0128573519045239,1.0135227641695381,0.2799632489083694,False
42,adaptive_domain,13,10,4,8,1.0864677575854496,1.1282490462718768,0.38823814950452185,False
42,adaptive_domain,13,11,8,16,1.129213423661065,1.1570930384986384,0.3483811028030326,False
42,adaptive_domain,13,12,2,4,1.0092181104055036,1.008210259985071,0.3224117477830613,False
42,adaptive_domain,13,13,4,8,1.0389912203698342,1.0460206157208414,0.29763871588580415,False
42,adaptive_domain,13,14,8,16,1.087539356520687,1.1164193172853039,0.45243964723988817,False
42,adaptive_domain,14,0,2,4,1.003588602002703,1.0059003077782684,0.3555882994854295,False
42,adaptive_domain,14,1,4,8,1.0984989710511575,1.201590683980065,0.3792693579045467,False
42,adaptive_domain,14,2,8,16,1.1029250450671029,1.0815875444283993,0.5393489226473995,False
42,adaptive_domain,14,3,2,4,1.0078831155955394,1.0104252102361844,0.33386098434260847,False
42,adaptive_domain,14,4,4,8,1.0461505795274255,1.0433665161258512,0.4047234905655715,False
42,adaptive_domain,14,5,8,16,1.7402479173150018,1.4141269842094712,0.6246172767980085,False
42,adaptive_domain,14,6,2,4,1.0280310977928897,1.0280054884741472,0.35921994224440496,False
42,adaptive_domain,14,7,4,8,1.0145633817262254,1.0198502317464209,0.38232774785486123,False
42,adaptive_domain,14,8,8,16,1.0278608913164575,1.0361663898082951,0.5796990632288672,False
42,adaptive_domain,14,9,2,4,1.0055482910811733,1.0111304222430286,0.2801427987691694,False
42,adaptive_domain,14,10,4,8,1.0823780975113078,1.114487761643706,0.3926009954185864,False
42,adaptive_domain,14,11,8,16,1.1681118062834956,1.1603986688340957,0.35338671732736426,False
42,adaptive_domain,14,12,2,4,1.018720058428711,1.0113631995181631,0.3242382485990576,False
42,adaptive_domain,14,13,4,8,1.0368601210239285,1.0432724673117675,0.29679406236064315,False
42,adaptive_domain,14,14,8,16,1.1099560612495623,1.1144803404745813,0.45992455238918445,False
42,adaptive_domain,15,0,2,4,1.0033440349764091,1.0051334259377107,0.35967662859219246,False
42,adaptive_domain,15,1,4,8,1.2202464573800023,1.2071874160000462,0.3827658743395324,False
42,adaptive_domain,15,2,8,16,1.0488254342604746,1.071758911378022,0.5430440669633598,False
42,adaptive_domain,15,3,2,4,1.0085087927181033,1.00985028498076,0.3360085258708298,False
42,adaptive_domain,15,4,4,8,1.050352200524339,1.0454622214453977,0.4084418977332586,False
42,adaptive_domain,15,5,8,16,1.2874669096411675,1.37612896183898,0.6335243135859876,False
42,adaptive_domain,15,6,2,4,1.0086318086241206,1.0221933845191393,0.36280351199183186,False
42,adaptive_domain,15,7,4,8,1.0203727131791944,1.020006976176253,0.38500862611197517,False
42,adaptive_domain,15,8,8,16,1.0307565528320932,1.0345434387154346,0.5903456181455001,False
42,adaptive_domain,15,9,2,4,1.0074873095144699,1.010037488424461,0.28081283677301044,False
42,adaptive_domain,15,10,4,8,1.10340229914207,1.1111621228932154,0.39711529527239064,False
42,adaptive_domain,15,11,8,16,1.1346613025932082,1.1526774589618296,0.35743175175682296,False
42,adaptive_domain,15,12,2,4,1.0097143982420946,1.0108685591353426,0.32473527680934094,False
42,adaptive_domain,15,13,4,8,1.045326440106747,1.0438886591502614,0.2966165638329299,False
42,adaptive_domain,15,14,8,16,1.0870198811787855,1.1062422026858427,0.46422527501380384,False
42,adaptive_domain,16,0,2,4,1.0030597543991835,1.0045113244761525,0.36333583106647327,False
42,adaptive_domain,16,1,4,8,1.1067368356787823,1.177052241903667,0.3854219822249178,False
42,adaptive_domain,16,2,8,16,1.0684943423086453,1.070779540657209,0.5481008927521391,False
42,adaptive_domain,16,3,2,4,1.0086379274364632,1.009486577717471,0.3382843889907185,False
42,adaptive_domain,16,4,4,8,1.052432089983952,1.047553182006964,0.4123016879117457,False
42,adaptive_domain,16,5,8,16,1.1959545390048683,1.3220766349887465,0.6417038260091086,False
42,adaptive_domain,16,6,2,4,1.0233875429592887,1.022551632051184,0.3661735293723012,False
42,adaptive_domain,16,7,4,8,1.014379912781303,1.018318857157768,0.38778270035148443,False
42,adaptive_domain,16,8,8,16,1.0244439166173134,1.0315135820859984,0.6007413602835614,False
42,adaptive_domain,16,9,2,4,1.0056781322299169,1.0087296815660978,0.28138523562371415,False
42,adaptive_domain,16,10,4,8,1.0710230101394496,1.0991203890670855,0.3996352106592818,False
42,adaptive_domain,16,11,8,16,1.1509079837978327,1.1521466164126306,0.36129021276247925,False
42,adaptive_domain,16,12,2,4,1.0184651152185755,1.0131475259603124,0.32609613361024326,False
42,adaptive_domain,16,13,4,8,1.0424059154061562,1.0434438360270297,0.29518368018358854,False
42,adaptive_domain,16,14,8,16,1.080479709865343,1.0985134548396929,0.4691377572869974,False
42,adaptive_domain,17,0,2,4,1.0033270162152887,1.0041560319978933,0.3671505489501296,False
42,adaptive_domain,17,1,4,8,1.2272131987362038,1.192100528953428,0.3881771264065398,False
42,adaptive_domain,17,2,8,16,1.0565493104537516,1.0665104715961717,0.5516955465506668,False
42,adaptive_domain,17,3,2,4,1.008918824184383,1.0093162516575447,0.3398253414352463,False
42,adaptive_domain,17,4,4,8,1.0619159283694202,1.051862005915701,0.4171507261854619,False
42,adaptive_domain,17,5,8,16,1.1357395432271749,1.266175507460275,0.6472310800259612,False
42,adaptive_domain,17,6,2,4,1.0164390219606558,1.0207178490240256,0.3688751589173108,False
42,adaptive_domain,17,7,4,8,1.0173918569494855,1.0180407570952832,0.39058027901016146,False
42,adaptive_domain,17,8,8,16,1.019828308390253,1.0280079999772749,0.6065465605156215,False
42,adaptive_domain,17,9,2,4,1.0053727591906632,1.0077226048534673,0.28222155535345117,False
42,adaptive_domain,17,10,4,8,1.1057997152072385,1.1011241869091315,0.4018358497032269,False
42,adaptive_domain,17,11,8,16,1.1246376331277979,1.1438939214271808,0.36500328335517596,False
42,adaptive_domain,17,12,2,4,1.023617615019436,1.0162885526780494,0.32641855985576307,False
42,adaptive_domain,17,13,4,8,1.0411786845627167,1.0427642905877357,0.29443981373200484,False
42,adaptive_domain,17,14,8,16,1.0956086873506616,1.0976420245929834,0.4752688692212709,False
42,adaptive_domain,18,0,2,4,1.0030137410451334,1.0038133447120654,0.3700772907259702,False
42,adaptive_domain,18,1,4,8,1.0792273020170184,1.1582385608725052,0.3900608367083285,False
42,adaptive_domain,18,2,8,16,1.0412622858779246,1.0589360158806975,0.5549760093803463,False
42,adaptive_domain,18,3,2,4,1.0093503285182863,1.009326474715767,0.3414936362348797,False
42,adaptive_domain,18,4,4,8,1.0653605062850668,1.0559115560265107,0.4217794909025881,False
42,adaptive_domain,18,5,8,16,1.1191988338296641,1.2220825053710918,0.6529958001776215,False
42,adaptive_domain,18,6,2,4,1.027233429007747,1.022672523019142,0.3715085154891361,False
42,adaptive_domain,18,7,4,8,1.0159704770269486,1.0174196730747829,0.3930574919386173,False
42,adaptive_domain,18,8,8,16,1.020021342222638,1.0256120026508837,0.6125738104682538,False
42,adaptive_domain,18,9,2,4,1.006210603018912,1.0072690043031007,0.2828788196560402,False
42,adaptive_domain,18,10,4,8,1.0979723985202972,1.1001786503924813,0.40323678990836886,False
42,adaptive_domain,18,11,8,16,1.0829967484568233,1.1256247695360735,0.36790156536128416,False
42,adaptive_domain,18,12,2,4,1.013220287442522,1.0153680731073913,0.3270787054920486,False
42,adaptive_domain,18,13,4,8,1.0462976492212026,1.0438242981777757,0.29412256657738356,False
42,adaptive_domain,18,14,8,16,1.1072175130995183,1.1005146711449438,0.4802354664330905,False
42,adaptive_domain,19,0,2,4,1.0021081733560797,1.0033017933052697,0.3723128175770189,False
42,adaptive_domain,19,1,4,8,1.0882239491757124,1.1372341773634673,0.3929939506364351,False
42,adaptive_domain,19,2,8,16,1.0611689527742634,1.0596058969487672,0.5581834257444473,False
42,adaptive_domain,19,3,2,4,1.0085241782399739,1.009085785773029,0.3431975184573153,False
42,adaptive_domain,19,4,4,8,1.0731187902735704,1.0610737263006285,0.4235918829735254,False
42,adaptive_domain,19,5,8,16,1.1171738133547882,1.1906098977662007,0.6584579719761827,False
42,adaptive_domain,19,6,2,4,1.0578869673159876,1.0332368563081957,0.3739178799453319,False
42,adaptive_domain,19,7,4,8,1.0152866187089562,1.0167797567650347,0.3957308996560932,False
42,adaptive_domain,19,8,8,16,1.029589026405319,1.0268051097772144,0.617705700331318,False
42,adaptive_domain,19,9,2,4,1.0027523098483906,1.0059139959666878,0.28381216358724787,False
42,adaptive_domain,19,10,4,8,1.1128742978322395,1.1039873446244086,0.40586765997624996,False
42,adaptive_domain,19,11,8,16,1.088028816478566,1.1143459836188212,0.36994440618965246,False
42,adaptive_domain,19,12,2,4,1.033659038379688,1.0208553626890802,0.3270087723564783,False
42,adaptive_domain,19,13,4,8,1.0439166586081898,1.0438520063069,0.2930432118107168,False
42,adaptive_domain,19,14,8,16,1.10544275921546,1.1019930975660988,0.48479897333851585,False
42,adaptive_domain,20,0,2,4,1.0021024726358823,1.0029419971044535,0.3742453238221611,False
42,adaptive_domain,20,1,4,8,1.0537535126807969,1.1121899779586661,0.3942997429877185,False
42,adaptive_domain,20,2,8,16,1.046236507509265,1.0555950801169165,0.5593156580991361,False
42,adaptive_domain,20,3,2,4,1.0093706468825026,1.0091712441058711,0.3442032582441824,False
42,adaptive_domain,20,4,4,8,1.0626843866097355,1.0615569243933605,0.42590748348311475,False
42,adaptive_domain,20,5,8,16,1.1073571898913257,1.1656340854037381,0.6632371729057774,False
42,adaptive_domain,20,6,2,4,1.076856348653243,1.0463227040117098,0.37637906836230683,False
42,adaptive_domain,20,7,4,8,1.0134159616768696,1.015770618238585,0.39743736999214707,False
42,adaptive_domain,20,8,8,16,1.0310319031451693,1.0280731477876008,0.6222954312394173,False
42,adaptive_domain,20,9,2,4,1.006621756812378,1.0061263242203948,0.2843707000432875,False
42,adaptive_domain,20,10,4,8,1.0884335326327614,1.0993212010269144,0.4075291025632793,False
42,adaptive_domain,20,11,8,16,1.0781576732767422,1.1034894905161974,0.37082668324097756,False
42,adaptive_domain,20,12,2,4,1.4322460711193803,1.1442725752181702,0.32700424802831407,False
42,adaptive_domain,20,13,4,8,1.0457322758608343,1.0444160871730803,0.2921562847960009,False
42,adaptive_domain,20,14,8,16,1.1392462817299456,1.1131690528152527,0.48858256969641367,False
42,adaptive_domain,21,0,2,4,1.0023004235437627,1.0027495250362464,0.3757881564209788,False
42,adaptive_domain,21,1,4,8,1.0962838507069805,1.1074181397831604,0.39541556314538806,False
42,adaptive_domain,21,2,8,16,1.0341769263760419,1.0491696339946541,0.5614348224582457,False
42,adaptive_domain,21,3,2,4,1.0085533939086846,1.0089858890467152,0.345084516709223,False
42,adaptive_domain,21,4,4,8,1.07257934298305,1.0648636499702673,0.4290533754582723,False
42,adaptive_domain,21,5,8,16,1.3124730623905472,1.2096857784997808,0.6664474867201535,False
42,adaptive_domain,21,6,2,4,1.087576616157861,1.058698877655555,0.37920836175861816,False
42,adaptive_domain,21,7,4,8,1.0163299079783576,1.015938405160517,0.3979510480488821,False
42,adaptive_domain,21,8,8,16,1.0246586387949572,1.0270487950898077,0.625190958348642,False
42,adaptive_domain,21,9,2,4,1.003421752824619,1.005314952801662,0.28490873306544384,False
42,adaptive_domain,21,10,4,8,1.076855553361564,1.0925815067273095,0.40890505460397414,False
42,adaptive_domain,21,11,8,16,1.0745769978242896,1.0948157427086251,0.3724637005877026,False
42,adaptive_domain,21,12,2,4,1.276950187357499,1.184075858859969,0.32657054003998043,False
42,adaptive_domain,21,13,4,8,1.0421348262001149,1.0437317088811908,0.29198299637005504,False
42,adaptive_domain,21,14,8,16,1.1110196099840803,1.1125242199659011,0.49005345906588127,False
42,adaptive_domain,22,0,2,4,1.0025627116797464,1.0026934810292965,0.3763690896501132,False
42,adaptive_domain,22,1,4,8,1.0615240926707394,1.093649925649434,0.3968721696193543,False
42,adaptive_domain,22,2,8,16,1.0642120081975597,1.0536823462555258,0.5629442267445633,False
42,adaptive_domain,22,3,2,4,1.009396779486691,1.009109156178708,0.34662372776008954,False
42,adaptive_domain,22,4,4,8,1.0725589246952971,1.0671722323877761,0.43210157631233675,False
42,adaptive_domain,22,5,8,16,1.1177327768924281,1.182099878017575,0.670870810948238,False
42,adaptive_domain,22,6,2,4,1.0623937445764953,1.059807337731837,0.381589048227542,False
42,adaptive_domain,22,7,4,8,1.016070593233989,1.0159780615825587,0.3994161429832075,False
42,adaptive_domain,22,8,8,16,1.0231834615803603,1.0258891950369735,0.6253754301889678,False
42,adaptive_domain,22,9,2,4,1.0088186655369633,1.0063660666222525,0.28542954639209833,False
42,adaptive_domain,22,10,4,8,1.0650844319551385,1.0843323842956583,0.41029499077029286,False
42,adaptive_domain,22,11,8,16,1.0587598908053417,1.08399898713764,0.3739164806610804,False
42,adaptive_domain,22,12,2,4,1.056471176784632,1.1457944542373677,0.3258014839520528,False
42,adaptive_domain,22,13,4,8,1.036953586115808,1.041698272051576,0.29147223225537244,False
42,adaptive_domain,22,14,8,16,1.082333930876311,1.103467133239024,0.4926892069869783,False
42,adaptive_domain,23,0,2,4,1.002693655828868,1.002693533469168,0.37838797852356254,False
42,adaptive_domain,23,1,4,8,1.0891251053317563,1.0922924795541307,0.39689316646374373,False
42,adaptive_domain,23,2,8,16,1.0500330852484296,1.052587567953397,0.5640597998672537,False
42,adaptive_domain,23,3,2,4,1.0100160779269955,1.0093812327031944,0.3473281025435326,False
42,adaptive_domain,23,4,4,8,1.0767425286726975,1.0700433212732525,0.4337889366226473,False
42,adaptive_domain,23,5,8,16,1.144966214811309,1.1709597790556954,0.6729061353913444,False
42,adaptive_domain,23,6,2,4,1.035894837568264,1.0526335876827653,0.38353907703522694,False
42,adaptive_domain,23,7,4,8,1.0176399318230176,1.0164766226546964,0.4010830003297326,False
42,adaptive_domain,23,8,8,16,1.0337531152091255,1.028248371088619,0.6275607942485318,False
42,adaptive_domain,23,9,2,4,1.0049987395991038,1.0059558685153078,0.2860046397375178,False
42,adaptive_domain,23,10,4,8,1.0489837527957317,1.0737277948456803,0.4114692161805628,False
42,adaptive_domain,23,11,8,16,1.0679127710995564,1.0791731223262149,0.3757580543294632,False
42,adaptive_domain,23,12,2,4,1.1701880421979085,1.1531125306255299,0.32619473297788965,False
42,adaptive_domain,23,13,4,8,1.0374662737535516,1.0404286725621685,0.2908208197383155,False
42,adaptive_domain,23,14,8,16,1.0702224108047198,1.0934937165087328,0.49592118344749,False
42,adaptive_domain,24,0,2,4,1.0030141648641366,1.0027897228876586,0.3794573592958867,False
42,adaptive_domain,24,1,4,8,1.1564613796827643,1.1115431495927208,0.39870001466264204,False
42,adaptive_domain,24,2,8,16,1.0302879589621337,1.045897685256018,0.5623995256732188,False
42,adaptive_domain,24,3,2,4,1.0100034701615213,1.0095679039406924,0.3482409701287153,False
42,adaptive_domain,24,4,4,8,1.0782127975842812,1.072494164166561,0.4353736722874404,False
42,adaptive_domain,24,5,8,16,1.0798742693073726,1.1436341261311986,0.6752919706772287,False
42,adaptive_domain,24,6,2,4,1.0398846605236471,1.04880890953503,0.38468731262261197,False
42,adaptive_domain,24,7,4,8,1.0210964701778722,1.0178625769116492,0.4019303561812555,False
42,adaptive_domain,24,8,8,16,1.033936352226977,1.0299547654301264,0.6285607388965645,False
42,adaptive_domain,24,9,2,4,1.0178727820629363,1.0095309425795964,0.286191898452018,False
42,adaptive_domain,24,10,4,8,1.0497020381911033,1.0665200678493072,0.4127833810702248,False
42,adaptive_domain,24,11,8,16,1.0768814248710679,1.0784856130896707,0.3764311274090518,False
42,adaptive_domain,24,12,2,4,1.182719467484472,1.1619946116832125,0.3258473422573335,False
42,adaptive_domain,24,13,4,8,1.0356635873141649,1.0389991469877673,0.2899521023758782,False
42,adaptive_domain,24,14,8,16,1.0807882543986733,1.089682077875715,0.49673071250083234,False
42,adaptive_domain,25,0,2,4,1.0043106316512718,1.0032459955167425,0.3803006343323927,False
42,adaptive_domain,25,1,4,8,1.2226569746031164,1.1448772970958396,0.3996705283814165,False
42,adaptive_domain,25,2,8,16,1.0288709792193615,1.040789673445021,0.5648807323271039,False
42,adaptive_domain,25,3,2,4,1.0096972529434876,1.009606708641531,0.34928377647540454,False
42,adaptive_domain,25,4,4,8,1.0753623168593602,1.073354609974401,0.4370004171276204,False
42,adaptive_domain,25,5,8,16,1.1272465977836887,1.1387178676269456,0.6770026801982347,False
42,adaptive_domain,25,6,2,4,1.0127514635914459,1.0379916757519547,0.386315716733487,False
42,adaptive_domain,25,7,4,8,1.0189621793398196,1.0181924576401002,0.4033768503650961,False
42,adaptive_domain,25,8,8,16,1.0270026532692618,1.029069131781867,0.6322826536165043,False
42,adaptive_domain,25,9,2,4,1.0057931304528789,1.008409598941581,0.2859417861979247,False
42,adaptive_domain,25,10,4,8,1.0538342986837201,1.062714337099631,0.41381733377825475,False
42,adaptive_domain,25,11,8,16,1.0679825246833086,1.075334686567762,0.3775819263660901,False
42,adaptive_domain,25,12,2,4,1.0970076683869694,1.1424985286943397,0.3251252766131975,False
42,adaptive_domain,25,13,4,8,1.0327213425341117,1.0371158056516707,0.2892489115987413,False
42,adaptive_domain,25,14,8,16,1.0897706790491004,1.0897086582277307,0.49833747869560086,False
42,adaptive_domain,26,0,2,4,1.0042877501888745,1.0035585219183822,0.3816130317972237,False
42,adaptive_domain,26,1,4,8,1.0550005730226817,1.1179142798738924,0.4002856038598154,False
42,adaptive_domain,26,2,8,16,1.0575023134992905,1.0458034654613018,0.5662300179377004,False
42,adaptive_domain,26,3,2,4,1.0104543451935502,1.0098609996071368,0.3500198591605908,False
42,adaptive_domain,26,4,4,8,1.068717499005028,1.071963476683589,0.43787614467864194,False
42,adaptive_domain,26,5,8,16,1.1149346694950717,1.1315829081873834,0.6810426671456568,False
42,adaptive_domain,26,6,2,4,1.1569218743917782,1.073670735343902,0.3880536532159834,False
42,adaptive_domain,26,7,4,8,1.034642018127065,1.0231273257861897,0.40412890401776286,False
42,adaptive_domain,26,8,8,16,1.0325698322396157,1.0301193419191916,0.6337947829122265,False
42,adaptive_domain,26,9,2,4,1.012891091216691,1.0097540466241142,0.2858692301373129,False
42,adaptive_domain,26,10,4,8,1.0373353548155575,1.055100642414409,0.41405078444685434,False
42,adaptive_domain,26,11,8,16,1.036156937670947,1.0635813618987173,0.3796166924378405,False
42,adaptive_domain,26,12,2,4,1.0372336560263413,1.1109190668939402,0.3250416068030054,False
42,adaptive_domain,26,13,4,8,1.0269530952563373,1.0340669925330706,0.28900601809105997,False
42,adaptive_domain,26,14,8,16,1.1084386149379832,1.0953276452408065,0.4987866848145176,False
42,adaptive_domain,27,0,2,4,1.003442225580673,1.0035236330170694,0.3814664690638373,False
42,adaptive_domain,27,1,4,8,1.057626158359561,1.099827843419593,0.4018060961100722,False
42,adaptive_domain,27,2,8,16,1.040993164063841,1.0443603750420634,0.5668429340589386,False
42,adaptive_domain,27,3,2,4,1.0109618480963256,1.0101912541538935,0.3510188310962364,False
42,adaptive_domain,27,4,4,8,1.0752601052167634,1.0729524652435414,0.4374437952946901,False
42,adaptive_domain,27,5,8,16,1.3243199071168439,1.1894040078662216,0.6820290237571813,False
42,adaptive_domain,27,6,2,4,1.1395577515155724,1.093436840195403,0.38887794866026687,False
42,adaptive_domain,27,7,4,8,1.0308945736251227,1.0254575001378696,0.40522323921437453,False
42,adaptive_domain,27,8,8,16,1.0358278448799025,1.0318318928074048,0.6332590262043195,False
42,adaptive_domain,27,9,2,4,1.0055845540925603,1.008503198864648,0.2858181666511846,False
42,adaptive_domain,27,10,4,8,1.0376287593058946,1.0498590774818546,0.41388425564929543,False
42,adaptive_domain,27,11,8,16,1.0640906551918516,1.0637341498866577,0.3811983864923119,False
42,adaptive_domain,27,12,2,4,1.0434581199183999,1.0906807828012781,0.32288682879385733,False
42,adaptive_domain,27,13,4,8,1.0198259573965152,1.029794681992104,0.2885225210944218,False
42,adaptive_domain,27,14,8,16,1.0802586182121556,1.090806937132211,0.49900000713582937,False
42,adaptive_domain,28,0,2,4,1.0031449342376466,1.0034100233832426,0.3811116932274731,False
42,adaptive_domain,28,1,4,8,1.0571786630639928,1.087033089312913,0.4026149415871736,False
42,adaptive_domain,28,2,8,16,1.0500562493675707,1.0460691373397155,0.5662935034336691,False
42,adaptive_domain,28,3,2,4,1.0111089660280983,1.010466567716155,0.3515496328752983,False
42,adaptive_domain,28,4,4,8,1.0624953676727658,1.0698153359723088,0.4365729857302437,False
42,adaptive_domain,28,5,8,16,1.2641367227219324,1.211823822322935,0.6820610525176237,False
42,adaptive_domain,28,6,2,4,1.0260182604612154,1.073211266275147,0.39028022976984783,False
42,adaptive_domain,28,7,4,8,1.0266449030728526,1.0258137210183644,0.4061986494345195,False
42,adaptive_domain,28,8,8,16,1.0678923649625185,1.042650034453939,0.6357593344366413,False
42,adaptive_domain,28,9,2,4,1.008755973762217,1.0085790313339187,0.28587838056536,False
42,adaptive_domain,28,10,4,8,1.0285429017912542,1.0434642247746746,0.41275170749497936,False
42,adaptive_domain,28,11,8,16,1.051560941046196,1.0600821872345192,0.38315519709487345,False
42,adaptive_domain,28,12,2,4,1.0106242164226422,1.0666638128876873,0.32191909984871675,False
42,adaptive_domain,28,13,4,8,1.0242912297010107,1.028143646304776,0.28687787708889967,False
42,adaptive_domain,28,14,8,16,1.0726325931450942,1.085354633936076,0.5007335989336635,False
42,adaptive_domain,29,0,2,4,1.0053945078957174,1.004005368736985,0.3820113674640435,False
42,adaptive_domain,29,1,4,8,1.0707227963891377,1.0821400014357803,0.4031785861917446,False
42,adaptive_domain,29,2,8,16,1.0420638876940056,1.0448675624460027,0.5649252935315112,False
42,adaptive_domain,29,3,2,4,1.010597096978243,1.0105057264947814,0.3515484123186275,False
42,adaptive_domain,29,4,4,8,1.0555534885848892,1.0655367817560828,0.43751724014599674,False
42,adaptive_domain,29,5,8,16,1.1238703890221848,1.18543779233271,0.6842420060977592,False
42,adaptive_domain,29,6,2,4,1.0504836347011122,1.0663929768029365,0.39136373844663364,False
42,adaptive_domain,29,7,4,8,1.023598759044072,1.0251492324260767,0.4067617194619181,False
42,adaptive_domain,29,8,8,16,1.0726898230012014,1.0516619710181176,0.638624924398131,False
42,adaptive_domain,29,9,2,4,1.0071445720428867,1.008148693546609,0.2857352693318168,False
42,adaptive_domain,29,10,4,8,1.030419280707459,1.03955074155451,0.41250164714370274,False
42,adaptive_domain,29,11,8,16,1.0412194381064754,1.0544233624961061,0.38480745510865777,False
42,adaptive_domain,29,12,2,4,1.0059454986139353,1.0484483186055618,0.32163880644837195,False
42,adaptive_domain,29,13,4,8,1.0174844460259087,1.0249458862211158,0.28489252617675753,False
42,adaptive_domain,29,14,8,16,1.1233124348975783,1.0967419742245266,0.4995404163497261,False
42,adaptive_domain,30,0,2,4,1.0041541489387384,1.004050002797511,0.3825950992364279,False
42,adaptive_domain,30,1,4,8,1.072314145459255,1.0791922446428228,0.4043958638040466,False
42,adaptive_domain,30,2,8,16,1.0391471975630466,1.043151452981116,0.5651096471936699,False
42,adaptive_domain,30,3,2,4,1.0095921862555737,1.0102316644230191,0.3517357334241634,False
42,adaptive_domain,30,4,4,8,1.0507100271357968,1.061088755369997,0.43753836031770577,False
42,adaptive_domain,30,5,8,16,1.3077520816473278,1.2221320791270953,0.6884752690410229,False
42,adaptive_domain,30,6,2,4,1.0118765236778173,1.0500380408654006,0.3913771447341149,False
42,adaptive_domain,30,7,4,8,1.0183548683152304,1.0231109231928228,0.4078054664589583,False
42,adaptive_domain,30,8,8,16,1.1197815374736262,1.0720978409547701,0.6382398891258696,False
42,adaptive_domain,30,9,2,4,1.0089963775525659,1.0084029987483962,0.28515148655447914,False
42,adaptive_domain,30,10,4,8,1.0312295203750228,1.0370543752006638,0.41231636967502583,False
42,adaptive_domain,30,11,8,16,1.0387243076997041,1.0497136460571856,0.38653089168759447,False
42,adaptive_domain,30,12,2,4,1.0157805549076606,1.0386479894961913,0.321248021344891,False
42,adaptive_domain,30,13,4,8,1.018818011781093,1.023107523889109,0.2840506562276838,False
42,adaptive_domain,30,14,8,16,1.060436729983429,1.0858504009521974,0.49943277640290673,False
42,adaptive_quality,1,0,4,4,1.089570184537079,1.089570184537079,0.2723965994067718,False
42,adaptive_quality,1,1,8,8,1.1117543643379155,1.1117543643379155,0.2572809715560126,False
42,adaptive_quality,1,2,16,16,1.1205120300895082,1.1205120300895082,0.28361231802523845,False
42,adaptive_quality,1,3,4,4,1.0744941104408323,1.0744941104408323,0.267731574697153,False
42,adaptive_quality,1,4,8,8,1.057441835535704,1.057441835535704,0.2823296335843713,False
42,adaptive_quality,1,5,16,16,1.0801153691835113,1.0801153691835113,0.26426618963587084,False
42,adaptive_quality,1,6,4,4,1.0559110015420299,1.0559110015420299,0.27328492097171614,False
42,adaptive_quality,1,7,8,8,1.0854014064667712,1.0854014064667712,0.28617049954283585,False
42,adaptive_quality,1,8,16,16,1.0801240043692515,1.0801240043692515,0.2838431334227255,False
42,adaptive_quality,1,9,4,4,1.0362036954521041,1.0362036954521041,0.2934189993150555,False
42,adaptive_quality,1,10,8,8,1.0735254947617268,1.0735254947617268,0.2680745804336102,False
42,adaptive_quality,1,11,16,16,1.0472424666947988,1.0472424666947988,0.27791291791919404,False
42,adaptive_quality,1,12,4,4,1.0769694540370434,1.0769694540370434,0.28115814549087265,False
42,adaptive_quality,1,13,8,8,1.0814393887776257,1.0814393887776257,0.26381707844580105,False
42,adaptive_quality,1,14,16,16,1.064493339658858,1.064493339658858,0.269945109990476,False
42,adaptive_quality,2,0,4,4,1.0122949596826194,1.0663876170807411,0.28104973804939004,False
42,adaptive_quality,2,1,8,8,1.0155455724475562,1.0828917267708076,0.26356902154941547,False
42,adaptive_quality,2,2,16,16,1.0430964656665809,1.09728736076263,0.2969112499653231,False
42,adaptive_quality,2,3,4,4,1.0247071113379247,1.05955801070996,0.27161423557371545,False
42,adaptive_quality,2,4,8,8,1.0239218444575324,1.0473858382122527,0.2895864464428463,False
42,adaptive_quality,2,5,16,16,1.116494933247425,1.0910292384026854,0.2865475558784366,False
42,adaptive_quality,2,6,4,4,1.013506890997986,1.0431897683788167,0.27901675701667183,False
42,adaptive_quality,2,7,8,8,1.020006328119433,1.0657828829625697,0.2900577033676441,False
42,adaptive_quality,2,8,16,16,1.0131020901528696,1.0600174301043368,0.2962795299921218,False
42,adaptive_quality,2,9,4,4,1.0001837567896008,1.0253977138533532,0.293994672209533,False
42,adaptive_quality,2,10,8,8,1.001784552491533,1.0520032120806686,0.2761723149352935,False
42,adaptive_quality,2,11,16,16,1.003124840014626,1.034007178690747,0.2795264990063695,False
42,adaptive_quality,2,12,4,4,1.0030149248302527,1.0547830952750061,0.2827346206282889,False
42,adaptive_quality,2,13,8,8,1.0005103760192786,1.0571606849501216,0.2667855266151868,False
42,adaptive_quality,2,14,16,16,1.028594676821295,1.0537237408075892,0.2800032271793724,False
42,adaptive_quality,3,0,4,4,1.106759709304923,1.0784992447479957,0.29859977194633736,False
42,adaptive_quality,3,1,8,8,1.0737615586746567,1.0801526763419622,0.2751783394422295,False
42,adaptive_quality,3,2,16,16,1.1397930852052285,1.1100390780954095,0.3214970789998329,False
42,adaptive_quality,3,3,4,4,1.031689153682159,1.0511973536016197,0.27759270208840336,False
42,adaptive_quality,3,4,8,8,1.0296654429072412,1.0420697196207493,0.3017323769431129,False
42,adaptive_quality,3,5,16,16,1.2372008325097825,1.1348807166348145,0.3251810082973897,False
42,adaptive_quality,3,6,4,4,1.0562914639223122,1.0471202770418655,0.2917147205015434,False
42,adaptive_quality,3,7,8,8,1.0786617974150015,1.0696465572982992,0.2982086542932788,False
42,adaptive_quality,3,8,16,16,1.142475802122255,1.0847549417097122,0.32582273691378355,False
42,adaptive_quality,3,9,4,4,1.000808155430262,1.0180208463264258,0.29468441616512836,False
42,adaptive_quality,3,10,8,8,1.0575439967468245,1.0536654474805154,0.2904408236518957,False
42,adaptive_quality,3,11,16,16,1.0094613356743758,1.0266434257858357,0.2845164970103741,False
42,adaptive_quality,3,12,4,4,1.005743078492607,1.0400710902402863,0.28650734734705946,False
42,adaptive_quality,3,13,8,8,1.0020754252360593,1.0406351070359028,0.27080547585467635,False
42,adaptive_quality,3,14,16,16,1.4579661956650343,1.1749964772648227,0.29547554180082214,False
42,adaptive_quality,4,0,2,4,1.102476706108468,1.0856924831561374,0.3072008413599026,True
42,adaptive_quality,4,1,6,8,1.1219773861478988,1.0927000892837433,0.28870605563897916,True
42,adaptive_quality,4,2,12,16,1.1317032053685414,1.116538316277349,0.35302308257989523,True
42,adaptive_quality,4,3,2,4,1.0760739082978947,1.0586603200105023,0.2817761232945667,True
42,adaptive_quality,4,4,6,8,1.0394111572255715,1.041272150902196,0.3165163571467471,True
42,adaptive_quality,4,5,12,16,1.2281916334484584,1.1628739916789077,0.3711789001581628,True
42,adaptive_quality,4,6,2,4,1.1559484572026442,1.0797687310900992,0.30062489565190265,True
42,adaptive_quality,4,7,6,8,1.0561485587586734,1.0655971577364114,0.31023172528273696,True
42,adaptive_quality,4,8,12,16,1.2004187169390805,1.1194540742785226,0.3613230931495377,True
42,adaptive_quality,4,9,2,4,1.0015762192498108,1.0130874582034413,0.2947138139463786,True
42,adaptive_quality,4,10,6,8,1.1553748168079179,1.0841782582787363,0.3050562756122875,True
42,adaptive_quality,4,11,12,16,1.0266608362999767,1.026648648940078,0.2919722564598097,True
42,adaptive_quality,4,12,2,4,1.0148306744679432,1.0324989655085832,0.29086921326505133,True
42,adaptive_quality,4,13,6,8,1.0037309002288408,1.0295638449937843,0.27736331956617666,True
42,adaptive_quality,4,14,12,16,1.288071541651083,1.2089189965807008,0.3142030859839882,True
42,adaptive_quality,5,0,2,4,1.010068943737541,1.0630054213305584,0.31630310532620165,False
42,adaptive_quality,5,1,6,8,1.179287313541797,1.1186762565611594,0.30328639724618056,False
42,adaptive_quality,5,2,12,16,1.1094170815066637,1.1144019458461436,0.38459561149827143,False
42,adaptive_quality,5,3,2,4,1.1311539414073826,1.0804084064295663,0.28889585202224843,False
42,adaptive_quality,5,4,6,8,1.0475589591787502,1.0431581933851624,0.3303984921816394,False
42,adaptive_quality,5,5,12,16,1.3050250275257975,1.2055193024329747,0.4177351302594793,False
42,adaptive_quality,5,6,2,4,1.0087350847701435,1.0584586371941125,0.30929111608485926,False
42,adaptive_quality,5,7,6,8,1.030023051428218,1.0549249258439533,0.32361224325403765,False
42,adaptive_quality,5,8,12,16,1.1509091358905228,1.1288905927621227,0.4006360613270822,False
42,adaptive_quality,5,9,2,4,1.0288204160848902,1.017807345567876,0.29422929264210773,False
42,adaptive_quality,5,10,6,8,1.174678515650467,1.1113283354902554,0.3185549365718802,False
42,adaptive_quality,5,11,12,16,1.0277057779582046,1.026965787645516,0.29922681891925496,False
42,adaptive_quality,5,12,2,4,1.004530124441601,1.0241083131884885,0.2962030158090065,False
42,adaptive_quality,5,13,6,8,1.0072988901227655,1.0228843585324787,0.28286853089520325,False
42,adaptive_quality,5,14,12,16,1.1667662976269901,1.1962731868945875,0.3339083016268724,False
42,adaptive_quality,6,0,2,4,1.0070669040285636,1.04622386613996,0.3232294187320081,False
42,adaptive_quality,6,1,4,8,1.220753808811003,1.1492995222361124,0.31592756669643335,True
42,adaptive_quality,6,2,8,16,1.091756459245629,1.1076082998659893,0.4092926357400907,True
42,adaptive_quality,6,3,2,4,1.0070860388436755,1.058411696153799,0.29606735930360073,False
42,adaptive_quality,6,4,4,8,1.0332033234015485,1.040171732390078,0.3429011022789865,True
42,adaptive_quality,6,5,8,16,1.1934606055601664,1.2019016933711322,0.4512866562335658,True
42,adaptive_quality,6,6,2,4,1.008457700466135,1.0434583561757194,0.31688441217534336,False
42,adaptive_quality,6,7,4,8,1.0651089707294337,1.0579801393095973,0.3333177455079438,True
42,adaptive_quality,6,8,8,16,1.0435866421748323,1.1032994075859355,0.43020498806489854,True
42,adaptive_quality,6,9,2,4,1.0075042746313647,1.0147164242869227,0.2911450390221598,False
42,adaptive_quality,6,10,4,8,1.1862803399024227,1.1338139368139055,0.33048659916977485,True
42,adaptive_quality,6,11,8,16,1.037646834302688,1.0301701016426676,0.3065346939956428,True
42,adaptive_quality,6,12,2,4,1.0048814520040517,1.0183402548331575,0.3009861812368321,False
42,adaptive_quality,6,13,4,8,1.0135454410967337,1.0200826833017553,0.28759876469235024,True
42,adaptive_quality,6,14,8,16,1.0962378580108267,1.1662625882294593,0.3541746036079378,True
42,adaptive_quality,7,0,2,4,1.0040669211638373,1.0335767826471232,0.3305198586310079,False
42,adaptive_quality,7,1,4,8,1.2938353547452137,1.1926602719888428,0.32636108676313563,False
42,adaptive_quality,7,2,8,16,1.0491963983378867,1.0900847294075584,0.43281347807453857,False
42,adaptive_quality,7,3,2,4,1.017265787755016,1.0460679236341641,0.3028472731632554,False
42,adaptive_quality,7,4,4,8,1.0335782254922492,1.0381936803207295,0.3548002577675577,False
42,adaptive_quality,7,5,8,16,1.1329830677308492,1.1812261056790474,0.48221211795965574,False
42,adaptive_quality,7,6,2,4,1.0081004751293132,1.0328509918617976,0.3243170792370404,False
42,adaptive_quality,7,7,4,8,1.0149048454250984,1.0450575511442477,0.3426514705596059,False
42,adaptive_quality,7,8,8,16,1.0843791653777244,1.097623334923472,0.4568722111199099,False
42,adaptive_quality,7,9,4,4,1.0184471924409382,1.0158356547331273,0.29256278986325013,True
42,adaptive_quality,7,10,4,8,1.2649383143396018,1.1731512500716144,0.341674007034693,False
42,adaptive_quality,7,11,8,16,1.0765110009430048,1.0440723714327689,0.31397995630818987,False
42,adaptive_quality,7,12,2,4,1.0051488058006428,1.014382820123403,0.30585889671102995,False
42,adaptive_quality,7,13,4,8,1.0239034288040623,1.0212289069524474,0.29166892665905714,False
42,adaptive_quality,7,14,8,16,1.162443587672005,1.1651168880622231,0.37372712360621657,False
42,adaptive_quality,8,0,2,4,1.0037418842647847,1.0246263131324218,0.33716802671686047,False
42,adaptive_quality,8,1,4,8,1.2018192609091984,1.1954079686649495,0.33575636589325497,False
42,adaptive_quality,8,2,8,16,1.0635602980172307,1.0821273999904601,0.45329621378186163,False
42,adaptive_quality,8,3,2,4,1.0127889066398912,1.0360842185358823,0.3095854608444971,False
42,adaptive_quality,8,4,4,8,1.0400345302658978,1.0387459353042798,0.36426740976976774,False
42,adaptive_quality,8,5,8,16,1.1278250750134013,1.1652057964793536,0.5128814434159804,False
42,adaptive_quality,8,6,2,4,1.016967838703067,1.0280860459141783,0.330446091497448,False
42,adaptive_quality,8,7,4,8,1.0139522630158293,1.0357259647057222,0.3502314261484215,False
42,adaptive_quality,8,8,8,16,1.0484214040735604,1.0828627556684987,0.48125925831042915,False
42,adaptive_quality,8,9,4,4,1.0161751917153552,1.0159375158277957,0.2901981056213907,False
42,adaptive_quality,8,10,4,8,1.213159057553789,1.1851535923162668,0.35217550158471256,False
42,adaptive_quality,8,11,8,16,1.0799713448667192,1.054842063462954,0.3212559929179613,False
42,adaptive_quality,8,12,2,4,1.007222323061752,1.0122346710049077,0.31020345223143786,False
42,adaptive_quality,8,13,4,8,1.0222172830456688,1.0215254197804138,0.29425938104776983,False
42,adaptive_quality,8,14,8,16,1.1280553089383911,1.1539984143250737,0.39087333201767793,False
42,adaptive_quality,9,0,2,4,1.0044537787248613,1.0185745528101537,0.34437152055680614,False
42,adaptive_quality,9,1,4,8,1.6776499270082526,1.3400805561679405,0.34468313144375384,False
42,adaptive_quality,9,2,8,16,1.0619611933818849,1.0760775380078877,0.4713139416503729,False
42,adaptive_quality,9,3,2,4,1.0521182877230688,1.0408944392920383,0.3152532519321409,False
42,adaptive_quality,9,4,4,8,1.041318443109828,1.0395176876459442,0.3739512083386935,False
42,adaptive_quality,9,5,8,16,1.2424463235359302,1.1883779545963267,0.5404418480839686,False
42,adaptive_quality,9,6,2,4,1.0309731009509755,1.0289521624252176,0.33652758292668744,False
42,adaptive_quality,9,7,4,8,1.0164865341354794,1.0299541355346493,0.3568780825527636,False
42,adaptive_quality,9,8,8,16,1.063413323759295,1.0770279260957376,0.5024662851058733,False
42,adaptive_quality,9,9,2,4,1.014406683417771,1.0154782661047883,0.2875035071346079,True
42,adaptive_quality,9,10,4,8,1.1748667687604053,1.1820675452495084,0.3616155240223556,False
42,adaptive_quality,9,11,8,16,1.1464545415617906,1.0823258068926052,0.3286154935871765,False
42,adaptive_quality,9,12,2,4,1.0055166108763256,1.010219252966333,0.312843660096691,False
42,adaptive_quality,9,13,4,8,1.0304454719768656,1.0242014354393494,0.29520344921633607,False
42,adaptive_quality,9,14,8,16,1.1427947015866424,1.1506373005035444,0.40604310421663664,False
42,adaptive_quality,10,0,2,4,1.0044031018612867,1.0143231175254936,0.35095878911148054,False
42,adaptive_quality,10,1,4,8,1.1624491996503494,1.2867911492126631,0.3538284860372879,False
42,adaptive_quality,10,2,8,16,1.0751754206083102,1.0758069027880144,0.4849107279667521,False
42,adaptive_quality,10,3,2,4,1.0075986155035397,1.0309056921554887,0.31997987142581635,False
42,adaptive_quality,10,4,4,8,1.0380843787039802,1.039087694963355,0.38214053636186646,False
42,adaptive_quality,10,5,8,16,1.2854426630556859,1.2174973671341345,0.5632573896637041,False
42,adaptive_quality,10,6,2,4,1.0144005023221767,1.0245866643943053,0.34189038519441034,False
42,adaptive_quality,10,7,4,8,1.0277856809364008,1.0293035991551749,0.3638232914061983,False
42,adaptive_quality,10,8,8,16,1.0534778886407627,1.069962914859245,0.5225614043831526,False
42,adaptive_quality,10,9,2,4,1.0135187023802805,1.0148903969874359,0.28477015795688926,False
42,adaptive_quality,10,10,4,8,1.1083392639527148,1.1599490608604703,0.36970144412207495,False
42,adaptive_quality,10,11,8,16,1.1316537096627166,1.0971241777236387,0.3348627066082409,False
42,adaptive_quality,10,12,2,4,1.0060417447227736,1.0089660004932652,0.3152466285550476,False
42,adaptive_quality,10,13,4,8,1.0560656626897038,1.0337607036144556,0.29558810241656075,False
42,adaptive_quality,10,14,8,16,1.1204682273360538,1.1415865785532973,0.4205123319867483,False
42,adaptive_quality,11,0,2,4,1.003245935195334,1.0109999628264457,0.3559659077265651,False
42,adaptive_quality,11,1,4,8,1.1683158435663032,1.251248557518755,0.36080886110962285,False
42,adaptive_quality,11,2,8,16,1.0587229734709953,1.0706817239929087,0.4968242480448405,False
42,adaptive_quality,11,3,2,4,1.006869023992838,1.0236946917066934,0.32363797998194443,False
42,adaptive_quality,11,4,4,8,1.0399024932562924,1.0393321344512363,0.3901283753216002,False
42,adaptive_quality,11,5,8,16,1.6332856566397176,1.3422338539858094,0.5828070905418071,False
42,adaptive_quality,11,6,2,4,1.0222286393216669,1.023879256872514,0.3466664202187551,False
42,adaptive_quality,11,7,4,8,1.0242228874700423,1.0277793856496351,0.37040252523492334,False
42,adaptive_quality,11,8,8,16,1.0369796033738492,1.0600679214136264,0.5363749582767102,False
42,adaptive_quality,11,9,2,4,1.014747362958012,1.0148474867786086,0.2826666812065328,False
42,adaptive_quality,11,10,4,8,1.06826815409707,1.1324447888314502,0.3769392595653514,False
42,adaptive_quality,11,11,8,16,1.094761342494825,1.0964153271549946,0.3404803771610078,False
42,adaptive_quality,11,12,2,4,1.0101235364867387,1.0093132612913074,0.3174052052078009,False
42,adaptive_quality,11,13,4,8,1.0534053607958072,1.0396541007688611,0.29668664285695556,False
42,adaptive_quality,11,14,8,16,1.129816867758496,1.138055665314857,0.43187858267411283,False
42,adaptive_quality,12,0,2,4,1.0031554707056953,1.0086466151902207,0.3610995467130799,False
42,adaptive_quality,12,1,4,8,1.1930357308432178,1.2337847095160939,0.36648632512003454,False
42,adaptive_quality,12,2,8,16,1.057993539174996,1.066875268547535,0.5074336465571836,False
42,adaptive_quality,12,3,2,4,1.00716287929394,1.0187351479828672,0.3273132273088154,False
42,adaptive_quality,12,4,4,8,1.0434642486368135,1.0405717687069096,0.3971202447499149,False
42,adaptive_quality,12,5,8,16,1.4397840248195346,1.371498905235927,0.5962176827554626,False
42,adaptive_quality,12,6,2,4,1.0234723380877198,1.0237571812370756,0.3504789717554673,False
42,adaptive_quality,12,7,4,8,1.0203803008886931,1.0255596602213526,0.37535048518964176,False
42,adaptive_quality,12,8,8,16,1.0322076246171283,1.051709832374677,0.5513044200448225,False
42,adaptive_quality,12,9,2,4,1.0112875256285903,1.013779498433603,0.2812062936071869,False
42,adaptive_quality,12,10,4,8,1.0801319201574773,1.1167509282292583,0.38426026355807447,False
42,adaptive_quality,12,11,8,16,1.1503906351604711,1.1126079195566376,0.345938073745387,False
42,adaptive_quality,12,12,2,4,1.015121660574597,1.0110557810762941,0.31955181215121975,False
42,adaptive_quality,12,13,4,8,1.0492295625587418,1.0425267393058253,0.2972896498213621,False
42,adaptive_quality,12,14,8,16,1.1015578659307965,1.1271063254996387,0.44229776559781814,False
42,adaptive_quality,13,0,2,4,1.0040148073120432,1.0072570728267674,0.3650367076601699,False
42,adaptive_quality,13,1,4,8,1.350306154971351,1.268741143152671,0.37272945461832185,False
42,adaptive_quality,13,2,8,16,1.0523625767913907,1.0625214610206917,0.5177742911172978,False
42,adaptive_quality,13,3,2,4,1.006164730673901,1.0149640227901773,0.3308118276631682,False
42,adaptive_quality,13,4,4,8,1.0441073838015698,1.0416324532353076,0.40175386271540653,False
42,adaptive_quality,13,5,8,16,1.121284036120668,1.2964344445013491,0.6111573113047035,False
42,adaptive_quality,13,6,2,4,1.0142249425338434,1.020897509626106,0.35468154690453524,False
42,adaptive_quality,13,7,4,8,1.0120644246108004,1.021511089538187,0.37929993479344004,False
42,adaptive_quality,13,8,8,16,1.0437434251910602,1.0493199102195918,0.5642427365621336,False
42,adaptive_quality,13,9,2,4,1.0150674899351397,1.014165895884064,0.2805978098448039,False
42,adaptive_quality,13,10,4,8,1.0757066712334158,1.1044376511305054,0.3894938490830693,False
42,adaptive_quality,13,11,8,16,1.085455145534207,1.1044620873499085,0.3504241886535189,False
42,adaptive_quality,13,12,2,4,1.0155138881168297,1.0123932131884548,0.32090797545390864,False
42,adaptive_quality,13,13,4,8,1.0356828902699309,1.040473584595057,0.2968058814431575,False
42,adaptive_quality,13,14,8,16,1.0757097367286703,1.1116873488683483,0.4509640551398887,False
42,adaptive_quality,14,0,2,4,1.0036325850810062,1.006169726503039,0.36955042099974034,False
42,adaptive_quality,14,1,4,8,1.088529706908545,1.2146777122794332,0.37844327325076915,False
42,adaptive_quality,14,2,8,16,1.0808406361922462,1.068017213572158,0.5240014241873623,False
42,adaptive_quality,14,3,2,4,1.0056151573469603,1.012159363157212,0.33347997832568255,False
42,adaptive_quality,14,4,4,8,1.046302592541584,1.0430334950271904,0.40524658187071705,False
42,adaptive_quality,14,5,8,16,1.3710417664134433,1.3188166410749773,0.6246858211881205,False
42,adaptive_quality,14,6,2,4,1.0236001945348185,1.0217083150987198,0.3579261474756095,False
42,adaptive_quality,14,7,4,8,1.0194148565460686,1.0208822196405514,0.38231421122175463,False
42,adaptive_quality,14,8,8,16,1.0407004259995944,1.0467340649535926,0.5748222644457689,False
42,adaptive_quality,14,9,2,4,1.0075978591682804,1.0121954848693289,0.2802635557105505,False
42,adaptive_quality,14,10,4,8,1.0656569286767017,1.0928034343943644,0.394530003500888,False
42,adaptive_quality,14,11,8,16,1.1252162319613765,1.1106883307333488,0.3554897225197536,False
42,adaptive_quality,14,12,2,4,1.0691080615699364,1.0294076677028992,0.32236477626072724,False
42,adaptive_quality,14,13,4,8,1.0295313884998687,1.0371909257665006,0.2958842945075321,False
42,adaptive_quality,14,14,8,16,1.0994791684214125,1.1080248947342675,0.4590323086327028,False
42,adaptive_quality,15,0,2,4,1.0036674719579797,1.0054190501395213,0.3728234706918746,False
42,adaptive_quality,15,1,4,8,1.2599419346500196,1.228256978990609,0.38199116912853265,False
42,adaptive_quality,15,2,8,16,1.0494717031150782,1.062453560435034,0.5267874854671962,False
42,adaptive_quality,15,3,2,4,1.0062959833944234,1.0104003492283755,0.3356755199018001,False
42,adaptive_quality,15,4,4,8,1.0511991892998438,1.0454832033089865,0.4084970975020397,False
42,adaptive_quality,15,5,8,16,1.2377659182597949,1.2945014242304225,0.6345248949853883,False
42,adaptive_quality,15,6,2,4,1.0084739791445316,1.0177380143124632,0.3613071451848839,False
42,adaptive_quality,15,7,4,8,1.0491296930106049,1.0293564616515674,0.38579641026862654,False
42,adaptive_quality,15,8,8,16,1.0442899723893304,1.046000837184314,0.5849884989834065,False
42,adaptive_quality,15,9,2,4,1.0060355899739095,1.010347516400703,0.28051327274005833,False
42,adaptive_quality,15,10,4,8,1.0698374361323988,1.0859136349157748,0.39933688085601404,False
42,adaptive_quality,15,11,8,16,1.1438066540238168,1.1206238277204892,0.35995297492902567,False
42,adaptive_quality,15,12,2,4,1.0280033328332976,1.0289863672420188,0.3228314268302107,False
42,adaptive_quality,15,13,4,8,1.032644162699688,1.0358268968464568,0.2957197779152727,False
42,adaptive_quality,15,14,8,16,1.0942826582924714,1.1039022238017286,0.4640678019698109,False
42,adaptive_quality,16,0,2,4,1.003459437476957,1.004831166340752,0.37546404886436036,False
42,adaptive_quality,16,1,4,8,1.0790750882185158,1.183502411758981,0.3846178379301572,False
42,adaptive_quality,16,2,8,16,1.0531091580557939,1.059650239721262,0.5292891296333075,False
42,adaptive_quality,16,3,2,4,1.006878541105281,1.009343806791447,0.3376948087722779,False
42,adaptive_quality,16,4,4,8,1.0509084773567567,1.0471107855233175,0.41183082539841276,False
42,adaptive_quality,16,5,8,16,1.2181290524275883,1.271589712689572,0.6440805047670546,False
42,adaptive_quality,16,6,2,4,1.0152514529952161,1.0169920459172892,0.3642648517715934,False
42,adaptive_quality,16,7,4,8,1.0219447229383325,1.027132940037597,0.3890378528807803,False
42,adaptive_quality,16,8,8,16,1.0309428500782603,1.0414834410524978,0.5951406051487822,False
42,adaptive_quality,16,9,2,4,1.0070365018220384,1.0093542120271035,0.2806188980605819,False
42,adaptive_quality,16,10,4,8,1.0598454573324596,1.0780931816407802,0.40225432308113057,False
42,adaptive_quality,16,11,8,16,1.136641471295226,1.1254291207929101,0.3640013968793032,False
42,adaptive_quality,16,12,2,4,1.0732993522480012,1.0422802627438135,0.32407989780795154,False
42,adaptive_quality,16,13,4,8,1.0256972793303145,1.0327880115916142,0.2944089989477155,False
42,adaptive_quality,16,14,8,16,1.0722821203973232,1.094416192780407,0.46891908810337174,False
42,adaptive_quality,17,0,2,4,1.003370176181944,1.0043928692931097,0.3780766501242919,False
42,adaptive_quality,17,1,4,8,1.193327992427517,1.186450085959542,0.38763829071369715,False
42,adaptive_quality,17,2,8,16,1.0574143318596143,1.0589794673627675,0.5330443420609807,False
42,adaptive_quality,17,3,2,4,1.0071115666347779,1.0086741347444463,0.3393067681451167,False
42,adaptive_quality,17,4,4,8,1.059335981538379,1.050778344327836,0.41612353844445565,False
42,adaptive_quality,17,5,8,16,1.224524901580529,1.2574702693568591,0.6497717719096596,False
42,adaptive_quality,17,6,2,4,1.0105844285456218,1.015069760705789,0.36631192928893674,False
42,adaptive_quality,17,7,4,8,1.0343778120707536,1.029306401647544,0.392400645464388,False
42,adaptive_quality,17,8,8,16,1.0254585874155318,1.036675984961408,0.6001874324988321,False
42,adaptive_quality,17,9,2,4,1.0043532515473816,1.007853923883187,0.28105793949068336,False
42,adaptive_quality,17,10,4,8,1.0678145126911764,1.075009580955899,0.4049340641465905,False
42,adaptive_quality,17,11,8,16,1.1325049956333197,1.127551883245033,0.3678083498326026,False
42,adaptive_quality,17,12,2,4,1.1214003000440251,1.066016273933877,0.3240869710162138,False
42,adaptive_quality,17,13,4,8,1.025991070487118,1.0307489292602652,0.29375942254045023,False
42,adaptive_quality,17,14,8,16,1.0922770614357795,1.0937744533770188,0.4746070929926729,False
42,adaptive_quality,18,0,2,4,1.002954253364833,1.0039612845146266,0.3798231162311999,False
42,adaptive_quality,18,1,4,8,1.0706790927259286,1.151718787989458,0.3899074754780767,False
42,adaptive_quality,18,2,8,16,1.0395953015574189,1.0531642176211629,0.5356548199172102,False
42,adaptive_quality,18,3,2,4,1.007953337410612,1.008457895544296,0.3408567755247457,False
42,adaptive_quality,18,4,4,8,1.0642511768628067,1.054820194088327,0.42042850865759224,False
42,adaptive_quality,18,5,8,16,1.123978390969914,1.2174227058407756,0.6553350551005005,False
42,adaptive_quality,18,6,2,4,1.0097973118886165,1.0134880260606374,0.36866078918485995,False
42,adaptive_quality,18,7,4,8,1.0284119392831907,1.029038062938238,0.39558908643931584,False
42,adaptive_quality,18,8,8,16,1.0253224940971677,1.033269937702136,0.607119336833094,False
42,adaptive_quality,18,9,2,4,1.004765173615651,1.006927298802926,0.281459358804243,False
42,adaptive_quality,18,10,4,8,1.0687625897817175,1.0731354836036446,0.4065124125847349,False
42,adaptive_quality,18,11,8,16,1.0817653118441681,1.1138159118247737,0.37077856253208696,False
42,adaptive_quality,18,12,2,4,1.1348306452478614,1.0866605853280724,0.3246598025869975,False
42,adaptive_quality,18,13,4,8,1.0275480654877183,1.029788670128501,0.2935865524134156,False
42,adaptive_quality,18,14,8,16,1.0880071267318667,1.0920442553834733,0.4797837067953654,False
42,adaptive_quality,19,0,2,4,1.0021842951161148,1.003428187695073,0.38077376143422054,False
42,adaptive_quality,19,1,4,8,1.0589198787083018,1.123879115205111,0.39345612060890106,False
42,adaptive_quality,19,2,8,16,1.065724729385472,1.0569323711504555,0.5382702173493884,False
42,adaptive_quality,19,3,2,4,1.0073242174210533,1.0081177921073232,0.3424893005452314,False
42,adaptive_quality,19,4,4,8,1.0690500994949041,1.0590891657103,0.42258317568898796,False
42,adaptive_quality,19,5,8,16,1.15561191506117,1.198879468606894,0.6609341230179948,False
42,adaptive_quality,19,6,2,4,1.0110485129143854,1.0127561721167617,0.37083628210443687,False
42,adaptive_quality,19,7,4,8,1.0193697375914001,1.0261375653341867,0.3988631598547645,False
42,adaptive_quality,19,8,8,16,1.0357357467882125,1.034009680427959,0.6126105350522836,False
42,adaptive_quality,19,9,2,4,1.0026553441725203,1.0056457124138043,0.2822750333594111,False
42,adaptive_quality,19,10,4,8,1.066344789231923,1.0710982752921283,0.40924574508298206,False
42,adaptive_quality,19,11,8,16,1.0818916471083901,1.1042386324098588,0.372897199924437,False
42,adaptive_quality,19,12,2,4,1.2538286326136487,1.1368109995137452,0.3248162524624737,False
42,adaptive_quality,19,13,4,8,1.0262052697924628,1.0287136500276897,0.2926243835248805,False
42,adaptive_quality,19,14,8,16,1.1067921209623683,1.0964686150571419,0.4842308589410723,False
42,adaptive_quality,20,0,2,4,1.0021879083971803,1.0030561039057053,0.3820487103035919,False
42,adaptive_quality,20,1,4,8,1.0381489442250817,1.0981600639111022,0.3951844397999195,False
42,adaptive_quality,20,2,8,16,1.055400200667477,1.056472720005562,0.5393549320038642,False
42,adaptive_quality,20,3,2,4,1.0085035853486657,1.008233530079726,0.3433931968898304,False
42,adaptive_quality,20,4,4,8,1.06699626274487,1.061461294820671,0.4251427217567936,False
42,adaptive_quality,20,5,8,16,1.138008217847216,1.1806180933789907,0.6674342494707957,False
42,adaptive_quality,20,6,2,4,1.0129822169295837,1.0128239855606083,0.37290168930312995,False
42,adaptive_quality,20,7,4,8,1.017327022329979,1.0234944024329244,0.40115775199581727,False
42,adaptive_quality,20,8,8,16,1.0372819603985803,1.0349913644191453,0.6171048387036032,False
42,adaptive_quality,20,9,2,4,1.006497083392743,1.0059011237074857,0.28275313201537006,False
42,adaptive_quality,20,10,4,8,1.058372209543744,1.0672804555676132,0.4112212912421085,False
42,adaptive_quality,20,11,8,16,1.0704365134294518,1.0940979967157367,0.3737665964877781,False
42,adaptive_quality,20,12,2,4,1.1874049197816368,1.1519891755941127,0.3248687086975396,False
42,adaptive_quality,20,13,4,8,1.0266156913923696,1.0280842624370936,0.29197965047755814,False
42,adaptive_quality,20,14,8,16,1.119609264260839,1.1034108098182511,0.4877149708882946,False
42,adaptive_quality,21,0,2,4,1.002322517767123,1.0028360280641306,0.38247370191321833,False
42,adaptive_quality,21,1,4,8,1.0728028999938273,1.0905529147359196,0.3966103192611691,False
42,adaptive_quality,21,2,8,16,1.0399761293555776,1.0515237428105666,0.5408981300887354,False
42,adaptive_quality,21,3,2,4,1.0080794199031247,1.0081872970267456,0.3443450508344661,False
42,adaptive_quality,21,4,4,8,1.0671010340567473,1.0631532165914939,0.4284534442647777,False
42,adaptive_quality,21,5,8,16,1.5716118444563332,1.2979162187021935,0.6683277008651354,False
42,adaptive_quality,21,6,2,4,1.0135360283109722,1.0130375983857174,0.3751203225500383,False
42,adaptive_quality,21,7,4,8,1.018280070278275,1.0219301027865295,0.4018907878520487,False
42,adaptive_quality,21,8,8,16,1.0264602785785153,1.0324320386669563,0.6197625258366086,False
42,adaptive_quality,21,9,2,4,1.002496121306749,1.0048796229872647,0.2832037029719756,False
42,adaptive_quality,21,10,4,8,1.0468578734696603,1.0611536809382274,0.41267903972558234,False
42,adaptive_quality,21,11,8,16,1.0772436342405132,1.0890416879731697,0.37526214826516274,False
42,adaptive_quality,21,12,2,4,1.2946540499066992,1.1947886378878887,0.3245636238585476,False
42,adaptive_quality,21,13,4,8,1.0249509992466308,1.027144283479955,0.2920065411278042,False
42,adaptive_quality,21,14,8,16,1.101613472648266,1.1028716086672556,0.4891982417951691,False
42,adaptive_quality,22,0,2,4,1.002340998983827,1.0026875193400395,0.3819009604984434,False
42,adaptive_quality,22,1,4,8,1.031940717538156,1.0729692555765906,0.397659754069699,False
42,adaptive_quality,22,2,8,16,1.068436445182152,1.0565975535220422,0.5411242582831506,False
42,adaptive_quality,22,3,2,4,1.0088894327967735,1.0083979377577539,0.3457242111066926,False
42,adaptive_quality,22,4,4,8,1.0722609413154722,1.0658855340086872,0.4317960127288454,False
42,adaptive_quality,22,5,8,16,1.0896774704494705,1.2354445942263765,0.672573952575972,False
42,adaptive_quality,22,6,2,4,1.0514194552061542,1.0245521554318484,0.3768285693135392,False
42,adaptive_quality,22,7,4,8,1.0170438132134072,1.020464215914593,0.4032731413939955,False
42,adaptive_quality,22,8,8,16,1.0243468081955833,1.0300064695255444,0.6197891183743767,False
42,adaptive_quality,22,9,2,4,1.0061793350849837,1.0052695366165805,0.2837830858393981,False
42,adaptive_quality,22,10,4,8,1.039800095635189,1.0547476053473157,0.41436228866567293,False
42,adaptive_quality,22,11,8,16,1.0629364673650685,1.0812101217907393,0.37670447377119665,False
42,adaptive_quality,22,12,2,4,1.1430889868422898,1.179278742574209,0.32405652994831996,False
42,adaptive_quality,22,13,4,8,1.0219823931767011,1.0255957163889788,0.29165898825052855,False
42,adaptive_quality,22,14,8,16,1.071986645476124,1.093606119709916,0.4907991445538595,False
42,adaptive_quality,23,0,2,4,1.0023455118306757,1.0025849170872303,0.3830373031137439,False
42,adaptive_quality,23,1,4,8,1.0416593889558416,1.0635762955903658,0.3976170394894971,False
42,adaptive_quality,23,2,8,16,1.0505771371696766,1.0547914286163325,0.5418017803165339,False
42,adaptive_quality,23,3,2,4,1.0094346587670677,1.008708954060548,0.34647097559342893,False
42,adaptive_quality,23,4,4,8,1.0705503352431887,1.0672849743790378,0.43389704974974536,False
42,adaptive_quality,23,5,8,16,1.2016731485746104,1.2253131605308467,0.6739431511711651,False
42,adaptive_quality,23,6,2,4,1.0730825587886428,1.0391112764388868,0.3788547208895279,False
42,adaptive_quality,23,7,4,8,1.019636302030687,1.0202158417494211,0.40469451362280184,False
42,adaptive_quality,23,8,8,16,1.036032415543934,1.0318142533310612,0.6222615034212046,False
42,adaptive_quality,23,9,2,4,1.0028116560667741,1.0045321724516385,0.2845797637018896,False
42,adaptive_quality,23,10,4,8,1.0358070524501786,1.0490654394781744,0.41569555163805044,False
42,adaptive_quality,23,11,8,16,1.0690767013165037,1.0775700956484686,0.3786298802488593,False
42,adaptive_quality,23,12,2,4,1.2542354454210463,1.2017657534282602,0.32493788555985725,False
42,adaptive_quality,23,13,4,8,1.0242854388895506,1.0252026331391504,0.2910702225823611,False
42,adaptive_quality,23,14,8,16,1.0586845759773076,1.0831296565901334,0.4938358648351241,False
42,adaptive_quality,24,0,2,4,1.0026249288649094,1.002596920620534,0.38368664028331284,False
42,adaptive_quality,24,1,4,8,1.0733474568597061,1.0665076439711678,0.399179092740432,False
42,adaptive_quality,24,2,8,16,1.0322077711380317,1.0480163313728423,0.5407003847874629,False
42,adaptive_quality,24,3,2,4,1.0094924564128616,1.0089440047662421,0.34721176495574646,False
42,adaptive_quality,24,4,4,8,1.0800778249564882,1.071122829552273,0.43633883499849535,False
42,adaptive_quality,24,5,8,16,1.0759236216316785,1.1804962988610963,0.675371195950758,False
42,adaptive_quality,24,6,2,4,1.0985620947051529,1.0569465219187666,0.3803151604682628,False
42,adaptive_quality,24,7,4,8,1.0228752376198262,1.0210136605105427,0.40515675807827656,False
42,adaptive_quality,24,8,8,16,1.0358919721714388,1.0330375689831746,0.6230533059652331,False
42,adaptive_quality,24,9,2,4,1.007037295477109,1.0052837093592797,0.28507250282051855,False
42,adaptive_quality,24,10,4,8,1.0370247201321696,1.045453223674373,0.41692676902487374,False
42,adaptive_quality,24,11,8,16,1.0775971043595085,1.0775781982617807,0.3790026544938036,False
42,adaptive_quality,24,12,2,4,1.2127102967230345,1.2050491164166925,0.32515563086242527,False
42,adaptive_quality,24,13,4,8,1.0267422873526129,1.0256645294031892,0.290254491780772,False
42,adaptive_quality,24,14,8,16,1.0754116753859573,1.0808142622288806,0.4945967391122573,False
42,adaptive_quality,25,0,2,4,1.0033680888213419,1.0028282710807763,0.3841164140843495,False
42,adaptive_quality,25,1,4,8,1.1425888432526325,1.0893320037556071,0.4006683108661833,False
42,adaptive_quality,25,2,8,16,1.0278861645663127,1.0419772813308834,0.5425840665438979,False
42,adaptive_quality,25,3,2,4,1.0096871014532218,1.009166933772336,0.34793177571285605,False
42,adaptive_quality,25,4,4,8,1.0646852749133133,1.069191563160585,0.43801917121035033,False
42,adaptive_quality,25,5,8,16,1.0973026731644626,1.1555382111521062,0.6765111544620448,False
42,adaptive_quality,25,6,2,4,1.0171779906572342,1.0450159625403068,0.38203912447766036,False
42,adaptive_quality,25,7,4,8,1.021886989268443,1.0212756591379129,0.40638637173704584,False
42,adaptive_quality,25,8,8,16,1.0324579108293466,1.0328636715370263,0.6260160148641025,False
42,adaptive_quality,25,9,2,4,1.0031888497716195,1.0046552514829816,0.2851258435047521,False
42,adaptive_quality,25,10,4,8,1.0382084801741054,1.0432798006242927,0.41768688203590604,False
42,adaptive_quality,25,11,8,16,1.0665371120677793,1.0742658724035803,0.3798999701994046,False
42,adaptive_quality,25,12,2,4,1.1774743417968068,1.1967766840307268,0.3248288017219191,False
42,adaptive_quality,25,13,4,8,1.0237274627773552,1.025083409415439,0.2896301356669999,False
42,adaptive_quality,25,14,8,16,1.086496371332045,1.08251889495983,0.4960152984804402,False
42,adaptive_quality,26,0,2,4,1.003399932040669,1.0029997693687442,0.3849518732370525,False
42,adaptive_quality,26,1,4,8,1.0426447721439693,1.0753258342721157,0.4014502170346619,False
42,adaptive_quality,26,2,8,16,1.0541328887352557,1.0456239635521951,0.5432550359713444,False
42,adaptive_quality,26,3,2,4,1.0100067173590548,1.0094188688483516,0.34860371961769976,False
42,adaptive_quality,26,4,4,8,1.0632673806244117,1.0674143083997332,0.43947617210896034,False
42,adaptive_quality,26,5,8,16,1.1078895311559802,1.1412436071532683,0.6801087192172776,False
42,adaptive_quality,26,6,2,4,1.0858501457262677,1.0572662174960952,0.38391547733424464,False
42,adaptive_quality,26,7,4,8,1.0524826265663574,1.0306377493664463,0.4068235026691658,False
42,adaptive_quality,26,8,8,16,1.036719170174257,1.0340203211281955,0.6269868586143356,False
42,adaptive_quality,26,9,2,4,1.0052374374509792,1.0048299072733808,0.28530860763504473,False
42,adaptive_quality,26,10,4,8,1.0306114192230202,1.039479286203911,0.4177310104460951,False
42,adaptive_quality,26,11,8,16,1.0409535440790627,1.064272173906225,0.3815564051444848,False
42,adaptive_quality,26,12,2,4,1.034738394548341,1.1481651971860112,0.32497545460802724,False
42,adaptive_quality,26,13,4,8,1.0226344793202835,1.0243487303868923,0.28951536007026296,False
42,adaptive_quality,26,14,8,16,1.102859552671541,1.0886210922733432,0.4966070010097521,False
42,adaptive_quality,27,0,2,4,1.0028952463392753,1.0029684124599036,0.38441173432829323,False
42,adaptive_quality,27,1,4,8,1.034838490264463,1.0631796310698198,0.40323531488105957,False
42,adaptive_quality,27,2,8,16,1.043441715311574,1.0449692890800089,0.5427305468396334,False
42,adaptive_quality,27,3,2,4,1.0105642800686887,1.0097624922144528,0.34982373908001313,False
42,adaptive_quality,27,4,4,8,1.0701690153955246,1.0682407204984705,0.4400312529689159,False
42,adaptive_quality,27,5,8,16,1.3359163914538619,1.1996454424434464,0.6806015890518782,False
42,adaptive_quality,27,6,2,4,1.12892157063074,1.0787628234364885,0.3848338701811766,False
42,adaptive_quality,27,7,4,8,1.0378192604448269,1.0327922026899605,0.4078464728517126,False
42,adaptive_quality,27,8,8,16,1.0352593827457603,1.034392039613465,0.6254572506563798,False
42,adaptive_quality,27,9,2,4,1.0023094373789379,1.0040737663050479,0.285674124197745,False
42,adaptive_quality,27,10,4,8,1.0305816999326352,1.0368100103225282,0.417616759901424,False
42,adaptive_quality,27,11,8,16,1.0571952299433025,1.0621490907173483,0.38291245114123834,False
42,adaptive_quality,27,12,2,4,1.0453559251762385,1.1173224155830792,0.32277335958601,False
42,adaptive_quality,27,13,4,8,1.02028647704448,1.0231300543841686,0.2891598107147626,False
42,adaptive_quality,27,14,8,16,1.0699395485351202,1.0830166291518764,0.4968994529221151,False
42,adaptive_quality,28,0,2,4,1.0025059713363071,1.0028296801228247,0.38402493434563506,False
42,adaptive_quality,28,1,4,8,1.038831918108389,1.0558753171813904,0.4039874204378684,False
42,adaptive_quality,28,2,8,16,1.0534990912365882,1.0475282297269828,0.5420618186628777,False
42,adaptive_quality,28,3,2,4,1.011230710332808,1.0102029576499594,0.3503697956858136,False
42,adaptive_quality,28,4,4,8,1.059173106945329,1.0655204364325281,0.4399675004529715,False
42,adaptive_quality,28,5,8,16,1.210442326308307,1.2028845076029047,0.6805924748617528,False
42,adaptive_quality,28,6,2,4,1.038074457770267,1.066556313736622,0.3862386371173796,False
42,adaptive_quality,28,7,4,8,1.0368061009848004,1.0339963721784127,0.4084848569882825,False
42,adaptive_quality,28,8,8,16,1.0394142564997724,1.035898704679357,0.6275179577943135,False
42,adaptive_quality,28,9,2,4,1.0038196102628554,1.00399751949239,0.28602196843839334,False
42,adaptive_quality,28,10,4,8,1.02478636760768,1.0332029175080737,0.41600920013728127,False
42,adaptive_quality,28,11,8,16,1.0482936774211837,1.057992466728499,0.3843923377977794,False
42,adaptive_quality,28,12,2,4,1.0080219661258156,1.0845322807459001,0.32161726410057634,False
42,adaptive_quality,28,13,4,8,1.0202300840942415,1.0222600632971903,0.2877228035387813,False
42,adaptive_quality,28,14,8,16,1.0640326718640476,1.0773214419655277,0.49861519786685804,False
42,adaptive_quality,29,0,2,4,1.0043044360818418,1.0032721069105297,0.3847140861829948,False
42,adaptive_quality,29,1,4,8,1.0541786629299037,1.0553663209059443,0.40490774462672097,False
42,adaptive_quality,29,2,8,16,1.0422792720883307,1.0459535424353872,0.5412200457389538,False
42,adaptive_quality,29,3,2,4,1.010234851948377,1.0102125259394847,0.3502994654079336,False
42,adaptive_quality,29,4,4,8,1.0573841589720196,1.0630795531943755,0.44130248530379695,False
42,adaptive_quality,29,5,8,16,1.1600931526784097,1.1900471011255562,0.6813115144875469,False
42,adaptive_quality,29,6,2,4,1.0462282580509474,1.0604578970309197,0.38731446270741693,False
42,adaptive_quality,29,7,4,8,1.03259844398482,1.033576993720335,0.4089838923966833,False
42,adaptive_quality,29,8,8,16,1.0393984220684311,1.0369486198960791,0.628531669197582,False
42,adaptive_quality,29,9,2,4,1.002530085095238,1.0035572891732445,0.2861585542698209,False
42,adaptive_quality,29,10,4,8,1.0290824437705428,1.0319667753868145,0.4160459438149,False
42,adaptive_quality,29,11,8,16,1.0432663781654354,1.05357464015958,0.38553600187940174,False
42,adaptive_quality,29,12,2,4,1.0075045826392661,1.06142397131391,0.3211737731745764,False
42,adaptive_quality,29,13,4,8,1.0177186180902527,1.0208976297351091,0.2858515251430642,False
42,adaptive_quality,29,14,8,16,1.0969982396557778,1.0832244812726026,0.4978499912504266,False
42,adaptive_quality,30,0,2,4,1.0033241694212642,1.00328772566375,0.3848489785132212,False
42,adaptive_quality,30,1,4,8,1.0452432780139427,1.0523294080383438,0.40656280602150596,False
42,adaptive_quality,30,2,8,16,1.0390160178845824,1.0438722850701458,0.5414219001008376,False
42,adaptive_quality,30,3,2,4,1.0091681888435247,1.0098992248106966,0.35026377057796404,False
42,adaptive_quality,30,4,4,8,1.053645031337966,1.0602491966374528,0.44163313987674624,False
42,adaptive_quality,30,5,8,16,1.3214449931608079,1.2294664687361316,0.6834974069509068,False
42,adaptive_quality,30,6,2,4,1.0108813589185954,1.0455849355972224,0.3874318548079725,False
42,adaptive_quality,30,7,4,8,1.021723458816771,1.0300209332492658,0.410157200018288,False
42,adaptive_quality,30,8,8,16,1.0435917567632393,1.0389415609562271,0.6264028832485367,False
42,adaptive_quality,30,9,2,4,1.0028943508901795,1.0033584076883248,0.2859225799844579,False
42,adaptive_quality,30,10,4,8,1.0274180985108272,1.0306021723240184,0.4158345963047246,False
42,adaptive_quality,30,11,8,16,1.0394773904434618,1.0493454652447445,0.3867751593950887,False
42,adaptive_quality,30,12,2,4,1.0242679478381147,1.0502771642711712,0.32052739596041907,False
42,adaptive_quality,30,13,4,8,1.0172348809075134,1.0197988050868303,0.285269606007938,False
42,adaptive_quality,30,14,8,16,1.0601176920786015,1.0762924445144022,0.4982750103003235,False
42,fedavg16,1,0,16,16,,,,
42,fedavg16,1,1,16,16,,,,
42,fedavg16,1,2,16,16,,,,
42,fedavg16,1,3,16,16,,,,
42,fedavg16,1,4,16,16,,,,
42,fedavg16,1,5,16,16,,,,
42,fedavg16,1,6,16,16,,,,
42,fedavg16,1,7,16,16,,,,
42,fedavg16,1,8,16,16,,,,
42,fedavg16,1,9,16,16,,,,
42,fedavg16,1,10,16,16,,,,
42,fedavg16,1,11,16,16,,,,
42,fedavg16,1,12,16,16,,,,
42,fedavg16,1,13,16,16,,,,
42,fedavg16,1,14,16,16,,,,
42,fedavg16,2,0,16,16,,,,
42,fedavg16,2,1,16,16,,,,
42,fedavg16,2,2,16,16,,,,
42,fedavg16,2,3,16,16,,,,
42,fedavg16,2,4,16,16,,,,
42,fedavg16,2,5,16,16,,,,
42,fedavg16,2,6,16,16,,,,
42,fedavg16,2,7,16,16,,,,
42,fedavg16,2,8,16,16,,,,
42,fedavg16,2,9,16,16,,,,
42,fedavg16,2,10,16,16,,,,
42,fedavg16,2,11,16,16,,,,
42,fedavg16,2,12,16,16,,,,
42,fedavg16,2,13,16,16,,,,
42,fedavg16,2,14,16,16,,,,
42,fedavg16,3,0,16,16,,,,
42,fedavg16,3,1,16,16,,,,
42,fedavg16,3,2,16,16,,,,
42,fedavg16,3,3,16,16,,,,
42,fedavg16,3,4,16,16,,,,
42,fedavg16,3,5,16,16,,,,
42,fedavg16,3,6,16,16,,,,
42,fedavg16,3,7,16,16,,,,
42,fedavg16,3,8,16,16,,,,
42,fedavg16,3,9,16,16,,,,
42,fedavg16,3,10,16,16,,,,
42,fedavg16,3,11,16,16,,,,
42,fedavg16,3,12,16,16,,,,
42,fedavg16,3,13,16,16,,,,
42,fedavg16,3,14,16,16,,,,
42,fedavg16,4,0,16,16,,,,
42,fedavg16,4,1,16,16,,,,
42,fedavg16,4,2,16,16,,,,
42,fedavg16,4,3,16,16,,,,
42,fedavg16,4,4,16,16,,,,
42,fedavg16,4,5,16,16,,,,
42,fedavg16,4,6,16,16,,,,
42,fedavg16,4,7,16,16,,,,
42,fedavg16,4,8,16,16,,,,
42,fedavg16,4,9,16,16,,,,
42,fedavg16,4,10,16,16,,,,
42,fedavg16,4,11,16,16,,,,
42,fedavg16,4,12,16,16,,,,
42,fedavg16,4,13,16,16,,,,
42,fedavg16,4,14,16,16,,,,
42,fedavg16,5,0,16,16,,,,
42,fedavg16,5,1,16,16,,,,
42,fedavg16,5,2,16,16,,,,
42,fedavg16,5,3,16,16,,,,
42,fedavg16,5,4,16,16,,,,
42,fedavg16,5,5,16,16,,,,
42,fedavg16,5,6,16,16,,,,
42,fedavg16,5,7,16,16,,,,
42,fedavg16,5,8,16,16,,,,
42,fedavg16,5,9,16,16,,,,
42,fedavg16,5,10,16,16,,,,
42,fedavg16,5,11,16,16,,,,
42,fedavg16,5,12,16,16,,,,
42,fedavg16,5,13,16,16,,,,
42,fedavg16,5,14,16,16,,,,
42,fedavg16,6,0,16,16,,,,
42,fedavg16,6,1,16,16,,,,
42,fedavg16,6,2,16,16,,,,
42,fedavg16,6,3,16,16,,,,
42,fedavg16,6,4,16,16,,,,
42,fedavg16,6,5,16,16,,,,
42,fedavg16,6,6,16,16,,,,
42,fedavg16,6,7,16,16,,,,
42,fedavg16,6,8,16,16,,,,
42,fedavg16,6,9,16,16,,,,
42,fedavg16,6,10,16,16,,,,
42,fedavg16,6,11,16,16,,,,
42,fedavg16,6,12,16,16,,,,
42,fedavg16,6,13,16,16,,,,
42,fedavg16,6,14,16,16,,,,
42,fedavg16,7,0,16,16,,,,
42,fedavg16,7,1,16,16,,,,
42,fedavg16,7,2,16,16,,,,
42,fedavg16,7,3,16,16,,,,
42,fedavg16,7,4,16,16,,,,
42,fedavg16,7,5,16,16,,,,
42,fedavg16,7,6,16,16,,,,
42,fedavg16,7,7,16,16,,,,
42,fedavg16,7,8,16,16,,,,
42,fedavg16,7,9,16,16,,,,
42,fedavg16,7,10,16,16,,,,
42,fedavg16,7,11,16,16,,,,
42,fedavg16,7,12,16,16,,,,
42,fedavg16,7,13,16,16,,,,
42,fedavg16,7,14,16,16,,,,
42,fedavg16,8,0,16,16,,,,
42,fedavg16,8,1,16,16,,,,
42,fedavg16,8,2,16,16,,,,
42,fedavg16,8,3,16,16,,,,
42,fedavg16,8,4,16,16,,,,
42,fedavg16,8,5,16,16,,,,
42,fedavg16,8,6,16,16,,,,
42,fedavg16,8,7,16,16,,,,
42,fedavg16,8,8,16,16,,,,
42,fedavg16,8,9,16,16,,,,
42,fedavg16,8,10,16,16,,,,
42,fedavg16,8,11,16,16,,,,
42,fedavg16,8,12,16,16,,,,
42,fedavg16,8,13,16,16,,,,
42,fedavg16,8,14,16,16,,,,
42,fedavg16,9,0,16,16,,,,
42,fedavg16,9,1,16,16,,,,
42,fedavg16,9,2,16,16,,,,
42,fedavg16,9,3,16,16,,,,
42,fedavg16,9,4,16,16,,,,
42,fedavg16,9,5,16,16,,,,
42,fedavg16,9,6,16,16,,,,
42,fedavg16,9,7,16,16,,,,
42,fedavg16,9,8,16,16,,,,
42,fedavg16,9,9,16,16,,,,
42,fedavg16,9,10,16,16,,,,
42,fedavg16,9,11,16,16,,,,
42,fedavg16,9,12,16,16,,,,
42,fedavg16,9,13,16,16,,,,
42,fedavg16,9,14,16,16,,,,
42,fedavg16,10,0,16,16,,,,
42,fedavg16,10,1,16,16,,,,
42,fedavg16,10,2,16,16,,,,
42,fedavg16,10,3,16,16,,,,
42,fedavg16,10,4,16,16,,,,
42,fedavg16,10,5,16,16,,,,
42,fedavg16,10,6,16,16,,,,
42,fedavg16,10,7,16,16,,,,
42,fedavg16,10,8,16,16,,,,
42,fedavg16,10,9,16,16,,,,
42,fedavg16,10,10,16,16,,,,
42,fedavg16,10,11,16,16,,,,
42,fedavg16,10,12,16,16,,,,
42,fedavg16,10,13,16,16,,,,
42,fedavg16,10,14,16,16,,,,
42,fedavg16,11,0,16,16,,,,
42,fedavg16,11,1,16,16,,,,
42,fedavg16,11,2,16,16,,,,
42,fedavg16,11,3,16,16,,,,
42,fedavg16,11,4,16,16,,,,
42,fedavg16,11,5,16,16,,,,
42,fedavg16,11,6,16,16,,,,
42,fedavg16,11,7,16,16,,,,
42,fedavg16,11,8,16,16,,,,
42,fedavg16,11,9,16,16,,,,
42,fedavg16,11,10,16,16,,,,
42,fedavg16,11,11,16,16,,,,
42,fedavg16,11,12,16,16,,,,
42,fedavg16,11,13,16,16,,,,
42,fedavg16,11,14,16,16,,,,
42,fedavg16,12,0,16,16,,,,
42,fedavg16,12,1,16,16,,,,
42,fedavg16,12,2,16,16,,,,
42,fedavg16,12,3,16,16,,,,
42,fedavg16,12,4,16,16,,,,
42,fedavg16,12,5,16,16,,,,
42,fedavg16,12,6,16,16,,,,
42,fedavg16,12,7,16,16,,,,
42,fedavg16,12,8,16,16,,,,
42,fedavg16,12,9,16,16,,,,
42,fedavg16,12,10,16,16,,,,
42,fedavg16,12,11,16,16,,,,
42,fedavg16,12,12,16,16,,,,
42,fedavg16,12,13,16,16,,,,
42,fedavg16,12,14,16,16,,,,
42,fedavg16,13,0,16,16,,,,
42,fedavg16,13,1,16,16,,,,
42,fedavg16,13,2,16,16,,,,
42,fedavg16,13,3,16,16,,,,
42,fedavg16,13,4,16,16,,,,
42,fedavg16,13,5,16,16,,,,
42,fedavg16,13,6,16,16,,,,
42,fedavg16,13,7,16,16,,,,
42,fedavg16,13,8,16,16,,,,
42,fedavg16,13,9,16,16,,,,
42,fedavg16,13,10,16,16,,,,
42,fedavg16,13,11,16,16,,,,
42,fedavg16,13,12,16,16,,,,
42,fedavg16,13,13,16,16,,,,
42,fedavg16,13,14,16,16,,,,
42,fedavg16,14,0,16,16,,,,
42,fedavg16,14,1,16,16,,,,
42,fedavg16,14,2,16,16,,,,
42,fedavg16,14,3,16,16,,,,
42,fedavg16,14,4,16,16,,,,
42,fedavg16,14,5,16,16,,,,
42,fedavg16,14,6,16,16,,,,
42,fedavg16,14,7,16,16,,,,
42,fedavg16,14,8,16,16,,,,
42,fedavg16,14,9,16,16,,,,
42,fedavg16,14,10,16,16,,,,
42,fedavg16,14,11,16,16,,,,
42,fedavg16,14,12,16,16,,,,
42,fedavg16,14,13,16,16,,,,
42,fedavg16,14,14,16,16,,,,
42,fedavg16,15,0,16,16,,,,
42,fedavg16,15,1,16,16,,,,
42,fedavg16,15,2,16,16,,,,
42,fedavg16,15,3,16,16,,,,
42,fedavg16,15,4,16,16,,,,
42,fedavg16,15,5,16,16,,,,
42,fedavg16,15,6,16,16,,,,
42,fedavg16,15,7,16,16,,,,
42,fedavg16,15,8,16,16,,,,
42,fedavg16,15,9,16,16,,,,
42,fedavg16,15,10,16,16,,,,
42,fedavg16,15,11,16,16,,,,
42,fedavg16,15,12,16,16,,,,
42,fedavg16,15,13,16,16,,,,
42,fedavg16,15,14,16,16,,,,
42,fedavg16,16,0,16,16,,,,
42,fedavg16,16,1,16,16,,,,
42,fedavg16,16,2,16,16,,,,
42,fedavg16,16,3,16,16,,,,
42,fedavg16,16,4,16,16,,,,
42,fedavg16,16,5,16,16,,,,
42,fedavg16,16,6,16,16,,,,
42,fedavg16,16,7,16,16,,,,
42,fedavg16,16,8,16,16,,,,
42,fedavg16,16,9,16,16,,,,
42,fedavg16,16,10,16,16,,,,
42,fedavg16,16,11,16,16,,,,
42,fedavg16,16,12,16,16,,,,
42,fedavg16,16,13,16,16,,,,
42,fedavg16,16,14,16,16,,,,
42,fedavg16,17,0,16,16,,,,
42,fedavg16,17,1,16,16,,,,
42,fedavg16,17,2,16,16,,,,
42,fedavg16,17,3,16,16,,,,
42,fedavg16,17,4,16,16,,,,
42,fedavg16,17,5,16,16,,,,
42,fedavg16,17,6,16,16,,,,
42,fedavg16,17,7,16,16,,,,
42,fedavg16,17,8,16,16,,,,
42,fedavg16,17,9,16,16,,,,
42,fedavg16,17,10,16,16,,,,
42,fedavg16,17,11,16,16,,,,
42,fedavg16,17,12,16,16,,,,
42,fedavg16,17,13,16,16,,,,
42,fedavg16,17,14,16,16,,,,
42,fedavg16,18,0,16,16,,,,
42,fedavg16,18,1,16,16,,,,
42,fedavg16,18,2,16,16,,,,
42,fedavg16,18,3,16,16,,,,
42,fedavg16,18,4,16,16,,,,
42,fedavg16,18,5,16,16,,,,
42,fedavg16,18,6,16,16,,,,
42,fedavg16,18,7,16,16,,,,
42,fedavg16,18,8,16,16,,,,
42,fedavg16,18,9,16,16,,,,
42,fedavg16,18,10,16,16,,,,
42,fedavg16,18,11,16,16,,,,
42,fedavg16,18,12,16,16,,,,
42,fedavg16,18,13,16,16,,,,
42,fedavg16,18,14,16,16,,,,
42,fedavg16,19,0,16,16,,,,
42,fedavg16,19,1,16,16,,,,
42,fedavg16,19,2,16,16,,,,
42,fedavg16,19,3,16,16,,,,
42,fedavg16,19,4,16,16,,,,
42,fedavg16,19,5,16,16,,,,
42,fedavg16,19,6,16,16,,,,
42,fedavg16,19,7,16,16,,,,
42,fedavg16,19,8,16,16,,,,
42,fedavg16,19,9,16,16,,,,
42,fedavg16,19,10,16,16,,,,
42,fedavg16,19,11,16,16,,,,
42,fedavg16,19,12,16,16,,,,
42,fedavg16,19,13,16,16,,,,
42,fedavg16,19,14,16,16,,,,
42,fedavg16,20,0,16,16,,,,
42,fedavg16,20,1,16,16,,,,
42,fedavg16,20,2,16,16,,,,
42,fedavg16,20,3,16,16,,,,
42,fedavg16,20,4,16,16,,,,
42,fedavg16,20,5,16,16,,,,
42,fedavg16,20,6,16,16,,,,
42,fedavg16,20,7,16,16,,,,
42,fedavg16,20,8,16,16,,,,
42,fedavg16,20,9,16,16,,,,
42,fedavg16,20,10,16,16,,,,
42,fedavg16,20,11,16,16,,,,
42,fedavg16,20,12,16,16,,,,
42,fedavg16,20,13,16,16,,,,
42,fedavg16,20,14,16,16,,,,
42,fedavg16,21,0,16,16,,,,
42,fedavg16,21,1,16,16,,,,
42,fedavg16,21,2,16,16,,,,
42,fedavg16,21,3,16,16,,,,
42,fedavg16,21,4,16,16,,,,
42,fedavg16,21,5,16,16,,,,
42,fedavg16,21,6,16,16,,,,
42,fedavg16,21,7,16,16,,,,
42,fedavg16,21,8,16,16,,,,
42,fedavg16,21,9,16,16,,,,
42,fedavg16,21,10,16,16,,,,
42,fedavg16,21,11,16,16,,,,
42,fedavg16,21,12,16,16,,,,
42,fedavg16,21,13,16,16,,,,
42,fedavg16,21,14,16,16,,,,
42,fedavg16,22,0,16,16,,,,
42,fedavg16,22,1,16,16,,,,
42,fedavg16,22,2,16,16,,,,
42,fedavg16,22,3,16,16,,,,
42,fedavg16,22,4,16,16,,,,
42,fedavg16,22,5,16,16,,,,
42,fedavg16,22,6,16,16,,,,
42,fedavg16,22,7,16,16,,,,
42,fedavg16,22,8,16,16,,,,
42,fedavg16,22,9,16,16,,,,
42,fedavg16,22,10,16,16,,,,
42,fedavg16,22,11,16,16,,,,
42,fedavg16,22,12,16,16,,,,
42,fedavg16,22,13,16,16,,,,
42,fedavg16,22,14,16,16,,,,
42,fedavg16,23,0,16,16,,,,
42,fedavg16,23,1,16,16,,,,
42,fedavg16,23,2,16,16,,,,
42,fedavg16,23,3,16,16,,,,
42,fedavg16,23,4,16,16,,,,
42,fedavg16,23,5,16,16,,,,
42,fedavg16,23,6,16,16,,,,
42,fedavg16,23,7,16,16,,,,
42,fedavg16,23,8,16,16,,,,
42,fedavg16,23,9,16,16,,,,
42,fedavg16,23,10,16,16,,,,
42,fedavg16,23,11,16,16,,,,
42,fedavg16,23,12,16,16,,,,
42,fedavg16,23,13,16,16,,,,
42,fedavg16,23,14,16,16,,,,
42,fedavg16,24,0,16,16,,,,
42,fedavg16,24,1,16,16,,,,
42,fedavg16,24,2,16,16,,,,
42,fedavg16,24,3,16,16,,,,
42,fedavg16,24,4,16,16,,,,
42,fedavg16,24,5,16,16,,,,
42,fedavg16,24,6,16,16,,,,
42,fedavg16,24,7,16,16,,,,
42,fedavg16,24,8,16,16,,,,
42,fedavg16,24,9,16,16,,,,
42,fedavg16,24,10,16,16,,,,
42,fedavg16,24,11,16,16,,,,
42,fedavg16,24,12,16,16,,,,
42,fedavg16,24,13,16,16,,,,
42,fedavg16,24,14,16,16,,,,
42,fedavg16,25,0,16,16,,,,
42,fedavg16,25,1,16,16,,,,
42,fedavg16,25,2,16,16,,,,
42,fedavg16,25,3,16,16,,,,
42,fedavg16,25,4,16,16,,,,
42,fedavg16,25,5,16,16,,,,
42,fedavg16,25,6,16,16,,,,
42,fedavg16,25,7,16,16,,,,
42,fedavg16,25,8,16,16,,,,
42,fedavg16,25,9,16,16,,,,
42,fedavg16,25,10,16,16,,,,
42,fedavg16,25,11,16,16,,,,
42,fedavg16,25,12,16,16,,,,
42,fedavg16,25,13,16,16,,,,
42,fedavg16,25,14,16,16,,,,
42,fedavg16,26,0,16,16,,,,
42,fedavg16,26,1,16,16,,,,
42,fedavg16,26,2,16,16,,,,
42,fedavg16,26,3,16,16,,,,
42,fedavg16,26,4,16,16,,,,
42,fedavg16,26,5,16,16,,,,
42,fedavg16,26,6,16,16,,,,
42,fedavg16,26,7,16,16,,,,
42,fedavg16,26,8,16,16,,,,
42,fedavg16,26,9,16,16,,,,
42,fedavg16,26,10,16,16,,,,
42,fedavg16,26,11,16,16,,,,
42,fedavg16,26,12,16,16,,,,
42,fedavg16,26,13,16,16,,,,
42,fedavg16,26,14,16,16,,,,
42,fedavg16,27,0,16,16,,,,
42,fedavg16,27,1,16,16,,,,
42,fedavg16,27,2,16,16,,,,
42,fedavg16,27,3,16,16,,,,
42,fedavg16,27,4,16,16,,,,
42,fedavg16,27,5,16,16,,,,
42,fedavg16,27,6,16,16,,,,
42,fedavg16,27,7,16,16,,,,
42,fedavg16,27,8,16,16,,,,
42,fedavg16,27,9,16,16,,,,
42,fedavg16,27,10,16,16,,,,
42,fedavg16,27,11,16,16,,,,
42,fedavg16,27,12,16,16,,,,
42,fedavg16,27,13,16,16,,,,
42,fedavg16,27,14,16,16,,,,
42,fedavg16,28,0,16,16,,,,
42,fedavg16,28,1,16,16,,,,
42,fedavg16,28,2,16,16,,,,
42,fedavg16,28,3,16,16,,,,
42,fedavg16,28,4,16,16,,,,
42,fedavg16,28,5,16,16,,,,
42,fedavg16,28,6,16,16,,,,
42,fedavg16,28,7,16,16,,,,
42,fedavg16,28,8,16,16,,,,
42,fedavg16,28,9,16,16,,,,
42,fedavg16,28,10,16,16,,,,
42,fedavg16,28,11,16,16,,,,
42,fedavg16,28,12,16,16,,,,
42,fedavg16,28,13,16,16,,,,
42,fedavg16,28,14,16,16,,,,
42,fedavg16,29,0,16,16,,,,
42,fedavg16,29,1,16,16,,,,
42,fedavg16,29,2,16,16,,,,
42,fedavg16,29,3,16,16,,,,
42,fedavg16,29,4,16,16,,,,
42,fedavg16,29,5,16,16,,,,
42,fedavg16,29,6,16,16,,,,
42,fedavg16,29,7,16,16,,,,
42,fedavg16,29,8,16,16,,,,
42,fedavg16,29,9,16,16,,,,
42,fedavg16,29,10,16,16,,,,
42,fedavg16,29,11,16,16,,,,
42,fedavg16,29,12,16,16,,,,
42,fedavg16,29,13,16,16,,,,
42,fedavg16,29,14,16,16,,,,
42,fedavg16,30,0,16,16,,,,
42,fedavg16,30,1,16,16,,,,
42,fedavg16,30,2,16,16,,,,
42,fedavg16,30,3,16,16,,,,
42,fedavg16,30,4,16,16,,,,
42,fedavg16,30,5,16,16,,,,
42,fedavg16,30,6,16,16,,,,
42,fedavg16,30,7,16,16,,,,
42,fedavg16,30,8,16,16,,,,
42,fedavg16,30,9,16,16,,,,
42,fedavg16,30,10,16,16,,,,
42,fedavg16,30,11,16,16,,,,
42,fedavg16,30,12,16,16,,,,
42,fedavg16,30,13,16,16,,,,
42,fedavg16,30,14,16,16,,,,
42,fixed_domain,1,0,4,4,,,,
42,fixed_domain,1,1,8,8,,,,
42,fixed_domain,1,2,16,16,,,,
42,fixed_domain,1,3,4,4,,,,
42,fixed_domain,1,4,8,8,,,,
42,fixed_domain,1,5,16,16,,,,
42,fixed_domain,1,6,4,4,,,,
42,fixed_domain,1,7,8,8,,,,
42,fixed_domain,1,8,16,16,,,,
42,fixed_domain,1,9,4,4,,,,
42,fixed_domain,1,10,8,8,,,,
42,fixed_domain,1,11,16,16,,,,
42,fixed_domain,1,12,4,4,,,,
42,fixed_domain,1,13,8,8,,,,
42,fixed_domain,1,14,16,16,,,,
42,fixed_domain,2,0,4,4,,,,
42,fixed_domain,2,1,8,8,,,,
42,fixed_domain,2,2,16,16,,,,
42,fixed_domain,2,3,4,4,,,,
42,fixed_domain,2,4,8,8,,,,
42,fixed_domain,2,5,16,16,,,,
42,fixed_domain,2,6,4,4,,,,
42,fixed_domain,2,7,8,8,,,,
42,fixed_domain,2,8,16,16,,,,
42,fixed_domain,2,9,4,4,,,,
42,fixed_domain,2,10,8,8,,,,
42,fixed_domain,2,11,16,16,,,,
42,fixed_domain,2,12,4,4,,,,
42,fixed_domain,2,13,8,8,,,,
42,fixed_domain,2,14,16,16,,,,
42,fixed_domain,3,0,4,4,,,,
42,fixed_domain,3,1,8,8,,,,
42,fixed_domain,3,2,16,16,,,,
42,fixed_domain,3,3,4,4,,,,
42,fixed_domain,3,4,8,8,,,,
42,fixed_domain,3,5,16,16,,,,
42,fixed_domain,3,6,4,4,,,,
42,fixed_domain,3,7,8,8,,,,
42,fixed_domain,3,8,16,16,,,,
42,fixed_domain,3,9,4,4,,,,
42,fixed_domain,3,10,8,8,,,,
42,fixed_domain,3,11,16,16,,,,
42,fixed_domain,3,12,4,4,,,,
42,fixed_domain,3,13,8,8,,,,
42,fixed_domain,3,14,16,16,,,,
42,fixed_domain,4,0,4,4,,,,
42,fixed_domain,4,1,8,8,,,,
42,fixed_domain,4,2,16,16,,,,
42,fixed_domain,4,3,4,4,,,,
42,fixed_domain,4,4,8,8,,,,
42,fixed_domain,4,5,16,16,,,,
42,fixed_domain,4,6,4,4,,,,
42,fixed_domain,4,7,8,8,,,,
42,fixed_domain,4,8,16,16,,,,
42,fixed_domain,4,9,4,4,,,,
42,fixed_domain,4,10,8,8,,,,
42,fixed_domain,4,11,16,16,,,,
42,fixed_domain,4,12,4,4,,,,
42,fixed_domain,4,13,8,8,,,,
42,fixed_domain,4,14,16,16,,,,
42,fixed_domain,5,0,4,4,,,,
42,fixed_domain,5,1,8,8,,,,
42,fixed_domain,5,2,16,16,,,,
42,fixed_domain,5,3,4,4,,,,
42,fixed_domain,5,4,8,8,,,,
42,fixed_domain,5,5,16,16,,,,
42,fixed_domain,5,6,4,4,,,,
42,fixed_domain,5,7,8,8,,,,
42,fixed_domain,5,8,16,16,,,,
42,fixed_domain,5,9,4,4,,,,
42,fixed_domain,5,10,8,8,,,,
42,fixed_domain,5,11,16,16,,,,
42,fixed_domain,5,12,4,4,,,,
42,fixed_domain,5,13,8,8,,,,
42,fixed_domain,5,14,16,16,,,,
42,fixed_domain,6,0,4,4,,,,
42,fixed_domain,6,1,8,8,,,,
42,fixed_domain,6,2,16,16,,,,
42,fixed_domain,6,3,4,4,,,,
42,fixed_domain,6,4,8,8,,,,
42,fixed_domain,6,5,16,16,,,,
42,fixed_domain,6,6,4,4,,,,
42,fixed_domain,6,7,8,8,,,,
42,fixed_domain,6,8,16,16,,,,
42,fixed_domain,6,9,4,4,,,,
42,fixed_domain,6,10,8,8,,,,
42,fixed_domain,6,11,16,16,,,,
42,fixed_domain,6,12,4,4,,,,
42,fixed_domain,6,13,8,8,,,,
42,fixed_domain,6,14,16,16,,,,
42,fixed_domain,7,0,4,4,,,,
42,fixed_domain,7,1,8,8,,,,
42,fixed_domain,7,2,16,16,,,,
42,fixed_domain,7,3,4,4,,,,
42,fixed_domain,7,4,8,8,,,,
42,fixed_domain,7,5,16,16,,,,
42,fixed_domain,7,6,4,4,,,,
42,fixed_domain,7,7,8,8,,,,
42,fixed_domain,7,8,16,16,,,,
42,fixed_domain,7,9,4,4,,,,
42,fixed_domain,7,10,8,8,,,,
42,fixed_domain,7,11,16,16,,,,
42,fixed_domain,7,12,4,4,,,,
42,fixed_domain,7,13,8,8,,,,
42,fixed_domain,7,14,16,16,,,,
42,fixed_domain,8,0,4,4,,,,
42,fixed_domain,8,1,8,8,,,,
42,fixed_domain,8,2,16,16,,,,
42,fixed_domain,8,3,4,4,,,,
42,fixed_domain,8,4,8,8,,,,
42,fixed_domain,8,5,16,16,,,,
42,fixed_domain,8,6,4,4,,,,
42,fixed_domain,8,7,8,8,,,,
42,fixed_domain,8,8,16,16,,,,
42,fixed_domain,8,9,4,4,,,,
42,fixed_domain,8,10,8,8,,,,
42,fixed_domain,8,11,16,16,,,,
42,fixed_domain,8,12,4,4,,,,
42,fixed_domain,8,13,8,8,,,,
42,fixed_domain,8,14,16,16,,,,
42,fixed_domain,9,0,4,4,,,,
42,fixed_domain,9,1,8,8,,,,
42,fixed_domain,9,2,16,16,,,,
42,fixed_domain,9,3,4,4,,,,
42,fixed_domain,9,4,8,8,,,,
42,fixed_domain,9,5,16,16,,,,
42,fixed_domain,9,6,4,4,,,,
42,fixed_domain,9,7,8,8,,,,
42,fixed_domain,9,8,16,16,,,,
42,fixed_domain,9,9,4,4,,,,
42,fixed_domain,9,10,8,8,,,,
42,fixed_domain,9,11,16,16,,,,
42,fixed_domain,9,12,4,4,,,,
42,fixed_domain,9,13,8,8,,,,
42,fixed_domain,9,14,16,16,,,,
42,fixed_domain,10,0,4,4,,,,
42,fixed_domain,10,1,8,8,,,,
42,fixed_domain,10,2,16,16,,,,
42,fixed_domain,10,3,4,4,,,,
42,fixed_domain,10,4,8,8,,,,
42,fixed_domain,10,5,16,16,,,,
42,fixed_domain,10,6,4,4,,,,
42,fixed_domain,10,7,8,8,,,,
42,fixed_domain,10,8,16,16,,,,
42,fixed_domain,10,9,4,4,,,,
42,fixed_domain,10,10,8,8,,,,
42,fixed_domain,10,11,16,16,,,,
42,fixed_domain,10,12,4,4,,,,
42,fixed_domain,10,13,8,8,,,,
42,fixed_domain,10,14,16,16,,,,
42,fixed_domain,11,0,4,4,,,,
42,fixed_domain,11,1,8,8,,,,
42,fixed_domain,11,2,16,16,,,,
42,fixed_domain,11,3,4,4,,,,
42,fixed_domain,11,4,8,8,,,,
42,fixed_domain,11,5,16,16,,,,
42,fixed_domain,11,6,4,4,,,,
42,fixed_domain,11,7,8,8,,,,
42,fixed_domain,11,8,16,16,,,,
42,fixed_domain,11,9,4,4,,,,
42,fixed_domain,11,10,8,8,,,,
42,fixed_domain,11,11,16,16,,,,
42,fixed_domain,11,12,4,4,,,,
42,fixed_domain,11,13,8,8,,,,
42,fixed_domain,11,14,16,16,,,,
42,fixed_domain,12,0,4,4,,,,
42,fixed_domain,12,1,8,8,,,,
42,fixed_domain,12,2,16,16,,,,
42,fixed_domain,12,3,4,4,,,,
42,fixed_domain,12,4,8,8,,,,
42,fixed_domain,12,5,16,16,,,,
42,fixed_domain,12,6,4,4,,,,
42,fixed_domain,12,7,8,8,,,,
42,fixed_domain,12,8,16,16,,,,
42,fixed_domain,12,9,4,4,,,,
42,fixed_domain,12,10,8,8,,,,
42,fixed_domain,12,11,16,16,,,,
42,fixed_domain,12,12,4,4,,,,
42,fixed_domain,12,13,8,8,,,,
42,fixed_domain,12,14,16,16,,,,
42,fixed_domain,13,0,4,4,,,,
42,fixed_domain,13,1,8,8,,,,
42,fixed_domain,13,2,16,16,,,,
42,fixed_domain,13,3,4,4,,,,
42,fixed_domain,13,4,8,8,,,,
42,fixed_domain,13,5,16,16,,,,
42,fixed_domain,13,6,4,4,,,,
42,fixed_domain,13,7,8,8,,,,
42,fixed_domain,13,8,16,16,,,,
42,fixed_domain,13,9,4,4,,,,
42,fixed_domain,13,10,8,8,,,,
42,fixed_domain,13,11,16,16,,,,
42,fixed_domain,13,12,4,4,,,,
42,fixed_domain,13,13,8,8,,,,
42,fixed_domain,13,14,16,16,,,,
42,fixed_domain,14,0,4,4,,,,
42,fixed_domain,14,1,8,8,,,,
42,fixed_domain,14,2,16,16,,,,
42,fixed_domain,14,3,4,4,,,,
42,fixed_domain,14,4,8,8,,,,
42,fixed_domain,14,5,16,16,,,,
42,fixed_domain,14,6,4,4,,,,
42,fixed_domain,14,7,8,8,,,,
42,fixed_domain,14,8,16,16,,,,
42,fixed_domain,14,9,4,4,,,,
42,fixed_domain,14,10,8,8,,,,
42,fixed_domain,14,11,16,16,,,,
42,fixed_domain,14,12,4,4,,,,
42,fixed_domain,14,13,8,8,,,,
42,fixed_domain,14,14,16,16,,,,
42,fixed_domain,15,0,4,4,,,,
42,fixed_domain,15,1,8,8,,,,
42,fixed_domain,15,2,16,16,,,,
42,fixed_domain,15,3,4,4,,,,
42,fixed_domain,15,4,8,8,,,,
42,fixed_domain,15,5,16,16,,,,
42,fixed_domain,15,6,4,4,,,,
42,fixed_domain,15,7,8,8,,,,
42,fixed_domain,15,8,16,16,,,,
42,fixed_domain,15,9,4,4,,,,
42,fixed_domain,15,10,8,8,,,,
42,fixed_domain,15,11,16,16,,,,
42,fixed_domain,15,12,4,4,,,,
42,fixed_domain,15,13,8,8,,,,
42,fixed_domain,15,14,16,16,,,,
42,fixed_domain,16,0,4,4,,,,
42,fixed_domain,16,1,8,8,,,,
42,fixed_domain,16,2,16,16,,,,
42,fixed_domain,16,3,4,4,,,,
42,fixed_domain,16,4,8,8,,,,
42,fixed_domain,16,5,16,16,,,,
42,fixed_domain,16,6,4,4,,,,
42,fixed_domain,16,7,8,8,,,,
42,fixed_domain,16,8,16,16,,,,
42,fixed_domain,16,9,4,4,,,,
42,fixed_domain,16,10,8,8,,,,
42,fixed_domain,16,11,16,16,,,,
42,fixed_domain,16,12,4,4,,,,
42,fixed_domain,16,13,8,8,,,,
42,fixed_domain,16,14,16,16,,,,
42,fixed_domain,17,0,4,4,,,,
42,fixed_domain,17,1,8,8,,,,
42,fixed_domain,17,2,16,16,,,,
42,fixed_domain,17,3,4,4,,,,
42,fixed_domain,17,4,8,8,,,,
42,fixed_domain,17,5,16,16,,,,
42,fixed_domain,17,6,4,4,,,,
42,fixed_domain,17,7,8,8,,,,
42,fixed_domain,17,8,16,16,,,,
42,fixed_domain,17,9,4,4,,,,
42,fixed_domain,17,10,8,8,,,,
42,fixed_domain,17,11,16,16,,,,
42,fixed_domain,17,12,4,4,,,,
42,fixed_domain,17,13,8,8,,,,
42,fixed_domain,17,14,16,16,,,,
42,fixed_domain,18,0,4,4,,,,
42,fixed_domain,18,1,8,8,,,,
42,fixed_domain,18,2,16,16,,,,
42,fixed_domain,18,3,4,4,,,,
42,fixed_domain,18,4,8,8,,,,
42,fixed_domain,18,5,16,16,,,,
42,fixed_domain,18,6,4,4,,,,
42,fixed_domain,18,7,8,8,,,,
42,fixed_domain,18,8,16,16,,,,
42,fixed_domain,18,9,4,4,,,,
42,fixed_domain,18,10,8,8,,,,
42,fixed_domain,18,11,16,16,,,,
42,fixed_domain,18,12,4,4,,,,
42,fixed_domain,18,13,8,8,,,,
42,fixed_domain,18,14,16,16,,,,
42,fixed_domain,19,0,4,4,,,,
42,fixed_domain,19,1,8,8,,,,
42,fixed_domain,19,2,16,16,,,,
42,fixed_domain,19,3,4,4,,,,
42,fixed_domain,19,4,8,8,,,,
42,fixed_domain,19,5,16,16,,,,
42,fixed_domain,19,6,4,4,,,,
42,fixed_domain,19,7,8,8,,,,
42,fixed_domain,19,8,16,16,,,,
42,fixed_domain,19,9,4,4,,,,
42,fixed_domain,19,10,8,8,,,,
42,fixed_domain,19,11,16,16,,,,
42,fixed_domain,19,12,4,4,,,,
42,fixed_domain,19,13,8,8,,,,
42,fixed_domain,19,14,16,16,,,,
42,fixed_domain,20,0,4,4,,,,
42,fixed_domain,20,1,8,8,,,,
42,fixed_domain,20,2,16,16,,,,
42,fixed_domain,20,3,4,4,,,,
42,fixed_domain,20,4,8,8,,,,
42,fixed_domain,20,5,16,16,,,,
42,fixed_domain,20,6,4,4,,,,
42,fixed_domain,20,7,8,8,,,,
42,fixed_domain,20,8,16,16,,,,
42,fixed_domain,20,9,4,4,,,,
42,fixed_domain,20,10,8,8,,,,
42,fixed_domain,20,11,16,16,,,,
42,fixed_domain,20,12,4,4,,,,
42,fixed_domain,20,13,8,8,,,,
42,fixed_domain,20,14,16,16,,,,
42,fixed_domain,21,0,4,4,,,,
42,fixed_domain,21,1,8,8,,,,
42,fixed_domain,21,2,16,16,,,,
42,fixed_domain,21,3,4,4,,,,
42,fixed_domain,21,4,8,8,,,,
42,fixed_domain,21,5,16,16,,,,
42,fixed_domain,21,6,4,4,,,,
42,fixed_domain,21,7,8,8,,,,
42,fixed_domain,21,8,16,16,,,,
42,fixed_domain,21,9,4,4,,,,
42,fixed_domain,21,10,8,8,,,,
42,fixed_domain,21,11,16,16,,,,
42,fixed_domain,21,12,4,4,,,,
42,fixed_domain,21,13,8,8,,,,
42,fixed_domain,21,14,16,16,,,,
42,fixed_domain,22,0,4,4,,,,
42,fixed_domain,22,1,8,8,,,,
42,fixed_domain,22,2,16,16,,,,
42,fixed_domain,22,3,4,4,,,,
42,fixed_domain,22,4,8,8,,,,
42,fixed_domain,22,5,16,16,,,,
42,fixed_domain,22,6,4,4,,,,
42,fixed_domain,22,7,8,8,,,,
42,fixed_domain,22,8,16,16,,,,
42,fixed_domain,22,9,4,4,,,,
42,fixed_domain,22,10,8,8,,,,
42,fixed_domain,22,11,16,16,,,,
42,fixed_domain,22,12,4,4,,,,
42,fixed_domain,22,13,8,8,,,,
42,fixed_domain,22,14,16,16,,,,
42,fixed_domain,23,0,4,4,,,,
42,fixed_domain,23,1,8,8,,,,
42,fixed_domain,23,2,16,16,,,,
42,fixed_domain,23,3,4,4,,,,
42,fixed_domain,23,4,8,8,,,,
42,fixed_domain,23,5,16,16,,,,
42,fixed_domain,23,6,4,4,,,,
42,fixed_domain,23,7,8,8,,,,
42,fixed_domain,23,8,16,16,,,,
42,fixed_domain,23,9,4,4,,,,
42,fixed_domain,23,10,8,8,,,,
42,fixed_domain,23,11,16,16,,,,
42,fixed_domain,23,12,4,4,,,,
42,fixed_domain,23,13,8,8,,,,
42,fixed_domain,23,14,16,16,,,,
42,fixed_domain,24,0,4,4,,,,
42,fixed_domain,24,1,8,8,,,,
42,fixed_domain,24,2,16,16,,,,
42,fixed_domain,24,3,4,4,,,,
42,fixed_domain,24,4,8,8,,,,
42,fixed_domain,24,5,16,16,,,,
42,fixed_domain,24,6,4,4,,,,
42,fixed_domain,24,7,8,8,,,,
42,fixed_domain,24,8,16,16,,,,
42,fixed_domain,24,9,4,4,,,,
42,fixed_domain,24,10,8,8,,,,
42,fixed_domain,24,11,16,16,,,,
42,fixed_domain,24,12,4,4,,,,
42,fixed_domain,24,13,8,8,,,,
42,fixed_domain,24,14,16,16,,,,
42,fixed_domain,25,0,4,4,,,,
42,fixed_domain,25,1,8,8,,,,
42,fixed_domain,25,2,16,16,,,,
42,fixed_domain,25,3,4,4,,,,
42,fixed_domain,25,4,8,8,,,,
42,fixed_domain,25,5,16,16,,,,
42,fixed_domain,25,6,4,4,,,,
42,fixed_domain,25,7,8,8,,,,
42,fixed_domain,25,8,16,16,,,,
42,fixed_domain,25,9,4,4,,,,
42,fixed_domain,25,10,8,8,,,,
42,fixed_domain,25,11,16,16,,,,
42,fixed_domain,25,12,4,4,,,,
42,fixed_domain,25,13,8,8,,,,
42,fixed_domain,25,14,16,16,,,,
42,fixed_domain,26,0,4,4,,,,
42,fixed_domain,26,1,8,8,,,,
42,fixed_domain,26,2,16,16,,,,
42,fixed_domain,26,3,4,4,,,,
42,fixed_domain,26,4,8,8,,,,
42,fixed_domain,26,5,16,16,,,,
42,fixed_domain,26,6,4,4,,,,
42,fixed_domain,26,7,8,8,,,,
42,fixed_domain,26,8,16,16,,,,
42,fixed_domain,26,9,4,4,,,,
42,fixed_domain,26,10,8,8,,,,
42,fixed_domain,26,11,16,16,,,,
42,fixed_domain,26,12,4,4,,,,
42,fixed_domain,26,13,8,8,,,,
42,fixed_domain,26,14,16,16,,,,
42,fixed_domain,27,0,4,4,,,,
42,fixed_domain,27,1,8,8,,,,
42,fixed_domain,27,2,16,16,,,,
42,fixed_domain,27,3,4,4,,,,
42,fixed_domain,27,4,8,8,,,,
42,fixed_domain,27,5,16,16,,,,
42,fixed_domain,27,6,4,4,,,,
42,fixed_domain,27,7,8,8,,,,
42,fixed_domain,27,8,16,16,,,,
42,fixed_domain,27,9,4,4,,,,
42,fixed_domain,27,10,8,8,,,,
42,fixed_domain,27,11,16,16,,,,
42,fixed_domain,27,12,4,4,,,,
42,fixed_domain,27,13,8,8,,,,
42,fixed_domain,27,14,16,16,,,,
42,fixed_domain,28,0,4,4,,,,
42,fixed_domain,28,1,8,8,,,,
42,fixed_domain,28,2,16,16,,,,
42,fixed_domain,28,3,4,4,,,,
42,fixed_domain,28,4,8,8,,,,
42,fixed_domain,28,5,16,16,,,,
42,fixed_domain,28,6,4,4,,,,
42,fixed_domain,28,7,8,8,,,,
42,fixed_domain,28,8,16,16,,,,
42,fixed_domain,28,9,4,4,,,,
42,fixed_domain,28,10,8,8,,,,
42,fixed_domain,28,11,16,16,,,,
42,fixed_domain,28,12,4,4,,,,
42,fixed_domain,28,13,8,8,,,,
42,fixed_domain,28,14,16,16,,,,
42,fixed_domain,29,0,4,4,,,,
42,fixed_domain,29,1,8,8,,,,
42,fixed_domain,29,2,16,16,,,,
42,fixed_domain,29,3,4,4,,,,
42,fixed_domain,29,4,8,8,,,,
42,fixed_domain,29,5,16,16,,,,
42,fixed_domain,29,6,4,4,,,,
42,fixed_domain,29,7,8,8,,,,
42,fixed_domain,29,8,16,16,,,,
42,fixed_domain,29,9,4,4,,,,
42,fixed_domain,29,10,8,8,,,,
42,fixed_domain,29,11,16,16,,,,
42,fixed_domain,29,12,4,4,,,,
42,fixed_domain,29,13,8,8,,,,
42,fixed_domain,29,14,16,16,,,,
42,fixed_domain,30,0,4,4,,,,
42,fixed_domain,30,1,8,8,,,,
42,fixed_domain,30,2,16,16,,,,
42,fixed_domain,30,3,4,4,,,,
42,fixed_domain,30,4,8,8,,,,
42,fixed_domain,30,5,16,16,,,,
42,fixed_domain,30,6,4,4,,,,
42,fixed_domain,30,7,8,8,,,,
42,fixed_domain,30,8,16,16,,,,
42,fixed_domain,30,9,4,4,,,,
42,fixed_domain,30,10,8,8,,,,
42,fixed_domain,30,11,16,16,,,,
42,fixed_domain,30,12,4,4,,,,
42,fixed_domain,30,13,8,8,,,,
42,fixed_domain,30,14,16,16,,,,
42,fixed_quality,1,0,4,4,,,,
42,fixed_quality,1,1,8,8,,,,
42,fixed_quality,1,2,16,16,,,,
42,fixed_quality,1,3,4,4,,,,
42,fixed_quality,1,4,8,8,,,,
42,fixed_quality,1,5,16,16,,,,
42,fixed_quality,1,6,4,4,,,,
42,fixed_quality,1,7,8,8,,,,
42,fixed_quality,1,8,16,16,,,,
42,fixed_quality,1,9,4,4,,,,
42,fixed_quality,1,10,8,8,,,,
42,fixed_quality,1,11,16,16,,,,
42,fixed_quality,1,12,4,4,,,,
42,fixed_quality,1,13,8,8,,,,
42,fixed_quality,1,14,16,16,,,,
42,fixed_quality,2,0,4,4,,,,
42,fixed_quality,2,1,8,8,,,,
42,fixed_quality,2,2,16,16,,,,
42,fixed_quality,2,3,4,4,,,,
42,fixed_quality,2,4,8,8,,,,
42,fixed_quality,2,5,16,16,,,,
42,fixed_quality,2,6,4,4,,,,
42,fixed_quality,2,7,8,8,,,,
42,fixed_quality,2,8,16,16,,,,
42,fixed_quality,2,9,4,4,,,,
42,fixed_quality,2,10,8,8,,,,
42,fixed_quality,2,11,16,16,,,,
42,fixed_quality,2,12,4,4,,,,
42,fixed_quality,2,13,8,8,,,,
42,fixed_quality,2,14,16,16,,,,
42,fixed_quality,3,0,4,4,,,,
42,fixed_quality,3,1,8,8,,,,
42,fixed_quality,3,2,16,16,,,,
42,fixed_quality,3,3,4,4,,,,
42,fixed_quality,3,4,8,8,,,,
42,fixed_quality,3,5,16,16,,,,
42,fixed_quality,3,6,4,4,,,,
42,fixed_quality,3,7,8,8,,,,
42,fixed_quality,3,8,16,16,,,,
42,fixed_quality,3,9,4,4,,,,
42,fixed_quality,3,10,8,8,,,,
42,fixed_quality,3,11,16,16,,,,
42,fixed_quality,3,12,4,4,,,,
42,fixed_quality,3,13,8,8,,,,
42,fixed_quality,3,14,16,16,,,,
42,fixed_quality,4,0,4,4,,,,
42,fixed_quality,4,1,8,8,,,,
42,fixed_quality,4,2,16,16,,,,
42,fixed_quality,4,3,4,4,,,,
42,fixed_quality,4,4,8,8,,,,
42,fixed_quality,4,5,16,16,,,,
42,fixed_quality,4,6,4,4,,,,
42,fixed_quality,4,7,8,8,,,,
42,fixed_quality,4,8,16,16,,,,
42,fixed_quality,4,9,4,4,,,,
42,fixed_quality,4,10,8,8,,,,
42,fixed_quality,4,11,16,16,,,,
42,fixed_quality,4,12,4,4,,,,
42,fixed_quality,4,13,8,8,,,,
42,fixed_quality,4,14,16,16,,,,
42,fixed_quality,5,0,4,4,,,,
42,fixed_quality,5,1,8,8,,,,
42,fixed_quality,5,2,16,16,,,,
42,fixed_quality,5,3,4,4,,,,
42,fixed_quality,5,4,8,8,,,,
42,fixed_quality,5,5,16,16,,,,
42,fixed_quality,5,6,4,4,,,,
42,fixed_quality,5,7,8,8,,,,
42,fixed_quality,5,8,16,16,,,,
42,fixed_quality,5,9,4,4,,,,
42,fixed_quality,5,10,8,8,,,,
42,fixed_quality,5,11,16,16,,,,
42,fixed_quality,5,12,4,4,,,,
42,fixed_quality,5,13,8,8,,,,
42,fixed_quality,5,14,16,16,,,,
42,fixed_quality,6,0,4,4,,,,
42,fixed_quality,6,1,8,8,,,,
42,fixed_quality,6,2,16,16,,,,
42,fixed_quality,6,3,4,4,,,,
42,fixed_quality,6,4,8,8,,,,
42,fixed_quality,6,5,16,16,,,,
42,fixed_quality,6,6,4,4,,,,
42,fixed_quality,6,7,8,8,,,,
42,fixed_quality,6,8,16,16,,,,
42,fixed_quality,6,9,4,4,,,,
42,fixed_quality,6,10,8,8,,,,
42,fixed_quality,6,11,16,16,,,,
42,fixed_quality,6,12,4,4,,,,
42,fixed_quality,6,13,8,8,,,,
42,fixed_quality,6,14,16,16,,,,
42,fixed_quality,7,0,4,4,,,,
42,fixed_quality,7,1,8,8,,,,
42,fixed_quality,7,2,16,16,,,,
42,fixed_quality,7,3,4,4,,,,
42,fixed_quality,7,4,8,8,,,,
42,fixed_quality,7,5,16,16,,,,
42,fixed_quality,7,6,4,4,,,,
42,fixed_quality,7,7,8,8,,,,
42,fixed_quality,7,8,16,16,,,,
42,fixed_quality,7,9,4,4,,,,
42,fixed_quality,7,10,8,8,,,,
42,fixed_quality,7,11,16,16,,,,
42,fixed_quality,7,12,4,4,,,,
42,fixed_quality,7,13,8,8,,,,
42,fixed_quality,7,14,16,16,,,,
42,fixed_quality,8,0,4,4,,,,
42,fixed_quality,8,1,8,8,,,,
42,fixed_quality,8,2,16,16,,,,
42,fixed_quality,8,3,4,4,,,,
42,fixed_quality,8,4,8,8,,,,
42,fixed_quality,8,5,16,16,,,,
42,fixed_quality,8,6,4,4,,,,
42,fixed_quality,8,7,8,8,,,,
42,fixed_quality,8,8,16,16,,,,
42,fixed_quality,8,9,4,4,,,,
42,fixed_quality,8,10,8,8,,,,
42,fixed_quality,8,11,16,16,,,,
42,fixed_quality,8,12,4,4,,,,
42,fixed_quality,8,13,8,8,,,,
42,fixed_quality,8,14,16,16,,,,
42,fixed_quality,9,0,4,4,,,,
42,fixed_quality,9,1,8,8,,,,
42,fixed_quality,9,2,16,16,,,,
42,fixed_quality,9,3,4,4,,,,
42,fixed_quality,9,4,8,8,,,,
42,fixed_quality,9,5,16,16,,,,
42,fixed_quality,9,6,4,4,,,,
42,fixed_quality,9,7,8,8,,,,
42,fixed_quality,9,8,16,16,,,,
42,fixed_quality,9,9,4,4,,,,
42,fixed_quality,9,10,8,8,,,,
42,fixed_quality,9,11,16,16,,,,
42,fixed_quality,9,12,4,4,,,,
42,fixed_quality,9,13,8,8,,,,
42,fixed_quality,9,14,16,16,,,,
42,fixed_quality,10,0,4,4,,,,
42,fixed_quality,10,1,8,8,,,,
42,fixed_quality,10,2,16,16,,,,
42,fixed_quality,10,3,4,4,,,,
42,fixed_quality,10,4,8,8,,,,
42,fixed_quality,10,5,16,16,,,,
42,fixed_quality,10,6,4,4,,,,
42,fixed_quality,10,7,8,8,,,,
42,fixed_quality,10,8,16,16,,,,
42,fixed_quality,10,9,4,4,,,,
42,fixed_quality,10,10,8,8,,,,
42,fixed_quality,10,11,16,16,,,,
42,fixed_quality,10,12,4,4,,,,
42,fixed_quality,10,13,8,8,,,,
42,fixed_quality,10,14,16,16,,,,
42,fixed_quality,11,0,4,4,,,,
42,fixed_quality,11,1,8,8,,,,
42,fixed_quality,11,2,16,16,,,,
42,fixed_quality,11,3,4,4,,,,
42,fixed_quality,11,4,8,8,,,,
42,fixed_quality,11,5,16,16,,,,
42,fixed_quality,11,6,4,4,,,,
42,fixed_quality,11,7,8,8,,,,
42,fixed_quality,11,8,16,16,,,,
42,fixed_quality,11,9,4,4,,,,
42,fixed_quality,11,10,8,8,,,,
42,fixed_quality,11,11,16,16,,,,
42,fixed_quality,11,12,4,4,,,,
42,fixed_quality,11,13,8,8,,,,
42,fixed_quality,11,14,16,16,,,,
42,fixed_quality,12,0,4,4,,,,
42,fixed_quality,12,1,8,8,,,,
42,fixed_quality,12,2,16,16,,,,
42,fixed_quality,12,3,4,4,,,,
42,fixed_quality,12,4,8,8,,,,
42,fixed_quality,12,5,16,16,,,,
42,fixed_quality,12,6,4,4,,,,
42,fixed_quality,12,7,8,8,,,,
42,fixed_quality,12,8,16,16,,,,
42,fixed_quality,12,9,4,4,,,,
42,fixed_quality,12,10,8,8,,,,
42,fixed_quality,12,11,16,16,,,,
42,fixed_quality,12,12,4,4,,,,
42,fixed_quality,12,13,8,8,,,,
42,fixed_quality,12,14,16,16,,,,
42,fixed_quality,13,0,4,4,,,,
42,fixed_quality,13,1,8,8,,,,
42,fixed_quality,13,2,16,16,,,,
42,fixed_quality,13,3,4,4,,,,
42,fixed_quality,13,4,8,8,,,,
42,fixed_quality,13,5,16,16,,,,
42,fixed_quality,13,6,4,4,,,,
42,fixed_quality,13,7,8,8,,,,
42,fixed_quality,13,8,16,16,,,,
42,fixed_quality,13,9,4,4,,,,
42,fixed_quality,13,10,8,8,,,,
42,fixed_quality,13,11,16,16,,,,
42,fixed_quality,13,12,4,4,,,,
42,fixed_quality,13,13,8,8,,,,
42,fixed_quality,13,14,16,16,,,,
42,fixed_quality,14,0,4,4,,,,
42,fixed_quality,14,1,8,8,,,,
42,fixed_quality,14,2,16,16,,,,
42,fixed_quality,14,3,4,4,,,,
42,fixed_quality,14,4,8,8,,,,
42,fixed_quality,14,5,16,16,,,,
42,fixed_quality,14,6,4,4,,,,
42,fixed_quality,14,7,8,8,,,,
42,fixed_quality,14,8,16,16,,,,
42,fixed_quality,14,9,4,4,,,,
42,fixed_quality,14,10,8,8,,,,
42,fixed_quality,14,11,16,16,,,,
42,fixed_quality,14,12,4,4,,,,
42,fixed_quality,14,13,8,8,,,,
42,fixed_quality,14,14,16,16,,,,
42,fixed_quality,15,0,4,4,,,,
42,fixed_quality,15,1,8,8,,,,
42,fixed_quality,15,2,16,16,,,,
42,fixed_quality,15,3,4,4,,,,
42,fixed_quality,15,4,8,8,,,,
42,fixed_quality,15,5,16,16,,,,
42,fixed_quality,15,6,4,4,,,,
42,fixed_quality,15,7,8,8,,,,
42,fixed_quality,15,8,16,16,,,,
42,fixed_quality,15,9,4,4,,,,
42,fixed_quality,15,10,8,8,,,,
42,fixed_quality,15,11,16,16,,,,
42,fixed_quality,15,12,4,4,,,,
42,fixed_quality,15,13,8,8,,,,
42,fixed_quality,15,14,16,16,,,,
42,fixed_quality,16,0,4,4,,,,
42,fixed_quality,16,1,8,8,,,,
42,fixed_quality,16,2,16,16,,,,
42,fixed_quality,16,3,4,4,,,,
42,fixed_quality,16,4,8,8,,,,
42,fixed_quality,16,5,16,16,,,,
42,fixed_quality,16,6,4,4,,,,
42,fixed_quality,16,7,8,8,,,,
42,fixed_quality,16,8,16,16,,,,
42,fixed_quality,16,9,4,4,,,,
42,fixed_quality,16,10,8,8,,,,
42,fixed_quality,16,11,16,16,,,,
42,fixed_quality,16,12,4,4,,,,
42,fixed_quality,16,13,8,8,,,,
42,fixed_quality,16,14,16,16,,,,
42,fixed_quality,17,0,4,4,,,,
42,fixed_quality,17,1,8,8,,,,
42,fixed_quality,17,2,16,16,,,,
42,fixed_quality,17,3,4,4,,,,
42,fixed_quality,17,4,8,8,,,,
42,fixed_quality,17,5,16,16,,,,
42,fixed_quality,17,6,4,4,,,,
42,fixed_quality,17,7,8,8,,,,
42,fixed_quality,17,8,16,16,,,,
42,fixed_quality,17,9,4,4,,,,
42,fixed_quality,17,10,8,8,,,,
42,fixed_quality,17,11,16,16,,,,
42,fixed_quality,17,12,4,4,,,,
42,fixed_quality,17,13,8,8,,,,
42,fixed_quality,17,14,16,16,,,,
42,fixed_quality,18,0,4,4,,,,
42,fixed_quality,18,1,8,8,,,,
42,fixed_quality,18,2,16,16,,,,
42,fixed_quality,18,3,4,4,,,,
42,fixed_quality,18,4,8,8,,,,
42,fixed_quality,18,5,16,16,,,,
42,fixed_quality,18,6,4,4,,,,
42,fixed_quality,18,7,8,8,,,,
42,fixed_quality,18,8,16,16,,,,
42,fixed_quality,18,9,4,4,,,,
42,fixed_quality,18,10,8,8,,,,
42,fixed_quality,18,11,16,16,,,,
42,fixed_quality,18,12,4,4,,,,
42,fixed_quality,18,13,8,8,,,,
42,fixed_quality,18,14,16,16,,,,
42,fixed_quality,19,0,4,4,,,,
42,fixed_quality,19,1,8,8,,,,
42,fixed_quality,19,2,16,16,,,,
42,fixed_quality,19,3,4,4,,,,
42,fixed_quality,19,4,8,8,,,,
42,fixed_quality,19,5,16,16,,,,
42,fixed_quality,19,6,4,4,,,,
42,fixed_quality,19,7,8,8,,,,
42,fixed_quality,19,8,16,16,,,,
42,fixed_quality,19,9,4,4,,,,
42,fixed_quality,19,10,8,8,,,,
42,fixed_quality,19,11,16,16,,,,
42,fixed_quality,19,12,4,4,,,,
42,fixed_quality,19,13,8,8,,,,
42,fixed_quality,19,14,16,16,,,,
42,fixed_quality,20,0,4,4,,,,
42,fixed_quality,20,1,8,8,,,,
42,fixed_quality,20,2,16,16,,,,
42,fixed_quality,20,3,4,4,,,,
42,fixed_quality,20,4,8,8,,,,
42,fixed_quality,20,5,16,16,,,,
42,fixed_quality,20,6,4,4,,,,
42,fixed_quality,20,7,8,8,,,,
42,fixed_quality,20,8,16,16,,,,
42,fixed_quality,20,9,4,4,,,,
42,fixed_quality,20,10,8,8,,,,
42,fixed_quality,20,11,16,16,,,,
42,fixed_quality,20,12,4,4,,,,
42,fixed_quality,20,13,8,8,,,,
42,fixed_quality,20,14,16,16,,,,
42,fixed_quality,21,0,4,4,,,,
42,fixed_quality,21,1,8,8,,,,
42,fixed_quality,21,2,16,16,,,,
42,fixed_quality,21,3,4,4,,,,
42,fixed_quality,21,4,8,8,,,,
42,fixed_quality,21,5,16,16,,,,
42,fixed_quality,21,6,4,4,,,,
42,fixed_quality,21,7,8,8,,,,
42,fixed_quality,21,8,16,16,,,,
42,fixed_quality,21,9,4,4,,,,
42,fixed_quality,21,10,8,8,,,,
42,fixed_quality,21,11,16,16,,,,
42,fixed_quality,21,12,4,4,,,,
42,fixed_quality,21,13,8,8,,,,
42,fixed_quality,21,14,16,16,,,,
42,fixed_quality,22,0,4,4,,,,
42,fixed_quality,22,1,8,8,,,,
42,fixed_quality,22,2,16,16,,,,
42,fixed_quality,22,3,4,4,,,,
42,fixed_quality,22,4,8,8,,,,
42,fixed_quality,22,5,16,16,,,,
42,fixed_quality,22,6,4,4,,,,
42,fixed_quality,22,7,8,8,,,,
42,fixed_quality,22,8,16,16,,,,
42,fixed_quality,22,9,4,4,,,,
42,fixed_quality,22,10,8,8,,,,
42,fixed_quality,22,11,16,16,,,,
42,fixed_quality,22,12,4,4,,,,
42,fixed_quality,22,13,8,8,,,,
42,fixed_quality,22,14,16,16,,,,
42,fixed_quality,23,0,4,4,,,,
42,fixed_quality,23,1,8,8,,,,
42,fixed_quality,23,2,16,16,,,,
42,fixed_quality,23,3,4,4,,,,
42,fixed_quality,23,4,8,8,,,,
42,fixed_quality,23,5,16,16,,,,
42,fixed_quality,23,6,4,4,,,,
42,fixed_quality,23,7,8,8,,,,
42,fixed_quality,23,8,16,16,,,,
42,fixed_quality,23,9,4,4,,,,
42,fixed_quality,23,10,8,8,,,,
42,fixed_quality,23,11,16,16,,,,
42,fixed_quality,23,12,4,4,,,,
42,fixed_quality,23,13,8,8,,,,
42,fixed_quality,23,14,16,16,,,,
42,fixed_quality,24,0,4,4,,,,
42,fixed_quality,24,1,8,8,,,,
42,fixed_quality,24,2,16,16,,,,
42,fixed_quality,24,3,4,4,,,,
42,fixed_quality,24,4,8,8,,,,
42,fixed_quality,24,5,16,16,,,,
42,fixed_quality,24,6,4,4,,,,
42,fixed_quality,24,7,8,8,,,,
42,fixed_quality,24,8,16,16,,,,
42,fixed_quality,24,9,4,4,,,,
42,fixed_quality,24,10,8,8,,,,
42,fixed_quality,24,11,16,16,,,,
42,fixed_quality,24,12,4,4,,,,
42,fixed_quality,24,13,8,8,,,,
42,fixed_quality,24,14,16,16,,,,
42,fixed_quality,25,0,4,4,,,,
42,fixed_quality,25,1,8,8,,,,
42,fixed_quality,25,2,16,16,,,,
42,fixed_quality,25,3,4,4,,,,
42,fixed_quality,25,4,8,8,,,,
42,fixed_quality,25,5,16,16,,,,
42,fixed_quality,25,6,4,4,,,,
42,fixed_quality,25,7,8,8,,,,
42,fixed_quality,25,8,16,16,,,,
42,fixed_quality,25,9,4,4,,,,
42,fixed_quality,25,10,8,8,,,,
42,fixed_quality,25,11,16,16,,,,
42,fixed_quality,25,12,4,4,,,,
42,fixed_quality,25,13,8,8,,,,
42,fixed_quality,25,14,16,16,,,,
42,fixed_quality,26,0,4,4,,,,
42,fixed_quality,26,1,8,8,,,,
42,fixed_quality,26,2,16,16,,,,
42,fixed_quality,26,3,4,4,,,,
42,fixed_quality,26,4,8,8,,,,
42,fixed_quality,26,5,16,16,,,,
42,fixed_quality,26,6,4,4,,,,
42,fixed_quality,26,7,8,8,,,,
42,fixed_quality,26,8,16,16,,,,
42,fixed_quality,26,9,4,4,,,,
42,fixed_quality,26,10,8,8,,,,
42,fixed_quality,26,11,16,16,,,,
42,fixed_quality,26,12,4,4,,,,
42,fixed_quality,26,13,8,8,,,,
42,fixed_quality,26,14,16,16,,,,
42,fixed_quality,27,0,4,4,,,,
42,fixed_quality,27,1,8,8,,,,
42,fixed_quality,27,2,16,16,,,,
42,fixed_quality,27,3,4,4,,,,
42,fixed_quality,27,4,8,8,,,,
42,fixed_quality,27,5,16,16,,,,
42,fixed_quality,27,6,4,4,,,,
42,fixed_quality,27,7,8,8,,,,
42,fixed_quality,27,8,16,16,,,,
42,fixed_quality,27,9,4,4,,,,
42,fixed_quality,27,10,8,8,,,,
42,fixed_quality,27,11,16,16,,,,
42,fixed_quality,27,12,4,4,,,,
42,fixed_quality,27,13,8,8,,,,
42,fixed_quality,27,14,16,16,,,,
42,fixed_quality,28,0,4,4,,,,
42,fixed_quality,28,1,8,8,,,,
42,fixed_quality,28,2,16,16,,,,
42,fixed_quality,28,3,4,4,,,,
42,fixed_quality,28,4,8,8,,,,
42,fixed_quality,28,5,16,16,,,,
42,fixed_quality,28,6,4,4,,,,
42,fixed_quality,28,7,8,8,,,,
42,fixed_quality,28,8,16,16,,,,
42,fixed_quality,28,9,4,4,,,,
42,fixed_quality,28,10,8,8,,,,
42,fixed_quality,28,11,16,16,,,,
42,fixed_quality,28,12,4,4,,,,
42,fixed_quality,28,13,8,8,,,,
42,fixed_quality,28,14,16,16,,,,
42,fixed_quality,29,0,4,4,,,,
42,fixed_quality,29,1,8,8,,,,
42,fixed_quality,29,2,16,16,,,,
42,fixed_quality,29,3,4,4,,,,
42,fixed_quality,29,4,8,8,,,,
42,fixed_quality,29,5,16,16,,,,
42,fixed_quality,29,6,4,4,,,,
42,fixed_quality,29,7,8,8,,,,
42,fixed_quality,29,8,16,16,,,,
42,fixed_quality,29,9,4,4,,,,
42,fixed_quality,29,10,8,8,,,,
42,fixed_quality,29,11,16,16,,,,
42,fixed_quality,29,12,4,4,,,,
42,fixed_quality,29,13,8,8,,,,
42,fixed_quality,29,14,16,16,,,,
42,fixed_quality,30,0,4,4,,,,
42,fixed_quality,30,1,8,8,,,,
42,fixed_quality,30,2,16,16,,,,
42,fixed_quality,30,3,4,4,,,,
42,fixed_quality,30,4,8,8,,,,
42,fixed_quality,30,5,16,16,,,,
42,fixed_quality,30,6,4,4,,,,
42,fixed_quality,30,7,8,8,,,,
42,fixed_quality,30,8,16,16,,,,
42,fixed_quality,30,9,4,4,,,,
42,fixed_quality,30,10,8,8,,,,
42,fixed_quality,30,11,16,16,,,,
42,fixed_quality,30,12,4,4,,,,
42,fixed_quality,30,13,8,8,,,,
42,fixed_quality,30,14,16,16,,,,
42,mh16,1,0,16,16,,,,
42,mh16,1,1,16,16,,,,
42,mh16,1,2,16,16,,,,
42,mh16,1,3,16,16,,,,
42,mh16,1,4,16,16,,,,
42,mh16,1,5,16,16,,,,
42,mh16,1,6,16,16,,,,
42,mh16,1,7,16,16,,,,
42,mh16,1,8,16,16,,,,
42,mh16,1,9,16,16,,,,
42,mh16,1,10,16,16,,,,
42,mh16,1,11,16,16,,,,
42,mh16,1,12,16,16,,,,
42,mh16,1,13,16,16,,,,
42,mh16,1,14,16,16,,,,
42,mh16,2,0,16,16,,,,
42,mh16,2,1,16,16,,,,
42,mh16,2,2,16,16,,,,
42,mh16,2,3,16,16,,,,
42,mh16,2,4,16,16,,,,
42,mh16,2,5,16,16,,,,
42,mh16,2,6,16,16,,,,
42,mh16,2,7,16,16,,,,
42,mh16,2,8,16,16,,,,
42,mh16,2,9,16,16,,,,
42,mh16,2,10,16,16,,,,
42,mh16,2,11,16,16,,,,
42,mh16,2,12,16,16,,,,
42,mh16,2,13,16,16,,,,
42,mh16,2,14,16,16,,,,
42,mh16,3,0,16,16,,,,
42,mh16,3,1,16,16,,,,
42,mh16,3,2,16,16,,,,
42,mh16,3,3,16,16,,,,
42,mh16,3,4,16,16,,,,
42,mh16,3,5,16,16,,,,
42,mh16,3,6,16,16,,,,
42,mh16,3,7,16,16,,,,
42,mh16,3,8,16,16,,,,
42,mh16,3,9,16,16,,,,
42,mh16,3,10,16,16,,,,
42,mh16,3,11,16,16,,,,
42,mh16,3,12,16,16,,,,
42,mh16,3,13,16,16,,,,
42,mh16,3,14,16,16,,,,
42,mh16,4,0,16,16,,,,
42,mh16,4,1,16,16,,,,
42,mh16,4,2,16,16,,,,
42,mh16,4,3,16,16,,,,
42,mh16,4,4,16,16,,,,
42,mh16,4,5,16,16,,,,
42,mh16,4,6,16,16,,,,
42,mh16,4,7,16,16,,,,
42,mh16,4,8,16,16,,,,
42,mh16,4,9,16,16,,,,
42,mh16,4,10,16,16,,,,
42,mh16,4,11,16,16,,,,
42,mh16,4,12,16,16,,,,
42,mh16,4,13,16,16,,,,
42,mh16,4,14,16,16,,,,
42,mh16,5,0,16,16,,,,
42,mh16,5,1,16,16,,,,
42,mh16,5,2,16,16,,,,
42,mh16,5,3,16,16,,,,
42,mh16,5,4,16,16,,,,
42,mh16,5,5,16,16,,,,
42,mh16,5,6,16,16,,,,
42,mh16,5,7,16,16,,,,
42,mh16,5,8,16,16,,,,
42,mh16,5,9,16,16,,,,
42,mh16,5,10,16,16,,,,
42,mh16,5,11,16,16,,,,
42,mh16,5,12,16,16,,,,
42,mh16,5,13,16,16,,,,
42,mh16,5,14,16,16,,,,
42,mh16,6,0,16,16,,,,
42,mh16,6,1,16,16,,,,
42,mh16,6,2,16,16,,,,
42,mh16,6,3,16,16,,,,
42,mh16,6,4,16,16,,,,
42,mh16,6,5,16,16,,,,
42,mh16,6,6,16,16,,,,
42,mh16,6,7,16,16,,,,
42,mh16,6,8,16,16,,,,
42,mh16,6,9,16,16,,,,
42,mh16,6,10,16,16,,,,
42,mh16,6,11,16,16,,,,
42,mh16,6,12,16,16,,,,
42,mh16,6,13,16,16,,,,
42,mh16,6,14,16,16,,,,
42,mh16,7,0,16,16,,,,
42,mh16,7,1,16,16,,,,
42,mh16,7,2,16,16,,,,
42,mh16,7,3,16,16,,,,
42,mh16,7,4,16,16,,,,
42,mh16,7,5,16,16,,,,
42,mh16,7,6,16,16,,,,
42,mh16,7,7,16,16,,,,
42,mh16,7,8,16,16,,,,
42,mh16,7,9,16,16,,,,
42,mh16,7,10,16,16,,,,
42,mh16,7,11,16,16,,,,
42,mh16,7,12,16,16,,,,
42,mh16,7,13,16,16,,,,
42,mh16,7,14,16,16,,,,
42,mh16,8,0,16,16,,,,
42,mh16,8,1,16,16,,,,
42,mh16,8,2,16,16,,,,
42,mh16,8,3,16,16,,,,
42,mh16,8,4,16,16,,,,
42,mh16,8,5,16,16,,,,
42,mh16,8,6,16,16,,,,
42,mh16,8,7,16,16,,,,
42,mh16,8,8,16,16,,,,
42,mh16,8,9,16,16,,,,
42,mh16,8,10,16,16,,,,
42,mh16,8,11,16,16,,,,
42,mh16,8,12,16,16,,,,
42,mh16,8,13,16,16,,,,
42,mh16,8,14,16,16,,,,
42,mh16,9,0,16,16,,,,
42,mh16,9,1,16,16,,,,
42,mh16,9,2,16,16,,,,
42,mh16,9,3,16,16,,,,
42,mh16,9,4,16,16,,,,
42,mh16,9,5,16,16,,,,
42,mh16,9,6,16,16,,,,
42,mh16,9,7,16,16,,,,
42,mh16,9,8,16,16,,,,
42,mh16,9,9,16,16,,,,
42,mh16,9,10,16,16,,,,
42,mh16,9,11,16,16,,,,
42,mh16,9,12,16,16,,,,
42,mh16,9,13,16,16,,,,
42,mh16,9,14,16,16,,,,
42,mh16,10,0,16,16,,,,
42,mh16,10,1,16,16,,,,
42,mh16,10,2,16,16,,,,
42,mh16,10,3,16,16,,,,
42,mh16,10,4,16,16,,,,
42,mh16,10,5,16,16,,,,
42,mh16,10,6,16,16,,,,
42,mh16,10,7,16,16,,,,
42,mh16,10,8,16,16,,,,
42,mh16,10,9,16,16,,,,
42,mh16,10,10,16,16,,,,
42,mh16,10,11,16,16,,,,
42,mh16,10,12,16,16,,,,
42,mh16,10,13,16,16,,,,
42,mh16,10,14,16,16,,,,
42,mh16,11,0,16,16,,,,
42,mh16,11,1,16,16,,,,
42,mh16,11,2,16,16,,,,
42,mh16,11,3,16,16,,,,
42,mh16,11,4,16,16,,,,
42,mh16,11,5,16,16,,,,
42,mh16,11,6,16,16,,,,
42,mh16,11,7,16,16,,,,
42,mh16,11,8,16,16,,,,
42,mh16,11,9,16,16,,,,
42,mh16,11,10,16,16,,,,
42,mh16,11,11,16,16,,,,
42,mh16,11,12,16,16,,,,
42,mh16,11,13,16,16,,,,
42,mh16,11,14,16,16,,,,
42,mh16,12,0,16,16,,,,
42,mh16,12,1,16,16,,,,
42,mh16,12,2,16,16,,,,
42,mh16,12,3,16,16,,,,
42,mh16,12,4,16,16,,,,
42,mh16,12,5,16,16,,,,
42,mh16,12,6,16,16,,,,
42,mh16,12,7,16,16,,,,
42,mh16,12,8,16,16,,,,
42,mh16,12,9,16,16,,,,
42,mh16,12,10,16,16,,,,
42,mh16,12,11,16,16,,,,
42,mh16,12,12,16,16,,,,
42,mh16,12,13,16,16,,,,
42,mh16,12,14,16,16,,,,
42,mh16,13,0,16,16,,,,
42,mh16,13,1,16,16,,,,
42,mh16,13,2,16,16,,,,
42,mh16,13,3,16,16,,,,
42,mh16,13,4,16,16,,,,
42,mh16,13,5,16,16,,,,
42,mh16,13,6,16,16,,,,
42,mh16,13,7,16,16,,,,
42,mh16,13,8,16,16,,,,
42,mh16,13,9,16,16,,,,
42,mh16,13,10,16,16,,,,
42,mh16,13,11,16,16,,,,
42,mh16,13,12,16,16,,,,
42,mh16,13,13,16,16,,,,
42,mh16,13,14,16,16,,,,
42,mh16,14,0,16,16,,,,
42,mh16,14,1,16,16,,,,
42,mh16,14,2,16,16,,,,
42,mh16,14,3,16,16,,,,
42,mh16,14,4,16,16,,,,
42,mh16,14,5,16,16,,,,
42,mh16,14,6,16,16,,,,
42,mh16,14,7,16,16,,,,
42,mh16,14,8,16,16,,,,
42,mh16,14,9,16,16,,,,
42,mh16,14,10,16,16,,,,
42,mh16,14,11,16,16,,,,
42,mh16,14,12,16,16,,,,
42,mh16,14,13,16,16,,,,
42,mh16,14,14,16,16,,,,
42,mh16,15,0,16,16,,,,
42,mh16,15,1,16,16,,,,
42,mh16,15,2,16,16,,,,
42,mh16,15,3,16,16,,,,
42,mh16,15,4,16,16,,,,
42,mh16,15,5,16,16,,,,
42,mh16,15,6,16,16,,,,
42,mh16,15,7,16,16,,,,
42,mh16,15,8,16,16,,,,
42,mh16,15,9,16,16,,,,
42,mh16,15,10,16,16,,,,
42,mh16,15,11,16,16,,,,
42,mh16,15,12,16,16,,,,
42,mh16,15,13,16,16,,,,
42,mh16,15,14,16,16,,,,
42,mh16,16,0,16,16,,,,
42,mh16,16,1,16,16,,,,
42,mh16,16,2,16,16,,,,
42,mh16,16,3,16,16,,,,
42,mh16,16,4,16,16,,,,
42,mh16,16,5,16,16,,,,
42,mh16,16,6,16,16,,,,
42,mh16,16,7,16,16,,,,
42,mh16,16,8,16,16,,,,
42,mh16,16,9,16,16,,,,
42,mh16,16,10,16,16,,,,
42,mh16,16,11,16,16,,,,
42,mh16,16,12,16,16,,,,
42,mh16,16,13,16,16,,,,
42,mh16,16,14,16,16,,,,
42,mh16,17,0,16,16,,,,
42,mh16,17,1,16,16,,,,
42,mh16,17,2,16,16,,,,
42,mh16,17,3,16,16,,,,
42,mh16,17,4,16,16,,,,
42,mh16,17,5,16,16,,,,
42,mh16,17,6,16,16,,,,
42,mh16,17,7,16,16,,,,
42,mh16,17,8,16,16,,,,
42,mh16,17,9,16,16,,,,
42,mh16,17,10,16,16,,,,
42,mh16,17,11,16,16,,,,
42,mh16,17,12,16,16,,,,
42,mh16,17,13,16,16,,,,
42,mh16,17,14,16,16,,,,
42,mh16,18,0,16,16,,,,
42,mh16,18,1,16,16,,,,
42,mh16,18,2,16,16,,,,
42,mh16,18,3,16,16,,,,
42,mh16,18,4,16,16,,,,
42,mh16,18,5,16,16,,,,
42,mh16,18,6,16,16,,,,
42,mh16,18,7,16,16,,,,
42,mh16,18,8,16,16,,,,
42,mh16,18,9,16,16,,,,
42,mh16,18,10,16,16,,,,
42,mh16,18,11,16,16,,,,
42,mh16,18,12,16,16,,,,
42,mh16,18,13,16,16,,,,
42,mh16,18,14,16,16,,,,
42,mh16,19,0,16,16,,,,
42,mh16,19,1,16,16,,,,
42,mh16,19,2,16,16,,,,
42,mh16,19,3,16,16,,,,
42,mh16,19,4,16,16,,,,
42,mh16,19,5,16,16,,,,
42,mh16,19,6,16,16,,,,
42,mh16,19,7,16,16,,,,
42,mh16,19,8,16,16,,,,
42,mh16,19,9,16,16,,,,
42,mh16,19,10,16,16,,,,
42,mh16,19,11,16,16,,,,
42,mh16,19,12,16,16,,,,
42,mh16,19,13,16,16,,,,
42,mh16,19,14,16,16,,,,
42,mh16,20,0,16,16,,,,
42,mh16,20,1,16,16,,,,
42,mh16,20,2,16,16,,,,
42,mh16,20,3,16,16,,,,
42,mh16,20,4,16,16,,,,
42,mh16,20,5,16,16,,,,
42,mh16,20,6,16,16,,,,
42,mh16,20,7,16,16,,,,
42,mh16,20,8,16,16,,,,
42,mh16,20,9,16,16,,,,
42,mh16,20,10,16,16,,,,
42,mh16,20,11,16,16,,,,
42,mh16,20,12,16,16,,,,
42,mh16,20,13,16,16,,,,
42,mh16,20,14,16,16,,,,
42,mh16,21,0,16,16,,,,
42,mh16,21,1,16,16,,,,
42,mh16,21,2,16,16,,,,
42,mh16,21,3,16,16,,,,
42,mh16,21,4,16,16,,,,
42,mh16,21,5,16,16,,,,
42,mh16,21,6,16,16,,,,
42,mh16,21,7,16,16,,,,
42,mh16,21,8,16,16,,,,
42,mh16,21,9,16,16,,,,
42,mh16,21,10,16,16,,,,
42,mh16,21,11,16,16,,,,
42,mh16,21,12,16,16,,,,
42,mh16,21,13,16,16,,,,
42,mh16,21,14,16,16,,,,
42,mh16,22,0,16,16,,,,
42,mh16,22,1,16,16,,,,
42,mh16,22,2,16,16,,,,
42,mh16,22,3,16,16,,,,
42,mh16,22,4,16,16,,,,
42,mh16,22,5,16,16,,,,
42,mh16,22,6,16,16,,,,
42,mh16,22,7,16,16,,,,
42,mh16,22,8,16,16,,,,
42,mh16,22,9,16,16,,,,
42,mh16,22,10,16,16,,,,
42,mh16,22,11,16,16,,,,
42,mh16,22,12,16,16,,,,
42,mh16,22,13,16,16,,,,
42,mh16,22,14,16,16,,,,
42,mh16,23,0,16,16,,,,
42,mh16,23,1,16,16,,,,
42,mh16,23,2,16,16,,,,
42,mh16,23,3,16,16,,,,
42,mh16,23,4,16,16,,,,
42,mh16,23,5,16,16,,,,
42,mh16,23,6,16,16,,,,
42,mh16,23,7,16,16,,,,
42,mh16,23,8,16,16,,,,
42,mh16,23,9,16,16,,,,
42,mh16,23,10,16,16,,,,
42,mh16,23,11,16,16,,,,
42,mh16,23,12,16,16,,,,
42,mh16,23,13,16,16,,,,
42,mh16,23,14,16,16,,,,
42,mh16,24,0,16,16,,,,
42,mh16,24,1,16,16,,,,
42,mh16,24,2,16,16,,,,
42,mh16,24,3,16,16,,,,
42,mh16,24,4,16,16,,,,
42,mh16,24,5,16,16,,,,
42,mh16,24,6,16,16,,,,
42,mh16,24,7,16,16,,,,
42,mh16,24,8,16,16,,,,
42,mh16,24,9,16,16,,,,
42,mh16,24,10,16,16,,,,
42,mh16,24,11,16,16,,,,
42,mh16,24,12,16,16,,,,
42,mh16,24,13,16,16,,,,
42,mh16,24,14,16,16,,,,
42,mh16,25,0,16,16,,,,
42,mh16,25,1,16,16,,,,
42,mh16,25,2,16,16,,,,
42,mh16,25,3,16,16,,,,
42,mh16,25,4,16,16,,,,
42,mh16,25,5,16,16,,,,
42,mh16,25,6,16,16,,,,
42,mh16,25,7,16,16,,,,
42,mh16,25,8,16,16,,,,
42,mh16,25,9,16,16,,,,
42,mh16,25,10,16,16,,,,
42,mh16,25,11,16,16,,,,
42,mh16,25,12,16,16,,,,
42,mh16,25,13,16,16,,,,
42,mh16,25,14,16,16,,,,
42,mh16,26,0,16,16,,,,
42,mh16,26,1,16,16,,,,
42,mh16,26,2,16,16,,,,
42,mh16,26,3,16,16,,,,
42,mh16,26,4,16,16,,,,
42,mh16,26,5,16,16,,,,
42,mh16,26,6,16,16,,,,
42,mh16,26,7,16,16,,,,
42,mh16,26,8,16,16,,,,
42,mh16,26,9,16,16,,,,
42,mh16,26,10,16,16,,,,
42,mh16,26,11,16,16,,,,
42,mh16,26,12,16,16,,,,
42,mh16,26,13,16,16,,,,
42,mh16,26,14,16,16,,,,
42,mh16,27,0,16,16,,,,
42,mh16,27,1,16,16,,,,
42,mh16,27,2,16,16,,,,
42,mh16,27,3,16,16,,,,
42,mh16,27,4,16,16,,,,
42,mh16,27,5,16,16,,,,
42,mh16,27,6,16,16,,,,
42,mh16,27,7,16,16,,,,
42,mh16,27,8,16,16,,,,
42,mh16,27,9,16,16,,,,
42,mh16,27,10,16,16,,,,
42,mh16,27,11,16,16,,,,
42,mh16,27,12,16,16,,,,
42,mh16,27,13,16,16,,,,
42,mh16,27,14,16,16,,,,
42,mh16,28,0,16,16,,,,
42,mh16,28,1,16,16,,,,
42,mh16,28,2,16,16,,,,
42,mh16,28,3,16,16,,,,
42,mh16,28,4,16,16,,,,
42,mh16,28,5,16,16,,,,
42,mh16,28,6,16,16,,,,
42,mh16,28,7,16,16,,,,
42,mh16,28,8,16,16,,,,
42,mh16,28,9,16,16,,,,
42,mh16,28,10,16,16,,,,
42,mh16,28,11,16,16,,,,
42,mh16,28,12,16,16,,,,
42,mh16,28,13,16,16,,,,
42,mh16,28,14,16,16,,,,
42,mh16,29,0,16,16,,,,
42,mh16,29,1,16,16,,,,
42,mh16,29,2,16,16,,,,
42,mh16,29,3,16,16,,,,
42,mh16,29,4,16,16,,,,
42,mh16,29,5,16,16,,,,
42,mh16,29,6,16,16,,,,
42,mh16,29,7,16,16,,,,
42,mh16,29,8,16,16,,,,
42,mh16,29,9,16,16,,,,
42,mh16,29,10,16,16,,,,
42,mh16,29,11,16,16,,,,
42,mh16,29,12,16,16,,,,
42,mh16,29,13,16,16,,,,
42,mh16,29,14,16,16,,,,
42,mh16,30,0,16,16,,,,
42,mh16,30,1,16,16,,,,
42,mh16,30,2,16,16,,,,
42,mh16,30,3,16,16,,,,
42,mh16,30,4,16,16,,,,
42,mh16,30,5,16,16,,,,
42,mh16,30,6,16,16,,,,
42,mh16,30,7,16,16,,,,
42,mh16,30,8,16,16,,,,
42,mh16,30,9,16,16,,,,
42,mh16,30,10,16,16,,,,
42,mh16,30,11,16,16,,,,
42,mh16,30,12,16,16,,,,
42,mh16,30,13,16,16,,,,
42,mh16,30,14,16,16,,,,
42,mh_sample,1,0,4,4,,,,
42,mh_sample,1,1,8,8,,,,
42,mh_sample,1,2,16,16,,,,
42,mh_sample,1,3,4,4,,,,
42,mh_sample,1,4,8,8,,,,
42,mh_sample,1,5,16,16,,,,
42,mh_sample,1,6,4,4,,,,
42,mh_sample,1,7,8,8,,,,
42,mh_sample,1,8,16,16,,,,
42,mh_sample,1,9,4,4,,,,
42,mh_sample,1,10,8,8,,,,
42,mh_sample,1,11,16,16,,,,
42,mh_sample,1,12,4,4,,,,
42,mh_sample,1,13,8,8,,,,
42,mh_sample,1,14,16,16,,,,
42,mh_sample,2,0,4,4,,,,
42,mh_sample,2,1,8,8,,,,
42,mh_sample,2,2,16,16,,,,
42,mh_sample,2,3,4,4,,,,
42,mh_sample,2,4,8,8,,,,
42,mh_sample,2,5,16,16,,,,
42,mh_sample,2,6,4,4,,,,
42,mh_sample,2,7,8,8,,,,
42,mh_sample,2,8,16,16,,,,
42,mh_sample,2,9,4,4,,,,
42,mh_sample,2,10,8,8,,,,
42,mh_sample,2,11,16,16,,,,
42,mh_sample,2,12,4,4,,,,
42,mh_sample,2,13,8,8,,,,
42,mh_sample,2,14,16,16,,,,
42,mh_sample,3,0,4,4,,,,
42,mh_sample,3,1,8,8,,,,
42,mh_sample,3,2,16,16,,,,
42,mh_sample,3,3,4,4,,,,
42,mh_sample,3,4,8,8,,,,
42,mh_sample,3,5,16,16,,,,
42,mh_sample,3,6,4,4,,,,
42,mh_sample,3,7,8,8,,,,
42,mh_sample,3,8,16,16,,,,
42,mh_sample,3,9,4,4,,,,
42,mh_sample,3,10,8,8,,,,
42,mh_sample,3,11,16,16,,,,
42,mh_sample,3,12,4,4,,,,
42,mh_sample,3,13,8,8,,,,
42,mh_sample,3,14,16,16,,,,
42,mh_sample,4,0,4,4,,,,
42,mh_sample,4,1,8,8,,,,
42,mh_sample,4,2,16,16,,,,
42,mh_sample,4,3,4,4,,,,
42,mh_sample,4,4,8,8,,,,
42,mh_sample,4,5,16,16,,,,
42,mh_sample,4,6,4,4,,,,
42,mh_sample,4,7,8,8,,,,
42,mh_sample,4,8,16,16,,,,
42,mh_sample,4,9,4,4,,,,
42,mh_sample,4,10,8,8,,,,
42,mh_sample,4,11,16,16,,,,
42,mh_sample,4,12,4,4,,,,
42,mh_sample,4,13,8,8,,,,
42,mh_sample,4,14,16,16,,,,
42,mh_sample,5,0,4,4,,,,
42,mh_sample,5,1,8,8,,,,
42,mh_sample,5,2,16,16,,,,
42,mh_sample,5,3,4,4,,,,
42,mh_sample,5,4,8,8,,,,
42,mh_sample,5,5,16,16,,,,
42,mh_sample,5,6,4,4,,,,
42,mh_sample,5,7,8,8,,,,
42,mh_sample,5,8,16,16,,,,
42,mh_sample,5,9,4,4,,,,
42,mh_sample,5,10,8,8,,,,
42,mh_sample,5,11,16,16,,,,
42,mh_sample,5,12,4,4,,,,
42,mh_sample,5,13,8,8,,,,
42,mh_sample,5,14,16,16,,,,
42,mh_sample,6,0,4,4,,,,
42,mh_sample,6,1,8,8,,,,
42,mh_sample,6,2,16,16,,,,
42,mh_sample,6,3,4,4,,,,
42,mh_sample,6,4,8,8,,,,
42,mh_sample,6,5,16,16,,,,
42,mh_sample,6,6,4,4,,,,
42,mh_sample,6,7,8,8,,,,
42,mh_sample,6,8,16,16,,,,
42,mh_sample,6,9,4,4,,,,
42,mh_sample,6,10,8,8,,,,
42,mh_sample,6,11,16,16,,,,
42,mh_sample,6,12,4,4,,,,
42,mh_sample,6,13,8,8,,,,
42,mh_sample,6,14,16,16,,,,
42,mh_sample,7,0,4,4,,,,
42,mh_sample,7,1,8,8,,,,
42,mh_sample,7,2,16,16,,,,
42,mh_sample,7,3,4,4,,,,
42,mh_sample,7,4,8,8,,,,
42,mh_sample,7,5,16,16,,,,
42,mh_sample,7,6,4,4,,,,
42,mh_sample,7,7,8,8,,,,
42,mh_sample,7,8,16,16,,,,
42,mh_sample,7,9,4,4,,,,
42,mh_sample,7,10,8,8,,,,
42,mh_sample,7,11,16,16,,,,
42,mh_sample,7,12,4,4,,,,
42,mh_sample,7,13,8,8,,,,
42,mh_sample,7,14,16,16,,,,
42,mh_sample,8,0,4,4,,,,
42,mh_sample,8,1,8,8,,,,
42,mh_sample,8,2,16,16,,,,
42,mh_sample,8,3,4,4,,,,
42,mh_sample,8,4,8,8,,,,
42,mh_sample,8,5,16,16,,,,
42,mh_sample,8,6,4,4,,,,
42,mh_sample,8,7,8,8,,,,
42,mh_sample,8,8,16,16,,,,
42,mh_sample,8,9,4,4,,,,
42,mh_sample,8,10,8,8,,,,
42,mh_sample,8,11,16,16,,,,
42,mh_sample,8,12,4,4,,,,
42,mh_sample,8,13,8,8,,,,
42,mh_sample,8,14,16,16,,,,
42,mh_sample,9,0,4,4,,,,
42,mh_sample,9,1,8,8,,,,
42,mh_sample,9,2,16,16,,,,
42,mh_sample,9,3,4,4,,,,
42,mh_sample,9,4,8,8,,,,
42,mh_sample,9,5,16,16,,,,
42,mh_sample,9,6,4,4,,,,
42,mh_sample,9,7,8,8,,,,
42,mh_sample,9,8,16,16,,,,
42,mh_sample,9,9,4,4,,,,
42,mh_sample,9,10,8,8,,,,
42,mh_sample,9,11,16,16,,,,
42,mh_sample,9,12,4,4,,,,
42,mh_sample,9,13,8,8,,,,
42,mh_sample,9,14,16,16,,,,
42,mh_sample,10,0,4,4,,,,
42,mh_sample,10,1,8,8,,,,
42,mh_sample,10,2,16,16,,,,
42,mh_sample,10,3,4,4,,,,
42,mh_sample,10,4,8,8,,,,
42,mh_sample,10,5,16,16,,,,
42,mh_sample,10,6,4,4,,,,
42,mh_sample,10,7,8,8,,,,
42,mh_sample,10,8,16,16,,,,
42,mh_sample,10,9,4,4,,,,
42,mh_sample,10,10,8,8,,,,
42,mh_sample,10,11,16,16,,,,
42,mh_sample,10,12,4,4,,,,
42,mh_sample,10,13,8,8,,,,
42,mh_sample,10,14,16,16,,,,
42,mh_sample,11,0,4,4,,,,
42,mh_sample,11,1,8,8,,,,
42,mh_sample,11,2,16,16,,,,
42,mh_sample,11,3,4,4,,,,
42,mh_sample,11,4,8,8,,,,
42,mh_sample,11,5,16,16,,,,
42,mh_sample,11,6,4,4,,,,
42,mh_sample,11,7,8,8,,,,
42,mh_sample,11,8,16,16,,,,
42,mh_sample,11,9,4,4,,,,
42,mh_sample,11,10,8,8,,,,
42,mh_sample,11,11,16,16,,,,
42,mh_sample,11,12,4,4,,,,
42,mh_sample,11,13,8,8,,,,
42,mh_sample,11,14,16,16,,,,
42,mh_sample,12,0,4,4,,,,
42,mh_sample,12,1,8,8,,,,
42,mh_sample,12,2,16,16,,,,
42,mh_sample,12,3,4,4,,,,
42,mh_sample,12,4,8,8,,,,
42,mh_sample,12,5,16,16,,,,
42,mh_sample,12,6,4,4,,,,
42,mh_sample,12,7,8,8,,,,
42,mh_sample,12,8,16,16,,,,
42,mh_sample,12,9,4,4,,,,
42,mh_sample,12,10,8,8,,,,
42,mh_sample,12,11,16,16,,,,
42,mh_sample,12,12,4,4,,,,
42,mh_sample,12,13,8,8,,,,
42,mh_sample,12,14,16,16,,,,
42,mh_sample,13,0,4,4,,,,
42,mh_sample,13,1,8,8,,,,
42,mh_sample,13,2,16,16,,,,
42,mh_sample,13,3,4,4,,,,
42,mh_sample,13,4,8,8,,,,
42,mh_sample,13,5,16,16,,,,
42,mh_sample,13,6,4,4,,,,
42,mh_sample,13,7,8,8,,,,
42,mh_sample,13,8,16,16,,,,
42,mh_sample,13,9,4,4,,,,
42,mh_sample,13,10,8,8,,,,
42,mh_sample,13,11,16,16,,,,
42,mh_sample,13,12,4,4,,,,
42,mh_sample,13,13,8,8,,,,
42,mh_sample,13,14,16,16,,,,
42,mh_sample,14,0,4,4,,,,
42,mh_sample,14,1,8,8,,,,
42,mh_sample,14,2,16,16,,,,
42,mh_sample,14,3,4,4,,,,
42,mh_sample,14,4,8,8,,,,
42,mh_sample,14,5,16,16,,,,
42,mh_sample,14,6,4,4,,,,
42,mh_sample,14,7,8,8,,,,
42,mh_sample,14,8,16,16,,,,
42,mh_sample,14,9,4,4,,,,
42,mh_sample,14,10,8,8,,,,
42,mh_sample,14,11,16,16,,,,
42,mh_sample,14,12,4,4,,,,
42,mh_sample,14,13,8,8,,,,
42,mh_sample,14,14,16,16,,,,
42,mh_sample,15,0,4,4,,,,
42,mh_sample,15,1,8,8,,,,
42,mh_sample,15,2,16,16,,,,
42,mh_sample,15,3,4,4,,,,
42,mh_sample,15,4,8,8,,,,
42,mh_sample,15,5,16,16,,,,
42,mh_sample,15,6,4,4,,,,
42,mh_sample,15,7,8,8,,,,
42,mh_sample,15,8,16,16,,,,
42,mh_sample,15,9,4,4,,,,
42,mh_sample,15,10,8,8,,,,
42,mh_sample,15,11,16,16,,,,
42,mh_sample,15,12,4,4,,,,
42,mh_sample,15,13,8,8,,,,
42,mh_sample,15,14,16,16,,,,
42,mh_sample,16,0,4,4,,,,
42,mh_sample,16,1,8,8,,,,
42,mh_sample,16,2,16,16,,,,
42,mh_sample,16,3,4,4,,,,
42,mh_sample,16,4,8,8,,,,
42,mh_sample,16,5,16,16,,,,
42,mh_sample,16,6,4,4,,,,
42,mh_sample,16,7,8,8,,,,
42,mh_sample,16,8,16,16,,,,
42,mh_sample,16,9,4,4,,,,
42,mh_sample,16,10,8,8,,,,
42,mh_sample,16,11,16,16,,,,
42,mh_sample,16,12,4,4,,,,
42,mh_sample,16,13,8,8,,,,
42,mh_sample,16,14,16,16,,,,
42,mh_sample,17,0,4,4,,,,
42,mh_sample,17,1,8,8,,,,
42,mh_sample,17,2,16,16,,,,
42,mh_sample,17,3,4,4,,,,
42,mh_sample,17,4,8,8,,,,
42,mh_sample,17,5,16,16,,,,
42,mh_sample,17,6,4,4,,,,
42,mh_sample,17,7,8,8,,,,
42,mh_sample,17,8,16,16,,,,
42,mh_sample,17,9,4,4,,,,
42,mh_sample,17,10,8,8,,,,
42,mh_sample,17,11,16,16,,,,
42,mh_sample,17,12,4,4,,,,
42,mh_sample,17,13,8,8,,,,
42,mh_sample,17,14,16,16,,,,
42,mh_sample,18,0,4,4,,,,
42,mh_sample,18,1,8,8,,,,
42,mh_sample,18,2,16,16,,,,
42,mh_sample,18,3,4,4,,,,
42,mh_sample,18,4,8,8,,,,
42,mh_sample,18,5,16,16,,,,
42,mh_sample,18,6,4,4,,,,
42,mh_sample,18,7,8,8,,,,
42,mh_sample,18,8,16,16,,,,
42,mh_sample,18,9,4,4,,,,
42,mh_sample,18,10,8,8,,,,
42,mh_sample,18,11,16,16,,,,
42,mh_sample,18,12,4,4,,,,
42,mh_sample,18,13,8,8,,,,
42,mh_sample,18,14,16,16,,,,
42,mh_sample,19,0,4,4,,,,
42,mh_sample,19,1,8,8,,,,
42,mh_sample,19,2,16,16,,,,
42,mh_sample,19,3,4,4,,,,
42,mh_sample,19,4,8,8,,,,
42,mh_sample,19,5,16,16,,,,
42,mh_sample,19,6,4,4,,,,
42,mh_sample,19,7,8,8,,,,
42,mh_sample,19,8,16,16,,,,
42,mh_sample,19,9,4,4,,,,
42,mh_sample,19,10,8,8,,,,
42,mh_sample,19,11,16,16,,,,
42,mh_sample,19,12,4,4,,,,
42,mh_sample,19,13,8,8,,,,
42,mh_sample,19,14,16,16,,,,
42,mh_sample,20,0,4,4,,,,
42,mh_sample,20,1,8,8,,,,
42,mh_sample,20,2,16,16,,,,
42,mh_sample,20,3,4,4,,,,
42,mh_sample,20,4,8,8,,,,
42,mh_sample,20,5,16,16,,,,
42,mh_sample,20,6,4,4,,,,
42,mh_sample,20,7,8,8,,,,
42,mh_sample,20,8,16,16,,,,
42,mh_sample,20,9,4,4,,,,
42,mh_sample,20,10,8,8,,,,
42,mh_sample,20,11,16,16,,,,
42,mh_sample,20,12,4,4,,,,
42,mh_sample,20,13,8,8,,,,
42,mh_sample,20,14,16,16,,,,
42,mh_sample,21,0,4,4,,,,
42,mh_sample,21,1,8,8,,,,
42,mh_sample,21,2,16,16,,,,
42,mh_sample,21,3,4,4,,,,
42,mh_sample,21,4,8,8,,,,
42,mh_sample,21,5,16,16,,,,
42,mh_sample,21,6,4,4,,,,
42,mh_sample,21,7,8,8,,,,
42,mh_sample,21,8,16,16,,,,
42,mh_sample,21,9,4,4,,,,
42,mh_sample,21,10,8,8,,,,
42,mh_sample,21,11,16,16,,,,
42,mh_sample,21,12,4,4,,,,
42,mh_sample,21,13,8,8,,,,
42,mh_sample,21,14,16,16,,,,
42,mh_sample,22,0,4,4,,,,
42,mh_sample,22,1,8,8,,,,
42,mh_sample,22,2,16,16,,,,
42,mh_sample,22,3,4,4,,,,
42,mh_sample,22,4,8,8,,,,
42,mh_sample,22,5,16,16,,,,
42,mh_sample,22,6,4,4,,,,
42,mh_sample,22,7,8,8,,,,
42,mh_sample,22,8,16,16,,,,
42,mh_sample,22,9,4,4,,,,
42,mh_sample,22,10,8,8,,,,
42,mh_sample,22,11,16,16,,,,
42,mh_sample,22,12,4,4,,,,
42,mh_sample,22,13,8,8,,,,
42,mh_sample,22,14,16,16,,,,
42,mh_sample,23,0,4,4,,,,
42,mh_sample,23,1,8,8,,,,
42,mh_sample,23,2,16,16,,,,
42,mh_sample,23,3,4,4,,,,
42,mh_sample,23,4,8,8,,,,
42,mh_sample,23,5,16,16,,,,
42,mh_sample,23,6,4,4,,,,
42,mh_sample,23,7,8,8,,,,
42,mh_sample,23,8,16,16,,,,
42,mh_sample,23,9,4,4,,,,
42,mh_sample,23,10,8,8,,,,
42,mh_sample,23,11,16,16,,,,
42,mh_sample,23,12,4,4,,,,
42,mh_sample,23,13,8,8,,,,
42,mh_sample,23,14,16,16,,,,
42,mh_sample,24,0,4,4,,,,
42,mh_sample,24,1,8,8,,,,
42,mh_sample,24,2,16,16,,,,
42,mh_sample,24,3,4,4,,,,
42,mh_sample,24,4,8,8,,,,
42,mh_sample,24,5,16,16,,,,
42,mh_sample,24,6,4,4,,,,
42,mh_sample,24,7,8,8,,,,
42,mh_sample,24,8,16,16,,,,
42,mh_sample,24,9,4,4,,,,
42,mh_sample,24,10,8,8,,,,
42,mh_sample,24,11,16,16,,,,
42,mh_sample,24,12,4,4,,,,
42,mh_sample,24,13,8,8,,,,
42,mh_sample,24,14,16,16,,,,
42,mh_sample,25,0,4,4,,,,
42,mh_sample,25,1,8,8,,,,
42,mh_sample,25,2,16,16,,,,
42,mh_sample,25,3,4,4,,,,
42,mh_sample,25,4,8,8,,,,
42,mh_sample,25,5,16,16,,,,
42,mh_sample,25,6,4,4,,,,
42,mh_sample,25,7,8,8,,,,
42,mh_sample,25,8,16,16,,,,
42,mh_sample,25,9,4,4,,,,
42,mh_sample,25,10,8,8,,,,
42,mh_sample,25,11,16,16,,,,
42,mh_sample,25,12,4,4,,,,
42,mh_sample,25,13,8,8,,,,
42,mh_sample,25,14,16,16,,,,
42,mh_sample,26,0,4,4,,,,
42,mh_sample,26,1,8,8,,,,
42,mh_sample,26,2,16,16,,,,
42,mh_sample,26,3,4,4,,,,
42,mh_sample,26,4,8,8,,,,
42,mh_sample,26,5,16,16,,,,
42,mh_sample,26,6,4,4,,,,
42,mh_sample,26,7,8,8,,,,
42,mh_sample,26,8,16,16,,,,
42,mh_sample,26,9,4,4,,,,
42,mh_sample,26,10,8,8,,,,
42,mh_sample,26,11,16,16,,,,
42,mh_sample,26,12,4,4,,,,
42,mh_sample,26,13,8,8,,,,
42,mh_sample,26,14,16,16,,,,
42,mh_sample,27,0,4,4,,,,
42,mh_sample,27,1,8,8,,,,
42,mh_sample,27,2,16,16,,,,
42,mh_sample,27,3,4,4,,,,
42,mh_sample,27,4,8,8,,,,
42,mh_sample,27,5,16,16,,,,
42,mh_sample,27,6,4,4,,,,
42,mh_sample,27,7,8,8,,,,
42,mh_sample,27,8,16,16,,,,
42,mh_sample,27,9,4,4,,,,
42,mh_sample,27,10,8,8,,,,
42,mh_sample,27,11,16,16,,,,
42,mh_sample,27,12,4,4,,,,
42,mh_sample,27,13,8,8,,,,
42,mh_sample,27,14,16,16,,,,
42,mh_sample,28,0,4,4,,,,
42,mh_sample,28,1,8,8,,,,
42,mh_sample,28,2,16,16,,,,
42,mh_sample,28,3,4,4,,,,
42,mh_sample,28,4,8,8,,,,
42,mh_sample,28,5,16,16,,,,
42,mh_sample,28,6,4,4,,,,
42,mh_sample,28,7,8,8,,,,
42,mh_sample,28,8,16,16,,,,
42,mh_sample,28,9,4,4,,,,
42,mh_sample,28,10,8,8,,,,
42,mh_sample,28,11,16,16,,,,
42,mh_sample,28,12,4,4,,,,
42,mh_sample,28,13,8,8,,,,
42,mh_sample,28,14,16,16,,,,
42,mh_sample,29,0,4,4,,,,
42,mh_sample,29,1,8,8,,,,
42,mh_sample,29,2,16,16,,,,
42,mh_sample,29,3,4,4,,,,
42,mh_sample,29,4,8,8,,,,
42,mh_sample,29,5,16,16,,,,
42,mh_sample,29,6,4,4,,,,
42,mh_sample,29,7,8,8,,,,
42,mh_sample,29,8,16,16,,,,
42,mh_sample,29,9,4,4,,,,
42,mh_sample,29,10,8,8,,,,
42,mh_sample,29,11,16,16,,,,
42,mh_sample,29,12,4,4,,,,
42,mh_sample,29,13,8,8,,,,
42,mh_sample,29,14,16,16,,,,
42,mh_sample,30,0,4,4,,,,
42,mh_sample,30,1,8,8,,,,
42,mh_sample,30,2,16,16,,,,
42,mh_sample,30,3,4,4,,,,
42,mh_sample,30,4,8,8,,,,
42,mh_sample,30,5,16,16,,,,
42,mh_sample,30,6,4,4,,,,
42,mh_sample,30,7,8,8,,,,
42,mh_sample,30,8,16,16,,,,
42,mh_sample,30,9,4,4,,,,
42,mh_sample,30,10,8,8,,,,
42,mh_sample,30,11,16,16,,,,
42,mh_sample,30,12,4,4,,,,
42,mh_sample,30,13,8,8,,,,
42,mh_sample,30,14,16,16,,,,
43,adaptive_domain,1,0,4,4,1.6199171267019794,1.6199171267019794,0.2599923842753572,False
43,adaptive_domain,1,1,8,8,1.0860592714884107,1.0860592714884107,0.3144886978599748,False
43,adaptive_domain,1,2,16,16,1.1101571140598496,1.1101571140598496,0.2615253128364891,False
43,adaptive_domain,1,3,4,4,1.592154813282615,1.592154813282615,0.26525495990507164,False
43,adaptive_domain,1,4,8,8,1.0507956221077157,1.0507956221077157,0.2850763427913503,False
43,adaptive_domain,1,5,16,16,1.1216692596780304,1.1216692596780304,0.2653269449462455,False
43,adaptive_domain,1,6,4,4,1.5280289124635884,1.5280289124635884,0.26982738539166234,False
43,adaptive_domain,1,7,8,8,1.0726574170260865,1.0726574170260865,0.27643153674645077,False
43,adaptive_domain,1,8,16,16,1.0728574928367973,1.0728574928367973,0.27612318493764376,False
43,adaptive_domain,1,9,4,4,1.378346339841266,1.378346339841266,0.25676851895951763,False
43,adaptive_domain,1,10,8,8,1.0564127812346,1.0564127812346,0.2638375069980437,False
43,adaptive_domain,1,11,16,16,1.0549670416930372,1.0549670416930372,0.25181122539187456,False
43,adaptive_domain,1,12,4,4,1.3293283855757645,1.3293283855757645,0.30850313199189067,False
43,adaptive_domain,1,13,8,8,1.0306089742792386,1.0306089742792386,0.26276163765190313,False
43,adaptive_domain,1,14,16,16,1.1243508744040696,1.1243508744040696,0.25756885276253894,False
43,adaptive_domain,2,0,4,4,1.004398504482423,1.4352615400361124,0.26122855015179924,False
43,adaptive_domain,2,1,8,8,1.0073107951693923,1.0624347285927052,0.31908421528468806,False
43,adaptive_domain,2,2,16,16,1.07213172456733,1.0987494972120937,0.28059648522871644,False
43,adaptive_domain,2,3,4,4,1.0386855951831917,1.426114047852788,0.2748314077292126,False
43,adaptive_domain,2,4,8,8,1.0491652736737072,1.050306517577513,0.2936567919595386,False
43,adaptive_domain,2,5,16,16,1.0998874521538209,1.1151347174207675,0.28129135071233835,False
43,adaptive_domain,2,6,4,4,1.032319233020432,1.3793160086306413,0.27697370543745164,False
43,adaptive_domain,2,7,8,8,1.0446554366760523,1.0642568229210763,0.2886915313541906,False
43,adaptive_domain,2,8,16,16,1.001497821789273,1.0514495915225401,0.2779783725995585,False
43,adaptive_domain,2,9,4,4,1.0015505752055405,1.2653076104505483,0.2568091342523518,False
43,adaptive_domain,2,10,8,8,1.0112249015290593,1.0428564173229378,0.271499222202817,False
43,adaptive_domain,2,11,16,16,1.0011434780835613,1.0388199726101943,0.2546507353114258,False
43,adaptive_domain,2,12,4,4,1.0003414296192328,1.230632298788805,0.30913619971478934,False
43,adaptive_domain,2,13,8,8,1.0006758899766381,1.0216290489884585,0.265468576065791,False
43,adaptive_domain,2,14,16,16,1.361391278521186,1.1954629956392044,0.27908182296369466,False
43,adaptive_domain,3,0,4,4,1.0120329052631023,1.3082929496042093,0.2654946311512942,False
43,adaptive_domain,3,1,8,8,1.0152947734141637,1.0482927420391428,0.32973796733011906,False
43,adaptive_domain,3,2,16,16,1.2434680231299735,1.1421650549874576,0.3107690330425513,False
43,adaptive_domain,3,3,4,4,1.0681252982865685,1.3187174229829222,0.2930170437596568,False
43,adaptive_domain,3,4,8,8,1.028599776370253,1.043794495215335,0.3100224649163995,False
43,adaptive_domain,3,5,16,16,1.1394690947511905,1.1224350306198945,0.3093250135835416,False
43,adaptive_domain,3,6,4,4,1.0933561591578775,1.2935280537888123,0.2888366534741478,False
43,adaptive_domain,3,7,8,8,1.1820142411880155,1.0995840484011579,0.30957791756784814,False
43,adaptive_domain,3,8,16,16,1.0072131544862502,1.0381786604116532,0.2843565477198803,False
43,adaptive_domain,3,9,4,4,1.0018900855536113,1.186282352981467,0.2589605396756003,False
43,adaptive_domain,3,10,8,8,1.1768923166650727,1.0830671871255784,0.28516805366871145,False
43,adaptive_domain,3,11,16,16,1.004065923778357,1.028393757960643,0.26117328549817914,False
43,adaptive_domain,3,12,4,4,1.0004075687917475,1.1615648797896876,0.31082719389300745,False
43,adaptive_domain,3,13,8,8,1.0013963668781434,1.015559244355364,0.2704420140952662,False
43,adaptive_domain,3,14,16,16,1.1562682104594608,1.1837045600852814,0.31236240444609115,False
43,adaptive_domain,4,0,2,4,1.0387300430823674,1.2274240776476568,0.2709524908695422,True
43,adaptive_domain,4,1,6,8,1.0286061088933465,1.0423867520954038,0.3406320613237501,True
43,adaptive_domain,4,2,12,16,1.1733647303297525,1.151524957590146,0.3441494885243621,True
43,adaptive_domain,4,3,2,4,1.0415065750580115,1.235554168605449,0.30524453233333515,True
43,adaptive_domain,4,4,6,8,1.0220279031037665,1.0372645175818644,0.33218530549494985,True
43,adaptive_domain,4,5,12,16,1.1560729427192271,1.1325264042496943,0.34520181224304247,True
43,adaptive_domain,4,6,2,4,1.037353005331779,1.2166755392517024,0.2992876181888313,True
43,adaptive_domain,4,7,6,8,1.1109643079567992,1.1029981262678503,0.33234550284887454,True
43,adaptive_domain,4,8,12,16,1.0198146381247888,1.0326694537255938,0.2923894464151083,True
43,adaptive_domain,4,9,2,4,1.0036720402509753,1.1314992591623194,0.26085626855715793,True
43,adaptive_domain,4,10,6,8,1.5702463568927685,1.2292209380557355,0.3002947817715059,True
43,adaptive_domain,4,11,12,16,1.009502977889224,1.0227265239392174,0.2684352390113792,True
43,adaptive_domain,4,12,2,4,1.0009517391780711,1.1133809376062027,0.31221933188541656,True
43,adaptive_domain,4,13,6,8,1.0034844354537746,1.0119368016848873,0.2752467711152528,True
43,adaptive_domain,4,14,12,16,1.2014294292900507,1.1890220208467122,0.3471278389585994,True
43,adaptive_domain,5,0,2,4,1.0100796857457595,1.1622207600770875,0.2774998667272597,False
43,adaptive_domain,5,1,6,8,1.0597762609435155,1.0476036047498374,0.3546462294055489,False
43,adaptive_domain,5,2,12,16,1.1433667706034498,1.1490775014941372,0.3760130142917926,False
43,adaptive_domain,5,3,2,4,1.0636949903778934,1.1839964151371825,0.31782047127491453,False
43,adaptive_domain,5,4,6,8,1.0511542044487794,1.0414314236419389,0.35519891653363656,False
43,adaptive_domain,5,5,12,16,1.1448295101939505,1.1362173360329713,0.3821592348439033,False
43,adaptive_domain,5,6,2,4,1.0063186306917344,1.153568466683712,0.30706351797244746,False
43,adaptive_domain,5,7,6,8,1.088183027287689,1.0985535965738018,0.3576980487031586,False
43,adaptive_domain,5,8,12,16,1.0226028899005435,1.0296494845780788,0.30120235931138695,False
43,adaptive_domain,5,9,2,4,1.0048106571904367,1.0934926785707546,0.26377615984873126,False
43,adaptive_domain,5,10,6,8,1.5052839695311313,1.3120398474983541,0.31514632756293415,False
43,adaptive_domain,5,11,12,16,1.0131050592012332,1.019840084517822,0.275359564483217,False
43,adaptive_domain,5,12,2,4,1.0002436680442424,1.0794397567376146,0.31340903553360205,False
43,adaptive_domain,5,13,6,8,1.008317842686091,1.0108511139852485,0.2787735229527977,False
43,adaptive_domain,5,14,12,16,1.0846406442848728,1.1577076078781603,0.3778878602373619,False
43,adaptive_domain,6,0,2,4,1.0100608048191282,1.1165727734996997,0.28474372428074024,False
43,adaptive_domain,6,1,4,8,1.0613612285188245,1.0517308918805335,0.3672060396668595,True
43,adaptive_domain,6,2,8,16,1.2028261693523685,1.1652021018516066,0.39781435959420175,True
43,adaptive_domain,6,3,2,4,1.0431074425324458,1.1417297233557615,0.32869988600845806,False
43,adaptive_domain,6,4,4,8,1.1258260547156298,1.066749812964046,0.3702497264382118,True
43,adaptive_domain,6,5,8,16,1.0991998713302529,1.1251120966221557,0.40668715222313057,True
43,adaptive_domain,6,6,2,4,1.005031441966128,1.1090073592684369,0.31402586116945225,False
43,adaptive_domain,6,7,4,8,1.0732730389615612,1.0909694292901295,0.3740631026386466,True
43,adaptive_domain,6,8,8,16,1.0253507248003242,1.0283598566447525,0.30943783260865276,True
43,adaptive_domain,6,9,2,4,1.003520946224917,1.0665011588670033,0.2673678990390574,False
43,adaptive_domain,6,10,4,8,1.4331147009853975,1.3483623035444672,0.3280364396687957,True
43,adaptive_domain,6,11,8,16,1.0139914519241366,1.0180854947397164,0.280272494855708,True
43,adaptive_domain,6,12,2,4,1.0002767019525884,1.0556908403021068,0.31467960763669856,False
43,adaptive_domain,6,13,4,8,1.00935688964414,1.010402846682916,0.26978363347788575,True
43,adaptive_domain,6,14,8,16,1.0661898245361838,1.1302522728755673,0.3991209441147529,True
43,adaptive_domain,7,0,2,4,1.0127173526817765,1.085416147254323,0.2903011444567756,False
43,adaptive_domain,7,1,4,8,1.1173860398270956,1.0714274362645022,0.3794824749021293,False
43,adaptive_domain,7,2,8,16,1.0983168968583983,1.145136540353644,0.4176347824927585,False
43,adaptive_domain,7,3,2,4,1.0274831237617934,1.107455743477571,0.33878107006360547,False
43,adaptive_domain,7,4,4,8,1.063902953655357,1.0658957551714394,0.38351026566365726,False
43,adaptive_domain,7,5,8,16,1.1056105935465614,1.1192616456994775,0.4295062700909505,False
43,adaptive_domain,7,6,2,4,1.0045760470728102,1.077677965609749,0.32175951165495087,False
43,adaptive_domain,7,7,4,8,1.0841917433791128,1.0889361235168247,0.38940693919316477,False
43,adaptive_domain,7,8,8,16,1.026702322914113,1.0278625965255606,0.3189702396682151,False
43,adaptive_domain,7,9,2,4,1.0043618432985593,1.0478593641964702,0.2704507069126904,False
43,adaptive_domain,7,10,4,8,1.4000048363610116,1.3638550633894306,0.3389981630207993,False
43,adaptive_domain,7,11,8,16,1.0073565644908724,1.014866815665063,0.2835677779908569,False
43,adaptive_domain,7,12,2,4,1.0002604882686228,1.0390617346920616,0.315817721850883,False
43,adaptive_domain,7,13,8,8,1.0060385943639159,1.009093570987216,0.2634049093702101,True
43,adaptive_domain,7,14,8,16,1.0451353848386247,1.1047172064644846,0.42010932042449173,False
43,adaptive_domain,8,0,2,4,1.0234852111585417,1.0668368664255885,0.29587167636591755,False
43,adaptive_domain,8,1,4,8,1.0833099183592685,1.0749921808929321,0.38886978039179787,False
43,adaptive_domain,8,2,8,16,1.1377156821571113,1.1429102828946842,0.4349776479110905,False
43,adaptive_domain,8,3,2,4,1.0348396615567155,1.0856709189013143,0.3489285877434297,False
43,adaptive_domain,8,4,4,8,1.0712645726606045,1.067506400418189,0.39571820500146937,False
43,adaptive_domain,8,5,8,16,1.1793638862105982,1.1372923178528138,0.45028728967757076,False
43,adaptive_domain,8,6,2,4,1.0048693369752284,1.055835377019393,0.32793036423172767,False
43,adaptive_domain,8,7,4,8,1.0498258041504411,1.0772030277069096,0.40261742683701074,False
43,adaptive_domain,8,8,8,16,1.027325304580787,1.0277014089421286,0.32909135300738557,False
43,adaptive_domain,8,9,2,4,1.0050644153380985,1.0350208795389588,0.27351870501084274,False
43,adaptive_domain,8,10,4,8,1.1834339590911882,1.3097287320999578,0.3498375625479365,False
43,adaptive_domain,8,11,8,16,1.0109228262956,1.0136836188542242,0.28501159643230567,False
43,adaptive_domain,8,12,2,4,1.0003323440525858,1.0274429175002189,0.3163047771020781,False
43,adaptive_domain,8,13,8,8,1.0080636496547943,1.0087845945874894,0.26658003745734465,False
43,adaptive_domain,8,14,8,16,1.0634260725213234,1.0923298662815362,0.43623484606584034,False
43,adaptive_domain,9,0,2,4,1.0103918444840174,1.0499033598431171,0.30016638250577876,False
43,adaptive_domain,9,1,4,8,1.0864888844872842,1.0784411919712378,0.3987713684610365,False
43,adaptive_domain,9,2,8,16,1.125805347992533,1.137778802424039,0.44909731228679756,False
43,adaptive_domain,9,3,2,4,1.026050099125095,1.0677846729684486,0.35786059620184096,False
43,adaptive_domain,9,4,4,8,1.1159546290224671,1.0820408689994725,0.40619588420980457,False
43,adaptive_domain,9,5,8,16,1.1256391745038494,1.1337963748481246,0.47001508808016446,False
43,adaptive_domain,9,6,2,4,1.0047269762857116,1.0405028567992884,0.3337670743340114,False
43,adaptive_domain,9,7,4,8,1.0491080507638715,1.0687745346239983,0.4120153195638488,False
43,adaptive_domain,9,8,8,16,1.0280369929938449,1.0278020841576434,0.3376333483584445,False
43,adaptive_domain,9,9,2,4,1.0053826898991276,1.0261294226470095,0.27577479000725263,False
43,adaptive_domain,9,10,4,8,1.3446844070575596,1.3202154345872383,0.35850520099344446,False
43,adaptive_domain,9,11,8,16,1.0130678755017501,1.013498895848482,0.28666555146837625,False
43,adaptive_domain,9,12,2,4,1.0004121104133987,1.0193336753741729,0.31534523916641544,False
43,adaptive_domain,9,13,8,8,1.0091649635690827,1.0088987052819673,0.2706110502049397,False
43,adaptive_domain,9,14,8,16,1.0424732983094709,1.0773728958899167,0.4504904089836605,False
43,adaptive_domain,10,0,2,4,1.007505384398398,1.0371839672097014,0.30410033958568816,False
43,adaptive_domain,10,1,4,8,1.0534391521109705,1.0709405800131577,0.40734565530454503,False
43,adaptive_domain,10,2,8,16,1.1330260746572005,1.1363529840939874,0.46221828712524105,False
43,adaptive_domain,10,3,2,4,1.027296970549153,1.05563836224266,0.36591566873969733,False
43,adaptive_domain,10,4,4,8,1.2519094680621752,1.1330014487182833,0.4148023138285898,False
43,adaptive_domain,10,5,8,16,1.1173110932355206,1.1288507903643434,0.4860829976240899,False
43,adaptive_domain,10,6,2,4,1.0042281451851596,1.0296204433150498,0.3398267473742207,False
43,adaptive_domain,10,7,4,8,1.0321874134093763,1.0577983982596115,0.42085229664086166,False
43,adaptive_domain,10,8,8,16,1.0302009033414115,1.0285217299127738,0.3444090790525364,False
43,adaptive_domain,10,9,2,4,1.0061173507205141,1.0201258010690608,0.2790482805580511,False
43,adaptive_domain,10,10,4,8,1.2633830353606823,1.3031657148192715,0.36465722036157944,False
43,adaptive_domain,10,11,8,16,1.0120004248089358,1.0130493545366182,0.28914347823489217,False
43,adaptive_domain,10,12,2,4,1.0005133383900255,1.0136875742789286,0.31491451320177555,False
43,adaptive_domain,10,13,6,8,1.0102451674249793,1.009302643924871,0.2658207261885028,True
43,adaptive_domain,10,14,8,16,1.046880826654328,1.06822527511924,0.46343050480607395,False
43,adaptive_domain,11,0,2,4,1.0039484170586275,1.0272133021643792,0.3078406831505433,False
43,adaptive_domain,11,1,4,8,1.0732699316776275,1.0716393855124986,0.41421005159548135,False
43,adaptive_domain,11,2,8,16,1.0825714782530764,1.1202185323417142,0.4738702562200442,False
43,adaptive_domain,11,3,2,4,1.0192106984535187,1.0447100631059176,0.37269780581205936,False
43,adaptive_domain,11,4,4,8,1.5559782812780836,1.2598944984862235,0.4223536333850807,False
43,adaptive_domain,11,5,8,16,1.0744787530458988,1.11253917916881,0.5003898080752406,False
43,adaptive_domain,11,6,2,4,1.0040255033069334,1.0219419613126148,0.34437887965213054,False
43,adaptive_domain,11,7,4,8,1.0206731337454307,1.0466608189053572,0.4295795891407338,False
43,adaptive_domain,11,8,8,16,1.0286134171699381,1.028549236089923,0.34861581443404727,False
43,adaptive_domain,11,9,2,4,1.0073495368191923,1.0162929217941001,0.28157510515761036,False
43,adaptive_domain,11,10,4,8,1.1452806749598454,1.2558002028614437,0.37078607122838597,False
43,adaptive_domain,11,11,8,16,1.011560900056748,1.0126028181926572,0.2915736196407346,False
43,adaptive_domain,11,12,2,4,1.000613298399203,1.009765291515011,0.31395892870138054,False
43,adaptive_domain,11,13,8,8,1.0160568627858553,1.0113289095831663,0.26247554300864423,True
43,adaptive_domain,11,14,8,16,1.0450868258452672,1.0612837403370483,0.4742449499656128,False
43,adaptive_domain,12,0,2,4,1.004092853260078,1.0202771674930888,0.31204213646798196,False
43,adaptive_domain,12,1,4,8,1.0613608240367776,1.0685558170697824,0.4195522504983362,False
43,adaptive_domain,12,2,8,16,1.1106483130306428,1.117347466548393,0.48151610571785736,False
43,adaptive_domain,12,3,2,4,1.018636048146519,1.036887858618098,0.37840109464078253,False
43,adaptive_domain,12,4,4,8,1.202701270318545,1.2427365300359199,0.42745798024602677,False
43,adaptive_domain,12,5,8,16,1.0911356532181218,1.1061181213836035,0.5131368673746168,False
43,adaptive_domain,12,6,2,4,1.003758609404747,1.0164869557402545,0.3485498246336181,False
43,adaptive_domain,12,7,4,8,1.0240420936827388,1.0398752013385717,0.43648665539727693,False
43,adaptive_domain,12,8,8,16,1.0262250487259512,1.0278519798807315,0.35063718528240717,False
43,adaptive_domain,12,9,2,4,1.0083147614129762,1.0138994736797629,0.28477677944922963,False
43,adaptive_domain,12,10,4,8,1.0827538149209155,1.2038862864792852,0.3739699579172854,False
43,adaptive_domain,12,11,8,16,1.0100747598049602,1.011844400676348,0.2932642062411684,False
43,adaptive_domain,12,12,2,4,1.0007011713863414,1.00704605547641,0.31261955796926344,False
43,adaptive_domain,12,13,8,8,1.010399925302017,1.0110502142988216,0.264642440413175,False
43,adaptive_domain,12,14,8,16,1.0522851412485799,1.0585841606105078,0.48170809792531033,False
43,adaptive_domain,13,0,2,4,1.0036792799963399,1.0152978012440643,0.3158887157524117,False
43,adaptive_domain,13,1,4,8,1.04907213519829,1.0627107125083346,0.4243912997113017,False
43,adaptive_domain,13,2,8,16,1.081773786148517,1.1066753624284302,0.4898531630659024,False
43,adaptive_domain,13,3,2,4,1.0317112613628605,1.035334879441527,0.38313446378045196,False
43,adaptive_domain,13,4,4,8,1.5013578489793193,1.3203229257189397,0.4305893296111885,False
43,adaptive_domain,13,5,8,16,1.099959528144556,1.1042705434118893,0.5232935920373345,False
43,adaptive_domain,13,6,2,4,1.0038881980172474,1.0127073284233523,0.3524812253865885,False
43,adaptive_domain,13,7,4,8,1.0203005090159727,1.034002793641792,0.44249184454344204,False
43,adaptive_domain,13,8,8,16,1.0268480513515539,1.0275508013219783,0.35180354376532963,False
43,adaptive_domain,13,9,2,4,1.0084865507117842,1.0122755967893693,0.2880559953673534,False
43,adaptive_domain,13,10,4,8,1.0568451962368925,1.1597739594065675,0.37729016477663013,False
43,adaptive_domain,13,11,8,16,1.011847041162203,1.0118451928221046,0.2952161873364317,False
43,adaptive_domain,13,12,2,4,1.0007897720581067,1.0051691704509191,0.3107280657733141,False
43,adaptive_domain,13,13,8,8,1.0098068472462292,1.0106772041830439,0.26857117290124943,False
43,adaptive_domain,13,14,8,16,1.0352126293722737,1.0515727012390375,0.48771324665163956,False
43,adaptive_domain,14,0,2,4,1.0034054527536267,1.011730096696933,0.31894949945268547,False
43,adaptive_domain,14,1,4,8,1.0899547742140303,1.0708839310200433,0.43013113341510256,False
43,adaptive_domain,14,2,8,16,1.1042359913842712,1.1059435511151825,0.4959259548915609,False
43,adaptive_domain,14,3,2,4,1.0238705213469257,1.0318955720131466,0.3872468419759856,False
43,adaptive_domain,14,4,4,8,1.147033558000164,1.268336115403307,0.4343122301160863,False
43,adaptive_domain,14,5,8,16,1.1105723885141146,1.1061610969425568,0.534014806183989,False
43,adaptive_domain,14,6,2,4,1.003800391742544,1.0100352474191099,0.3556883469023376,False
43,adaptive_domain,14,7,4,8,1.019423854229418,1.0296291118180798,0.4478548622165021,False
43,adaptive_domain,14,8,8,16,1.0240631323827505,1.0265045006402098,0.351751025406588,False
43,adaptive_domain,14,9,2,4,1.0098460234373232,1.0115467247837555,0.2907548933977484,False
43,adaptive_domain,14,10,4,8,1.0627033053277914,1.1306527631829346,0.3801193196115905,False
43,adaptive_domain,14,11,8,16,1.0099854060302023,1.011287256784534,0.29748497299587284,False
43,adaptive_domain,14,12,2,4,1.000945371853982,1.003902030871838,0.30834040911875293,False
43,adaptive_domain,14,13,6,8,1.0104843183365324,1.0106193384290905,0.26126390377382774,True
43,adaptive_domain,14,14,8,16,1.0348030141877045,1.0465417951236375,0.4924228420787194,False
43,adaptive_domain,15,0,2,4,1.0036739110441375,1.0093132410010943,0.32238157933194667,False
43,adaptive_domain,15,1,4,8,1.0573043824500084,1.0668100664490328,0.434203355890134,False
43,adaptive_domain,15,2,8,16,1.0847793940387591,1.0995943039922556,0.5015598789200546,False
43,adaptive_domain,15,3,2,4,1.030505893197126,1.0314786683683403,0.39063470855219223,False
43,adaptive_domain,15,4,4,8,1.5763799324746817,1.3607492605247193,0.43671728865475384,False
43,adaptive_domain,15,5,8,16,1.070926739182964,1.095590789614679,0.5451738806727682,False
43,adaptive_domain,15,6,2,4,1.0036466287030912,1.0081186618043043,0.3587642371294054,False
43,adaptive_domain,15,7,4,8,1.0183973275092948,1.0262595765254443,0.4504824894958016,False
43,adaptive_domain,15,8,8,16,1.025822142219,1.026299793113847,0.3522205563416341,False
43,adaptive_domain,15,9,2,4,1.0094467572589605,1.010916734526317,0.29247195906844026,False
43,adaptive_domain,15,10,4,8,1.0600855377198224,1.109482595544001,0.3825455886861837,False
43,adaptive_domain,15,11,8,16,1.009033210058219,1.0106110427666395,0.30023519070211285,False
43,adaptive_domain,15,12,2,4,1.0011006082031888,1.0030616040712432,0.30693376597351907,False
43,adaptive_domain,15,13,8,8,1.023293132257976,1.014421476577756,0.25726730172656,True
43,adaptive_domain,15,14,8,16,1.034836421886339,1.043030183152448,0.4971033760090705,False
43,adaptive_domain,16,0,2,4,1.0037713274636466,1.00765066693986,0.3257505198786652,False
43,adaptive_domain,16,1,4,8,1.0592602781242189,1.0645451299515887,0.43984196740358406,False
43,adaptive_domain,16,2,8,16,1.1148759363408924,1.1041787936968466,0.5056246200306758,False
43,adaptive_domain,16,3,2,4,1.031958266994283,1.0316225479561232,0.39363801850961255,False
43,adaptive_domain,16,4,4,8,1.151416294433901,1.2979493706974738,0.43880150226191317,False
43,adaptive_domain,16,5,8,16,1.04953590444449,1.0817743240636224,0.554705935030466,False
43,adaptive_domain,16,6,2,4,1.0037406953344967,1.006805271863362,0.36079869228478884,False
43,adaptive_domain,16,7,4,8,1.0221900745035235,1.025038725918868,0.45373376971499535,False
43,adaptive_domain,16,8,8,16,1.0244052921583093,1.0257314428271855,0.3515321763452759,False
43,adaptive_domain,16,9,2,4,1.0083559425373863,1.010148496929638,0.294942918653685,False
43,adaptive_domain,16,10,4,8,1.0526028417059683,1.0924186693925912,0.38313467120224604,False
43,adaptive_domain,16,11,8,16,1.0085423337472181,1.0099904300608131,0.30203231229885547,False
43,adaptive_domain,16,12,2,4,1.0013277423249392,1.002541445547352,0.30638899226854704,False
43,adaptive_domain,16,13,8,8,1.013117049317779,1.014030148399763,0.25948117956608635,False
43,adaptive_domain,16,14,8,16,1.0390249248495937,1.0418286056615917,0.5017996130932538,False
43,adaptive_domain,17,0,2,4,1.003593673790884,1.0064335689951671,0.32782856145702594,False
43,adaptive_domain,17,1,4,8,1.087340825582161,1.0713838386407604,0.4439074346187379,False
43,adaptive_domain,17,2,8,16,1.061032136770514,1.0912347966189468,0.510683915203365,False
43,adaptive_domain,17,3,2,4,1.0317464245637602,1.0316597109384142,0.3949055361074269,False
43,adaptive_domain,17,4,4,8,1.103620711110418,1.239650772821357,0.44028194504338264,False
43,adaptive_domain,17,5,8,16,1.1558520992260413,1.1039976566123482,0.562888369585776,False
43,adaptive_domain,17,6,2,4,1.0036104405043242,1.0058468224556507,0.36235213236797215,False
43,adaptive_domain,17,7,4,8,1.018215585431899,1.0229917837727773,0.4568730997357523,False
43,adaptive_domain,17,8,8,16,1.0263064124793297,1.0259039337228288,0.35053018940450636,False
43,adaptive_domain,17,9,2,4,1.0565987912131272,1.0240835852146848,0.29664875963099485,False
43,adaptive_domain,17,10,4,8,1.0572825989360766,1.0818778482556368,0.38363603239324656,False
43,adaptive_domain,17,11,8,16,1.010272500198879,1.010075051102233,0.30475454078054054,False
43,adaptive_domain,17,12,2,4,1.0012912067009165,1.0021663738934214,0.30664524055297,False
43,adaptive_domain,17,13,8,8,1.0128333513961334,1.013671109298674,0.26375678220040333,False
43,adaptive_domain,17,14,8,16,1.0385300625157217,1.0408390427178307,0.5057305705730581,False
43,adaptive_domain,18,0,2,4,1.0045524677033373,1.0058692386076182,0.3300685934834214,False
43,adaptive_domain,18,1,4,8,1.0642224529040047,1.0692354229197338,0.448304796185423,False
43,adaptive_domain,18,2,8,16,1.1318132768209415,1.1034083406795452,0.5147127153715464,False
43,adaptive_domain,18,3,2,4,1.0367902931637114,1.0331988856060033,0.3965760211370851,False
43,adaptive_domain,18,4,4,8,1.1370565177497913,1.2088724962998874,0.4422901867884317,False
43,adaptive_domain,18,5,8,16,1.0825880453709849,1.097574773239939,0.5710602241239241,False
43,adaptive_domain,18,6,2,4,1.003243643347707,1.0050658687232676,0.36338524231660446,False
43,adaptive_domain,18,7,4,8,1.0158563688335125,1.020851159290998,0.45919432243745983,False
43,adaptive_domain,18,8,8,16,1.0235580048413981,1.0252001550583998,0.34934676651838004,False
43,adaptive_domain,18,9,2,4,1.010242759796204,1.0199313375891406,0.2992586333516426,False
43,adaptive_domain,18,10,4,8,1.0502843656076801,1.0723998034612499,0.3839445644903402,False
43,adaptive_domain,18,11,8,16,1.0087602419894914,1.0096806083684104,0.3054611167551021,False
43,adaptive_domain,18,12,2,4,1.0016796650665918,1.0020203612453726,0.30710746739244127,False
43,adaptive_domain,18,13,6,8,1.0096969987783502,1.012478876142577,0.2549348373389683,True
43,adaptive_domain,18,14,8,16,1.0393398069837851,1.040389271997617,0.5072365788174423,False
43,adaptive_domain,19,0,2,4,1.012146130924565,1.0077523063027023,0.3316306930973288,False
43,adaptive_domain,19,1,4,8,1.03040728711412,1.0575869821780497,0.4516225467217232,False
43,adaptive_domain,19,2,8,16,1.0943325205098362,1.1006855946286325,0.5172886941537933,False
43,adaptive_domain,19,3,2,4,1.0424561151965706,1.0359760544831735,0.39850405046011056,False
43,adaptive_domain,19,4,4,8,1.0635243623838364,1.1652680561250721,0.4454726016503718,False
43,adaptive_domain,19,5,8,16,1.065389880114088,1.0879193053021838,0.5774881446111915,False
43,adaptive_domain,19,6,2,4,1.0033292467729984,1.0045448821381868,0.3646701541687083,False
43,adaptive_domain,19,7,4,8,1.0127089386684363,1.0184084931042294,0.4603055215770325,False
43,adaptive_domain,19,8,8,16,1.0233525428508097,1.0246458713961228,0.3480188956387608,False
43,adaptive_domain,19,9,2,4,1.014410420024566,1.0182750623197683,0.3013628456708068,False
43,adaptive_domain,19,10,4,8,1.0394644384485794,1.0625191939574488,0.38336449119510285,False
43,adaptive_domain,19,11,8,16,1.0105984436600821,1.009955958955912,0.305837122868546,False
43,adaptive_domain,19,12,2,4,1.0014978580252654,1.0018636102793406,0.30791853351652443,False
43,adaptive_domain,19,13,8,8,1.0235371942586526,1.0157963715773997,0.2497773030953787,True
43,adaptive_domain,19,14,8,16,1.0312567098363234,1.037649503349229,0.5105545746361979,False
43,adaptive_domain,20,0,2,4,1.0042850112959387,1.0067121178006733,0.3331677587108351,False
43,adaptive_domain,20,1,4,8,1.0949583988129272,1.0687984071685128,0.45617552218880686,False
43,adaptive_domain,20,2,8,16,1.1313959386963268,1.1098986978489407,0.5197429589655476,False
43,adaptive_domain,20,3,2,4,1.0402508929942424,1.037258506036494,0.39966454556755726,False
43,adaptive_domain,20,4,4,8,1.062031863027363,1.1342971981957595,0.44881210894579887,False
43,adaptive_domain,20,5,8,16,1.0447618446129099,1.0749720670954015,0.5834266662451134,False
43,adaptive_domain,20,6,2,4,1.0033664707738268,1.0041913587288787,0.3655656865698753,False
43,adaptive_domain,20,7,4,8,1.0119473277730933,1.0164701435048886,0.46338265343153023,False
43,adaptive_domain,20,8,8,16,1.0227450364880704,1.024075620923707,0.3481179288505368,False
43,adaptive_domain,20,9,2,4,1.1844983560506468,1.0681420504390318,0.3026730158845691,False
43,adaptive_domain,20,10,4,8,1.0511850314498745,1.0591189452051766,0.3839176691186922,False
43,adaptive_domain,20,11,8,16,1.0145876399274099,1.0113454632473613,0.3060259521014392,False
43,adaptive_domain,20,12,2,4,1.0015326300447591,1.0017643162089662,0.3095340503357905,False
43,adaptive_domain,20,13,8,8,1.014844497510575,1.0155108093573522,0.2506594261086117,False
43,adaptive_domain,20,14,8,16,1.0346647203022465,1.0367540684351342,0.5128195259453276,False
43,adaptive_domain,21,0,2,4,1.0048968832297347,1.0061675474293916,0.3351613841262772,False
43,adaptive_domain,21,1,4,8,1.0694274511978534,1.068987120377315,0.45933839714152613,False
43,adaptive_domain,21,2,8,16,1.081510331211303,1.1013821878576495,0.5206091536076414,False
43,adaptive_domain,21,3,2,4,1.0409064558812757,1.0383528909899284,0.4010588807689074,False
43,adaptive_domain,21,4,4,8,1.0792762052932896,1.1177909003250186,0.4511558963209599,False
43,adaptive_domain,21,5,8,16,1.0473785528876651,1.0666940128330804,0.5870877759390396,False
43,adaptive_domain,21,6,2,4,1.0033916179765257,1.0039514365031728,0.36652504895048815,False
43,adaptive_domain,21,7,4,8,1.0147318716567764,1.015948661950455,0.4644558506834066,False
43,adaptive_domain,21,8,8,16,1.0236675528070496,1.0239532004887097,0.34860965635689833,False
43,adaptive_domain,21,9,2,4,1.0480565064173026,1.062116387232513,0.3039484778370959,False
43,adaptive_domain,21,10,4,8,1.0376927396315883,1.0526910835331,0.38323240580406265,False
43,adaptive_domain,21,11,8,16,1.0136748467794559,1.0120442783069896,0.30673437512744745,False
43,adaptive_domain,21,12,2,4,1.0014804952573828,1.0016791699234913,0.3114175923653981,False
43,adaptive_domain,21,13,8,8,1.012652122902513,1.0146532034209004,0.2536470539147912,False
43,adaptive_domain,21,14,8,16,1.0323705524799098,1.035439013648567,0.5157822861968216,False
43,adaptive_domain,22,0,2,4,1.0518527406132026,1.019873105384535,0.3374152695495566,False
43,adaptive_domain,22,1,4,8,1.0236491446826754,1.0553857276689231,0.46132900097070645,False
43,adaptive_domain,22,2,8,16,1.056073547652488,1.087789595796101,0.5235015880605655,False
43,adaptive_domain,22,3,2,4,1.035085661141811,1.0373727220354931,0.40190050211075945,False
43,adaptive_domain,22,4,4,8,1.0496991832247904,1.0973633851949502,0.4532519480222743,False
43,adaptive_domain,22,5,8,16,1.0636412027081565,1.0657781697956032,0.5897689499845912,False
43,adaptive_domain,22,6,2,4,1.00316937205656,1.003716817169189,0.36719556930307984,False
43,adaptive_domain,22,7,4,8,1.0102306508815704,1.0142332586297895,0.4662807471475728,False
43,adaptive_domain,22,8,8,16,1.0254032555202528,1.0243882169981728,0.3499772739673971,False
43,adaptive_domain,22,9,2,4,1.278310901611973,1.1269747415463511,0.3057108296978129,False
43,adaptive_domain,22,10,4,8,1.0260231509556919,1.0446907037598776,0.382642907939444,False
43,adaptive_domain,22,11,8,16,1.0151288465317798,1.0129696487744266,0.3068128575924234,False
43,adaptive_domain,22,12,2,4,1.0015521246437251,1.0016410563395615,0.3148308513574823,False
43,adaptive_domain,22,13,6,8,1.0125688264104424,1.014027890317763,0.24440686776936396,True
43,adaptive_domain,22,14,8,16,1.0356834143739606,1.0355123338661851,0.5188982368446726,False
43,adaptive_domain,23,0,2,4,1.0286741018912493,1.0225134043365491,0.3407562477307041,False
43,adaptive_domain,23,1,4,8,1.029565997037235,1.0476398084794167,0.4632232694855348,False
43,adaptive_domain,23,2,8,16,1.0737995301440253,1.0835925761004783,0.5265035190674539,False
43,adaptive_domain,23,3,2,4,1.0414064327163728,1.038582835239757,0.401814447265672,False
43,adaptive_domain,23,4,4,8,1.0425205136939801,1.0809105237446592,0.45562782234884575,False
43,adaptive_domain,23,5,8,16,1.047827775451664,1.0603930514924216,0.5959232467752216,False
43,adaptive_domain,23,6,2,4,1.00315591602945,1.0035485468272674,0.36880600284946313,False
43,adaptive_domain,23,7,4,8,1.0116957083344271,1.013471993541181,0.4690887439448507,False
43,adaptive_domain,23,8,8,16,1.0217299133633042,1.0235907259077122,0.351729672656911,False
43,adaptive_domain,23,9,2,4,1.29067089805775,1.176083588499771,0.3067794856098418,False
43,adaptive_domain,23,10,4,8,1.0265478430849249,1.0392478455573917,0.3810963408662452,False
43,adaptive_domain,23,11,8,16,1.0143869128758631,1.0133948280048577,0.30666013643881435,False
43,adaptive_domain,23,12,2,4,1.0015378785209434,1.001610102993976,0.31818878764531877,False
43,adaptive_domain,23,13,8,8,1.0174142186331685,1.0150437888123847,0.23964610474199632,True
43,adaptive_domain,23,14,8,16,1.0390881821019309,1.0365850883369088,0.5200528669197841,False
43,adaptive_domain,24,0,2,4,1.0103654957142116,1.0188690317498479,0.3421950596388852,False
43,adaptive_domain,24,1,4,8,1.0712471044361829,1.0547219972664466,0.46510318543449236,False
43,adaptive_domain,24,2,8,16,1.0767639753364968,1.081543995871284,0.5289860323761446,False
43,adaptive_domain,24,3,2,4,1.035927964677365,1.0377863740710394,0.40313491538229695,False
43,adaptive_domain,24,4,4,8,1.076948031069126,1.0797217759419993,0.45762409149580896,False
43,adaptive_domain,24,5,8,16,1.0544005465853443,1.0585953000202983,0.5992457133950324,False
43,adaptive_domain,24,6,2,4,1.0033089473860772,1.0034766669949102,0.3696077875693811,False
43,adaptive_domain,24,7,4,8,1.0105333979725177,1.012590414870582,0.47058976036509853,False
43,adaptive_domain,24,8,8,16,1.0216288930259312,1.0230021760431778,0.35278980798468146,False
43,adaptive_domain,24,9,2,4,1.0268628549059715,1.131317368421631,0.30786240373991247,False
43,adaptive_domain,24,10,4,8,1.0212992219758643,1.0338632584829335,0.37943914338441326,False
43,adaptive_domain,24,11,8,16,1.012767851767828,1.0132067351337488,0.3062741220754939,False
43,adaptive_domain,24,12,2,4,1.0013891143181401,1.0015438063912252,0.3214932882242758,False
43,adaptive_domain,24,13,8,8,1.0129297381379399,1.0144095736100511,0.24005308484010257,False
43,adaptive_domain,24,14,8,16,1.0314140447882496,1.035033775272311,0.5214825995017192,False
43,adaptive_domain,25,0,2,4,1.03182243203215,1.0227550518345385,0.34392370220646235,False
43,adaptive_domain,25,1,4,8,1.025600763513805,1.045985627140654,0.4660757028521538,False
43,adaptive_domain,25,2,8,16,1.0609423107457658,1.0753634903336287,0.5308054987976204,False
43,adaptive_domain,25,3,2,4,1.0435800214631814,1.039524468288682,0.4044504705049428,False
43,adaptive_domain,25,4,4,8,1.0508174369428565,1.0710504742422564,0.45953742834342376,False
43,adaptive_domain,25,5,8,16,1.0526616751520486,1.0568152125598234,0.601268501506271,False
43,adaptive_domain,25,6,2,4,1.0031987264505053,1.0033932848315887,0.3699238966483789,False
43,adaptive_domain,25,7,4,8,1.011295611916438,1.0122019739843386,0.4721543823454569,False
43,adaptive_domain,25,8,8,16,1.0204341742049006,1.0222317754916945,0.3544264754725501,False
43,adaptive_domain,25,9,2,4,1.0863020707009352,1.1178127791054224,0.3083553549557819,False
43,adaptive_domain,25,10,4,8,1.0199615581703425,1.0296927483891563,0.3771191007372594,False
43,adaptive_domain,25,11,8,16,1.0154051829958295,1.013866269492373,0.3052645674783093,False
43,adaptive_domain,25,12,2,4,1.0014232019394207,1.0015076250556838,0.3249216553893468,False
43,adaptive_domain,25,13,8,8,1.010595957277567,1.0132654887103059,0.24344141290983318,False
43,adaptive_domain,25,14,8,16,1.034053510866213,1.0347396959504818,0.5242411522408515,False
43,adaptive_domain,26,0,2,4,1.089910011322779,1.0429015396810106,0.34446166572653314,False
43,adaptive_domain,26,1,4,8,1.0277417838674205,1.040512474158684,0.46640064793249514,False
43,adaptive_domain,26,2,8,16,1.0593547569480697,1.070560870317961,0.5309276257786297,False
43,adaptive_domain,26,3,2,4,1.0454911696730245,1.0413144787039847,0.40483074520304496,False
43,adaptive_domain,26,4,4,8,1.0930463604504965,1.0776492401047284,0.4611018260345623,False
43,adaptive_domain,26,5,8,16,1.0799565920016492,1.0637576263923711,0.6049876417706957,False
43,adaptive_domain,26,6,2,4,1.0032839705751435,1.0033604905546551,0.3714650913107682,False
43,adaptive_domain,26,7,4,8,1.009257880424164,1.0113187459162862,0.47326333884525285,False
43,adaptive_domain,26,8,8,16,1.0199139518738,1.0215364284063262,0.354218574266422,False
43,adaptive_domain,26,9,2,4,1.018509460334829,1.0880217834742445,0.30931253733862,False
43,adaptive_domain,26,10,4,8,1.0173826035713125,1.025999704943803,0.3742713617473104,False
43,adaptive_domain,26,11,8,16,1.0133085276671254,1.0136989469447988,0.30452123076994586,False
43,adaptive_domain,26,12,2,4,1.0013693944012005,1.001466155859339,0.32796047661792405,False
43,adaptive_domain,26,13,6,8,1.0100834329523916,1.0123108719829315,0.23199579255012628,True
43,adaptive_domain,26,14,8,16,1.0407004687025205,1.0365279277760935,0.5251673947570501,False
43,adaptive_domain,27,0,2,4,1.053992960522871,1.0462289659335688,0.3449774745474916,False
43,adaptive_domain,27,1,4,8,1.02104824986928,1.0346732068718627,0.4657327394578772,False
43,adaptive_domain,27,2,8,16,1.052342359111889,1.0650953169561395,0.5331364560096097,False
43,adaptive_domain,27,3,2,4,1.0426544381984049,1.0417164665523109,0.40551287642661155,False
43,adaptive_domain,27,4,4,8,1.038249498988578,1.0658293177698832,0.46376050164609306,False
43,adaptive_domain,27,5,8,16,1.070882247780014,1.065895012808664,0.6079060549229583,False
43,adaptive_domain,27,6,2,4,1.0033485241643696,1.0033569006375695,0.3713410525386823,False
43,adaptive_domain,27,7,4,8,1.0106201085585234,1.0111091547089575,0.4753297922642716,False
43,adaptive_domain,27,8,8,16,1.0203387110089688,1.021177113187119,0.3528627813981381,False
43,adaptive_domain,27,9,2,4,1.0339229035618196,1.0717921195005171,0.30989158726841515,False
43,adaptive_domain,27,10,4,8,1.0199255587661242,1.0241774610904995,0.3713327963756139,False
43,adaptive_domain,27,11,8,16,1.0125800391443365,1.0133632746046601,0.30507877834379127,False
43,adaptive_domain,27,12,2,4,1.0013892819533037,1.0014430936875283,0.3301548277674531,False
43,adaptive_domain,27,13,8,8,1.0109926438879764,1.0119154035544449,0.22711989669247995,True
43,adaptive_domain,27,14,8,16,1.0333683781120957,1.035580062876894,0.5262669630677976,False
43,adaptive_domain,28,0,2,4,1.0642889600613947,1.0516469641719166,0.34650942455828976,False
43,adaptive_domain,28,1,4,8,1.0335290316336554,1.0343299543004005,0.46529607878242113,False
43,adaptive_domain,28,2,8,16,1.0688816653910225,1.0662312214866043,0.5348339745403564,False
43,adaptive_domain,28,3,2,4,1.0414408652151232,1.0416337861511544,0.40586024587430275,False
43,adaptive_domain,28,4,4,8,1.0386307383824513,1.0576697439536535,0.46574234167292317,False
43,adaptive_domain,28,5,8,16,1.0631347499843051,1.0650669339613563,0.6094461237726201,False
43,adaptive_domain,28,6,2,4,1.0038549805033683,1.0035063245973093,0.3719467770034336,False
43,adaptive_domain,28,7,4,8,1.0124553783469494,1.0115130218003552,0.4768872803231352,False
43,adaptive_domain,28,8,8,16,1.0193653200426072,1.0206335752437654,0.34984572283388604,False
43,adaptive_domain,28,9,2,4,1.0081721219801605,1.0527061202444101,0.3102845324572321,False
43,adaptive_domain,28,10,4,8,1.0190519861843526,1.0226398186186554,0.36846536320550466,False
43,adaptive_domain,28,11,8,16,1.0131272189097518,1.0132924578961877,0.30467674341864037,False
43,adaptive_domain,28,12,2,4,1.0014153520650086,1.0014347712007723,0.3328564933858189,False
43,adaptive_domain,28,13,8,8,1.0105590922648975,1.0115085101675807,0.23021221737165865,False
43,adaptive_domain,28,14,8,16,1.0301264427246029,1.0339439768312069,0.5262717898157668,False
43,adaptive_domain,29,0,2,4,1.0447217512468443,1.049569400294395,0.34791945877383956,False
43,adaptive_domain,29,1,4,8,1.0304372137753397,1.0331621321428823,0.46555672225087313,False
43,adaptive_domain,29,2,8,16,1.0653839413200274,1.0659770374366313,0.5351561351192928,False
43,adaptive_domain,29,3,2,4,1.0499556028410488,1.0441303311581227,0.4058536159059123,False
43,adaptive_domain,29,4,4,8,1.0582887624826327,1.0578554495123473,0.4662617767977143,False
43,adaptive_domain,29,5,8,16,1.0577463611132103,1.0628707621069124,0.6103668364884614,False
43,adaptive_domain,29,6,2,4,1.0038815903469018,1.003618904322187,0.3725895559355954,False
43,adaptive_domain,29,7,4,8,1.009741458277305,1.01098155274344,0.47726937516187096,False
43,adaptive_domain,29,8,8,16,1.0199244713038984,1.0204208440618052,0.34640719012354637,False
43,adaptive_domain,29,9,2,4,1.0108267166361955,1.0401422991619458,0.31091980114737283,False
43,adaptive_domain,29,10,4,8,1.0170638318643435,1.020967022592362,0.36560692306481635,False
43,adaptive_domain,29,11,8,16,1.0130875679940679,1.013230990925552,0.3048756963611214,False
43,adaptive_domain,29,12,2,4,1.0014055540322653,1.0014260060502203,0.3352130255653788,False
43,adaptive_domain,29,13,8,8,1.0092173390978059,1.0108211588466482,0.2373830810556029,False
43,adaptive_domain,29,14,8,16,1.035463691512179,1.0343998912354984,0.5254808359328353,False
43,adaptive_domain,30,0,2,4,1.0442619354704235,1.0479771608472035,0.3498078541743843,False
43,adaptive_domain,30,1,4,8,1.0355835582899107,1.0338885599869907,0.4659751905255063,False
43,adaptive_domain,30,2,8,16,1.075995415258121,1.0689825507830784,0.5369452519255439,False
43,adaptive_domain,30,3,2,4,1.0466943617221174,1.0448995403273211,0.40626275885708774,False
43,adaptive_domain,30,4,4,8,1.0332442923680656,1.0504721023690629,0.46646966714125315,False
43,adaptive_domain,30,5,8,16,1.0601533782862194,1.0620555469607045,0.6116696713477621,False
43,adaptive_domain,30,6,2,4,1.004628986883688,1.0039219290906374,0.37253380823061016,False
43,adaptive_domain,30,7,4,8,1.0099479285007167,1.010671465470623,0.4768336177336461,False
43,adaptive_domain,30,8,8,16,1.0191193968878176,1.020030409909609,0.3418177988622135,False
43,adaptive_domain,30,9,2,4,1.008685384195223,1.030705224671929,0.31122354894654725,False
43,adaptive_domain,30,10,4,8,1.017752052963754,1.0200025317037795,0.362133996981145,False
43,adaptive_domain,30,11,8,16,1.014017515779396,1.0134669483817051,0.3052048644347811,False
43,adaptive_domain,30,12,2,4,1.0014622867172767,1.0014368902503372,0.33765011218129476,False
43,adaptive_domain,30,13,6,8,1.0084113867988909,1.0100982272323211,0.22942406473036636,True
43,adaptive_domain,30,14,8,16,1.0391657539317132,1.035829650044363,0.5268112661848375,False
43,adaptive_quality,1,0,4,4,1.6199171267019794,1.6199171267019794,0.2599923842753572,False
43,adaptive_quality,1,1,8,8,1.0860592714884107,1.0860592714884107,0.3144886978599748,False
43,adaptive_quality,1,2,16,16,1.1101571140598496,1.1101571140598496,0.2615253128364891,False
43,adaptive_quality,1,3,4,4,1.592154813282615,1.592154813282615,0.26525495990507164,False
43,adaptive_quality,1,4,8,8,1.0507956221077157,1.0507956221077157,0.2850763427913503,False
43,adaptive_quality,1,5,16,16,1.1216692596780304,1.1216692596780304,0.2653269449462455,False
43,adaptive_quality,1,6,4,4,1.5280289124635884,1.5280289124635884,0.26982738539166234,False
43,adaptive_quality,1,7,8,8,1.0726574170260865,1.0726574170260865,0.27643153674645077,False
43,adaptive_quality,1,8,16,16,1.0728574928367973,1.0728574928367973,0.27612318493764376,False
43,adaptive_quality,1,9,4,4,1.378346339841266,1.378346339841266,0.25676851895951763,False
43,adaptive_quality,1,10,8,8,1.0564127812346,1.0564127812346,0.2638375069980437,False
43,adaptive_quality,1,11,16,16,1.0549670416930372,1.0549670416930372,0.25181122539187456,False
43,adaptive_quality,1,12,4,4,1.3293283855757645,1.3293283855757645,0.30850313199189067,False
43,adaptive_quality,1,13,8,8,1.0306089742792386,1.0306089742792386,0.26276163765190313,False
43,adaptive_quality,1,14,16,16,1.1243508744040696,1.1243508744040696,0.25756885276253894,False
43,adaptive_quality,2,0,4,4,1.0043621240992198,1.4352506259211515,0.261211350006329,False
43,adaptive_quality,2,1,8,8,1.0072812833017961,1.0624258750324262,0.3191222467045346,False
43,adaptive_quality,2,2,16,16,1.028483587375273,1.0856550560544767,0.28002734025638654,False
43,adaptive_quality,2,3,4,4,1.0292865465989345,1.423294333277511,0.27417023642893323,False
43,adaptive_quality,2,4,8,8,1.0491652736737072,1.050306517577513,0.2936567919595386,False
43,adaptive_quality,2,5,16,16,1.0924564383002013,1.1129054132646816,0.28109022257782434,False
43,adaptive_quality,2,6,4,4,1.031346269229716,1.3790241194934265,0.27672691381276804,False
43,adaptive_quality,2,7,8,8,1.040725937032564,1.0630779730280298,0.288625466835086,False
43,adaptive_quality,2,8,16,16,1.001497821789273,1.0514495915225401,0.2779783725995585,False
43,adaptive_quality,2,9,4,4,1.001554639022776,1.265308829595719,0.2567698142340102,False
43,adaptive_quality,2,10,8,8,1.0102626445101963,1.0425677402172788,0.27142787997810813,False
43,adaptive_quality,2,11,16,16,1.0011512722773264,1.0388223108683239,0.2546557564931038,False
43,adaptive_quality,2,12,4,4,1.0003414296192328,1.230632298788805,0.30913619971478934,False
43,adaptive_quality,2,13,8,8,1.0006758899766381,1.0216290489884585,0.265468576065791,False
43,adaptive_quality,2,14,16,16,1.225508478753259,1.1546981557088265,0.2784513778043955,False
43,adaptive_quality,3,0,4,4,1.011417011639791,1.3081005416367433,0.26583230532214186,False
43,adaptive_quality,3,1,8,8,1.0153918703035894,1.048315673613775,0.32945411272665853,False
43,adaptive_quality,3,2,16,16,1.164594288316444,1.109336825733067,0.3092880925643998,False
43,adaptive_quality,3,3,4,4,1.055650647446354,1.3130012275281637,0.29117349372331636,False
43,adaptive_quality,3,4,8,8,1.0282836749913724,1.0436996648016708,0.30972184923507806,False
43,adaptive_quality,3,5,16,16,1.1501967823944226,1.1240928240036039,0.30937919449223283,False
43,adaptive_quality,3,6,4,4,1.0885358993719498,1.2918776534569836,0.2884514408466047,False
43,adaptive_quality,3,7,8,8,1.2030858035570182,1.1050803221867262,0.3097628542926804,False
43,adaptive_quality,3,8,16,16,1.008500641076946,1.0385649063888618,0.2845995966644781,False
43,adaptive_quality,3,9,4,4,1.002056290048107,1.1863330677314354,0.2590622777376917,False
43,adaptive_quality,3,10,8,8,1.1806120870412564,1.0839810442644722,0.2850082368958712,False
43,adaptive_quality,3,11,16,16,1.004676657129493,1.0285786147466747,0.26093226492769017,False
43,adaptive_quality,3,12,4,4,1.000367256371924,1.1615527860637407,0.3105650043657696,False
43,adaptive_quality,3,13,8,8,1.0013707076603242,1.0155515465900182,0.2704521530241417,False
43,adaptive_quality,3,14,16,16,1.1700692746495553,1.159309491391045,0.31019422148476705,False
43,adaptive_quality,4,0,2,4,1.0373819398750312,1.2268849611082295,0.2714199620184025,True
43,adaptive_quality,4,1,6,8,1.0279825869401762,1.0422157476116953,0.3402112923837464,True
43,adaptive_quality,4,2,12,16,1.1396579449254283,1.1184331614907754,0.3424661004818579,True
43,adaptive_quality,4,3,2,4,1.0340145052821512,1.2293052108543598,0.3033029525916659,True
43,adaptive_quality,4,4,6,8,1.0216575041918494,1.0370870166187243,0.3316901429198693,True
43,adaptive_quality,4,5,12,16,1.1527754470677778,1.1326976109228561,0.34530831343740154,True
43,adaptive_quality,4,6,2,4,1.043579258545688,1.2173881349835949,0.29867708341534194,True
43,adaptive_quality,4,7,6,8,1.1140150832210227,1.1077607504970153,0.3326440542125758,True
43,adaptive_quality,4,8,12,16,1.0202624113387255,1.0330741578738207,0.29313348167135145,True
43,adaptive_quality,4,9,2,4,1.0045712524856159,1.1318045231576896,0.260859536987714,True
43,adaptive_quality,4,10,6,8,1.6247130383596813,1.246200642493035,0.29983718913799523,True
43,adaptive_quality,4,11,12,16,1.010428426914166,1.023133558396922,0.26843852491380904,True
43,adaptive_quality,4,12,2,4,1.0010761963316832,1.1134098091441234,0.3120934667396033,True
43,adaptive_quality,4,13,6,8,1.0030314418080977,1.011795515155442,0.2755155219398413,True
43,adaptive_quality,4,14,12,16,1.199116610269662,1.1712516270546303,0.3433268688797733,True
43,adaptive_quality,5,0,2,4,1.0103312158848752,1.1619188375412233,0.27796687051685115,False
43,adaptive_quality,5,1,6,8,1.0547549254793176,1.045977500971982,0.35441782424960255,False
43,adaptive_quality,5,2,12,16,1.1164749286454752,1.1178456916371853,0.3743678817876891,False
43,adaptive_quality,5,3,2,4,1.0225142408465464,1.1672679198520157,0.31546469124668386,False
43,adaptive_quality,5,4,6,8,1.0433195784859102,1.03895678517888,0.3549160077980343,False
43,adaptive_quality,5,5,12,16,1.1502629862893667,1.1379672235328093,0.3820825648662898,False
43,adaptive_quality,5,6,2,4,1.006302316039767,1.1540623893004465,0.30632898591711644,False
43,adaptive_quality,5,7,6,8,1.087022332157987,1.1015392249953067,0.3577707748825334,False
43,adaptive_quality,5,8,12,16,1.024231733247395,1.030421430485893,0.30246662890628606,False
43,adaptive_quality,5,9,2,4,1.0047539535143408,1.0936893522646849,0.2637830007913176,False
43,adaptive_quality,5,10,6,8,1.501074765748784,1.3226628794697597,0.31446025131417527,False
43,adaptive_quality,5,11,12,16,1.0147539969080819,1.0206196899502702,0.2758220902087631,False
43,adaptive_quality,5,12,2,4,1.0002542915315842,1.0794631538603616,0.31319599921099256,False
43,adaptive_quality,5,13,6,8,1.0065280140882424,1.0102152648352822,0.27919449878144786,False
43,adaptive_quality,5,14,12,16,1.100319855662021,1.1499720956368475,0.37401539218464486,False
43,adaptive_quality,6,0,2,4,1.0118304749262568,1.1168923287567334,0.28521379959821513,False
43,adaptive_quality,6,1,4,8,1.0506235887940467,1.0473713273186014,0.3679676492980115,True
43,adaptive_quality,6,2,8,16,1.1315194063686933,1.1219478060566377,0.39764811093706054,True
43,adaptive_quality,6,3,2,4,1.0734641768199191,1.1391267969423868,0.32605912815437055,False
43,adaptive_quality,6,4,4,8,1.1297909970574869,1.066207048742462,0.3704687733150545,True
43,adaptive_quality,6,5,8,16,1.1029881614950192,1.1274735049214724,0.40761993210523684,True
43,adaptive_quality,6,6,2,4,1.0049795732898874,1.1093375444972788,0.31318338422968134,False
43,adaptive_quality,6,7,4,8,1.073805983330406,1.0932192524958366,0.37452934895582934,True
43,adaptive_quality,6,8,8,16,1.027539518218263,1.029556856805604,0.3109934225784469,True
43,adaptive_quality,6,9,2,4,1.0039843701935132,1.0667778576433333,0.26753596082141107,False
43,adaptive_quality,6,10,4,8,1.255813383788578,1.302608030765405,0.3271056584267146,True
43,adaptive_quality,6,11,8,16,1.0165933981751012,1.0194118024177194,0.2818939747493629,True
43,adaptive_quality,6,12,2,4,1.0002679855003123,1.0557046033523467,0.31432353644896505,False
43,adaptive_quality,6,13,4,8,1.0077249033994864,1.0094681564045436,0.2697977862914209,True
43,adaptive_quality,6,14,8,16,1.0712674828853568,1.1263607118114003,0.3954158688353115,True
43,adaptive_quality,7,0,2,4,1.010013405991344,1.0848286519271166,0.290743733764434,False
43,adaptive_quality,7,1,4,8,1.1909660762706178,1.0904497520042065,0.38138490465382985,False
43,adaptive_quality,7,2,8,16,1.0836721728712864,1.1104651161010324,0.41834774296655464,False
43,adaptive_quality,7,3,2,4,1.0247179025572288,1.1048041286268395,0.33574786869252005,False
43,adaptive_quality,7,4,4,8,1.0830205460741025,1.0712510979419543,0.3848194167992741,False
43,adaptive_quality,7,5,8,16,1.0950802765628298,1.1177555364138796,0.4304364764022912,False
43,adaptive_quality,7,6,2,4,1.0044517371055375,1.0778718022797564,0.3205057970424386,False
43,adaptive_quality,7,7,4,8,1.0655534217142848,1.084919503261371,0.3900059920840193,False
43,adaptive_quality,7,8,8,16,1.0275703917095975,1.028960917276802,0.32014333246421256,False
43,adaptive_quality,7,9,2,4,1.0048713514188023,1.048205905775974,0.2708620445267088,False
43,adaptive_quality,7,10,4,8,1.363582983432079,1.3209005165654073,0.33804334877981784,False
43,adaptive_quality,7,11,8,16,1.0093333076209756,1.0163882539786964,0.2863365716006533,False
43,adaptive_quality,7,12,2,4,1.0002511621020613,1.0390685709772611,0.3152636935243346,False
43,adaptive_quality,7,13,8,8,1.0051575979182967,1.0081749888586695,0.263741488365829,True
43,adaptive_quality,7,14,8,16,1.0457655937900512,1.1021821764049955,0.4164348096049661,False
43,adaptive_quality,8,0,2,4,1.025690612270257,1.0670872400300588,0.29626686349402365,False
43,adaptive_quality,8,1,4,8,1.1160611539464602,1.0981331725868826,0.3921964265016637,False
43,adaptive_quality,8,2,8,16,1.1427049388522417,1.1201370629263951,0.43656065151425305,False
43,adaptive_quality,8,3,2,4,1.0208251613857304,1.0796104384545069,0.3456851593413265,False
43,adaptive_quality,8,4,4,8,1.0616519370101205,1.0683713496624043,0.3976862461952109,False
43,adaptive_quality,8,5,8,16,1.1104765311198177,1.115571834825661,0.4515726502136775,False
43,adaptive_quality,8,6,2,4,1.0044744966674233,1.0558526105960566,0.32635256489304554,False
43,adaptive_quality,8,7,4,8,1.0351239425086074,1.0699808350355418,0.40298314075232616,False
43,adaptive_quality,8,8,8,16,1.0266529240415112,1.0282685193062147,0.32931762667165554,False
43,adaptive_quality,8,9,2,4,1.0053082882501998,1.0353366205182417,0.2742018504250269,False
43,adaptive_quality,8,10,4,8,1.1652392686055157,1.2742021421774399,0.3484652004388801,False
43,adaptive_quality,8,11,8,16,1.0120964801700465,1.0151007218361014,0.2889676786916423,False
43,adaptive_quality,8,12,2,4,1.0002931677323206,1.0274359500037789,0.31545416607214366,False
43,adaptive_quality,8,13,8,8,1.0072810386567113,1.007906803798082,0.2676672266569887,False
43,adaptive_quality,8,14,8,16,1.0684230557573953,1.0920544402107155,0.43233202590365133,False
43,adaptive_quality,9,0,2,4,1.0432332247746559,1.059931035453438,0.3006069105511131,False
43,adaptive_quality,9,1,4,8,1.091760220916731,1.0962212870858372,0.4029626671405464,False
43,adaptive_quality,9,2,8,16,1.1100384917055326,1.1171074915601364,0.45196702128713784,False
43,adaptive_quality,9,3,2,4,1.016075449256589,1.0605499416951316,0.3545035716570173,False
43,adaptive_quality,9,4,4,8,1.0977950070127203,1.077198446867499,0.4082351385385952,False
43,adaptive_quality,9,5,8,16,1.0831901155546078,1.105857319044345,0.47080323076554875,False
43,adaptive_quality,9,6,2,4,1.004534275350931,1.040457110022519,0.3315385995939274,False
43,adaptive_quality,9,7,4,8,1.0362300117905274,1.0598555880620375,0.41223640143567775,False
43,adaptive_quality,9,8,8,16,1.0266658308716377,1.0277877127758415,0.3375285338586237,False
43,adaptive_quality,9,9,2,4,1.0055791104461482,1.0264093674966137,0.2766225881761427,False
43,adaptive_quality,9,10,4,8,1.2999511257090173,1.281926837236913,0.35666195669166323,False
43,adaptive_quality,9,11,8,16,1.0156765649942914,1.0152734747835583,0.29142094445923106,False
43,adaptive_quality,9,12,2,4,1.0003878209971742,1.0193215113017975,0.3140711986279709,False
43,adaptive_quality,9,13,8,8,1.0079274517418018,1.007912998181198,0.2720124593531723,False
43,adaptive_quality,9,14,8,16,1.0413516230186763,1.0768435950531037,0.44661306804324435,False
43,adaptive_quality,10,0,2,4,1.0410745970644757,1.0542741039367491,0.3047483366155262,False
43,adaptive_quality,10,1,4,8,1.0706990486313086,1.0885646155494786,0.4127514196345897,False
43,adaptive_quality,10,2,8,16,1.1365180021303019,1.1229306447311862,0.46582527706083005,False
43,adaptive_quality,10,3,2,4,1.0186139150512532,1.047969133701968,0.36241441482102166,False
43,adaptive_quality,10,4,4,8,1.1761333375885183,1.106878914083805,0.4180681052582857,False
43,adaptive_quality,10,5,8,16,1.0949491365290758,1.1025848642897642,0.48683777083215574,False
43,adaptive_quality,10,6,2,4,1.0039263805369842,1.0294978911768586,0.33643823995207334,False
43,adaptive_quality,10,7,4,8,1.0257442948201247,1.0496222000894637,0.421549809815759,False
43,adaptive_quality,10,8,8,16,1.0281396798991886,1.0278933029128456,0.345797199861843,False
43,adaptive_quality,10,9,2,4,1.0066447378910874,1.0204799786149559,0.2800704447068771,False
43,adaptive_quality,10,10,4,8,1.4926765903870796,1.345151763181963,0.36299892387805677,False
43,adaptive_quality,10,11,8,16,1.0164989510849516,1.0156411176739764,0.2942969090428715,False
43,adaptive_quality,10,12,2,4,1.00046115621885,1.013663404776913,0.3130494263955449,False
43,adaptive_quality,10,13,6,8,1.0086177440569832,1.0081244219439336,0.2669171396572515,True
43,adaptive_quality,10,14,8,16,1.0449655855825255,1.0672801922119302,0.4597127499129172,False
43,adaptive_quality,11,0,2,4,1.0084751888549208,1.0405344294122005,0.3085164844267439,False
43,adaptive_quality,11,1,4,8,1.0868302703419386,1.0880443119872165,0.421064071732583,False
43,adaptive_quality,11,2,8,16,1.067229230808751,1.1062202205544556,0.4779860211589371,False
43,adaptive_quality,11,3,2,4,1.0131697672413083,1.0375293237637702,0.3690465117885522,False
43,adaptive_quality,11,4,4,8,1.1346202077897147,1.1152013021955778,0.42729488123989123,False
43,adaptive_quality,11,5,8,16,1.0668018199594784,1.0918499509906785,0.5013081162600883,False
43,adaptive_quality,11,6,2,4,1.003677096436343,1.021751652754704,0.34046122083620467,False
43,adaptive_quality,11,7,4,8,1.0185842383741535,1.0403108115748707,0.4304222517399469,False
43,adaptive_quality,11,8,8,16,1.028714631903481,1.0281397016100362,0.3520153562597509,False
43,adaptive_quality,11,9,2,4,1.0077382763278577,1.0166574679288263,0.28248600489400316,False
43,adaptive_quality,11,10,4,8,1.147394400369679,1.2858245543382778,0.3693218042597675,False
43,adaptive_quality,11,11,8,16,1.017198073202072,1.016108204332405,0.2967045197776192,False
43,adaptive_quality,11,12,2,4,1.0005590935228361,1.00973211140069,0.31145033258171173,False
43,adaptive_quality,11,13,8,8,1.0119615647574602,1.0092755647879916,0.26317160269201667,True
43,adaptive_quality,11,14,8,16,1.0414615890925163,1.059534611276106,0.47028109176330507,False
43,adaptive_quality,12,0,2,4,1.0067163441315863,1.0303890038280163,0.3124251846874645,False
43,adaptive_quality,12,1,4,8,1.0926604520559855,1.0894291540078473,0.4283760765931892,False
43,adaptive_quality,12,2,8,16,1.0847211244549904,1.099770491724616,0.4855383604131419,False
43,adaptive_quality,12,3,2,4,1.0130937467285164,1.030198650653194,0.37471834175212426,False
43,adaptive_quality,12,4,4,8,1.1342658094086278,1.1209206543594927,0.4337741326361881,False
43,adaptive_quality,12,5,8,16,1.0772673240651591,1.0874751629130226,0.5154426052949632,False
43,adaptive_quality,12,6,2,4,1.003485746654655,1.0162718809246893,0.34451404862024376,False
43,adaptive_quality,12,7,4,8,1.0229159446407003,1.0350923514946195,0.43700659913183354,False
43,adaptive_quality,12,8,8,16,1.0288866059309643,1.0283637729063146,0.35800965770424037,False
43,adaptive_quality,12,9,2,4,1.008479533012053,1.0142040874537943,0.2857369879883801,False
43,adaptive_quality,12,10,4,8,1.0803746855429484,1.224189593699679,0.3726925887812964,False
43,adaptive_quality,12,11,8,16,1.01367065824691,1.0153769405067565,0.29954490145671697,False
43,adaptive_quality,12,12,2,4,1.0005710781244255,1.0069838014178107,0.3092420553186279,False
43,adaptive_quality,12,13,8,8,1.008196417829165,1.0089518207003436,0.2660590469876651,False
43,adaptive_quality,12,14,8,16,1.0434708453134105,1.0547154814872972,0.47648515416270787,False
43,adaptive_quality,13,0,2,4,1.0051976340298172,1.0228315928885565,0.3161023314674931,False
43,adaptive_quality,13,1,4,8,1.0685840428922322,1.0831756206731629,0.43518515011772824,False
43,adaptive_quality,13,2,8,16,1.0494945846893997,1.0846877196140512,0.4938552020640837,False
43,adaptive_quality,13,3,2,4,1.02212964010958,1.0277779474901099,0.3792905451852985,False
43,adaptive_quality,13,4,4,8,1.0580572026285888,1.1020616188402215,0.4391440564714979,False
43,adaptive_quality,13,5,8,16,1.0975798971861932,1.0905065831949738,0.5264448696688655,False
43,adaptive_quality,13,6,2,4,1.00365471729788,1.0124867318366464,0.3484203137142485,False
43,adaptive_quality,13,7,4,8,1.0185818038694583,1.030139187207071,0.4433507693600349,False
43,adaptive_quality,13,8,8,16,1.0294213349245303,1.0286810415117793,0.3634235905753507,False
43,adaptive_quality,13,9,2,4,1.00935930287149,1.012750652079103,0.2890156337124895,False
43,adaptive_quality,13,10,4,8,1.045775879824932,1.1706654795372549,0.37605228657201517,False
43,adaptive_quality,13,11,8,16,1.0149438544488547,1.015247014689386,0.3027152095730859,False
43,adaptive_quality,13,12,2,4,1.0006935874874796,1.0050967372387114,0.30654919996089824,False
43,adaptive_quality,13,13,8,8,1.0078333933020818,1.008616292480865,0.2700388788344524,False
43,adaptive_quality,13,14,8,16,1.0350476460381013,1.0488151308525384,0.4828278323754781,False
43,adaptive_quality,14,0,2,4,1.0043316586233724,1.0172816126090012,0.3186659895286601,False
43,adaptive_quality,14,1,4,8,1.1457108614336036,1.101936192901295,0.4418983823786365,False
43,adaptive_quality,14,2,8,16,1.0501243553043986,1.0743187103211553,0.4993907912168265,False
43,adaptive_quality,14,3,2,4,1.0170260144743777,1.02455236758539,0.3831853227976339,False
43,adaptive_quality,14,4,4,8,1.044952737571562,1.0849289544596235,0.4450571629254098,False
43,adaptive_quality,14,5,8,16,1.0817489055458323,1.0878792799002313,0.5375430429495494,False
43,adaptive_quality,14,6,2,4,1.0035771085572691,1.009813844852833,0.35204835085600267,False
43,adaptive_quality,14,7,4,8,1.0192390371930429,1.0268691422028626,0.4488549812604398,False
43,adaptive_quality,14,8,8,16,1.0281273057276354,1.0285149207765363,0.3675144548354111,False
43,adaptive_quality,14,9,2,4,1.0104945814244768,1.012073830882715,0.2917452401192191,False
43,adaptive_quality,14,10,4,8,1.038830743943714,1.1311150588591925,0.3787893307557255,False
43,adaptive_quality,14,11,8,16,1.0112067770153441,1.0140349433871734,0.3053294093597057,False
43,adaptive_quality,14,12,2,4,1.0008623533081467,1.0038264220595419,0.3031239808471017,False
43,adaptive_quality,14,13,6,8,1.0084016765519,1.0085519077021756,0.2615431302464944,True
43,adaptive_quality,14,14,8,16,1.0377075543648582,1.0454828579062343,0.48735158768363973,False
43,adaptive_quality,15,0,2,4,1.0041600573787872,1.013345146039937,0.32167282616563264,False
43,adaptive_quality,15,1,4,8,1.0868945006466397,1.0974236852248984,0.44718949614546083,False
43,adaptive_quality,15,2,8,16,1.0545081434105983,1.0683755402479882,0.5042256929555715,False
43,adaptive_quality,15,3,2,4,1.0241877780967872,1.024442990738809,0.38658588884560674,False
43,adaptive_quality,15,4,4,8,1.0680374732830673,1.0798615101066567,0.44924348713469964,False
43,adaptive_quality,15,5,8,16,1.063081724094936,1.0804400131586427,0.5474267779332244,False
43,adaptive_quality,15,6,2,4,1.0034883382429256,1.0079161928698608,0.35510923026476376,False
43,adaptive_quality,15,7,4,8,1.0178131852132708,1.024152355105985,0.45182620508821847,False
43,adaptive_quality,15,8,8,16,1.0290676736395938,1.0286807466354535,0.3724658166073885,False
43,adaptive_quality,15,9,2,4,1.0091522500998513,1.0111973566478558,0.29352589740734364,False
43,adaptive_quality,15,10,4,8,1.035099397749611,1.102310360526318,0.38104730147141325,False
43,adaptive_quality,15,11,8,16,1.0101849392436004,1.0128799421441015,0.3075783925564179,False
43,adaptive_quality,15,12,4,4,1.0009647329886473,1.0029679153382736,0.30703000621981313,True
43,adaptive_quality,15,13,8,8,1.013734472587703,1.0101066771678338,0.2564649474504796,True
43,adaptive_quality,15,14,8,16,1.0366951030011513,1.0428465314347095,0.493181954513601,False
43,adaptive_quality,16,0,2,4,1.0043765040727817,1.0106545534497904,0.32482898746321687,False
43,adaptive_quality,16,1,4,8,1.076521935822917,1.0911531604043039,0.4532767261301359,False
43,adaptive_quality,16,2,8,16,1.0522098736378251,1.0635258402649392,0.5071848874790826,False
43,adaptive_quality,16,3,2,4,1.0288316256422636,1.0257595812098455,0.3895795685414599,False
43,adaptive_quality,16,4,4,8,1.0243701404300207,1.063214099203666,0.45264153775747884,False
43,adaptive_quality,16,5,8,16,1.0376881853143254,1.0676144648053474,0.5559720147196304,False
43,adaptive_quality,16,6,2,4,1.0035168294877341,1.0065963838552228,0.3574178995193426,False
43,adaptive_quality,16,7,4,8,1.0209656515733387,1.023196344046191,0.45553313130234757,False
43,adaptive_quality,16,8,8,16,1.0254093705275396,1.0276993338030793,0.3761105137659133,False
43,adaptive_quality,16,9,2,4,1.0072198508101122,1.0100041048965327,0.29547791283517594,False
43,adaptive_quality,16,10,4,8,1.0313777969885787,1.0810305914649962,0.381431570113784,False
43,adaptive_quality,16,11,8,16,1.0091553516903917,1.0117625650079887,0.3088855244716469,False
43,adaptive_quality,16,12,4,4,1.0033901104284313,1.003094573865321,0.3142903451708863,False
43,adaptive_quality,16,13,8,8,1.0104695031664033,1.0102155249674047,0.2584095906592738,False
43,adaptive_quality,16,14,8,16,1.038948842730246,1.0416772248233706,0.49819180144513786,False
43,adaptive_quality,17,0,2,4,1.0035570343645344,1.0085252977242136,0.32665155796484674,False
43,adaptive_quality,17,1,4,8,1.103518984264521,1.094862907562369,0.4582254128726096,False
43,adaptive_quality,17,2,8,16,1.0398651258051888,1.056427625927014,0.5113761704709008,False
43,adaptive_quality,17,3,2,4,1.031217983284843,1.0273971018323447,0.3907895039677681,False
43,adaptive_quality,17,4,4,8,1.0300316840913073,1.0532593746699583,0.4545053388749299,False
43,adaptive_quality,17,5,8,16,1.0944768854349576,1.0756731909942303,0.5637654909414056,False
43,adaptive_quality,17,6,2,4,1.0034729469878783,1.0056593527950195,0.3591158100358974,False
43,adaptive_quality,17,7,4,8,1.016876215239456,1.0213003054041705,0.45853226864139374,False
43,adaptive_quality,17,8,8,16,1.0277598559773404,1.0277174904553577,0.37940562523518484,False
43,adaptive_quality,17,9,2,4,1.0068679885532552,1.0090632699935496,0.2973956289376483,False
43,adaptive_quality,17,10,4,8,1.034090973923965,1.0669487062026868,0.38130910963731757,False
43,adaptive_quality,17,11,8,16,1.0095881417510864,1.011110238030918,0.31014764753049845,False
43,adaptive_quality,17,12,2,4,1.0030565826137208,1.003083176489841,0.3164684679218875,True
43,adaptive_quality,17,13,8,8,1.0104007868257783,1.0102711035249168,0.262395553406523,False
43,adaptive_quality,17,14,8,16,1.0429428694944338,1.0420569182246895,0.5026312285765699,False
43,adaptive_quality,18,0,2,4,1.0050481684449901,1.0074821589404466,0.32864066666912956,False
43,adaptive_quality,18,1,4,8,1.077763332458184,1.0897330350311134,0.46250598667024634,False
43,adaptive_quality,18,2,8,16,1.0579364876224213,1.0568802844356362,0.5135088287450638,False
43,adaptive_quality,18,3,2,4,1.039958444536549,1.0311655046436061,0.3924933803403047,False
43,adaptive_quality,18,4,4,8,1.0346792621825278,1.0476853409237292,0.45781318972890145,False
43,adaptive_quality,18,5,8,16,1.0643430099014686,1.072274136666402,0.5729256586524385,False
43,adaptive_quality,18,6,2,4,1.003232607280896,1.0049313291407824,0.3601971042687258,False
43,adaptive_quality,18,7,4,8,1.0161863772231425,1.0197661269498621,0.46082300853604474,False
43,adaptive_quality,18,8,8,16,1.023181287415365,1.02635662954336,0.382300525182416,False
43,adaptive_quality,18,9,2,4,1.123337594001439,1.0433455671959164,0.30028286903066526,False
43,adaptive_quality,18,10,4,8,1.0275040925540058,1.0551153221080825,0.38079921991913657,False
43,adaptive_quality,18,11,8,16,1.0088545555511619,1.0104335332869911,0.3102560977486485,False
43,adaptive_quality,18,12,2,4,1.0043341498328284,1.0034584684927372,0.31836152106378024,False
43,adaptive_quality,18,13,6,8,1.0076311252603878,1.0094791100455582,0.2540034307484382,True
43,adaptive_quality,18,14,8,16,1.0440396065406474,1.0426517247194769,0.504461676184125,False
43,adaptive_quality,19,0,2,4,1.0128416324563847,1.009090000995228,0.3301161813604784,False
43,adaptive_quality,19,1,4,8,1.038267495675297,1.0742933732243685,0.4649377209351193,False
43,adaptive_quality,19,2,8,16,1.0397640861980078,1.0517454249643476,0.514692316501723,False
43,adaptive_quality,19,3,2,4,1.0425342021023496,1.0345761138812293,0.3944275296089335,False
43,adaptive_quality,19,4,4,8,1.0323925709961088,1.0430975099454431,0.46148013175212044,False
43,adaptive_quality,19,5,8,16,1.0657032783821774,1.0703028791811346,0.5795196787134789,False
43,adaptive_quality,19,6,2,4,1.0032484041610397,1.0044264516468595,0.3615150966639713,False
43,adaptive_quality,19,7,4,8,1.012522450948874,1.0175930241495657,0.46178186345244154,False
43,adaptive_quality,19,8,8,16,1.02367099993138,1.025550940659766,0.3845293445585888,False
43,adaptive_quality,19,9,2,4,1.1341301989747405,1.0705809567295637,0.30242935331989074,False
43,adaptive_quality,19,10,4,8,1.020844505822522,1.0448340772224143,0.37954030993261845,False
43,adaptive_quality,19,11,8,16,1.0081645740851957,1.0097528455264524,0.310932794420597,False
43,adaptive_quality,19,12,2,4,1.0054305190929487,1.0040500836728006,0.3202767440520815,False
43,adaptive_quality,19,13,8,8,1.0171413740316286,1.0117777892413793,0.24871600889814666,True
43,adaptive_quality,19,14,8,16,1.0341757006855556,1.0401089175093006,0.506939661693691,False
43,adaptive_quality,20,0,2,4,1.0038851543846414,1.0075285470120519,0.33159627695876703,False
43,adaptive_quality,20,1,4,8,1.083144160648149,1.0769486094515026,0.4679655637354282,False
43,adaptive_quality,20,2,8,16,1.0459700957775935,1.0500128262083215,0.5156270887466181,False
43,adaptive_quality,20,3,2,4,1.0408142557114965,1.0364475564303095,0.39567805400556466,False
43,adaptive_quality,20,4,4,8,1.0358022892197305,1.0409089437277295,0.4650009709289659,False
43,adaptive_quality,20,5,8,16,1.051321237561805,1.0646083866953358,0.5855110810009414,False
43,adaptive_quality,20,6,2,4,1.0032835502866673,1.0040835812388018,0.36254250609951794,False
43,adaptive_quality,20,7,4,8,1.011757443848021,1.0158423500591023,0.4647252406012006,False
43,adaptive_quality,20,8,8,16,1.0206454149161073,1.0240792829366683,0.38629993120117817,False
43,adaptive_quality,20,9,2,4,1.0306229950491936,1.0585935682254526,0.30379652993644124,False
43,adaptive_quality,20,10,4,8,1.0193961944748848,1.0372027123981553,0.37914964823285646,False
43,adaptive_quality,20,11,8,16,1.0095901333073267,1.0097040318607147,0.3114842476335359,False
43,adaptive_quality,20,12,2,4,1.0080887655767743,1.0052616882439929,0.3234573836697059,False
43,adaptive_quality,20,13,8,8,1.0123928370125075,1.0119623035727177,0.24890468254835094,False
43,adaptive_quality,20,14,8,16,1.0382027646880783,1.039537071662934,0.5100026724566302,False
43,adaptive_quality,21,0,2,4,1.004979538092955,1.0067638443363227,0.3333931818966759,False
43,adaptive_quality,21,1,4,8,1.0599498356265327,1.0718489773040116,0.46961468115718663,False
43,adaptive_quality,21,2,8,16,1.0405393862767482,1.0471707942288495,0.5155491328420629,False
43,adaptive_quality,21,3,2,4,1.038374725851074,1.037025707256539,0.3970122654191319,False
43,adaptive_quality,21,4,4,8,1.0377106569040497,1.0399494576806254,0.4671787689836879,False
43,adaptive_quality,21,5,8,16,1.0479262719375853,1.0596037522680106,0.5893516818310156,False
43,adaptive_quality,21,6,2,4,1.0033559352012684,1.0038652874275418,0.36330820715451384,False
43,adaptive_quality,21,7,4,8,1.0134226326752882,1.015116434843958,0.4650851670731034,False
43,adaptive_quality,21,8,8,16,1.02057612447677,1.0230283353986986,0.388028423347088,False
43,adaptive_quality,21,9,2,4,1.1623816962743854,1.0897300066401323,0.30504230122628667,False
43,adaptive_quality,21,10,4,8,1.01931304944912,1.0318358135134447,0.3774678240839316,False
43,adaptive_quality,21,11,8,16,1.0084575142373504,1.0093300765737054,0.3116302662420073,False
43,adaptive_quality,21,12,2,4,1.0106390220801553,1.0068748883948415,0.3271383288463314,False
43,adaptive_quality,21,13,8,8,1.0110834997775775,1.0116986624341757,0.2507412352476662,False
43,adaptive_quality,21,14,8,16,1.0337965214290135,1.0378149065927578,0.5128033385442052,False
43,adaptive_quality,22,0,2,4,1.114187661439667,1.038990989467326,0.335008870607576,False
43,adaptive_quality,22,1,4,8,1.025689783218799,1.0580012190784478,0.47043616558352813,False
43,adaptive_quality,22,2,8,16,1.0359541754500656,1.0438058085952144,0.5164125971885921,False
43,adaptive_quality,22,3,2,4,1.0375664506024287,1.037187930260306,0.397917936524522,False
43,adaptive_quality,22,4,4,8,1.0291435401725868,1.0367076824282138,0.4689082069454343,False
43,adaptive_quality,22,5,8,16,1.0609945333126722,1.0600209865814092,0.5920339921512687,False
43,adaptive_quality,22,6,2,4,1.0031185509024652,1.003641266470019,0.36401277502167556,False
43,adaptive_quality,22,7,4,8,1.0100710327978955,1.0136028142301394,0.46644608286110706,False
43,adaptive_quality,22,8,8,16,1.0209129166166089,1.0223937097640716,0.3895036453177273,False
43,adaptive_quality,22,9,2,4,1.0311192216057523,1.0721467711298183,0.3066870306696055,False
43,adaptive_quality,22,10,4,8,1.0143832974317901,1.0266000586889483,0.3762646341402207,False
43,adaptive_quality,22,11,8,16,1.0098413297989044,1.009483452541265,0.3113636390950124,False
43,adaptive_quality,22,12,2,4,1.0077561689989536,1.007139272576075,0.3324506860245852,False
43,adaptive_quality,22,13,6,8,1.0129295004226442,1.0120679138307163,0.24199845481423612,True
43,adaptive_quality,22,14,8,16,1.0388068019820555,1.0381124752095472,0.516122474161602,False
43,adaptive_quality,23,0,2,4,1.0378960838726519,1.0386625177889237,0.33816798143272386,False
43,adaptive_quality,23,1,4,8,1.0313748381129644,1.0500133047888027,0.47140785299735294,False
43,adaptive_quality,23,2,8,16,1.0357165671389814,1.0413790361583444,0.5171681180881171,False
43,adaptive_quality,23,3,2,4,1.0477814573452986,1.0403659883858039,0.39795828721692267,False
43,adaptive_quality,23,4,4,8,1.027187613094808,1.033851661628192,0.4710874244169978,False
43,adaptive_quality,23,5,8,16,1.048995756763341,1.0567134176359887,0.5982874956139592,False
43,adaptive_quality,23,6,2,4,1.0030622043095359,1.0034675478218742,0.365674168159818,False
43,adaptive_quality,23,7,4,8,1.0120589565684517,1.013139656931633,0.4690546303112881,False
43,adaptive_quality,23,8,8,16,1.019335103710743,1.0214761279480729,0.3910344782301478,False
43,adaptive_quality,23,9,2,4,1.0140432893804865,1.0547157266050187,0.3079363101013445,False
43,adaptive_quality,23,10,4,8,1.0155472575497673,1.023284218347194,0.37416302206553903,False
43,adaptive_quality,23,11,8,16,1.0089251608764438,1.0093159650418186,0.3110818664845835,False
43,adaptive_quality,23,12,2,4,1.004588562740747,1.0063740596254767,0.3372736541226094,False
43,adaptive_quality,23,13,8,8,1.012768255344786,1.0122780162849372,0.23743652217976333,True
43,adaptive_quality,23,14,8,16,1.0434021213501388,1.0396993690517247,0.5182670771507343,False
43,adaptive_quality,24,0,2,4,1.0116766132873587,1.0305667464384543,0.33937934555847704,False
43,adaptive_quality,24,1,4,8,1.0674634914979069,1.055248360801534,0.47246932596870017,False
43,adaptive_quality,24,2,8,16,1.046779025018624,1.0429990328164283,0.5179206246290714,False
43,adaptive_quality,24,3,2,4,1.0391853003835716,1.0400117819851342,0.3992659942272095,False
43,adaptive_quality,24,4,4,8,1.0386633528953162,1.0352951690083292,0.47239400272431253,False
43,adaptive_quality,24,5,8,16,1.0503683223717197,1.054809889056708,0.6015421469008229,False
43,adaptive_quality,24,6,2,4,1.0032496215892368,1.003402169952083,0.3666917167943971,False
43,adaptive_quality,24,7,4,8,1.0098097388487854,1.0121406815067788,0.46982107506241355,False
43,adaptive_quality,24,8,8,16,1.0213107338270455,1.0214265097117647,0.3925390078490032,False
43,adaptive_quality,24,9,2,4,1.0064492424023306,1.0402357813442122,0.30866855340050825,False
43,adaptive_quality,24,10,4,8,1.0148068407099613,1.0207410050560242,0.3727211592432694,False
43,adaptive_quality,24,11,8,16,1.008489360983976,1.0090679838244658,0.3103467153264265,False
43,adaptive_quality,24,12,2,4,1.003466088455361,1.005501668274442,0.3411058271909644,False
43,adaptive_quality,24,13,8,8,1.0108876764797499,1.011860914343381,0.24016136785624412,False
43,adaptive_quality,24,14,8,16,1.0369946209531493,1.038887944622152,0.5207830172865282,False
43,adaptive_quality,25,0,2,4,1.0743892605761058,1.0437135006797496,0.340969805357768,False
43,adaptive_quality,25,1,4,8,1.0309146402876936,1.0479482446473818,0.47269173591753944,False
43,adaptive_quality,25,2,8,16,1.0391129139237232,1.0418331971486168,0.5184951398933043,False
43,adaptive_quality,25,3,2,4,1.0389940984558552,1.0397064769263507,0.4004190542743799,False
43,adaptive_quality,25,4,4,8,1.0296066963583301,1.0335886272133294,0.473636759815073,False
43,adaptive_quality,25,5,8,16,1.0450537839338034,1.0518830575198366,0.6035787551813626,False
43,adaptive_quality,25,6,2,4,1.0034314186197366,1.0034109445523791,0.36696848207838273,False
43,adaptive_quality,25,7,4,8,1.0119450939785528,1.012082005248311,0.4710356514224876,False
43,adaptive_quality,25,8,8,16,1.020323918637009,1.021095732389338,0.3942955273461316,False
43,adaptive_quality,25,9,2,4,1.0071160962030472,1.0302998758018627,0.30877188605656963,False
43,adaptive_quality,25,10,4,8,1.0168687820599538,1.019579338157203,0.3711238249804378,False
43,adaptive_quality,25,11,8,16,1.0097345258968216,1.0092679464461725,0.3094605076535156,False
43,adaptive_quality,25,12,2,4,1.001730604998519,1.0043703492916651,0.3436519511765028,False
43,adaptive_quality,25,13,8,8,1.0084007667221342,1.010822870057007,0.24461825682191277,False
43,adaptive_quality,25,14,8,16,1.0441169551334113,1.0404566477755297,0.5232104013048601,False
43,adaptive_quality,26,0,2,4,1.1499362783271707,1.075580333973976,0.3412902456017132,False
43,adaptive_quality,26,1,4,8,1.030224459460868,1.0426311090914275,0.47224386820906095,False
43,adaptive_quality,26,2,8,16,1.0463370081004615,1.0431843404341703,0.518796276061326,False
43,adaptive_quality,26,3,2,4,1.0397488942145285,1.039719202112804,0.40090382350888554,False
43,adaptive_quality,26,4,4,8,1.0518025536373123,1.0390528051405243,0.4744999744033346,False
43,adaptive_quality,26,5,8,16,1.0683839114512585,1.0568333136992631,0.6069918108540114,False
43,adaptive_quality,26,6,2,4,1.0034114014980369,1.0034110816360764,0.3685277267939757,False
43,adaptive_quality,26,7,4,8,1.0096616762164046,1.0113559065387392,0.47171559498375154,False
43,adaptive_quality,26,8,8,16,1.0196475540507006,1.0206612788877467,0.39524402984102835,False
43,adaptive_quality,26,9,2,4,1.0063757485883151,1.0231226376377984,0.3096436535298326,False
43,adaptive_quality,26,10,4,8,1.0148214915039953,1.0181519841612405,0.36976083628181666,False
43,adaptive_quality,26,11,8,16,1.0089440680665254,1.0091707829322782,0.3081413304428336,False
43,adaptive_quality,26,12,2,4,1.001280230402246,1.0034433136248393,0.3454617657334681,False
43,adaptive_quality,26,13,6,8,1.0087007134076278,1.0101862230621932,0.23443179801258565,True
43,adaptive_quality,26,14,8,16,1.053900051893482,1.0444896690109153,0.5242488853205693,False
43,adaptive_quality,27,0,2,4,1.0470135008614205,1.0670102840402094,0.3417849723538131,False
43,adaptive_quality,27,1,4,8,1.0228021117744164,1.0366824098963243,0.4706260908788453,False
43,adaptive_quality,27,2,8,16,1.0404040967075963,1.042350267316198,0.5207657695701247,False
43,adaptive_quality,27,3,2,4,1.041245114361692,1.0401769757874706,0.4014851870025918,False
43,adaptive_quality,27,4,4,8,1.0289475362286025,1.0360212244669478,0.4762986475397284,False
43,adaptive_quality,27,5,8,16,1.0597827886313205,1.0577181561788804,0.6101582653779021,False
43,adaptive_quality,27,6,2,4,1.0034632386299953,1.0034267287342522,0.3683659582244287,False
43,adaptive_quality,27,7,4,8,1.011958177469726,1.0115365878180351,0.4736126027100456,False
43,adaptive_quality,27,8,8,16,1.0193891166390725,1.0202796302131445,0.3957406379019175,False
43,adaptive_quality,27,9,2,4,1.005732873514979,1.0179057084009526,0.31024510665733257,False
43,adaptive_quality,27,10,4,8,1.0208043107184244,1.0189476821283956,0.3682824072990558,False
43,adaptive_quality,27,11,8,16,1.0083800230436304,1.008933554965684,0.3084642219032231,False
43,adaptive_quality,27,12,2,4,1.0011363799091133,1.0027512335101214,0.34777597478961453,False
43,adaptive_quality,27,13,8,8,1.0098490191825795,1.010085061898309,0.2304459996312733,True
43,adaptive_quality,27,14,8,16,1.0448809374749708,1.044607049550132,0.5250915630481877,False
43,adaptive_quality,28,0,2,4,1.0918127658574401,1.0744510285853786,0.34323263346119537,False
43,adaptive_quality,28,1,4,8,1.033298669991526,1.035667287924885,0.4696253993016453,False
43,adaptive_quality,28,2,8,16,1.0416987204490886,1.0421548032560652,0.5211322253681933,False
43,adaptive_quality,28,3,2,4,1.0350064329730801,1.0386258129431534,0.4017198313811762,False
43,adaptive_quality,28,4,4,8,1.0267833850914527,1.0332498726542991,0.477593661023194,False
43,adaptive_quality,28,5,8,16,1.0547137367413093,1.056816830347609,0.6119975404127012,False
43,adaptive_quality,28,6,2,4,1.003754328723026,1.0035250087308842,0.36883472160485287,False
43,adaptive_quality,28,7,4,8,1.0126446885385887,1.0118690180342012,0.4750281790960178,False
43,adaptive_quality,28,8,8,16,1.021672417376167,1.0206974663620514,0.39568608147404694,False
43,adaptive_quality,28,9,2,4,1.00425897212838,1.0138116875191807,0.31054384959437165,False
43,adaptive_quality,28,10,4,8,1.0195412139907134,1.019125741687091,0.36672521418111564,False
43,adaptive_quality,28,11,8,16,1.0080498437252556,1.0086684415935554,0.30829727344133384,False
43,adaptive_quality,28,12,2,4,1.0010850393656847,1.0022513752667903,0.3485811189358936,False
43,adaptive_quality,28,13,8,8,1.0090701139590417,1.009780577516529,0.23501433064098154,False
43,adaptive_quality,28,14,8,16,1.0425797956296836,1.0439988733739975,0.5267810435243915,False
43,adaptive_quality,29,0,2,4,1.0541601541931902,1.068363766267722,0.34482382806338857,False
43,adaptive_quality,29,1,4,8,1.032143895510488,1.0346102702005657,0.46955971063027235,False
43,adaptive_quality,29,2,8,16,1.0426440363800298,1.0423015731932546,0.5205542272296517,False
43,adaptive_quality,29,3,2,4,1.0380487093093962,1.0384526818530262,0.4017935697140044,False
43,adaptive_quality,29,4,4,8,1.031312842499139,1.032668763607751,0.4774993207354847,False
43,adaptive_quality,29,5,8,16,1.0536575662182428,1.0558690511087991,0.6120416282282913,False
43,adaptive_quality,29,6,2,4,1.0038538305059859,1.0036236552634148,0.3692425018059418,False
43,adaptive_quality,29,7,4,8,1.0103031119887635,1.0113992462205699,0.4749973014430127,False
43,adaptive_quality,29,8,8,16,1.0215778232996842,1.0209615734433413,0.39521154648390444,False
43,adaptive_quality,29,9,2,4,1.0035266634482178,1.0107261802978917,0.3113756797752736,False
43,adaptive_quality,29,10,4,8,1.023106807673284,1.0203200614829488,0.3653706306399976,False
43,adaptive_quality,29,11,8,16,1.0082126056236724,1.0085316908025905,0.30852866090036135,False
43,adaptive_quality,29,12,2,4,1.0010619966876795,1.001894561693057,0.35155389603247905,False
43,adaptive_quality,29,13,8,8,1.0081143401005963,1.009280706291749,0.2420771644008075,False
43,adaptive_quality,29,14,8,16,1.055235792391874,1.0473699490793607,0.5266341924433513,False
43,adaptive_quality,30,0,2,4,1.0168985992162236,1.0529242161522725,0.3464364196144875,False
43,adaptive_quality,30,1,4,8,1.0288831421072957,1.0328921317725848,0.4694685393065544,False
43,adaptive_quality,30,2,8,16,1.0516973926592055,1.0451203190330398,0.5213063494568793,False
43,adaptive_quality,30,3,2,4,1.0383144026628655,1.038411198095978,0.4020645174063628,False
43,adaptive_quality,30,4,4,8,1.0239056089586298,1.0300398172130145,0.47641514736587126,False
43,adaptive_quality,30,5,8,16,1.0480537246201043,1.0535244531621906,0.6136191986572297,False
43,adaptive_quality,30,6,2,4,1.004081374300872,1.003760970974652,0.3688329760490364,False
43,adaptive_quality,30,7,4,8,1.0095365722161633,1.010840444019248,0.47491536377164023,False
43,adaptive_quality,30,8,8,16,1.0206280614935488,1.0208615198584035,0.3943559368113644,False
43,adaptive_quality,30,9,2,4,1.0034345102005027,1.008538679268675,0.31172745996006146,False
43,adaptive_quality,30,10,4,8,1.0243220942874183,1.0215206713242897,0.3632559877058942,False
43,adaptive_quality,30,11,8,16,1.0079849371531062,1.0083676647077453,0.30927025935367336,False
43,adaptive_quality,30,12,2,4,1.0011088594913629,1.0016588510325488,0.35379623004184896,False
43,adaptive_quality,30,13,6,8,1.0076219961041075,1.0087830932354565,0.234727210449042,True
43,adaptive_quality,30,14,8,16,1.060759623409317,1.0513868513783475,0.5278886194875236,False
43,fedavg16,1,0,16,16,,,,
43,fedavg16,1,1,16,16,,,,
43,fedavg16,1,2,16,16,,,,
43,fedavg16,1,3,16,16,,,,
43,fedavg16,1,4,16,16,,,,
43,fedavg16,1,5,16,16,,,,
43,fedavg16,1,6,16,16,,,,
43,fedavg16,1,7,16,16,,,,
43,fedavg16,1,8,16,16,,,,
43,fedavg16,1,9,16,16,,,,
43,fedavg16,1,10,16,16,,,,
43,fedavg16,1,11,16,16,,,,
43,fedavg16,1,12,16,16,,,,
43,fedavg16,1,13,16,16,,,,
43,fedavg16,1,14,16,16,,,,
43,fedavg16,2,0,16,16,,,,
43,fedavg16,2,1,16,16,,,,
43,fedavg16,2,2,16,16,,,,
43,fedavg16,2,3,16,16,,,,
43,fedavg16,2,4,16,16,,,,
43,fedavg16,2,5,16,16,,,,
43,fedavg16,2,6,16,16,,,,
43,fedavg16,2,7,16,16,,,,
43,fedavg16,2,8,16,16,,,,
43,fedavg16,2,9,16,16,,,,
43,fedavg16,2,10,16,16,,,,
43,fedavg16,2,11,16,16,,,,
43,fedavg16,2,12,16,16,,,,
43,fedavg16,2,13,16,16,,,,
43,fedavg16,2,14,16,16,,,,
43,fedavg16,3,0,16,16,,,,
43,fedavg16,3,1,16,16,,,,
43,fedavg16,3,2,16,16,,,,
43,fedavg16,3,3,16,16,,,,
43,fedavg16,3,4,16,16,,,,
43,fedavg16,3,5,16,16,,,,
43,fedavg16,3,6,16,16,,,,
43,fedavg16,3,7,16,16,,,,
43,fedavg16,3,8,16,16,,,,
43,fedavg16,3,9,16,16,,,,
43,fedavg16,3,10,16,16,,,,
43,fedavg16,3,11,16,16,,,,
43,fedavg16,3,12,16,16,,,,
43,fedavg16,3,13,16,16,,,,
43,fedavg16,3,14,16,16,,,,
43,fedavg16,4,0,16,16,,,,
43,fedavg16,4,1,16,16,,,,
43,fedavg16,4,2,16,16,,,,
43,fedavg16,4,3,16,16,,,,
43,fedavg16,4,4,16,16,,,,
43,fedavg16,4,5,16,16,,,,
43,fedavg16,4,6,16,16,,,,
43,fedavg16,4,7,16,16,,,,
43,fedavg16,4,8,16,16,,,,
43,fedavg16,4,9,16,16,,,,
43,fedavg16,4,10,16,16,,,,
43,fedavg16,4,11,16,16,,,,
43,fedavg16,4,12,16,16,,,,
43,fedavg16,4,13,16,16,,,,
43,fedavg16,4,14,16,16,,,,
43,fedavg16,5,0,16,16,,,,
43,fedavg16,5,1,16,16,,,,
43,fedavg16,5,2,16,16,,,,
43,fedavg16,5,3,16,16,,,,
43,fedavg16,5,4,16,16,,,,
43,fedavg16,5,5,16,16,,,,
43,fedavg16,5,6,16,16,,,,
43,fedavg16,5,7,16,16,,,,
43,fedavg16,5,8,16,16,,,,
43,fedavg16,5,9,16,16,,,,
43,fedavg16,5,10,16,16,,,,
43,fedavg16,5,11,16,16,,,,
43,fedavg16,5,12,16,16,,,,
43,fedavg16,5,13,16,16,,,,
43,fedavg16,5,14,16,16,,,,
43,fedavg16,6,0,16,16,,,,
43,fedavg16,6,1,16,16,,,,
43,fedavg16,6,2,16,16,,,,
43,fedavg16,6,3,16,16,,,,
43,fedavg16,6,4,16,16,,,,
43,fedavg16,6,5,16,16,,,,
43,fedavg16,6,6,16,16,,,,
43,fedavg16,6,7,16,16,,,,
43,fedavg16,6,8,16,16,,,,
43,fedavg16,6,9,16,16,,,,
43,fedavg16,6,10,16,16,,,,
43,fedavg16,6,11,16,16,,,,
43,fedavg16,6,12,16,16,,,,
43,fedavg16,6,13,16,16,,,,
43,fedavg16,6,14,16,16,,,,
43,fedavg16,7,0,16,16,,,,
43,fedavg16,7,1,16,16,,,,
43,fedavg16,7,2,16,16,,,,
43,fedavg16,7,3,16,16,,,,
43,fedavg16,7,4,16,16,,,,
43,fedavg16,7,5,16,16,,,,
43,fedavg16,7,6,16,16,,,,
43,fedavg16,7,7,16,16,,,,
43,fedavg16,7,8,16,16,,,,
43,fedavg16,7,9,16,16,,,,
43,fedavg16,7,10,16,16,,,,
43,fedavg16,7,11,16,16,,,,
43,fedavg16,7,12,16,16,,,,
43,fedavg16,7,13,16,16,,,,
43,fedavg16,7,14,16,16,,,,
43,fedavg16,8,0,16,16,,,,
43,fedavg16,8,1,16,16,,,,
43,fedavg16,8,2,16,16,,,,
43,fedavg16,8,3,16,16,,,,
43,fedavg16,8,4,16,16,,,,
43,fedavg16,8,5,16,16,,,,
43,fedavg16,8,6,16,16,,,,
43,fedavg16,8,7,16,16,,,,
43,fedavg16,8,8,16,16,,,,
43,fedavg16,8,9,16,16,,,,
43,fedavg16,8,10,16,16,,,,
43,fedavg16,8,11,16,16,,,,
43,fedavg16,8,12,16,16,,,,
43,fedavg16,8,13,16,16,,,,
43,fedavg16,8,14,16,16,,,,
43,fedavg16,9,0,16,16,,,,
43,fedavg16,9,1,16,16,,,,
43,fedavg16,9,2,16,16,,,,
43,fedavg16,9,3,16,16,,,,
43,fedavg16,9,4,16,16,,,,
43,fedavg16,9,5,16,16,,,,
43,fedavg16,9,6,16,16,,,,
43,fedavg16,9,7,16,16,,,,
43,fedavg16,9,8,16,16,,,,
43,fedavg16,9,9,16,16,,,,
43,fedavg16,9,10,16,16,,,,
43,fedavg16,9,11,16,16,,,,
43,fedavg16,9,12,16,16,,,,
43,fedavg16,9,13,16,16,,,,
43,fedavg16,9,14,16,16,,,,
43,fedavg16,10,0,16,16,,,,
43,fedavg16,10,1,16,16,,,,
43,fedavg16,10,2,16,16,,,,
43,fedavg16,10,3,16,16,,,,
43,fedavg16,10,4,16,16,,,,
43,fedavg16,10,5,16,16,,,,
43,fedavg16,10,6,16,16,,,,
43,fedavg16,10,7,16,16,,,,
43,fedavg16,10,8,16,16,,,,
43,fedavg16,10,9,16,16,,,,
43,fedavg16,10,10,16,16,,,,
43,fedavg16,10,11,16,16,,,,
43,fedavg16,10,12,16,16,,,,
43,fedavg16,10,13,16,16,,,,
43,fedavg16,10,14,16,16,,,,
43,fedavg16,11,0,16,16,,,,
43,fedavg16,11,1,16,16,,,,
43,fedavg16,11,2,16,16,,,,
43,fedavg16,11,3,16,16,,,,
43,fedavg16,11,4,16,16,,,,
43,fedavg16,11,5,16,16,,,,
43,fedavg16,11,6,16,16,,,,
43,fedavg16,11,7,16,16,,,,
43,fedavg16,11,8,16,16,,,,
43,fedavg16,11,9,16,16,,,,
43,fedavg16,11,10,16,16,,,,
43,fedavg16,11,11,16,16,,,,
43,fedavg16,11,12,16,16,,,,
43,fedavg16,11,13,16,16,,,,
43,fedavg16,11,14,16,16,,,,
43,fedavg16,12,0,16,16,,,,
43,fedavg16,12,1,16,16,,,,
43,fedavg16,12,2,16,16,,,,
43,fedavg16,12,3,16,16,,,,
43,fedavg16,12,4,16,16,,,,
43,fedavg16,12,5,16,16,,,,
43,fedavg16,12,6,16,16,,,,
43,fedavg16,12,7,16,16,,,,
43,fedavg16,12,8,16,16,,,,
43,fedavg16,12,9,16,16,,,,
43,fedavg16,12,10,16,16,,,,
43,fedavg16,12,11,16,16,,,,
43,fedavg16,12,12,16,16,,,,
43,fedavg16,12,13,16,16,,,,
43,fedavg16,12,14,16,16,,,,
43,fedavg16,13,0,16,16,,,,
43,fedavg16,13,1,16,16,,,,
43,fedavg16,13,2,16,16,,,,
43,fedavg16,13,3,16,16,,,,
43,fedavg16,13,4,16,16,,,,
43,fedavg16,13,5,16,16,,,,
43,fedavg16,13,6,16,16,,,,
43,fedavg16,13,7,16,16,,,,
43,fedavg16,13,8,16,16,,,,
43,fedavg16,13,9,16,16,,,,
43,fedavg16,13,10,16,16,,,,
43,fedavg16,13,11,16,16,,,,
43,fedavg16,13,12,16,16,,,,
43,fedavg16,13,13,16,16,,,,
43,fedavg16,13,14,16,16,,,,
43,fedavg16,14,0,16,16,,,,
43,fedavg16,14,1,16,16,,,,
43,fedavg16,14,2,16,16,,,,
43,fedavg16,14,3,16,16,,,,
43,fedavg16,14,4,16,16,,,,
43,fedavg16,14,5,16,16,,,,
43,fedavg16,14,6,16,16,,,,
43,fedavg16,14,7,16,16,,,,
43,fedavg16,14,8,16,16,,,,
43,fedavg16,14,9,16,16,,,,
43,fedavg16,14,10,16,16,,,,
43,fedavg16,14,11,16,16,,,,
43,fedavg16,14,12,16,16,,,,
43,fedavg16,14,13,16,16,,,,
43,fedavg16,14,14,16,16,,,,
43,fedavg16,15,0,16,16,,,,
43,fedavg16,15,1,16,16,,,,
43,fedavg16,15,2,16,16,,,,
43,fedavg16,15,3,16,16,,,,
43,fedavg16,15,4,16,16,,,,
43,fedavg16,15,5,16,16,,,,
43,fedavg16,15,6,16,16,,,,
43,fedavg16,15,7,16,16,,,,
43,fedavg16,15,8,16,16,,,,
43,fedavg16,15,9,16,16,,,,
43,fedavg16,15,10,16,16,,,,
43,fedavg16,15,11,16,16,,,,
43,fedavg16,15,12,16,16,,,,
43,fedavg16,15,13,16,16,,,,
43,fedavg16,15,14,16,16,,,,
43,fedavg16,16,0,16,16,,,,
43,fedavg16,16,1,16,16,,,,
43,fedavg16,16,2,16,16,,,,
43,fedavg16,16,3,16,16,,,,
43,fedavg16,16,4,16,16,,,,
43,fedavg16,16,5,16,16,,,,
43,fedavg16,16,6,16,16,,,,
43,fedavg16,16,7,16,16,,,,
43,fedavg16,16,8,16,16,,,,
43,fedavg16,16,9,16,16,,,,
43,fedavg16,16,10,16,16,,,,
43,fedavg16,16,11,16,16,,,,
43,fedavg16,16,12,16,16,,,,
43,fedavg16,16,13,16,16,,,,
43,fedavg16,16,14,16,16,,,,
43,fedavg16,17,0,16,16,,,,
43,fedavg16,17,1,16,16,,,,
43,fedavg16,17,2,16,16,,,,
43,fedavg16,17,3,16,16,,,,
43,fedavg16,17,4,16,16,,,,
43,fedavg16,17,5,16,16,,,,
43,fedavg16,17,6,16,16,,,,
43,fedavg16,17,7,16,16,,,,
43,fedavg16,17,8,16,16,,,,
43,fedavg16,17,9,16,16,,,,
43,fedavg16,17,10,16,16,,,,
43,fedavg16,17,11,16,16,,,,
43,fedavg16,17,12,16,16,,,,
43,fedavg16,17,13,16,16,,,,
43,fedavg16,17,14,16,16,,,,
43,fedavg16,18,0,16,16,,,,
43,fedavg16,18,1,16,16,,,,
43,fedavg16,18,2,16,16,,,,
43,fedavg16,18,3,16,16,,,,
43,fedavg16,18,4,16,16,,,,
43,fedavg16,18,5,16,16,,,,
43,fedavg16,18,6,16,16,,,,
43,fedavg16,18,7,16,16,,,,
43,fedavg16,18,8,16,16,,,,
43,fedavg16,18,9,16,16,,,,
43,fedavg16,18,10,16,16,,,,
43,fedavg16,18,11,16,16,,,,
43,fedavg16,18,12,16,16,,,,
43,fedavg16,18,13,16,16,,,,
43,fedavg16,18,14,16,16,,,,
43,fedavg16,19,0,16,16,,,,
43,fedavg16,19,1,16,16,,,,
43,fedavg16,19,2,16,16,,,,
43,fedavg16,19,3,16,16,,,,
43,fedavg16,19,4,16,16,,,,
43,fedavg16,19,5,16,16,,,,
43,fedavg16,19,6,16,16,,,,
43,fedavg16,19,7,16,16,,,,
43,fedavg16,19,8,16,16,,,,
43,fedavg16,19,9,16,16,,,,
43,fedavg16,19,10,16,16,,,,
43,fedavg16,19,11,16,16,,,,
43,fedavg16,19,12,16,16,,,,
43,fedavg16,19,13,16,16,,,,
43,fedavg16,19,14,16,16,,,,
43,fedavg16,20,0,16,16,,,,
43,fedavg16,20,1,16,16,,,,
43,fedavg16,20,2,16,16,,,,
43,fedavg16,20,3,16,16,,,,
43,fedavg16,20,4,16,16,,,,
43,fedavg16,20,5,16,16,,,,
43,fedavg16,20,6,16,16,,,,
43,fedavg16,20,7,16,16,,,,
43,fedavg16,20,8,16,16,,,,
43,fedavg16,20,9,16,16,,,,
43,fedavg16,20,10,16,16,,,,
43,fedavg16,20,11,16,16,,,,
43,fedavg16,20,12,16,16,,,,
43,fedavg16,20,13,16,16,,,,
43,fedavg16,20,14,16,16,,,,
43,fedavg16,21,0,16,16,,,,
43,fedavg16,21,1,16,16,,,,
43,fedavg16,21,2,16,16,,,,
43,fedavg16,21,3,16,16,,,,
43,fedavg16,21,4,16,16,,,,
43,fedavg16,21,5,16,16,,,,
43,fedavg16,21,6,16,16,,,,
43,fedavg16,21,7,16,16,,,,
43,fedavg16,21,8,16,16,,,,
43,fedavg16,21,9,16,16,,,,
43,fedavg16,21,10,16,16,,,,
43,fedavg16,21,11,16,16,,,,
43,fedavg16,21,12,16,16,,,,
43,fedavg16,21,13,16,16,,,,
43,fedavg16,21,14,16,16,,,,
43,fedavg16,22,0,16,16,,,,
43,fedavg16,22,1,16,16,,,,
43,fedavg16,22,2,16,16,,,,
43,fedavg16,22,3,16,16,,,,
43,fedavg16,22,4,16,16,,,,
43,fedavg16,22,5,16,16,,,,
43,fedavg16,22,6,16,16,,,,
43,fedavg16,22,7,16,16,,,,
43,fedavg16,22,8,16,16,,,,
43,fedavg16,22,9,16,16,,,,
43,fedavg16,22,10,16,16,,,,
43,fedavg16,22,11,16,16,,,,
43,fedavg16,22,12,16,16,,,,
43,fedavg16,22,13,16,16,,,,
43,fedavg16,22,14,16,16,,,,
43,fedavg16,23,0,16,16,,,,
43,fedavg16,23,1,16,16,,,,
43,fedavg16,23,2,16,16,,,,
43,fedavg16,23,3,16,16,,,,
43,fedavg16,23,4,16,16,,,,
43,fedavg16,23,5,16,16,,,,
43,fedavg16,23,6,16,16,,,,
43,fedavg16,23,7,16,16,,,,
43,fedavg16,23,8,16,16,,,,
43,fedavg16,23,9,16,16,,,,
43,fedavg16,23,10,16,16,,,,
43,fedavg16,23,11,16,16,,,,
43,fedavg16,23,12,16,16,,,,
43,fedavg16,23,13,16,16,,,,
43,fedavg16,23,14,16,16,,,,
43,fedavg16,24,0,16,16,,,,
43,fedavg16,24,1,16,16,,,,
43,fedavg16,24,2,16,16,,,,
43,fedavg16,24,3,16,16,,,,
43,fedavg16,24,4,16,16,,,,
43,fedavg16,24,5,16,16,,,,
43,fedavg16,24,6,16,16,,,,
43,fedavg16,24,7,16,16,,,,
43,fedavg16,24,8,16,16,,,,
43,fedavg16,24,9,16,16,,,,
43,fedavg16,24,10,16,16,,,,
43,fedavg16,24,11,16,16,,,,
43,fedavg16,24,12,16,16,,,,
43,fedavg16,24,13,16,16,,,,
43,fedavg16,24,14,16,16,,,,
43,fedavg16,25,0,16,16,,,,
43,fedavg16,25,1,16,16,,,,
43,fedavg16,25,2,16,16,,,,
43,fedavg16,25,3,16,16,,,,
43,fedavg16,25,4,16,16,,,,
43,fedavg16,25,5,16,16,,,,
43,fedavg16,25,6,16,16,,,,
43,fedavg16,25,7,16,16,,,,
43,fedavg16,25,8,16,16,,,,
43,fedavg16,25,9,16,16,,,,
43,fedavg16,25,10,16,16,,,,
43,fedavg16,25,11,16,16,,,,
43,fedavg16,25,12,16,16,,,,
43,fedavg16,25,13,16,16,,,,
43,fedavg16,25,14,16,16,,,,
43,fedavg16,26,0,16,16,,,,
43,fedavg16,26,1,16,16,,,,
43,fedavg16,26,2,16,16,,,,
43,fedavg16,26,3,16,16,,,,
43,fedavg16,26,4,16,16,,,,
43,fedavg16,26,5,16,16,,,,
43,fedavg16,26,6,16,16,,,,
43,fedavg16,26,7,16,16,,,,
43,fedavg16,26,8,16,16,,,,
43,fedavg16,26,9,16,16,,,,
43,fedavg16,26,10,16,16,,,,
43,fedavg16,26,11,16,16,,,,
43,fedavg16,26,12,16,16,,,,
43,fedavg16,26,13,16,16,,,,
43,fedavg16,26,14,16,16,,,,
43,fedavg16,27,0,16,16,,,,
43,fedavg16,27,1,16,16,,,,
43,fedavg16,27,2,16,16,,,,
43,fedavg16,27,3,16,16,,,,
43,fedavg16,27,4,16,16,,,,
43,fedavg16,27,5,16,16,,,,
43,fedavg16,27,6,16,16,,,,
43,fedavg16,27,7,16,16,,,,
43,fedavg16,27,8,16,16,,,,
43,fedavg16,27,9,16,16,,,,
43,fedavg16,27,10,16,16,,,,
43,fedavg16,27,11,16,16,,,,
43,fedavg16,27,12,16,16,,,,
43,fedavg16,27,13,16,16,,,,
43,fedavg16,27,14,16,16,,,,
43,fedavg16,28,0,16,16,,,,
43,fedavg16,28,1,16,16,,,,
43,fedavg16,28,2,16,16,,,,
43,fedavg16,28,3,16,16,,,,
43,fedavg16,28,4,16,16,,,,
43,fedavg16,28,5,16,16,,,,
43,fedavg16,28,6,16,16,,,,
43,fedavg16,28,7,16,16,,,,
43,fedavg16,28,8,16,16,,,,
43,fedavg16,28,9,16,16,,,,
43,fedavg16,28,10,16,16,,,,
43,fedavg16,28,11,16,16,,,,
43,fedavg16,28,12,16,16,,,,
43,fedavg16,28,13,16,16,,,,
43,fedavg16,28,14,16,16,,,,
43,fedavg16,29,0,16,16,,,,
43,fedavg16,29,1,16,16,,,,
43,fedavg16,29,2,16,16,,,,
43,fedavg16,29,3,16,16,,,,
43,fedavg16,29,4,16,16,,,,
43,fedavg16,29,5,16,16,,,,
43,fedavg16,29,6,16,16,,,,
43,fedavg16,29,7,16,16,,,,
43,fedavg16,29,8,16,16,,,,
43,fedavg16,29,9,16,16,,,,
43,fedavg16,29,10,16,16,,,,
43,fedavg16,29,11,16,16,,,,
43,fedavg16,29,12,16,16,,,,
43,fedavg16,29,13,16,16,,,,
43,fedavg16,29,14,16,16,,,,
43,fedavg16,30,0,16,16,,,,
43,fedavg16,30,1,16,16,,,,
43,fedavg16,30,2,16,16,,,,
43,fedavg16,30,3,16,16,,,,
43,fedavg16,30,4,16,16,,,,
43,fedavg16,30,5,16,16,,,,
43,fedavg16,30,6,16,16,,,,
43,fedavg16,30,7,16,16,,,,
43,fedavg16,30,8,16,16,,,,
43,fedavg16,30,9,16,16,,,,
43,fedavg16,30,10,16,16,,,,
43,fedavg16,30,11,16,16,,,,
43,fedavg16,30,12,16,16,,,,
43,fedavg16,30,13,16,16,,,,
43,fedavg16,30,14,16,16,,,,
43,fixed_domain,1,0,4,4,,,,
43,fixed_domain,1,1,8,8,,,,
43,fixed_domain,1,2,16,16,,,,
43,fixed_domain,1,3,4,4,,,,
43,fixed_domain,1,4,8,8,,,,
43,fixed_domain,1,5,16,16,,,,
43,fixed_domain,1,6,4,4,,,,
43,fixed_domain,1,7,8,8,,,,
43,fixed_domain,1,8,16,16,,,,
43,fixed_domain,1,9,4,4,,,,
43,fixed_domain,1,10,8,8,,,,
43,fixed_domain,1,11,16,16,,,,
43,fixed_domain,1,12,4,4,,,,
43,fixed_domain,1,13,8,8,,,,
43,fixed_domain,1,14,16,16,,,,
43,fixed_domain,2,0,4,4,,,,
43,fixed_domain,2,1,8,8,,,,
43,fixed_domain,2,2,16,16,,,,
43,fixed_domain,2,3,4,4,,,,
43,fixed_domain,2,4,8,8,,,,
43,fixed_domain,2,5,16,16,,,,
43,fixed_domain,2,6,4,4,,,,
43,fixed_domain,2,7,8,8,,,,
43,fixed_domain,2,8,16,16,,,,
43,fixed_domain,2,9,4,4,,,,
43,fixed_domain,2,10,8,8,,,,
43,fixed_domain,2,11,16,16,,,,
43,fixed_domain,2,12,4,4,,,,
43,fixed_domain,2,13,8,8,,,,
43,fixed_domain,2,14,16,16,,,,
43,fixed_domain,3,0,4,4,,,,
43,fixed_domain,3,1,8,8,,,,
43,fixed_domain,3,2,16,16,,,,
43,fixed_domain,3,3,4,4,,,,
43,fixed_domain,3,4,8,8,,,,
43,fixed_domain,3,5,16,16,,,,
43,fixed_domain,3,6,4,4,,,,
43,fixed_domain,3,7,8,8,,,,
43,fixed_domain,3,8,16,16,,,,
43,fixed_domain,3,9,4,4,,,,
43,fixed_domain,3,10,8,8,,,,
43,fixed_domain,3,11,16,16,,,,
43,fixed_domain,3,12,4,4,,,,
43,fixed_domain,3,13,8,8,,,,
43,fixed_domain,3,14,16,16,,,,
43,fixed_domain,4,0,4,4,,,,
43,fixed_domain,4,1,8,8,,,,
43,fixed_domain,4,2,16,16,,,,
43,fixed_domain,4,3,4,4,,,,
43,fixed_domain,4,4,8,8,,,,
43,fixed_domain,4,5,16,16,,,,
43,fixed_domain,4,6,4,4,,,,
43,fixed_domain,4,7,8,8,,,,
43,fixed_domain,4,8,16,16,,,,
43,fixed_domain,4,9,4,4,,,,
43,fixed_domain,4,10,8,8,,,,
43,fixed_domain,4,11,16,16,,,,
43,fixed_domain,4,12,4,4,,,,
43,fixed_domain,4,13,8,8,,,,
43,fixed_domain,4,14,16,16,,,,
43,fixed_domain,5,0,4,4,,,,
43,fixed_domain,5,1,8,8,,,,
43,fixed_domain,5,2,16,16,,,,
43,fixed_domain,5,3,4,4,,,,
43,fixed_domain,5,4,8,8,,,,
43,fixed_domain,5,5,16,16,,,,
43,fixed_domain,5,6,4,4,,,,
43,fixed_domain,5,7,8,8,,,,
43,fixed_domain,5,8,16,16,,,,
43,fixed_domain,5,9,4,4,,,,
43,fixed_domain,5,10,8,8,,,,
43,fixed_domain,5,11,16,16,,,,
43,fixed_domain,5,12,4,4,,,,
43,fixed_domain,5,13,8,8,,,,
43,fixed_domain,5,14,16,16,,,,
43,fixed_domain,6,0,4,4,,,,
43,fixed_domain,6,1,8,8,,,,
43,fixed_domain,6,2,16,16,,,,
43,fixed_domain,6,3,4,4,,,,
43,fixed_domain,6,4,8,8,,,,
43,fixed_domain,6,5,16,16,,,,
43,fixed_domain,6,6,4,4,,,,
43,fixed_domain,6,7,8,8,,,,
43,fixed_domain,6,8,16,16,,,,
43,fixed_domain,6,9,4,4,,,,
43,fixed_domain,6,10,8,8,,,,
43,fixed_domain,6,11,16,16,,,,
43,fixed_domain,6,12,4,4,,,,
43,fixed_domain,6,13,8,8,,,,
43,fixed_domain,6,14,16,16,,,,
43,fixed_domain,7,0,4,4,,,,
43,fixed_domain,7,1,8,8,,,,
43,fixed_domain,7,2,16,16,,,,
43,fixed_domain,7,3,4,4,,,,
43,fixed_domain,7,4,8,8,,,,
43,fixed_domain,7,5,16,16,,,,
43,fixed_domain,7,6,4,4,,,,
43,fixed_domain,7,7,8,8,,,,
43,fixed_domain,7,8,16,16,,,,
43,fixed_domain,7,9,4,4,,,,
43,fixed_domain,7,10,8,8,,,,
43,fixed_domain,7,11,16,16,,,,
43,fixed_domain,7,12,4,4,,,,
43,fixed_domain,7,13,8,8,,,,
43,fixed_domain,7,14,16,16,,,,
43,fixed_domain,8,0,4,4,,,,
43,fixed_domain,8,1,8,8,,,,
43,fixed_domain,8,2,16,16,,,,
43,fixed_domain,8,3,4,4,,,,
43,fixed_domain,8,4,8,8,,,,
43,fixed_domain,8,5,16,16,,,,
43,fixed_domain,8,6,4,4,,,,
43,fixed_domain,8,7,8,8,,,,
43,fixed_domain,8,8,16,16,,,,
43,fixed_domain,8,9,4,4,,,,
43,fixed_domain,8,10,8,8,,,,
43,fixed_domain,8,11,16,16,,,,
43,fixed_domain,8,12,4,4,,,,
43,fixed_domain,8,13,8,8,,,,
43,fixed_domain,8,14,16,16,,,,
43,fixed_domain,9,0,4,4,,,,
43,fixed_domain,9,1,8,8,,,,
43,fixed_domain,9,2,16,16,,,,
43,fixed_domain,9,3,4,4,,,,
43,fixed_domain,9,4,8,8,,,,
43,fixed_domain,9,5,16,16,,,,
43,fixed_domain,9,6,4,4,,,,
43,fixed_domain,9,7,8,8,,,,
43,fixed_domain,9,8,16,16,,,,
43,fixed_domain,9,9,4,4,,,,
43,fixed_domain,9,10,8,8,,,,
43,fixed_domain,9,11,16,16,,,,
43,fixed_domain,9,12,4,4,,,,
43,fixed_domain,9,13,8,8,,,,
43,fixed_domain,9,14,16,16,,,,
43,fixed_domain,10,0,4,4,,,,
43,fixed_domain,10,1,8,8,,,,
43,fixed_domain,10,2,16,16,,,,
43,fixed_domain,10,3,4,4,,,,
43,fixed_domain,10,4,8,8,,,,
43,fixed_domain,10,5,16,16,,,,
43,fixed_domain,10,6,4,4,,,,
43,fixed_domain,10,7,8,8,,,,
43,fixed_domain,10,8,16,16,,,,
43,fixed_domain,10,9,4,4,,,,
43,fixed_domain,10,10,8,8,,,,
43,fixed_domain,10,11,16,16,,,,
43,fixed_domain,10,12,4,4,,,,
43,fixed_domain,10,13,8,8,,,,
43,fixed_domain,10,14,16,16,,,,
43,fixed_domain,11,0,4,4,,,,
43,fixed_domain,11,1,8,8,,,,
43,fixed_domain,11,2,16,16,,,,
43,fixed_domain,11,3,4,4,,,,
43,fixed_domain,11,4,8,8,,,,
43,fixed_domain,11,5,16,16,,,,
43,fixed_domain,11,6,4,4,,,,
43,fixed_domain,11,7,8,8,,,,
43,fixed_domain,11,8,16,16,,,,
43,fixed_domain,11,9,4,4,,,,
43,fixed_domain,11,10,8,8,,,,
43,fixed_domain,11,11,16,16,,,,
43,fixed_domain,11,12,4,4,,,,
43,fixed_domain,11,13,8,8,,,,
43,fixed_domain,11,14,16,16,,,,
43,fixed_domain,12,0,4,4,,,,
43,fixed_domain,12,1,8,8,,,,
43,fixed_domain,12,2,16,16,,,,
43,fixed_domain,12,3,4,4,,,,
43,fixed_domain,12,4,8,8,,,,
43,fixed_domain,12,5,16,16,,,,
43,fixed_domain,12,6,4,4,,,,
43,fixed_domain,12,7,8,8,,,,
43,fixed_domain,12,8,16,16,,,,
43,fixed_domain,12,9,4,4,,,,
43,fixed_domain,12,10,8,8,,,,
43,fixed_domain,12,11,16,16,,,,
43,fixed_domain,12,12,4,4,,,,
43,fixed_domain,12,13,8,8,,,,
43,fixed_domain,12,14,16,16,,,,
43,fixed_domain,13,0,4,4,,,,
43,fixed_domain,13,1,8,8,,,,
43,fixed_domain,13,2,16,16,,,,
43,fixed_domain,13,3,4,4,,,,
43,fixed_domain,13,4,8,8,,,,
43,fixed_domain,13,5,16,16,,,,
43,fixed_domain,13,6,4,4,,,,
43,fixed_domain,13,7,8,8,,,,
43,fixed_domain,13,8,16,16,,,,
43,fixed_domain,13,9,4,4,,,,
43,fixed_domain,13,10,8,8,,,,
43,fixed_domain,13,11,16,16,,,,
43,fixed_domain,13,12,4,4,,,,
43,fixed_domain,13,13,8,8,,,,
43,fixed_domain,13,14,16,16,,,,
43,fixed_domain,14,0,4,4,,,,
43,fixed_domain,14,1,8,8,,,,
43,fixed_domain,14,2,16,16,,,,
43,fixed_domain,14,3,4,4,,,,
43,fixed_domain,14,4,8,8,,,,
43,fixed_domain,14,5,16,16,,,,
43,fixed_domain,14,6,4,4,,,,
43,fixed_domain,14,7,8,8,,,,
43,fixed_domain,14,8,16,16,,,,
43,fixed_domain,14,9,4,4,,,,
43,fixed_domain,14,10,8,8,,,,
43,fixed_domain,14,11,16,16,,,,
43,fixed_domain,14,12,4,4,,,,
43,fixed_domain,14,13,8,8,,,,
43,fixed_domain,14,14,16,16,,,,
43,fixed_domain,15,0,4,4,,,,
43,fixed_domain,15,1,8,8,,,,
43,fixed_domain,15,2,16,16,,,,
43,fixed_domain,15,3,4,4,,,,
43,fixed_domain,15,4,8,8,,,,
43,fixed_domain,15,5,16,16,,,,
43,fixed_domain,15,6,4,4,,,,
43,fixed_domain,15,7,8,8,,,,
43,fixed_domain,15,8,16,16,,,,
43,fixed_domain,15,9,4,4,,,,
43,fixed_domain,15,10,8,8,,,,
43,fixed_domain,15,11,16,16,,,,
43,fixed_domain,15,12,4,4,,,,
43,fixed_domain,15,13,8,8,,,,
43,fixed_domain,15,14,16,16,,,,
43,fixed_domain,16,0,4,4,,,,
43,fixed_domain,16,1,8,8,,,,
43,fixed_domain,16,2,16,16,,,,
43,fixed_domain,16,3,4,4,,,,
43,fixed_domain,16,4,8,8,,,,
43,fixed_domain,16,5,16,16,,,,
43,fixed_domain,16,6,4,4,,,,
43,fixed_domain,16,7,8,8,,,,
43,fixed_domain,16,8,16,16,,,,
43,fixed_domain,16,9,4,4,,,,
43,fixed_domain,16,10,8,8,,,,
43,fixed_domain,16,11,16,16,,,,
43,fixed_domain,16,12,4,4,,,,
43,fixed_domain,16,13,8,8,,,,
43,fixed_domain,16,14,16,16,,,,
43,fixed_domain,17,0,4,4,,,,
43,fixed_domain,17,1,8,8,,,,
43,fixed_domain,17,2,16,16,,,,
43,fixed_domain,17,3,4,4,,,,
43,fixed_domain,17,4,8,8,,,,
43,fixed_domain,17,5,16,16,,,,
43,fixed_domain,17,6,4,4,,,,
43,fixed_domain,17,7,8,8,,,,
43,fixed_domain,17,8,16,16,,,,
43,fixed_domain,17,9,4,4,,,,
43,fixed_domain,17,10,8,8,,,,
43,fixed_domain,17,11,16,16,,,,
43,fixed_domain,17,12,4,4,,,,
43,fixed_domain,17,13,8,8,,,,
43,fixed_domain,17,14,16,16,,,,
43,fixed_domain,18,0,4,4,,,,
43,fixed_domain,18,1,8,8,,,,
43,fixed_domain,18,2,16,16,,,,
43,fixed_domain,18,3,4,4,,,,
43,fixed_domain,18,4,8,8,,,,
43,fixed_domain,18,5,16,16,,,,
43,fixed_domain,18,6,4,4,,,,
43,fixed_domain,18,7,8,8,,,,
43,fixed_domain,18,8,16,16,,,,
43,fixed_domain,18,9,4,4,,,,
43,fixed_domain,18,10,8,8,,,,
43,fixed_domain,18,11,16,16,,,,
43,fixed_domain,18,12,4,4,,,,
43,fixed_domain,18,13,8,8,,,,
43,fixed_domain,18,14,16,16,,,,
43,fixed_domain,19,0,4,4,,,,
43,fixed_domain,19,1,8,8,,,,
43,fixed_domain,19,2,16,16,,,,
43,fixed_domain,19,3,4,4,,,,
43,fixed_domain,19,4,8,8,,,,
43,fixed_domain,19,5,16,16,,,,
43,fixed_domain,19,6,4,4,,,,
43,fixed_domain,19,7,8,8,,,,
43,fixed_domain,19,8,16,16,,,,
43,fixed_domain,19,9,4,4,,,,
43,fixed_domain,19,10,8,8,,,,
43,fixed_domain,19,11,16,16,,,,
43,fixed_domain,19,12,4,4,,,,
43,fixed_domain,19,13,8,8,,,,
43,fixed_domain,19,14,16,16,,,,
43,fixed_domain,20,0,4,4,,,,
43,fixed_domain,20,1,8,8,,,,
43,fixed_domain,20,2,16,16,,,,
43,fixed_domain,20,3,4,4,,,,
43,fixed_domain,20,4,8,8,,,,
43,fixed_domain,20,5,16,16,,,,
43,fixed_domain,20,6,4,4,,,,
43,fixed_domain,20,7,8,8,,,,
43,fixed_domain,20,8,16,16,,,,
43,fixed_domain,20,9,4,4,,,,
43,fixed_domain,20,10,8,8,,,,
43,fixed_domain,20,11,16,16,,,,
43,fixed_domain,20,12,4,4,,,,
43,fixed_domain,20,13,8,8,,,,
43,fixed_domain,20,14,16,16,,,,
43,fixed_domain,21,0,4,4,,,,
43,fixed_domain,21,1,8,8,,,,
43,fixed_domain,21,2,16,16,,,,
43,fixed_domain,21,3,4,4,,,,
43,fixed_domain,21,4,8,8,,,,
43,fixed_domain,21,5,16,16,,,,
43,fixed_domain,21,6,4,4,,,,
43,fixed_domain,21,7,8,8,,,,
43,fixed_domain,21,8,16,16,,,,
43,fixed_domain,21,9,4,4,,,,
43,fixed_domain,21,10,8,8,,,,
43,fixed_domain,21,11,16,16,,,,
43,fixed_domain,21,12,4,4,,,,
43,fixed_domain,21,13,8,8,,,,
43,fixed_domain,21,14,16,16,,,,
43,fixed_domain,22,0,4,4,,,,
43,fixed_domain,22,1,8,8,,,,
43,fixed_domain,22,2,16,16,,,,
43,fixed_domain,22,3,4,4,,,,
43,fixed_domain,22,4,8,8,,,,
43,fixed_domain,22,5,16,16,,,,
43,fixed_domain,22,6,4,4,,,,
43,fixed_domain,22,7,8,8,,,,
43,fixed_domain,22,8,16,16,,,,
43,fixed_domain,22,9,4,4,,,,
43,fixed_domain,22,10,8,8,,,,
43,fixed_domain,22,11,16,16,,,,
43,fixed_domain,22,12,4,4,,,,
43,fixed_domain,22,13,8,8,,,,
43,fixed_domain,22,14,16,16,,,,
43,fixed_domain,23,0,4,4,,,,
43,fixed_domain,23,1,8,8,,,,
43,fixed_domain,23,2,16,16,,,,
43,fixed_domain,23,3,4,4,,,,
43,fixed_domain,23,4,8,8,,,,
43,fixed_domain,23,5,16,16,,,,
43,fixed_domain,23,6,4,4,,,,
43,fixed_domain,23,7,8,8,,,,
43,fixed_domain,23,8,16,16,,,,
43,fixed_domain,23,9,4,4,,,,
43,fixed_domain,23,10,8,8,,,,
43,fixed_domain,23,11,16,16,,,,
43,fixed_domain,23,12,4,4,,,,
43,fixed_domain,23,13,8,8,,,,
43,fixed_domain,23,14,16,16,,,,
43,fixed_domain,24,0,4,4,,,,
43,fixed_domain,24,1,8,8,,,,
43,fixed_domain,24,2,16,16,,,,
43,fixed_domain,24,3,4,4,,,,
43,fixed_domain,24,4,8,8,,,,
43,fixed_domain,24,5,16,16,,,,
43,fixed_domain,24,6,4,4,,,,
43,fixed_domain,24,7,8,8,,,,
43,fixed_domain,24,8,16,16,,,,
43,fixed_domain,24,9,4,4,,,,
43,fixed_domain,24,10,8,8,,,,
43,fixed_domain,24,11,16,16,,,,
43,fixed_domain,24,12,4,4,,,,
43,fixed_domain,24,13,8,8,,,,
43,fixed_domain,24,14,16,16,,,,
43,fixed_domain,25,0,4,4,,,,
43,fixed_domain,25,1,8,8,,,,
43,fixed_domain,25,2,16,16,,,,
43,fixed_domain,25,3,4,4,,,,
43,fixed_domain,25,4,8,8,,,,
43,fixed_domain,25,5,16,16,,,,
43,fixed_domain,25,6,4,4,,,,
43,fixed_domain,25,7,8,8,,,,
43,fixed_domain,25,8,16,16,,,,
43,fixed_domain,25,9,4,4,,,,
43,fixed_domain,25,10,8,8,,,,
43,fixed_domain,25,11,16,16,,,,
43,fixed_domain,25,12,4,4,,,,
43,fixed_domain,25,13,8,8,,,,
43,fixed_domain,25,14,16,16,,,,
43,fixed_domain,26,0,4,4,,,,
43,fixed_domain,26,1,8,8,,,,
43,fixed_domain,26,2,16,16,,,,
43,fixed_domain,26,3,4,4,,,,
43,fixed_domain,26,4,8,8,,,,
43,fixed_domain,26,5,16,16,,,,
43,fixed_domain,26,6,4,4,,,,
43,fixed_domain,26,7,8,8,,,,
43,fixed_domain,26,8,16,16,,,,
43,fixed_domain,26,9,4,4,,,,
43,fixed_domain,26,10,8,8,,,,
43,fixed_domain,26,11,16,16,,,,
43,fixed_domain,26,12,4,4,,,,
43,fixed_domain,26,13,8,8,,,,
43,fixed_domain,26,14,16,16,,,,
43,fixed_domain,27,0,4,4,,,,
43,fixed_domain,27,1,8,8,,,,
43,fixed_domain,27,2,16,16,,,,
43,fixed_domain,27,3,4,4,,,,
43,fixed_domain,27,4,8,8,,,,
43,fixed_domain,27,5,16,16,,,,
43,fixed_domain,27,6,4,4,,,,
43,fixed_domain,27,7,8,8,,,,
43,fixed_domain,27,8,16,16,,,,
43,fixed_domain,27,9,4,4,,,,
43,fixed_domain,27,10,8,8,,,,
43,fixed_domain,27,11,16,16,,,,
43,fixed_domain,27,12,4,4,,,,
43,fixed_domain,27,13,8,8,,,,
43,fixed_domain,27,14,16,16,,,,
43,fixed_domain,28,0,4,4,,,,
43,fixed_domain,28,1,8,8,,,,
43,fixed_domain,28,2,16,16,,,,
43,fixed_domain,28,3,4,4,,,,
43,fixed_domain,28,4,8,8,,,,
43,fixed_domain,28,5,16,16,,,,
43,fixed_domain,28,6,4,4,,,,
43,fixed_domain,28,7,8,8,,,,
43,fixed_domain,28,8,16,16,,,,
43,fixed_domain,28,9,4,4,,,,
43,fixed_domain,28,10,8,8,,,,
43,fixed_domain,28,11,16,16,,,,
43,fixed_domain,28,12,4,4,,,,
43,fixed_domain,28,13,8,8,,,,
43,fixed_domain,28,14,16,16,,,,
43,fixed_domain,29,0,4,4,,,,
43,fixed_domain,29,1,8,8,,,,
43,fixed_domain,29,2,16,16,,,,
43,fixed_domain,29,3,4,4,,,,
43,fixed_domain,29,4,8,8,,,,
43,fixed_domain,29,5,16,16,,,,
43,fixed_domain,29,6,4,4,,,,
43,fixed_domain,29,7,8,8,,,,
43,fixed_domain,29,8,16,16,,,,
43,fixed_domain,29,9,4,4,,,,
43,fixed_domain,29,10,8,8,,,,
43,fixed_domain,29,11,16,16,,,,
43,fixed_domain,29,12,4,4,,,,
43,fixed_domain,29,13,8,8,,,,
43,fixed_domain,29,14,16,16,,,,
43,fixed_domain,30,0,4,4,,,,
43,fixed_domain,30,1,8,8,,,,
43,fixed_domain,30,2,16,16,,,,
43,fixed_domain,30,3,4,4,,,,
43,fixed_domain,30,4,8,8,,,,
43,fixed_domain,30,5,16,16,,,,
43,fixed_domain,30,6,4,4,,,,
43,fixed_domain,30,7,8,8,,,,
43,fixed_domain,30,8,16,16,,,,
43,fixed_domain,30,9,4,4,,,,
43,fixed_domain,30,10,8,8,,,,
43,fixed_domain,30,11,16,16,,,,
43,fixed_domain,30,12,4,4,,,,
43,fixed_domain,30,13,8,8,,,,
43,fixed_domain,30,14,16,16,,,,
43,fixed_quality,1,0,4,4,,,,
43,fixed_quality,1,1,8,8,,,,
43,fixed_quality,1,2,16,16,,,,
43,fixed_quality,1,3,4,4,,,,
43,fixed_quality,1,4,8,8,,,,
43,fixed_quality,1,5,16,16,,,,
43,fixed_quality,1,6,4,4,,,,
43,fixed_quality,1,7,8,8,,,,
43,fixed_quality,1,8,16,16,,,,
43,fixed_quality,1,9,4,4,,,,
43,fixed_quality,1,10,8,8,,,,
43,fixed_quality,1,11,16,16,,,,
43,fixed_quality,1,12,4,4,,,,
43,fixed_quality,1,13,8,8,,,,
43,fixed_quality,1,14,16,16,,,,
43,fixed_quality,2,0,4,4,,,,
43,fixed_quality,2,1,8,8,,,,
43,fixed_quality,2,2,16,16,,,,
43,fixed_quality,2,3,4,4,,,,
43,fixed_quality,2,4,8,8,,,,
43,fixed_quality,2,5,16,16,,,,
43,fixed_quality,2,6,4,4,,,,
43,fixed_quality,2,7,8,8,,,,
43,fixed_quality,2,8,16,16,,,,
43,fixed_quality,2,9,4,4,,,,
43,fixed_quality,2,10,8,8,,,,
43,fixed_quality,2,11,16,16,,,,
43,fixed_quality,2,12,4,4,,,,
43,fixed_quality,2,13,8,8,,,,
43,fixed_quality,2,14,16,16,,,,
43,fixed_quality,3,0,4,4,,,,
43,fixed_quality,3,1,8,8,,,,
43,fixed_quality,3,2,16,16,,,,
43,fixed_quality,3,3,4,4,,,,
43,fixed_quality,3,4,8,8,,,,
43,fixed_quality,3,5,16,16,,,,
43,fixed_quality,3,6,4,4,,,,
43,fixed_quality,3,7,8,8,,,,
43,fixed_quality,3,8,16,16,,,,
43,fixed_quality,3,9,4,4,,,,
43,fixed_quality,3,10,8,8,,,,
43,fixed_quality,3,11,16,16,,,,
43,fixed_quality,3,12,4,4,,,,
43,fixed_quality,3,13,8,8,,,,
43,fixed_quality,3,14,16,16,,,,
43,fixed_quality,4,0,4,4,,,,
43,fixed_quality,4,1,8,8,,,,
43,fixed_quality,4,2,16,16,,,,
43,fixed_quality,4,3,4,4,,,,
43,fixed_quality,4,4,8,8,,,,
43,fixed_quality,4,5,16,16,,,,
43,fixed_quality,4,6,4,4,,,,
43,fixed_quality,4,7,8,8,,,,
43,fixed_quality,4,8,16,16,,,,
43,fixed_quality,4,9,4,4,,,,
43,fixed_quality,4,10,8,8,,,,
43,fixed_quality,4,11,16,16,,,,
43,fixed_quality,4,12,4,4,,,,
43,fixed_quality,4,13,8,8,,,,
43,fixed_quality,4,14,16,16,,,,
43,fixed_quality,5,0,4,4,,,,
43,fixed_quality,5,1,8,8,,,,
43,fixed_quality,5,2,16,16,,,,
43,fixed_quality,5,3,4,4,,,,
43,fixed_quality,5,4,8,8,,,,
43,fixed_quality,5,5,16,16,,,,
43,fixed_quality,5,6,4,4,,,,
43,fixed_quality,5,7,8,8,,,,
43,fixed_quality,5,8,16,16,,,,
43,fixed_quality,5,9,4,4,,,,
43,fixed_quality,5,10,8,8,,,,
43,fixed_quality,5,11,16,16,,,,
43,fixed_quality,5,12,4,4,,,,
43,fixed_quality,5,13,8,8,,,,
43,fixed_quality,5,14,16,16,,,,
43,fixed_quality,6,0,4,4,,,,
43,fixed_quality,6,1,8,8,,,,
43,fixed_quality,6,2,16,16,,,,
43,fixed_quality,6,3,4,4,,,,
43,fixed_quality,6,4,8,8,,,,
43,fixed_quality,6,5,16,16,,,,
43,fixed_quality,6,6,4,4,,,,
43,fixed_quality,6,7,8,8,,,,
43,fixed_quality,6,8,16,16,,,,
43,fixed_quality,6,9,4,4,,,,
43,fixed_quality,6,10,8,8,,,,
43,fixed_quality,6,11,16,16,,,,
43,fixed_quality,6,12,4,4,,,,
43,fixed_quality,6,13,8,8,,,,
43,fixed_quality,6,14,16,16,,,,
43,fixed_quality,7,0,4,4,,,,
43,fixed_quality,7,1,8,8,,,,
43,fixed_quality,7,2,16,16,,,,
43,fixed_quality,7,3,4,4,,,,
43,fixed_quality,7,4,8,8,,,,
43,fixed_quality,7,5,16,16,,,,
43,fixed_quality,7,6,4,4,,,,
43,fixed_quality,7,7,8,8,,,,
43,fixed_quality,7,8,16,16,,,,
43,fixed_quality,7,9,4,4,,,,
43,fixed_quality,7,10,8,8,,,,
43,fixed_quality,7,11,16,16,,,,
43,fixed_quality,7,12,4,4,,,,
43,fixed_quality,7,13,8,8,,,,
43,fixed_quality,7,14,16,16,,,,
43,fixed_quality,8,0,4,4,,,,
43,fixed_quality,8,1,8,8,,,,
43,fixed_quality,8,2,16,16,,,,
43,fixed_quality,8,3,4,4,,,,
43,fixed_quality,8,4,8,8,,,,
43,fixed_quality,8,5,16,16,,,,
43,fixed_quality,8,6,4,4,,,,
43,fixed_quality,8,7,8,8,,,,
43,fixed_quality,8,8,16,16,,,,
43,fixed_quality,8,9,4,4,,,,
43,fixed_quality,8,10,8,8,,,,
43,fixed_quality,8,11,16,16,,,,
43,fixed_quality,8,12,4,4,,,,
43,fixed_quality,8,13,8,8,,,,
43,fixed_quality,8,14,16,16,,,,
43,fixed_quality,9,0,4,4,,,,
43,fixed_quality,9,1,8,8,,,,
43,fixed_quality,9,2,16,16,,,,
43,fixed_quality,9,3,4,4,,,,
43,fixed_quality,9,4,8,8,,,,
43,fixed_quality,9,5,16,16,,,,
43,fixed_quality,9,6,4,4,,,,
43,fixed_quality,9,7,8,8,,,,
43,fixed_quality,9,8,16,16,,,,
43,fixed_quality,9,9,4,4,,,,
43,fixed_quality,9,10,8,8,,,,
43,fixed_quality,9,11,16,16,,,,
43,fixed_quality,9,12,4,4,,,,
43,fixed_quality,9,13,8,8,,,,
43,fixed_quality,9,14,16,16,,,,
43,fixed_quality,10,0,4,4,,,,
43,fixed_quality,10,1,8,8,,,,
43,fixed_quality,10,2,16,16,,,,
43,fixed_quality,10,3,4,4,,,,
43,fixed_quality,10,4,8,8,,,,
43,fixed_quality,10,5,16,16,,,,
43,fixed_quality,10,6,4,4,,,,
43,fixed_quality,10,7,8,8,,,,
43,fixed_quality,10,8,16,16,,,,
43,fixed_quality,10,9,4,4,,,,
43,fixed_quality,10,10,8,8,,,,
43,fixed_quality,10,11,16,16,,,,
43,fixed_quality,10,12,4,4,,,,
43,fixed_quality,10,13,8,8,,,,
43,fixed_quality,10,14,16,16,,,,
43,fixed_quality,11,0,4,4,,,,
43,fixed_quality,11,1,8,8,,,,
43,fixed_quality,11,2,16,16,,,,
43,fixed_quality,11,3,4,4,,,,
43,fixed_quality,11,4,8,8,,,,
43,fixed_quality,11,5,16,16,,,,
43,fixed_quality,11,6,4,4,,,,
43,fixed_quality,11,7,8,8,,,,
43,fixed_quality,11,8,16,16,,,,
43,fixed_quality,11,9,4,4,,,,
43,fixed_quality,11,10,8,8,,,,
43,fixed_quality,11,11,16,16,,,,
43,fixed_quality,11,12,4,4,,,,
43,fixed_quality,11,13,8,8,,,,
43,fixed_quality,11,14,16,16,,,,
43,fixed_quality,12,0,4,4,,,,
43,fixed_quality,12,1,8,8,,,,
43,fixed_quality,12,2,16,16,,,,
43,fixed_quality,12,3,4,4,,,,
43,fixed_quality,12,4,8,8,,,,
43,fixed_quality,12,5,16,16,,,,
43,fixed_quality,12,6,4,4,,,,
43,fixed_quality,12,7,8,8,,,,
43,fixed_quality,12,8,16,16,,,,
43,fixed_quality,12,9,4,4,,,,
43,fixed_quality,12,10,8,8,,,,
43,fixed_quality,12,11,16,16,,,,
43,fixed_quality,12,12,4,4,,,,
43,fixed_quality,12,13,8,8,,,,
43,fixed_quality,12,14,16,16,,,,
43,fixed_quality,13,0,4,4,,,,
43,fixed_quality,13,1,8,8,,,,
43,fixed_quality,13,2,16,16,,,,
43,fixed_quality,13,3,4,4,,,,
43,fixed_quality,13,4,8,8,,,,
43,fixed_quality,13,5,16,16,,,,
43,fixed_quality,13,6,4,4,,,,
43,fixed_quality,13,7,8,8,,,,
43,fixed_quality,13,8,16,16,,,,
43,fixed_quality,13,9,4,4,,,,
43,fixed_quality,13,10,8,8,,,,
43,fixed_quality,13,11,16,16,,,,
43,fixed_quality,13,12,4,4,,,,
43,fixed_quality,13,13,8,8,,,,
43,fixed_quality,13,14,16,16,,,,
43,fixed_quality,14,0,4,4,,,,
43,fixed_quality,14,1,8,8,,,,
43,fixed_quality,14,2,16,16,,,,
43,fixed_quality,14,3,4,4,,,,
43,fixed_quality,14,4,8,8,,,,
43,fixed_quality,14,5,16,16,,,,
43,fixed_quality,14,6,4,4,,,,
43,fixed_quality,14,7,8,8,,,,
43,fixed_quality,14,8,16,16,,,,
43,fixed_quality,14,9,4,4,,,,
43,fixed_quality,14,10,8,8,,,,
43,fixed_quality,14,11,16,16,,,,
43,fixed_quality,14,12,4,4,,,,
43,fixed_quality,14,13,8,8,,,,
43,fixed_quality,14,14,16,16,,,,
43,fixed_quality,15,0,4,4,,,,
43,fixed_quality,15,1,8,8,,,,
43,fixed_quality,15,2,16,16,,,,
43,fixed_quality,15,3,4,4,,,,
43,fixed_quality,15,4,8,8,,,,
43,fixed_quality,15,5,16,16,,,,
43,fixed_quality,15,6,4,4,,,,
43,fixed_quality,15,7,8,8,,,,
43,fixed_quality,15,8,16,16,,,,
43,fixed_quality,15,9,4,4,,,,
43,fixed_quality,15,10,8,8,,,,
43,fixed_quality,15,11,16,16,,,,
43,fixed_quality,15,12,4,4,,,,
43,fixed_quality,15,13,8,8,,,,
43,fixed_quality,15,14,16,16,,,,
43,fixed_quality,16,0,4,4,,,,
43,fixed_quality,16,1,8,8,,,,
43,fixed_quality,16,2,16,16,,,,
43,fixed_quality,16,3,4,4,,,,
43,fixed_quality,16,4,8,8,,,,
43,fixed_quality,16,5,16,16,,,,
43,fixed_quality,16,6,4,4,,,,
43,fixed_quality,16,7,8,8,,,,
43,fixed_quality,16,8,16,16,,,,
43,fixed_quality,16,9,4,4,,,,
43,fixed_quality,16,10,8,8,,,,
43,fixed_quality,16,11,16,16,,,,
43,fixed_quality,16,12,4,4,,,,
43,fixed_quality,16,13,8,8,,,,
43,fixed_quality,16,14,16,16,,,,
43,fixed_quality,17,0,4,4,,,,
43,fixed_quality,17,1,8,8,,,,
43,fixed_quality,17,2,16,16,,,,
43,fixed_quality,17,3,4,4,,,,
43,fixed_quality,17,4,8,8,,,,
43,fixed_quality,17,5,16,16,,,,
43,fixed_quality,17,6,4,4,,,,
43,fixed_quality,17,7,8,8,,,,
43,fixed_quality,17,8,16,16,,,,
43,fixed_quality,17,9,4,4,,,,
43,fixed_quality,17,10,8,8,,,,
43,fixed_quality,17,11,16,16,,,,
43,fixed_quality,17,12,4,4,,,,
43,fixed_quality,17,13,8,8,,,,
43,fixed_quality,17,14,16,16,,,,
43,fixed_quality,18,0,4,4,,,,
43,fixed_quality,18,1,8,8,,,,
43,fixed_quality,18,2,16,16,,,,
43,fixed_quality,18,3,4,4,,,,
43,fixed_quality,18,4,8,8,,,,
43,fixed_quality,18,5,16,16,,,,
43,fixed_quality,18,6,4,4,,,,
43,fixed_quality,18,7,8,8,,,,
43,fixed_quality,18,8,16,16,,,,
43,fixed_quality,18,9,4,4,,,,
43,fixed_quality,18,10,8,8,,,,
43,fixed_quality,18,11,16,16,,,,
43,fixed_quality,18,12,4,4,,,,
43,fixed_quality,18,13,8,8,,,,
43,fixed_quality,18,14,16,16,,,,
43,fixed_quality,19,0,4,4,,,,
43,fixed_quality,19,1,8,8,,,,
43,fixed_quality,19,2,16,16,,,,
43,fixed_quality,19,3,4,4,,,,
43,fixed_quality,19,4,8,8,,,,
43,fixed_quality,19,5,16,16,,,,
43,fixed_quality,19,6,4,4,,,,
43,fixed_quality,19,7,8,8,,,,
43,fixed_quality,19,8,16,16,,,,
43,fixed_quality,19,9,4,4,,,,
43,fixed_quality,19,10,8,8,,,,
43,fixed_quality,19,11,16,16,,,,
43,fixed_quality,19,12,4,4,,,,
43,fixed_quality,19,13,8,8,,,,
43,fixed_quality,19,14,16,16,,,,
43,fixed_quality,20,0,4,4,,,,
43,fixed_quality,20,1,8,8,,,,
43,fixed_quality,20,2,16,16,,,,
43,fixed_quality,20,3,4,4,,,,
43,fixed_quality,20,4,8,8,,,,
43,fixed_quality,20,5,16,16,,,,
43,fixed_quality,20,6,4,4,,,,
43,fixed_quality,20,7,8,8,,,,
43,fixed_quality,20,8,16,16,,,,
43,fixed_quality,20,9,4,4,,,,
43,fixed_quality,20,10,8,8,,,,
43,fixed_quality,20,11,16,16,,,,
43,fixed_quality,20,12,4,4,,,,
43,fixed_quality,20,13,8,8,,,,
43,fixed_quality,20,14,16,16,,,,
43,fixed_quality,21,0,4,4,,,,
43,fixed_quality,21,1,8,8,,,,
43,fixed_quality,21,2,16,16,,,,
43,fixed_quality,21,3,4,4,,,,
43,fixed_quality,21,4,8,8,,,,
43,fixed_quality,21,5,16,16,,,,
43,fixed_quality,21,6,4,4,,,,
43,fixed_quality,21,7,8,8,,,,
43,fixed_quality,21,8,16,16,,,,
43,fixed_quality,21,9,4,4,,,,
43,fixed_quality,21,10,8,8,,,,
43,fixed_quality,21,11,16,16,,,,
43,fixed_quality,21,12,4,4,,,,
43,fixed_quality,21,13,8,8,,,,
43,fixed_quality,21,14,16,16,,,,
43,fixed_quality,22,0,4,4,,,,
43,fixed_quality,22,1,8,8,,,,
43,fixed_quality,22,2,16,16,,,,
43,fixed_quality,22,3,4,4,,,,
43,fixed_quality,22,4,8,8,,,,
43,fixed_quality,22,5,16,16,,,,
43,fixed_quality,22,6,4,4,,,,
43,fixed_quality,22,7,8,8,,,,
43,fixed_quality,22,8,16,16,,,,
43,fixed_quality,22,9,4,4,,,,
43,fixed_quality,22,10,8,8,,,,
43,fixed_quality,22,11,16,16,,,,
43,fixed_quality,22,12,4,4,,,,
43,fixed_quality,22,13,8,8,,,,
43,fixed_quality,22,14,16,16,,,,
43,fixed_quality,23,0,4,4,,,,
43,fixed_quality,23,1,8,8,,,,
43,fixed_quality,23,2,16,16,,,,
43,fixed_quality,23,3,4,4,,,,
43,fixed_quality,23,4,8,8,,,,
43,fixed_quality,23,5,16,16,,,,
43,fixed_quality,23,6,4,4,,,,
43,fixed_quality,23,7,8,8,,,,
43,fixed_quality,23,8,16,16,,,,
43,fixed_quality,23,9,4,4,,,,
43,fixed_quality,23,10,8,8,,,,
43,fixed_quality,23,11,16,16,,,,
43,fixed_quality,23,12,4,4,,,,
43,fixed_quality,23,13,8,8,,,,
43,fixed_quality,23,14,16,16,,,,
43,fixed_quality,24,0,4,4,,,,
43,fixed_quality,24,1,8,8,,,,
43,fixed_quality,24,2,16,16,,,,
43,fixed_quality,24,3,4,4,,,,
43,fixed_quality,24,4,8,8,,,,
43,fixed_quality,24,5,16,16,,,,
43,fixed_quality,24,6,4,4,,,,
43,fixed_quality,24,7,8,8,,,,
43,fixed_quality,24,8,16,16,,,,
43,fixed_quality,24,9,4,4,,,,
43,fixed_quality,24,10,8,8,,,,
43,fixed_quality,24,11,16,16,,,,
43,fixed_quality,24,12,4,4,,,,
43,fixed_quality,24,13,8,8,,,,
43,fixed_quality,24,14,16,16,,,,
43,fixed_quality,25,0,4,4,,,,
43,fixed_quality,25,1,8,8,,,,
43,fixed_quality,25,2,16,16,,,,
43,fixed_quality,25,3,4,4,,,,
43,fixed_quality,25,4,8,8,,,,
43,fixed_quality,25,5,16,16,,,,
43,fixed_quality,25,6,4,4,,,,
43,fixed_quality,25,7,8,8,,,,
43,fixed_quality,25,8,16,16,,,,
43,fixed_quality,25,9,4,4,,,,
43,fixed_quality,25,10,8,8,,,,
43,fixed_quality,25,11,16,16,,,,
43,fixed_quality,25,12,4,4,,,,
43,fixed_quality,25,13,8,8,,,,
43,fixed_quality,25,14,16,16,,,,
43,fixed_quality,26,0,4,4,,,,
43,fixed_quality,26,1,8,8,,,,
43,fixed_quality,26,2,16,16,,,,
43,fixed_quality,26,3,4,4,,,,
43,fixed_quality,26,4,8,8,,,,
43,fixed_quality,26,5,16,16,,,,
43,fixed_quality,26,6,4,4,,,,
43,fixed_quality,26,7,8,8,,,,
43,fixed_quality,26,8,16,16,,,,
43,fixed_quality,26,9,4,4,,,,
43,fixed_quality,26,10,8,8,,,,
43,fixed_quality,26,11,16,16,,,,
43,fixed_quality,26,12,4,4,,,,
43,fixed_quality,26,13,8,8,,,,
43,fixed_quality,26,14,16,16,,,,
43,fixed_quality,27,0,4,4,,,,
43,fixed_quality,27,1,8,8,,,,
43,fixed_quality,27,2,16,16,,,,
43,fixed_quality,27,3,4,4,,,,
43,fixed_quality,27,4,8,8,,,,
43,fixed_quality,27,5,16,16,,,,
43,fixed_quality,27,6,4,4,,,,
43,fixed_quality,27,7,8,8,,,,
43,fixed_quality,27,8,16,16,,,,
43,fixed_quality,27,9,4,4,,,,
43,fixed_quality,27,10,8,8,,,,
43,fixed_quality,27,11,16,16,,,,
43,fixed_quality,27,12,4,4,,,,
43,fixed_quality,27,13,8,8,,,,
43,fixed_quality,27,14,16,16,,,,
43,fixed_quality,28,0,4,4,,,,
43,fixed_quality,28,1,8,8,,,,
43,fixed_quality,28,2,16,16,,,,
43,fixed_quality,28,3,4,4,,,,
43,fixed_quality,28,4,8,8,,,,
43,fixed_quality,28,5,16,16,,,,
43,fixed_quality,28,6,4,4,,,,
43,fixed_quality,28,7,8,8,,,,
43,fixed_quality,28,8,16,16,,,,
43,fixed_quality,28,9,4,4,,,,
43,fixed_quality,28,10,8,8,,,,
43,fixed_quality,28,11,16,16,,,,
43,fixed_quality,28,12,4,4,,,,
43,fixed_quality,28,13,8,8,,,,
43,fixed_quality,28,14,16,16,,,,
43,fixed_quality,29,0,4,4,,,,
43,fixed_quality,29,1,8,8,,,,
43,fixed_quality,29,2,16,16,,,,
43,fixed_quality,29,3,4,4,,,,
43,fixed_quality,29,4,8,8,,,,
43,fixed_quality,29,5,16,16,,,,
43,fixed_quality,29,6,4,4,,,,
43,fixed_quality,29,7,8,8,,,,
43,fixed_quality,29,8,16,16,,,,
43,fixed_quality,29,9,4,4,,,,
43,fixed_quality,29,10,8,8,,,,
43,fixed_quality,29,11,16,16,,,,
43,fixed_quality,29,12,4,4,,,,
43,fixed_quality,29,13,8,8,,,,
43,fixed_quality,29,14,16,16,,,,
43,fixed_quality,30,0,4,4,,,,
43,fixed_quality,30,1,8,8,,,,
43,fixed_quality,30,2,16,16,,,,
43,fixed_quality,30,3,4,4,,,,
43,fixed_quality,30,4,8,8,,,,
43,fixed_quality,30,5,16,16,,,,
43,fixed_quality,30,6,4,4,,,,
43,fixed_quality,30,7,8,8,,,,
43,fixed_quality,30,8,16,16,,,,
43,fixed_quality,30,9,4,4,,,,
43,fixed_quality,30,10,8,8,,,,
43,fixed_quality,30,11,16,16,,,,
43,fixed_quality,30,12,4,4,,,,
43,fixed_quality,30,13,8,8,,,,
43,fixed_quality,30,14,16,16,,,,
43,mh16,1,0,16,16,,,,
43,mh16,1,1,16,16,,,,
43,mh16,1,2,16,16,,,,
43,mh16,1,3,16,16,,,,
43,mh16,1,4,16,16,,,,
43,mh16,1,5,16,16,,,,
43,mh16,1,6,16,16,,,,
43,mh16,1,7,16,16,,,,
43,mh16,1,8,16,16,,,,
43,mh16,1,9,16,16,,,,
43,mh16,1,10,16,16,,,,
43,mh16,1,11,16,16,,,,
43,mh16,1,12,16,16,,,,
43,mh16,1,13,16,16,,,,
43,mh16,1,14,16,16,,,,
43,mh16,2,0,16,16,,,,
43,mh16,2,1,16,16,,,,
43,mh16,2,2,16,16,,,,
43,mh16,2,3,16,16,,,,
43,mh16,2,4,16,16,,,,
43,mh16,2,5,16,16,,,,
43,mh16,2,6,16,16,,,,
43,mh16,2,7,16,16,,,,
43,mh16,2,8,16,16,,,,
43,mh16,2,9,16,16,,,,
43,mh16,2,10,16,16,,,,
43,mh16,2,11,16,16,,,,
43,mh16,2,12,16,16,,,,
43,mh16,2,13,16,16,,,,
43,mh16,2,14,16,16,,,,
43,mh16,3,0,16,16,,,,
43,mh16,3,1,16,16,,,,
43,mh16,3,2,16,16,,,,
43,mh16,3,3,16,16,,,,
43,mh16,3,4,16,16,,,,
43,mh16,3,5,16,16,,,,
43,mh16,3,6,16,16,,,,
43,mh16,3,7,16,16,,,,
43,mh16,3,8,16,16,,,,
43,mh16,3,9,16,16,,,,
43,mh16,3,10,16,16,,,,
43,mh16,3,11,16,16,,,,
43,mh16,3,12,16,16,,,,
43,mh16,3,13,16,16,,,,
43,mh16,3,14,16,16,,,,
43,mh16,4,0,16,16,,,,
43,mh16,4,1,16,16,,,,
43,mh16,4,2,16,16,,,,
43,mh16,4,3,16,16,,,,
43,mh16,4,4,16,16,,,,
43,mh16,4,5,16,16,,,,
43,mh16,4,6,16,16,,,,
43,mh16,4,7,16,16,,,,
43,mh16,4,8,16,16,,,,
43,mh16,4,9,16,16,,,,
43,mh16,4,10,16,16,,,,
43,mh16,4,11,16,16,,,,
43,mh16,4,12,16,16,,,,
43,mh16,4,13,16,16,,,,
43,mh16,4,14,16,16,,,,
43,mh16,5,0,16,16,,,,
43,mh16,5,1,16,16,,,,
43,mh16,5,2,16,16,,,,
43,mh16,5,3,16,16,,,,
43,mh16,5,4,16,16,,,,
43,mh16,5,5,16,16,,,,
43,mh16,5,6,16,16,,,,
43,mh16,5,7,16,16,,,,
43,mh16,5,8,16,16,,,,
43,mh16,5,9,16,16,,,,
43,mh16,5,10,16,16,,,,
43,mh16,5,11,16,16,,,,
43,mh16,5,12,16,16,,,,
43,mh16,5,13,16,16,,,,
43,mh16,5,14,16,16,,,,
43,mh16,6,0,16,16,,,,
43,mh16,6,1,16,16,,,,
43,mh16,6,2,16,16,,,,
43,mh16,6,3,16,16,,,,
43,mh16,6,4,16,16,,,,
43,mh16,6,5,16,16,,,,
43,mh16,6,6,16,16,,,,
43,mh16,6,7,16,16,,,,
43,mh16,6,8,16,16,,,,
43,mh16,6,9,16,16,,,,
43,mh16,6,10,16,16,,,,
43,mh16,6,11,16,16,,,,
43,mh16,6,12,16,16,,,,
43,mh16,6,13,16,16,,,,
43,mh16,6,14,16,16,,,,
43,mh16,7,0,16,16,,,,
43,mh16,7,1,16,16,,,,
43,mh16,7,2,16,16,,,,
43,mh16,7,3,16,16,,,,
43,mh16,7,4,16,16,,,,
43,mh16,7,5,16,16,,,,
43,mh16,7,6,16,16,,,,
43,mh16,7,7,16,16,,,,
43,mh16,7,8,16,16,,,,
43,mh16,7,9,16,16,,,,
43,mh16,7,10,16,16,,,,
43,mh16,7,11,16,16,,,,
43,mh16,7,12,16,16,,,,
43,mh16,7,13,16,16,,,,
43,mh16,7,14,16,16,,,,
43,mh16,8,0,16,16,,,,
43,mh16,8,1,16,16,,,,
43,mh16,8,2,16,16,,,,
43,mh16,8,3,16,16,,,,
43,mh16,8,4,16,16,,,,
43,mh16,8,5,16,16,,,,
43,mh16,8,6,16,16,,,,
43,mh16,8,7,16,16,,,,
43,mh16,8,8,16,16,,,,
43,mh16,8,9,16,16,,,,
43,mh16,8,10,16,16,,,,
43,mh16,8,11,16,16,,,,
43,mh16,8,12,16,16,,,,
43,mh16,8,13,16,16,,,,
43,mh16,8,14,16,16,,,,
43,mh16,9,0,16,16,,,,
43,mh16,9,1,16,16,,,,
43,mh16,9,2,16,16,,,,
43,mh16,9,3,16,16,,,,
43,mh16,9,4,16,16,,,,
43,mh16,9,5,16,16,,,,
43,mh16,9,6,16,16,,,,
43,mh16,9,7,16,16,,,,
43,mh16,9,8,16,16,,,,
43,mh16,9,9,16,16,,,,
43,mh16,9,10,16,16,,,,
43,mh16,9,11,16,16,,,,
43,mh16,9,12,16,16,,,,
43,mh16,9,13,16,16,,,,
43,mh16,9,14,16,16,,,,
43,mh16,10,0,16,16,,,,
43,mh16,10,1,16,16,,,,
43,mh16,10,2,16,16,,,,
43,mh16,10,3,16,16,,,,
43,mh16,10,4,16,16,,,,
43,mh16,10,5,16,16,,,,
43,mh16,10,6,16,16,,,,
43,mh16,10,7,16,16,,,,
43,mh16,10,8,16,16,,,,
43,mh16,10,9,16,16,,,,
43,mh16,10,10,16,16,,,,
43,mh16,10,11,16,16,,,,
43,mh16,10,12,16,16,,,,
43,mh16,10,13,16,16,,,,
43,mh16,10,14,16,16,,,,
43,mh16,11,0,16,16,,,,
43,mh16,11,1,16,16,,,,
43,mh16,11,2,16,16,,,,
43,mh16,11,3,16,16,,,,
43,mh16,11,4,16,16,,,,
43,mh16,11,5,16,16,,,,
43,mh16,11,6,16,16,,,,
43,mh16,11,7,16,16,,,,
43,mh16,11,8,16,16,,,,
43,mh16,11,9,16,16,,,,
43,mh16,11,10,16,16,,,,
43,mh16,11,11,16,16,,,,
43,mh16,11,12,16,16,,,,
43,mh16,11,13,16,16,,,,
43,mh16,11,14,16,16,,,,
43,mh16,12,0,16,16,,,,
43,mh16,12,1,16,16,,,,
43,mh16,12,2,16,16,,,,
43,mh16,12,3,16,16,,,,
43,mh16,12,4,16,16,,,,
43,mh16,12,5,16,16,,,,
43,mh16,12,6,16,16,,,,
43,mh16,12,7,16,16,,,,
43,mh16,12,8,16,16,,,,
43,mh16,12,9,16,16,,,,
43,mh16,12,10,16,16,,,,
43,mh16,12,11,16,16,,,,
43,mh16,12,12,16,16,,,,
43,mh16,12,13,16,16,,,,
43,mh16,12,14,16,16,,,,
43,mh16,13,0,16,16,,,,
43,mh16,13,1,16,16,,,,
43,mh16,13,2,16,16,,,,
43,mh16,13,3,16,16,,,,
43,mh16,13,4,16,16,,,,
43,mh16,13,5,16,16,,,,
43,mh16,13,6,16,16,,,,
43,mh16,13,7,16,16,,,,
43,mh16,13,8,16,16,,,,
43,mh16,13,9,16,16,,,,
43,mh16,13,10,16,16,,,,
43,mh16,13,11,16,16,,,,
43,mh16,13,12,16,16,,,,
43,mh16,13,13,16,16,,,,
43,mh16,13,14,16,16,,,,
43,mh16,14,0,16,16,,,,
43,mh16,14,1,16,16,,,,
43,mh16,14,2,16,16,,,,
43,mh16,14,3,16,16,,,,
43,mh16,14,4,16,16,,,,
43,mh16,14,5,16,16,,,,
43,mh16,14,6,16,16,,,,
43,mh16,14,7,16,16,,,,
43,mh16,14,8,16,16,,,,
43,mh16,14,9,16,16,,,,
43,mh16,14,10,16,16,,,,
43,mh16,14,11,16,16,,,,
43,mh16,14,12,16,16,,,,
43,mh16,14,13,16,16,,,,
43,mh16,14,14,16,16,,,,
43,mh16,15,0,16,16,,,,
43,mh16,15,1,16,16,,,,
43,mh16,15,2,16,16,,,,
43,mh16,15,3,16,16,,,,
43,mh16,15,4,16,16,,,,
43,mh16,15,5,16,16,,,,
43,mh16,15,6,16,16,,,,
43,mh16,15,7,16,16,,,,
43,mh16,15,8,16,16,,,,
43,mh16,15,9,16,16,,,,
43,mh16,15,10,16,16,,,,
43,mh16,15,11,16,16,,,,
43,mh16,15,12,16,16,,,,
43,mh16,15,13,16,16,,,,
43,mh16,15,14,16,16,,,,
43,mh16,16,0,16,16,,,,
43,mh16,16,1,16,16,,,,
43,mh16,16,2,16,16,,,,
43,mh16,16,3,16,16,,,,
43,mh16,16,4,16,16,,,,
43,mh16,16,5,16,16,,,,
43,mh16,16,6,16,16,,,,
43,mh16,16,7,16,16,,,,
43,mh16,16,8,16,16,,,,
43,mh16,16,9,16,16,,,,
43,mh16,16,10,16,16,,,,
43,mh16,16,11,16,16,,,,
43,mh16,16,12,16,16,,,,
43,mh16,16,13,16,16,,,,
43,mh16,16,14,16,16,,,,
43,mh16,17,0,16,16,,,,
43,mh16,17,1,16,16,,,,
43,mh16,17,2,16,16,,,,
43,mh16,17,3,16,16,,,,
43,mh16,17,4,16,16,,,,
43,mh16,17,5,16,16,,,,
43,mh16,17,6,16,16,,,,
43,mh16,17,7,16,16,,,,
43,mh16,17,8,16,16,,,,
43,mh16,17,9,16,16,,,,
43,mh16,17,10,16,16,,,,
43,mh16,17,11,16,16,,,,
43,mh16,17,12,16,16,,,,
43,mh16,17,13,16,16,,,,
43,mh16,17,14,16,16,,,,
43,mh16,18,0,16,16,,,,
43,mh16,18,1,16,16,,,,
43,mh16,18,2,16,16,,,,
43,mh16,18,3,16,16,,,,
43,mh16,18,4,16,16,,,,
43,mh16,18,5,16,16,,,,
43,mh16,18,6,16,16,,,,
43,mh16,18,7,16,16,,,,
43,mh16,18,8,16,16,,,,
43,mh16,18,9,16,16,,,,
43,mh16,18,10,16,16,,,,
43,mh16,18,11,16,16,,,,
43,mh16,18,12,16,16,,,,
43,mh16,18,13,16,16,,,,
43,mh16,18,14,16,16,,,,
43,mh16,19,0,16,16,,,,
43,mh16,19,1,16,16,,,,
43,mh16,19,2,16,16,,,,
43,mh16,19,3,16,16,,,,
43,mh16,19,4,16,16,,,,
43,mh16,19,5,16,16,,,,
43,mh16,19,6,16,16,,,,
43,mh16,19,7,16,16,,,,
43,mh16,19,8,16,16,,,,
43,mh16,19,9,16,16,,,,
43,mh16,19,10,16,16,,,,
43,mh16,19,11,16,16,,,,
43,mh16,19,12,16,16,,,,
43,mh16,19,13,16,16,,,,
43,mh16,19,14,16,16,,,,
43,mh16,20,0,16,16,,,,
43,mh16,20,1,16,16,,,,
43,mh16,20,2,16,16,,,,
43,mh16,20,3,16,16,,,,
43,mh16,20,4,16,16,,,,
43,mh16,20,5,16,16,,,,
43,mh16,20,6,16,16,,,,
43,mh16,20,7,16,16,,,,
43,mh16,20,8,16,16,,,,
43,mh16,20,9,16,16,,,,
43,mh16,20,10,16,16,,,,
43,mh16,20,11,16,16,,,,
43,mh16,20,12,16,16,,,,
43,mh16,20,13,16,16,,,,
43,mh16,20,14,16,16,,,,
43,mh16,21,0,16,16,,,,
43,mh16,21,1,16,16,,,,
43,mh16,21,2,16,16,,,,
43,mh16,21,3,16,16,,,,
43,mh16,21,4,16,16,,,,
43,mh16,21,5,16,16,,,,
43,mh16,21,6,16,16,,,,
43,mh16,21,7,16,16,,,,
43,mh16,21,8,16,16,,,,
43,mh16,21,9,16,16,,,,
43,mh16,21,10,16,16,,,,
43,mh16,21,11,16,16,,,,
43,mh16,21,12,16,16,,,,
43,mh16,21,13,16,16,,,,
43,mh16,21,14,16,16,,,,
43,mh16,22,0,16,16,,,,
43,mh16,22,1,16,16,,,,
43,mh16,22,2,16,16,,,,
43,mh16,22,3,16,16,,,,
43,mh16,22,4,16,16,,,,
43,mh16,22,5,16,16,,,,
43,mh16,22,6,16,16,,,,
43,mh16,22,7,16,16,,,,
43,mh16,22,8,16,16,,,,
43,mh16,22,9,16,16,,,,
43,mh16,22,10,16,16,,,,
43,mh16,22,11,16,16,,,,
43,mh16,22,12,16,16,,,,
43,mh16,22,13,16,16,,,,
43,mh16,22,14,16,16,,,,
43,mh16,23,0,16,16,,,,
43,mh16,23,1,16,16,,,,
43,mh16,23,2,16,16,,,,
43,mh16,23,3,16,16,,,,
43,mh16,23,4,16,16,,,,
43,mh16,23,5,16,16,,,,
43,mh16,23,6,16,16,,,,
43,mh16,23,7,16,16,,,,
43,mh16,23,8,16,16,,,,
43,mh16,23,9,16,16,,,,
43,mh16,23,10,16,16,,,,
43,mh16,23,11,16,16,,,,
43,mh16,23,12,16,16,,,,
43,mh16,23,13,16,16,,,,
43,mh16,23,14,16,16,,,,
43,mh16,24,0,16,16,,,,
43,mh16,24,1,16,16,,,,
43,mh16,24,2,16,16,,,,
43,mh16,24,3,16,16,,,,
43,mh16,24,4,16,16,,,,
43,mh16,24,5,16,16,,,,
43,mh16,24,6,16,16,,,,
43,mh16,24,7,16,16,,,,
43,mh16,24,8,16,16,,,,
43,mh16,24,9,16,16,,,,
43,mh16,24,10,16,16,,,,
43,mh16,24,11,16,16,,,,
43,mh16,24,12,16,16,,,,
43,mh16,24,13,16,16,,,,
43,mh16,24,14,16,16,,,,
43,mh16,25,0,16,16,,,,
43,mh16,25,1,16,16,,,,
43,mh16,25,2,16,16,,,,
43,mh16,25,3,16,16,,,,
43,mh16,25,4,16,16,,,,
43,mh16,25,5,16,16,,,,
43,mh16,25,6,16,16,,,,
43,mh16,25,7,16,16,,,,
43,mh16,25,8,16,16,,,,
43,mh16,25,9,16,16,,,,
43,mh16,25,10,16,16,,,,
43,mh16,25,11,16,16,,,,
43,mh16,25,12,16,16,,,,
43,mh16,25,13,16,16,,,,
43,mh16,25,14,16,16,,,,
43,mh16,26,0,16,16,,,,
43,mh16,26,1,16,16,,,,
43,mh16,26,2,16,16,,,,
43,mh16,26,3,16,16,,,,
43,mh16,26,4,16,16,,,,
43,mh16,26,5,16,16,,,,
43,mh16,26,6,16,16,,,,
43,mh16,26,7,16,16,,,,
43,mh16,26,8,16,16,,,,
43,mh16,26,9,16,16,,,,
43,mh16,26,10,16,16,,,,
43,mh16,26,11,16,16,,,,
43,mh16,26,12,16,16,,,,
43,mh16,26,13,16,16,,,,
43,mh16,26,14,16,16,,,,
43,mh16,27,0,16,16,,,,
43,mh16,27,1,16,16,,,,
43,mh16,27,2,16,16,,,,
43,mh16,27,3,16,16,,,,
43,mh16,27,4,16,16,,,,
43,mh16,27,5,16,16,,,,
43,mh16,27,6,16,16,,,,
43,mh16,27,7,16,16,,,,
43,mh16,27,8,16,16,,,,
43,mh16,27,9,16,16,,,,
43,mh16,27,10,16,16,,,,
43,mh16,27,11,16,16,,,,
43,mh16,27,12,16,16,,,,
43,mh16,27,13,16,16,,,,
43,mh16,27,14,16,16,,,,
43,mh16,28,0,16,16,,,,
43,mh16,28,1,16,16,,,,
43,mh16,28,2,16,16,,,,
43,mh16,28,3,16,16,,,,
43,mh16,28,4,16,16,,,,
43,mh16,28,5,16,16,,,,
43,mh16,28,6,16,16,,,,
43,mh16,28,7,16,16,,,,
43,mh16,28,8,16,16,,,,
43,mh16,28,9,16,16,,,,
43,mh16,28,10,16,16,,,,
43,mh16,28,11,16,16,,,,
43,mh16,28,12,16,16,,,,
43,mh16,28,13,16,16,,,,
43,mh16,28,14,16,16,,,,
43,mh16,29,0,16,16,,,,
43,mh16,29,1,16,16,,,,
43,mh16,29,2,16,16,,,,
43,mh16,29,3,16,16,,,,
43,mh16,29,4,16,16,,,,
43,mh16,29,5,16,16,,,,
43,mh16,29,6,16,16,,,,
43,mh16,29,7,16,16,,,,
43,mh16,29,8,16,16,,,,
43,mh16,29,9,16,16,,,,
43,mh16,29,10,16,16,,,,
43,mh16,29,11,16,16,,,,
43,mh16,29,12,16,16,,,,
43,mh16,29,13,16,16,,,,
43,mh16,29,14,16,16,,,,
43,mh16,30,0,16,16,,,,
43,mh16,30,1,16,16,,,,
43,mh16,30,2,16,16,,,,
43,mh16,30,3,16,16,,,,
43,mh16,30,4,16,16,,,,
43,mh16,30,5,16,16,,,,
43,mh16,30,6,16,16,,,,
43,mh16,30,7,16,16,,,,
43,mh16,30,8,16,16,,,,
43,mh16,30,9,16,16,,,,
43,mh16,30,10,16,16,,,,
43,mh16,30,11,16,16,,,,
43,mh16,30,12,16,16,,,,
43,mh16,30,13,16,16,,,,
43,mh16,30,14,16,16,,,,
43,mh_sample,1,0,4,4,,,,
43,mh_sample,1,1,8,8,,,,
43,mh_sample,1,2,16,16,,,,
43,mh_sample,1,3,4,4,,,,
43,mh_sample,1,4,8,8,,,,
43,mh_sample,1,5,16,16,,,,
43,mh_sample,1,6,4,4,,,,
43,mh_sample,1,7,8,8,,,,
43,mh_sample,1,8,16,16,,,,
43,mh_sample,1,9,4,4,,,,
43,mh_sample,1,10,8,8,,,,
43,mh_sample,1,11,16,16,,,,
43,mh_sample,1,12,4,4,,,,
43,mh_sample,1,13,8,8,,,,
43,mh_sample,1,14,16,16,,,,
43,mh_sample,2,0,4,4,,,,
43,mh_sample,2,1,8,8,,,,
43,mh_sample,2,2,16,16,,,,
43,mh_sample,2,3,4,4,,,,
43,mh_sample,2,4,8,8,,,,
43,mh_sample,2,5,16,16,,,,
43,mh_sample,2,6,4,4,,,,
43,mh_sample,2,7,8,8,,,,
43,mh_sample,2,8,16,16,,,,
43,mh_sample,2,9,4,4,,,,
43,mh_sample,2,10,8,8,,,,
43,mh_sample,2,11,16,16,,,,
43,mh_sample,2,12,4,4,,,,
43,mh_sample,2,13,8,8,,,,
43,mh_sample,2,14,16,16,,,,
43,mh_sample,3,0,4,4,,,,
43,mh_sample,3,1,8,8,,,,
43,mh_sample,3,2,16,16,,,,
43,mh_sample,3,3,4,4,,,,
43,mh_sample,3,4,8,8,,,,
43,mh_sample,3,5,16,16,,,,
43,mh_sample,3,6,4,4,,,,
43,mh_sample,3,7,8,8,,,,
43,mh_sample,3,8,16,16,,,,
43,mh_sample,3,9,4,4,,,,
43,mh_sample,3,10,8,8,,,,
43,mh_sample,3,11,16,16,,,,
43,mh_sample,3,12,4,4,,,,
43,mh_sample,3,13,8,8,,,,
43,mh_sample,3,14,16,16,,,,
43,mh_sample,4,0,4,4,,,,
43,mh_sample,4,1,8,8,,,,
43,mh_sample,4,2,16,16,,,,
43,mh_sample,4,3,4,4,,,,
43,mh_sample,4,4,8,8,,,,
43,mh_sample,4,5,16,16,,,,
43,mh_sample,4,6,4,4,,,,
43,mh_sample,4,7,8,8,,,,
43,mh_sample,4,8,16,16,,,,
43,mh_sample,4,9,4,4,,,,
43,mh_sample,4,10,8,8,,,,
43,mh_sample,4,11,16,16,,,,
43,mh_sample,4,12,4,4,,,,
43,mh_sample,4,13,8,8,,,,
43,mh_sample,4,14,16,16,,,,
43,mh_sample,5,0,4,4,,,,
43,mh_sample,5,1,8,8,,,,
43,mh_sample,5,2,16,16,,,,
43,mh_sample,5,3,4,4,,,,
43,mh_sample,5,4,8,8,,,,
43,mh_sample,5,5,16,16,,,,
43,mh_sample,5,6,4,4,,,,
43,mh_sample,5,7,8,8,,,,
43,mh_sample,5,8,16,16,,,,
43,mh_sample,5,9,4,4,,,,
43,mh_sample,5,10,8,8,,,,
43,mh_sample,5,11,16,16,,,,
43,mh_sample,5,12,4,4,,,,
43,mh_sample,5,13,8,8,,,,
43,mh_sample,5,14,16,16,,,,
43,mh_sample,6,0,4,4,,,,
43,mh_sample,6,1,8,8,,,,
43,mh_sample,6,2,16,16,,,,
43,mh_sample,6,3,4,4,,,,
43,mh_sample,6,4,8,8,,,,
43,mh_sample,6,5,16,16,,,,
43,mh_sample,6,6,4,4,,,,
43,mh_sample,6,7,8,8,,,,
43,mh_sample,6,8,16,16,,,,
43,mh_sample,6,9,4,4,,,,
43,mh_sample,6,10,8,8,,,,
43,mh_sample,6,11,16,16,,,,
43,mh_sample,6,12,4,4,,,,
43,mh_sample,6,13,8,8,,,,
43,mh_sample,6,14,16,16,,,,
43,mh_sample,7,0,4,4,,,,
43,mh_sample,7,1,8,8,,,,
43,mh_sample,7,2,16,16,,,,
43,mh_sample,7,3,4,4,,,,
43,mh_sample,7,4,8,8,,,,
43,mh_sample,7,5,16,16,,,,
43,mh_sample,7,6,4,4,,,,
43,mh_sample,7,7,8,8,,,,
43,mh_sample,7,8,16,16,,,,
43,mh_sample,7,9,4,4,,,,
43,mh_sample,7,10,8,8,,,,
43,mh_sample,7,11,16,16,,,,
43,mh_sample,7,12,4,4,,,,
43,mh_sample,7,13,8,8,,,,
43,mh_sample,7,14,16,16,,,,
43,mh_sample,8,0,4,4,,,,
43,mh_sample,8,1,8,8,,,,
43,mh_sample,8,2,16,16,,,,
43,mh_sample,8,3,4,4,,,,
43,mh_sample,8,4,8,8,,,,
43,mh_sample,8,5,16,16,,,,
43,mh_sample,8,6,4,4,,,,
43,mh_sample,8,7,8,8,,,,
43,mh_sample,8,8,16,16,,,,
43,mh_sample,8,9,4,4,,,,
43,mh_sample,8,10,8,8,,,,
43,mh_sample,8,11,16,16,,,,
43,mh_sample,8,12,4,4,,,,
43,mh_sample,8,13,8,8,,,,
43,mh_sample,8,14,16,16,,,,
43,mh_sample,9,0,4,4,,,,
43,mh_sample,9,1,8,8,,,,
43,mh_sample,9,2,16,16,,,,
43,mh_sample,9,3,4,4,,,,
43,mh_sample,9,4,8,8,,,,
43,mh_sample,9,5,16,16,,,,
43,mh_sample,9,6,4,4,,,,
43,mh_sample,9,7,8,8,,,,
43,mh_sample,9,8,16,16,,,,
43,mh_sample,9,9,4,4,,,,
43,mh_sample,9,10,8,8,,,,
43,mh_sample,9,11,16,16,,,,
43,mh_sample,9,12,4,4,,,,
43,mh_sample,9,13,8,8,,,,
43,mh_sample,9,14,16,16,,,,
43,mh_sample,10,0,4,4,,,,
43,mh_sample,10,1,8,8,,,,
43,mh_sample,10,2,16,16,,,,
43,mh_sample,10,3,4,4,,,,
43,mh_sample,10,4,8,8,,,,
43,mh_sample,10,5,16,16,,,,
43,mh_sample,10,6,4,4,,,,
43,mh_sample,10,7,8,8,,,,
43,mh_sample,10,8,16,16,,,,
43,mh_sample,10,9,4,4,,,,
43,mh_sample,10,10,8,8,,,,
43,mh_sample,10,11,16,16,,,,
43,mh_sample,10,12,4,4,,,,
43,mh_sample,10,13,8,8,,,,
43,mh_sample,10,14,16,16,,,,
43,mh_sample,11,0,4,4,,,,
43,mh_sample,11,1,8,8,,,,
43,mh_sample,11,2,16,16,,,,
43,mh_sample,11,3,4,4,,,,
43,mh_sample,11,4,8,8,,,,
43,mh_sample,11,5,16,16,,,,
43,mh_sample,11,6,4,4,,,,
43,mh_sample,11,7,8,8,,,,
43,mh_sample,11,8,16,16,,,,
43,mh_sample,11,9,4,4,,,,
43,mh_sample,11,10,8,8,,,,
43,mh_sample,11,11,16,16,,,,
43,mh_sample,11,12,4,4,,,,
43,mh_sample,11,13,8,8,,,,
43,mh_sample,11,14,16,16,,,,
43,mh_sample,12,0,4,4,,,,
43,mh_sample,12,1,8,8,,,,
43,mh_sample,12,2,16,16,,,,
43,mh_sample,12,3,4,4,,,,
43,mh_sample,12,4,8,8,,,,
43,mh_sample,12,5,16,16,,,,
43,mh_sample,12,6,4,4,,,,
43,mh_sample,12,7,8,8,,,,
43,mh_sample,12,8,16,16,,,,
43,mh_sample,12,9,4,4,,,,
43,mh_sample,12,10,8,8,,,,
43,mh_sample,12,11,16,16,,,,
43,mh_sample,12,12,4,4,,,,
43,mh_sample,12,13,8,8,,,,
43,mh_sample,12,14,16,16,,,,
43,mh_sample,13,0,4,4,,,,
43,mh_sample,13,1,8,8,,,,
43,mh_sample,13,2,16,16,,,,
43,mh_sample,13,3,4,4,,,,
43,mh_sample,13,4,8,8,,,,
43,mh_sample,13,5,16,16,,,,
43,mh_sample,13,6,4,4,,,,
43,mh_sample,13,7,8,8,,,,
43,mh_sample,13,8,16,16,,,,
43,mh_sample,13,9,4,4,,,,
43,mh_sample,13,10,8,8,,,,
43,mh_sample,13,11,16,16,,,,
43,mh_sample,13,12,4,4,,,,
43,mh_sample,13,13,8,8,,,,
43,mh_sample,13,14,16,16,,,,
43,mh_sample,14,0,4,4,,,,
43,mh_sample,14,1,8,8,,,,
43,mh_sample,14,2,16,16,,,,
43,mh_sample,14,3,4,4,,,,
43,mh_sample,14,4,8,8,,,,
43,mh_sample,14,5,16,16,,,,
43,mh_sample,14,6,4,4,,,,
43,mh_sample,14,7,8,8,,,,
43,mh_sample,14,8,16,16,,,,
43,mh_sample,14,9,4,4,,,,
43,mh_sample,14,10,8,8,,,,
43,mh_sample,14,11,16,16,,,,
43,mh_sample,14,12,4,4,,,,
43,mh_sample,14,13,8,8,,,,
43,mh_sample,14,14,16,16,,,,
43,mh_sample,15,0,4,4,,,,
43,mh_sample,15,1,8,8,,,,
43,mh_sample,15,2,16,16,,,,
43,mh_sample,15,3,4,4,,,,
43,mh_sample,15,4,8,8,,,,
43,mh_sample,15,5,16,16,,,,
43,mh_sample,15,6,4,4,,,,
43,mh_sample,15,7,8,8,,,,
43,mh_sample,15,8,16,16,,,,
43,mh_sample,15,9,4,4,,,,
43,mh_sample,15,10,8,8,,,,
43,mh_sample,15,11,16,16,,,,
43,mh_sample,15,12,4,4,,,,
43,mh_sample,15,13,8,8,,,,
43,mh_sample,15,14,16,16,,,,
43,mh_sample,16,0,4,4,,,,
43,mh_sample,16,1,8,8,,,,
43,mh_sample,16,2,16,16,,,,
43,mh_sample,16,3,4,4,,,,
43,mh_sample,16,4,8,8,,,,
43,mh_sample,16,5,16,16,,,,
43,mh_sample,16,6,4,4,,,,
43,mh_sample,16,7,8,8,,,,
43,mh_sample,16,8,16,16,,,,
43,mh_sample,16,9,4,4,,,,
43,mh_sample,16,10,8,8,,,,
43,mh_sample,16,11,16,16,,,,
43,mh_sample,16,12,4,4,,,,
43,mh_sample,16,13,8,8,,,,
43,mh_sample,16,14,16,16,,,,
43,mh_sample,17,0,4,4,,,,
43,mh_sample,17,1,8,8,,,,
43,mh_sample,17,2,16,16,,,,
43,mh_sample,17,3,4,4,,,,
43,mh_sample,17,4,8,8,,,,
43,mh_sample,17,5,16,16,,,,
43,mh_sample,17,6,4,4,,,,
43,mh_sample,17,7,8,8,,,,
43,mh_sample,17,8,16,16,,,,
43,mh_sample,17,9,4,4,,,,
43,mh_sample,17,10,8,8,,,,
43,mh_sample,17,11,16,16,,,,
43,mh_sample,17,12,4,4,,,,
43,mh_sample,17,13,8,8,,,,
43,mh_sample,17,14,16,16,,,,
43,mh_sample,18,0,4,4,,,,
43,mh_sample,18,1,8,8,,,,
43,mh_sample,18,2,16,16,,,,
43,mh_sample,18,3,4,4,,,,
43,mh_sample,18,4,8,8,,,,
43,mh_sample,18,5,16,16,,,,
43,mh_sample,18,6,4,4,,,,
43,mh_sample,18,7,8,8,,,,
43,mh_sample,18,8,16,16,,,,
43,mh_sample,18,9,4,4,,,,
43,mh_sample,18,10,8,8,,,,
43,mh_sample,18,11,16,16,,,,
43,mh_sample,18,12,4,4,,,,
43,mh_sample,18,13,8,8,,,,
43,mh_sample,18,14,16,16,,,,
43,mh_sample,19,0,4,4,,,,
43,mh_sample,19,1,8,8,,,,
43,mh_sample,19,2,16,16,,,,
43,mh_sample,19,3,4,4,,,,
43,mh_sample,19,4,8,8,,,,
43,mh_sample,19,5,16,16,,,,
43,mh_sample,19,6,4,4,,,,
43,mh_sample,19,7,8,8,,,,
43,mh_sample,19,8,16,16,,,,
43,mh_sample,19,9,4,4,,,,
43,mh_sample,19,10,8,8,,,,
43,mh_sample,19,11,16,16,,,,
43,mh_sample,19,12,4,4,,,,
43,mh_sample,19,13,8,8,,,,
43,mh_sample,19,14,16,16,,,,
43,mh_sample,20,0,4,4,,,,
43,mh_sample,20,1,8,8,,,,
43,mh_sample,20,2,16,16,,,,
43,mh_sample,20,3,4,4,,,,
43,mh_sample,20,4,8,8,,,,
43,mh_sample,20,5,16,16,,,,
43,mh_sample,20,6,4,4,,,,
43,mh_sample,20,7,8,8,,,,
43,mh_sample,20,8,16,16,,,,
43,mh_sample,20,9,4,4,,,,
43,mh_sample,20,10,8,8,,,,
43,mh_sample,20,11,16,16,,,,
43,mh_sample,20,12,4,4,,,,
43,mh_sample,20,13,8,8,,,,
43,mh_sample,20,14,16,16,,,,
43,mh_sample,21,0,4,4,,,,
43,mh_sample,21,1,8,8,,,,
43,mh_sample,21,2,16,16,,,,
43,mh_sample,21,3,4,4,,,,
43,mh_sample,21,4,8,8,,,,
43,mh_sample,21,5,16,16,,,,
43,mh_sample,21,6,4,4,,,,
43,mh_sample,21,7,8,8,,,,
43,mh_sample,21,8,16,16,,,,
43,mh_sample,21,9,4,4,,,,
43,mh_sample,21,10,8,8,,,,
43,mh_sample,21,11,16,16,,,,
43,mh_sample,21,12,4,4,,,,
43,mh_sample,21,13,8,8,,,,
43,mh_sample,21,14,16,16,,,,
43,mh_sample,22,0,4,4,,,,
43,mh_sample,22,1,8,8,,,,
43,mh_sample,22,2,16,16,,,,
43,mh_sample,22,3,4,4,,,,
43,mh_sample,22,4,8,8,,,,
43,mh_sample,22,5,16,16,,,,
43,mh_sample,22,6,4,4,,,,
43,mh_sample,22,7,8,8,,,,
43,mh_sample,22,8,16,16,,,,
43,mh_sample,22,9,4,4,,,,
43,mh_sample,22,10,8,8,,,,
43,mh_sample,22,11,16,16,,,,
43,mh_sample,22,12,4,4,,,,
43,mh_sample,22,13,8,8,,,,
43,mh_sample,22,14,16,16,,,,
43,mh_sample,23,0,4,4,,,,
43,mh_sample,23,1,8,8,,,,
43,mh_sample,23,2,16,16,,,,
43,mh_sample,23,3,4,4,,,,
43,mh_sample,23,4,8,8,,,,
43,mh_sample,23,5,16,16,,,,
43,mh_sample,23,6,4,4,,,,
43,mh_sample,23,7,8,8,,,,
43,mh_sample,23,8,16,16,,,,
43,mh_sample,23,9,4,4,,,,
43,mh_sample,23,10,8,8,,,,
43,mh_sample,23,11,16,16,,,,
43,mh_sample,23,12,4,4,,,,
43,mh_sample,23,13,8,8,,,,
43,mh_sample,23,14,16,16,,,,
43,mh_sample,24,0,4,4,,,,
43,mh_sample,24,1,8,8,,,,
43,mh_sample,24,2,16,16,,,,
43,mh_sample,24,3,4,4,,,,
43,mh_sample,24,4,8,8,,,,
43,mh_sample,24,5,16,16,,,,
43,mh_sample,24,6,4,4,,,,
43,mh_sample,24,7,8,8,,,,
43,mh_sample,24,8,16,16,,,,
43,mh_sample,24,9,4,4,,,,
43,mh_sample,24,10,8,8,,,,
43,mh_sample,24,11,16,16,,,,
43,mh_sample,24,12,4,4,,,,
43,mh_sample,24,13,8,8,,,,
43,mh_sample,24,14,16,16,,,,
43,mh_sample,25,0,4,4,,,,
43,mh_sample,25,1,8,8,,,,
43,mh_sample,25,2,16,16,,,,
43,mh_sample,25,3,4,4,,,,
43,mh_sample,25,4,8,8,,,,
43,mh_sample,25,5,16,16,,,,
43,mh_sample,25,6,4,4,,,,
43,mh_sample,25,7,8,8,,,,
43,mh_sample,25,8,16,16,,,,
43,mh_sample,25,9,4,4,,,,
43,mh_sample,25,10,8,8,,,,
43,mh_sample,25,11,16,16,,,,
43,mh_sample,25,12,4,4,,,,
43,mh_sample,25,13,8,8,,,,
43,mh_sample,25,14,16,16,,,,
43,mh_sample,26,0,4,4,,,,
43,mh_sample,26,1,8,8,,,,
43,mh_sample,26,2,16,16,,,,
43,mh_sample,26,3,4,4,,,,
43,mh_sample,26,4,8,8,,,,
43,mh_sample,26,5,16,16,,,,
43,mh_sample,26,6,4,4,,,,
43,mh_sample,26,7,8,8,,,,
43,mh_sample,26,8,16,16,,,,
43,mh_sample,26,9,4,4,,,,
43,mh_sample,26,10,8,8,,,,
43,mh_sample,26,11,16,16,,,,
43,mh_sample,26,12,4,4,,,,
43,mh_sample,26,13,8,8,,,,
43,mh_sample,26,14,16,16,,,,
43,mh_sample,27,0,4,4,,,,
43,mh_sample,27,1,8,8,,,,
43,mh_sample,27,2,16,16,,,,
43,mh_sample,27,3,4,4,,,,
43,mh_sample,27,4,8,8,,,,
43,mh_sample,27,5,16,16,,,,
43,mh_sample,27,6,4,4,,,,
43,mh_sample,27,7,8,8,,,,
43,mh_sample,27,8,16,16,,,,
43,mh_sample,27,9,4,4,,,,
43,mh_sample,27,10,8,8,,,,
43,mh_sample,27,11,16,16,,,,
43,mh_sample,27,12,4,4,,,,
43,mh_sample,27,13,8,8,,,,
43,mh_sample,27,14,16,16,,,,
43,mh_sample,28,0,4,4,,,,
43,mh_sample,28,1,8,8,,,,
43,mh_sample,28,2,16,16,,,,
43,mh_sample,28,3,4,4,,,,
43,mh_sample,28,4,8,8,,,,
43,mh_sample,28,5,16,16,,,,
43,mh_sample,28,6,4,4,,,,
43,mh_sample,28,7,8,8,,,,
43,mh_sample,28,8,16,16,,,,
43,mh_sample,28,9,4,4,,,,
43,mh_sample,28,10,8,8,,,,
43,mh_sample,28,11,16,16,,,,
43,mh_sample,28,12,4,4,,,,
43,mh_sample,28,13,8,8,,,,
43,mh_sample,28,14,16,16,,,,
43,mh_sample,29,0,4,4,,,,
43,mh_sample,29,1,8,8,,,,
43,mh_sample,29,2,16,16,,,,
43,mh_sample,29,3,4,4,,,,
43,mh_sample,29,4,8,8,,,,
43,mh_sample,29,5,16,16,,,,
43,mh_sample,29,6,4,4,,,,
43,mh_sample,29,7,8,8,,,,
43,mh_sample,29,8,16,16,,,,
43,mh_sample,29,9,4,4,,,,
43,mh_sample,29,10,8,8,,,,
43,mh_sample,29,11,16,16,,,,
43,mh_sample,29,12,4,4,,,,
43,mh_sample,29,13,8,8,,,,
43,mh_sample,29,14,16,16,,,,
43,mh_sample,30,0,4,4,,,,
43,mh_sample,30,1,8,8,,,,
43,mh_sample,30,2,16,16,,,,
43,mh_sample,30,3,4,4,,,,
43,mh_sample,30,4,8,8,,,,
43,mh_sample,30,5,16,16,,,,
43,mh_sample,30,6,4,4,,,,
43,mh_sample,30,7,8,8,,,,
43,mh_sample,30,8,16,16,,,,
43,mh_sample,30,9,4,4,,,,
43,mh_sample,30,10,8,8,,,,
43,mh_sample,30,11,16,16,,,,
43,mh_sample,30,12,4,4,,,,
43,mh_sample,30,13,8,8,,,,
43,mh_sample,30,14,16,16,,,,
44,adaptive_domain,1,0,4,4,1.1341050591946753,1.1341050591946753,0.26194670501611567,False
44,adaptive_domain,1,1,8,8,1.1398906203935906,1.1398906203935906,0.2693691887360205,False
44,adaptive_domain,1,2,16,16,1.215208723907646,1.215208723907646,0.269067596954663,False
44,adaptive_domain,1,3,4,4,1.1014430858162714,1.1014430858162714,0.2900530293856916,False
44,adaptive_domain,1,4,8,8,1.188302399482292,1.188302399482292,0.25764913372832987,False
44,adaptive_domain,1,5,16,16,1.117763609041129,1.117763609041129,0.27432184986525915,False
44,adaptive_domain,1,6,4,4,1.119033879644371,1.119033879644371,0.2693853648285413,False
44,adaptive_domain,1,7,8,8,1.1537467455764718,1.1537467455764718,0.2707369715016738,False
44,adaptive_domain,1,8,16,16,1.233494685396688,1.233494685396688,0.2691763499059459,False
44,adaptive_domain,1,9,4,4,1.0640774006865672,1.0640774006865672,0.31628363352336375,False
44,adaptive_domain,1,10,8,8,1.083764671333122,1.083764671333122,0.2790209297096503,False
44,adaptive_domain,1,11,16,16,1.1583547567071024,1.1583547567071024,0.249641129686488,False
44,adaptive_domain,1,12,4,4,1.2259896646108952,1.2259896646108952,0.27446896003304383,False
44,adaptive_domain,1,13,8,8,1.1832707218276417,1.1832707218276417,0.286092713786282,False
44,adaptive_domain,1,14,16,16,1.2074526737772306,1.2074526737772306,0.2759807974977449,False
44,adaptive_domain,2,0,4,4,1.008507904656935,1.0964259128333531,0.26513072719520026,False
44,adaptive_domain,2,1,8,8,1.0003651961875826,1.0980329931317883,0.27139787439696783,False
44,adaptive_domain,2,2,16,16,1.0543654495630976,1.1669557416042815,0.285960614612265,False
44,adaptive_domain,2,3,4,4,1.0009230487034486,1.0712870746824246,0.29166584374991966,False
44,adaptive_domain,2,4,8,8,1.2671507971034632,1.2119569187686434,0.27126575666141683,False
44,adaptive_domain,2,5,16,16,1.003107607014635,1.0833668084331807,0.2793477546963929,False
44,adaptive_domain,2,6,4,4,1.019086216210574,1.089049580614232,0.2736646095396995,False
44,adaptive_domain,2,7,8,8,1.0274942125398465,1.1158709856654843,0.2787987658737393,False
44,adaptive_domain,2,8,16,16,1.0467930587417733,1.1774841974002135,0.27990338950553084,False
44,adaptive_domain,2,9,4,4,1.0028757617076125,1.0457169089928808,0.3186278466240249,False
44,adaptive_domain,2,10,8,8,1.0002684850890424,1.0587158154598981,0.2779896745809675,False
44,adaptive_domain,2,11,16,16,1.0525245160799117,1.1266056845189452,0.266606765525931,False
44,adaptive_domain,2,12,4,4,1.0019680465958545,1.158783179206383,0.2789692408737772,False
44,adaptive_domain,2,13,8,8,1.0040483457627738,1.1295040090081814,0.2941055658960104,False
44,adaptive_domain,2,14,16,16,1.0079563549213542,1.1476037781204678,0.2827871946421997,False
44,adaptive_domain,3,0,4,4,1.0027085354342948,1.0683106996136358,0.26841572161898664,False
44,adaptive_domain,3,1,8,8,1.0011302566451294,1.0689621721857905,0.2730388895023679,False
44,adaptive_domain,3,2,16,16,1.195537467744586,1.175530259446373,0.3144772454769744,False
44,adaptive_domain,3,3,4,4,1.0011439480084547,1.0502441366802335,0.29371864786852947,False
44,adaptive_domain,3,4,8,8,1.219056541960187,1.2140868057261065,0.29508686114823623,False
44,adaptive_domain,3,5,16,16,1.0169030849427432,1.0634276913860494,0.28989194961437426,False
44,adaptive_domain,3,6,4,4,1.01885380512544,1.0679908479675944,0.2825267224537341,False
44,adaptive_domain,3,7,8,8,1.0495194808270678,1.0959655342139594,0.2915551879766056,False
44,adaptive_domain,3,8,16,16,1.443218784933141,1.2572045736600916,0.3019963824739481,False
44,adaptive_domain,3,9,4,4,1.1745734876642147,1.084373882594281,0.32933217962548267,False
44,adaptive_domain,3,10,8,8,1.001104446419348,1.041432404747733,0.2796975311402331,False
44,adaptive_domain,3,11,16,16,1.0817544474512293,1.1131503133986302,0.29273638424416637,False
44,adaptive_domain,3,12,4,4,1.0254227080715288,1.1187750378659267,0.2870466191219457,False
44,adaptive_domain,3,13,8,8,1.0820506428187169,1.115267999151342,0.3077075372572926,False
44,adaptive_domain,3,14,16,16,1.0374359611425774,1.1145534330271007,0.2963626666749115,False
44,adaptive_domain,4,0,2,4,1.0028854597338708,1.0486831276497064,0.2728712771133908,True
44,adaptive_domain,4,1,6,8,1.002478195465855,1.0490169791698098,0.27493564352561767,True
44,adaptive_domain,4,2,12,16,1.2949261250645077,1.2113490191318135,0.3468102574562198,True
44,adaptive_domain,4,3,2,4,1.0023287997080645,1.0358695355885827,0.2958256320202205,True
44,adaptive_domain,4,4,6,8,1.1264639888516879,1.187799960663781,0.3196676651594332,True
44,adaptive_domain,4,5,12,16,1.0284897379816287,1.0529463053647232,0.30427104150413686,True
44,adaptive_domain,4,6,2,4,1.0253185460161682,1.0551891573821666,0.2906870338073699,True
44,adaptive_domain,4,7,6,8,1.06422437797759,1.0864431873430485,0.3062237725076972,True
44,adaptive_domain,4,8,12,16,1.28323993485024,1.265015182017136,0.33277269729908443,True
44,adaptive_domain,4,9,2,4,1.3826230024322608,1.173848618545675,0.33705371993866656,True
44,adaptive_domain,4,10,6,8,1.0025949804773662,1.029781177466623,0.28061724563943563,True
44,adaptive_domain,4,11,12,16,1.0928800423262068,1.107069232076903,0.3212602859347774,True
44,adaptive_domain,4,12,2,4,1.0746883117054242,1.105549020017776,0.29451045881750737,True
44,adaptive_domain,4,13,6,8,1.097649688709344,1.1099825060187425,0.324061702763179,True
44,adaptive_domain,4,14,12,16,1.082949180854225,1.105072157375238,0.31278394410946286,True
44,adaptive_domain,5,0,2,4,1.0009700327474986,1.034369199179044,0.27684587883885436,False
44,adaptive_domain,5,1,6,8,1.004588154528447,1.035688331777401,0.27734002310752015,False
44,adaptive_domain,5,2,12,16,1.2693744728921024,1.2287566552599,0.3799140670479266,False
44,adaptive_domain,5,3,2,4,1.0176000166061723,1.0303886798938597,0.30133091741611384,False
44,adaptive_domain,5,4,6,8,1.0808760773652462,1.1557227956742206,0.3434914828552714,False
44,adaptive_domain,5,5,12,16,1.0321502988648668,1.0467075034147664,0.3204630398963743,False
44,adaptive_domain,5,6,2,4,1.0063229132940745,1.040529284155739,0.2981600538738288,False
44,adaptive_domain,5,7,6,8,1.042318085445336,1.0732056567737347,0.3227824707525189,False
44,adaptive_domain,5,8,12,16,1.2103049926613372,1.2486021252103963,0.367157014900267,False
44,adaptive_domain,5,9,2,4,1.009347935067195,1.124498413502131,0.34465133643422824,False
44,adaptive_domain,5,10,6,8,1.00369102929705,1.021954133015751,0.2803595929923117,False
44,adaptive_domain,5,11,12,16,1.1085371757883484,1.1075096151903367,0.34823314330678723,False
44,adaptive_domain,5,12,2,4,1.0096716365149279,1.0767858049669217,0.3024075792976975,False
44,adaptive_domain,5,13,6,8,1.0971449957803707,1.106131252947231,0.3411077805381227,False
44,adaptive_domain,5,14,12,16,1.0870679829999044,1.0996709050626379,0.33034331721267907,False
44,adaptive_domain,6,0,2,4,1.0009386390960826,1.0243400311541557,0.2803979837504413,False
44,adaptive_domain,6,1,4,8,1.0058386901744563,1.0267334392965175,0.27792475020713725,True
44,adaptive_domain,6,2,8,16,1.1036283410901162,1.191218161008965,0.4074147448662129,True
44,adaptive_domain,6,3,2,4,1.0037241057901345,1.0223893076627422,0.30683720652576013,False
44,adaptive_domain,6,4,4,8,1.0456724210147015,1.122707683276365,0.3581502614459719,True
44,adaptive_domain,6,5,8,16,1.0321332159163732,1.0423352171652485,0.3342626041122502,True
44,adaptive_domain,6,6,2,4,1.0078485454060564,1.0307250625308342,0.30501435586088643,False
44,adaptive_domain,6,7,4,8,1.0527472439650536,1.0670681329311305,0.3354271917980115,True
44,adaptive_domain,6,8,8,16,1.101825915714494,1.2045692623616255,0.3991268616851339,True
44,adaptive_domain,6,9,2,4,1.005290060974903,1.0887359077439624,0.3504147109558011,False
44,adaptive_domain,6,10,4,8,1.0068903387853818,1.0174349947466403,0.2679680898130224,True
44,adaptive_domain,6,11,8,16,1.1237996557544019,1.1123966273595562,0.3694862254410253,True
44,adaptive_domain,6,12,2,4,1.008639530991786,1.056341922774381,0.3084572240642099,False
44,adaptive_domain,6,13,4,8,1.0644157341668137,1.0936165973131058,0.3571898984646426,True
44,adaptive_domain,6,14,8,16,1.1778712204065256,1.123130999665804,0.3475856711416348,True
44,adaptive_domain,7,0,2,4,1.0008373790901177,1.0172892355349443,0.2837815869235697,False
44,adaptive_domain,7,1,4,8,1.0196632351217216,1.0246123780440788,0.27405870008061534,False
44,adaptive_domain,7,2,8,16,1.067649892852625,1.154147680562063,0.4297585776470207,False
44,adaptive_domain,7,3,2,4,1.0085550315513956,1.0182390248293383,0.3135855660315724,False
44,adaptive_domain,7,4,4,8,1.0607316388643822,1.10411486995277,0.3720116953039668,False
44,adaptive_domain,7,5,8,16,1.0541785031643423,1.0458882029649765,0.3477864643113877,False
44,adaptive_domain,7,6,2,4,1.0087969981935894,1.0241466432296606,0.31248739631024863,False
44,adaptive_domain,7,7,4,8,1.122528787239947,1.0837063292237754,0.34831375192088176,False
44,adaptive_domain,7,8,8,16,1.1618743021317361,1.1917607742926588,0.42851648081842003,False
44,adaptive_domain,7,9,2,4,1.0011427419440677,1.0624579580039941,0.35574000943936807,False
44,adaptive_domain,7,10,8,8,1.004664572034335,1.0136038679329487,0.25895823962430253,True
44,adaptive_domain,7,11,8,16,1.1407594146285356,1.12090546354025,0.38733865925768757,False
44,adaptive_domain,7,12,2,4,1.004340654241854,1.0407415422146231,0.31451266444701265,False
44,adaptive_domain,7,13,4,8,1.0240721625580882,1.0727532668866004,0.3706920075928826,False
44,adaptive_domain,7,14,8,16,1.133422439715793,1.1262184316808008,0.3621419619299437,False
44,adaptive_domain,8,0,2,4,1.0009391294015355,1.0123842036949218,0.2867022065155288,False
44,adaptive_domain,8,1,8,8,1.0393892093317514,1.0290454274303806,0.2755256743514334,True
44,adaptive_domain,8,2,8,16,1.2315591481874468,1.1773711208496782,0.44863303064614685,False
44,adaptive_domain,8,3,2,4,1.0650835485300028,1.0322923819395378,0.3203216655714495,False
44,adaptive_domain,8,4,4,8,1.033823655440339,1.0830275055990408,0.3824875133631308,False
44,adaptive_domain,8,5,8,16,1.049251467979579,1.0468971824693574,0.3598057015947193,False
44,adaptive_domain,8,6,2,4,1.0041494546955376,1.0181474866694238,0.3183118562081264,False
44,adaptive_domain,8,7,4,8,1.0713328490492626,1.0799942851714217,0.3600223607099749,False
44,adaptive_domain,8,8,8,16,1.1576018907928827,1.181513109242726,0.45492770157365603,False
44,adaptive_domain,8,9,2,4,1.0013736538845701,1.044132666768167,0.3629123978254195,False
44,adaptive_domain,8,10,8,8,1.004384710542459,1.0108381207158017,0.2584564240376242,False
44,adaptive_domain,8,11,8,16,1.095373883249037,1.113245989452886,0.4038766006205934,False
44,adaptive_domain,8,12,2,4,1.0039269107646687,1.0296971527796368,0.3188220125518476,False
44,adaptive_domain,8,13,4,8,1.0245531477018952,1.0582932311311888,0.38264792794541025,False
44,adaptive_domain,8,14,8,16,1.0558226544737375,1.1050996985186818,0.37541313373686286,False
44,adaptive_domain,9,0,2,4,1.0010025346866658,1.008969702992445,0.28884725866123173,False
44,adaptive_domain,9,1,8,8,1.015005520886962,1.024833455467355,0.27742023017763406,False
44,adaptive_domain,9,2,8,16,1.101384622643642,1.1545751713878674,0.46500375524881177,False
44,adaptive_domain,9,3,2,4,1.1857536081547924,1.0783307498041141,0.32614585301658383,False
44,adaptive_domain,9,4,4,8,1.0199808893928246,1.064113520737176,0.39312408294089585,False
44,adaptive_domain,9,5,8,16,1.0598143604033516,1.0507723358495558,0.3715327521795644,False
44,adaptive_domain,9,6,2,4,1.0033184890517612,1.013698787384125,0.32285549446586564,False
44,adaptive_domain,9,7,4,8,1.0402858470504257,1.068081753735123,0.3705392874384395,False
44,adaptive_domain,9,8,8,16,1.248241951138741,1.2015317618115304,0.4770313806422767,False
44,adaptive_domain,9,9,2,4,1.001772076012554,1.031424489541483,0.3686907377011538,False
44,adaptive_domain,9,10,8,8,1.006123598471504,1.0094237640425123,0.26020086875839826,False
44,adaptive_domain,9,11,8,16,1.0744876665004865,1.1016184925671662,0.41748355681667887,False
44,adaptive_domain,9,12,2,4,1.0042013799468728,1.0220484209298077,0.3227493868855802,False
44,adaptive_domain,9,13,4,8,1.0215340014845942,1.0472654622372104,0.39372270178804814,False
44,adaptive_domain,9,14,8,16,1.0636639000311403,1.0926689589724194,0.3870006441364879,False
44,adaptive_domain,10,0,2,4,1.0017689714651306,1.0068094835342507,0.29145914633015074,False
44,adaptive_domain,10,1,6,8,1.0145788734455476,1.0217570808608127,0.2793181761762472,True
44,adaptive_domain,10,2,8,16,1.0475001558996357,1.1224526667413979,0.4774243116967347,False
44,adaptive_domain,10,3,2,4,1.1550127900302645,1.1013353618719592,0.33192551631144995,False
44,adaptive_domain,10,4,4,8,1.0415380643801395,1.057340883830065,0.40328532460730593,False
44,adaptive_domain,10,5,8,16,1.0718943217222936,1.057108931611377,0.3812316450780854,False
44,adaptive_domain,10,6,2,4,1.0028737722399286,1.010451282840866,0.32689904931792385,False
44,adaptive_domain,10,7,4,8,1.0439934060443234,1.0608552494278831,0.3794598019593908,False
44,adaptive_domain,10,8,8,16,1.1437798685419593,1.1842061938306592,0.4952008612320909,False
44,adaptive_domain,10,9,2,4,1.0014811905145904,1.0224414998334153,0.3735162751188426,False
44,adaptive_domain,10,10,6,8,1.0047449785032547,1.008020128380735,0.24727540508178472,True
44,adaptive_domain,10,11,8,16,1.046116033963827,1.0849677549861643,0.4287092756641304,False
44,adaptive_domain,10,12,2,4,1.0034882563841163,1.0164803715661004,0.32686930666769054,False
44,adaptive_domain,10,13,4,8,1.01731408475637,1.0382800489929582,0.4031575596517678,False
44,adaptive_domain,10,14,8,16,1.0414637112713914,1.077307384662111,0.39570784583975593,False
44,adaptive_domain,11,0,2,4,1.0033169346453459,1.0057617188675794,0.2930731685732202,False
44,adaptive_domain,11,1,6,8,1.0165300966005901,1.020188985582746,0.2805250028856914,False
44,adaptive_domain,11,2,8,16,1.0499790075258595,1.1007105689767362,0.4876102622132101,False
44,adaptive_domain,11,3,2,4,1.2678157801428789,1.1512794873532353,0.3361065165107662,False
44,adaptive_domain,11,4,4,8,1.1395994863342283,1.082018464581314,0.41197257130575976,False
44,adaptive_domain,11,5,8,16,1.058926324691225,1.0576541495353315,0.38967255854819394,False
44,adaptive_domain,11,6,2,4,1.0030434387116396,1.008228929602098,0.33056387759422634,False
44,adaptive_domain,11,7,4,8,1.0382655216778187,1.0540783311028639,0.38786705091773577,False
44,adaptive_domain,11,8,8,16,1.0881431695889512,1.1553872865581467,0.5094151747560377,False
44,adaptive_domain,11,9,2,4,1.0008393379090221,1.0159608512560974,0.3762023366229443,False
44,adaptive_domain,11,10,8,8,1.0045074821817668,1.0069663345210447,0.23634624579605504,True
44,adaptive_domain,11,11,8,16,1.0556870630036008,1.0761835473913952,0.4363083588713314,False
44,adaptive_domain,11,12,2,4,1.003042725211867,1.0124490776598303,0.32939358446263756,False
44,adaptive_domain,11,13,4,8,1.0171176865237301,1.0319313402521897,0.4126971093264772,False
44,adaptive_domain,11,14,8,16,1.0320904034103204,1.0637422902865739,0.4018478965716844,False
44,adaptive_domain,12,0,2,4,1.004513586630372,1.0053872791964173,0.2948760611533841,False
44,adaptive_domain,12,1,4,8,1.014276577921354,1.0184152632843284,0.27336826853467844,True
44,adaptive_domain,12,2,8,16,1.0518422023477254,1.0860500589880329,0.4967571890416259,False
44,adaptive_domain,12,3,2,4,1.055941936603452,1.1226782221283003,0.33817791715295553,False
44,adaptive_domain,12,4,4,8,1.1304112497950114,1.0965363001454231,0.4210712218673377,False
44,adaptive_domain,12,5,8,16,1.049595876243767,1.0552366675478622,0.39823325478629884,False
44,adaptive_domain,12,6,2,4,1.0027772889843682,1.006593437416779,0.3327936001051163,False
44,adaptive_domain,12,7,4,8,1.0358709763330436,1.0486161246719177,0.39501562168706206,False
44,adaptive_domain,12,8,8,16,1.0631173527291664,1.1277063064094526,0.5222375702135204,False
44,adaptive_domain,12,9,2,4,1.0024137129508843,1.0118967097645335,0.3783332375382996,False
44,adaptive_domain,12,10,8,8,1.007185614442235,1.0070321184974018,0.23787622018740623,False
44,adaptive_domain,12,11,8,16,1.0388704148593566,1.0649896076317837,0.44674874130624453,False
44,adaptive_domain,12,12,2,4,1.0028873734066068,1.0095805663838633,0.33098989967634157,False
44,adaptive_domain,12,13,4,8,1.014336840218086,1.0266529902419586,0.42118974284433436,False
44,adaptive_domain,12,14,8,16,1.0385587748424197,1.0561872356533275,0.4078220685246704,False
44,adaptive_domain,13,0,2,4,1.0056403134910652,1.0054631894848116,0.2972307799637045,False
44,adaptive_domain,13,1,8,8,1.0591664834322703,1.030640629328711,0.2740145669083621,True
44,adaptive_domain,13,2,8,16,1.0753215889596908,1.0828315179795303,0.5037526295945315,False
44,adaptive_domain,13,3,2,4,1.0067859533421262,1.0879105414924481,0.3411354895269473,False
44,adaptive_domain,13,4,4,8,1.1481390581063797,1.11201712753371,0.42933372672856424,False
44,adaptive_domain,13,5,8,16,1.0551396174566223,1.0552075525204903,0.40557728557064715,False
44,adaptive_domain,13,6,2,4,1.0027944193270248,1.0054537319898529,0.3352139459040431,False
44,adaptive_domain,13,7,4,8,1.062222490157095,1.0526980343174708,0.40289700965581726,False
44,adaptive_domain,13,8,8,16,1.076000259917473,1.1121944924618585,0.5342141174258637,False
44,adaptive_domain,13,9,2,4,1.0006190002275432,1.0085133969034363,0.38130269926522736,False
44,adaptive_domain,13,10,8,8,1.006719607768658,1.0069383652787787,0.24374169282030256,False
44,adaptive_domain,13,11,8,16,1.0624375326124817,1.0642239851259931,0.4534221834601308,False
44,adaptive_domain,13,12,2,4,1.002540935830907,1.0074686772179764,0.33288415823089557,False
44,adaptive_domain,13,13,4,8,1.0148466294626488,1.0231110820081657,0.42711516053893817,False
44,adaptive_domain,13,14,8,16,1.040233533191274,1.0514011249147115,0.41337631179001416,False
44,adaptive_domain,14,0,2,4,1.0117566745339912,1.0073512349995655,0.2990703622615457,False
44,adaptive_domain,14,1,8,8,1.0187425323736758,1.0270712002422004,0.27562809830677465,False
44,adaptive_domain,14,2,8,16,1.1026241724897483,1.0887693143325956,0.508733391040042,False
44,adaptive_domain,14,3,2,4,1.007027925167821,1.0636457565950599,0.34384988693164414,False
44,adaptive_domain,14,4,4,8,1.0376404387101483,1.0897041208866416,0.43462146959830944,False
44,adaptive_domain,14,5,8,16,1.0573836784651063,1.055860390303875,0.41069315920515453,False
44,adaptive_domain,14,6,2,4,1.0034231261285447,1.0048445502314605,0.3377207525079457,False
44,adaptive_domain,14,7,4,8,1.0554220749315038,1.0535152465016808,0.4094209272233248,False
44,adaptive_domain,14,8,8,16,1.2693207995626503,1.159332384592096,0.5442574999923185,False
44,adaptive_domain,14,9,2,4,1.001152706339149,1.0063051897341502,0.3821505470761937,False
44,adaptive_domain,14,10,6,8,1.0076700896575272,1.0071578825924032,0.24263449909197665,True
44,adaptive_domain,14,11,8,16,1.0354944787686717,1.0556051332187968,0.45927258928691755,False
44,adaptive_domain,14,12,2,4,1.0024377553720907,1.0059594006642107,0.3336869488588629,False
44,adaptive_domain,14,13,4,8,1.0120894998359542,1.0198046073565024,0.43317943096191946,False
44,adaptive_domain,14,14,8,16,1.0423940572568986,1.0486990046173676,0.41692648588066894,False
44,adaptive_domain,15,0,2,4,1.010520185671605,1.0083019202011774,0.30100812299832347,False
44,adaptive_domain,15,1,6,8,1.0190414417874996,1.0246622727057901,0.2764604163753131,True
44,adaptive_domain,15,2,8,16,1.0902939595636059,1.0892267079018987,0.5129207181918073,False
44,adaptive_domain,15,3,2,4,1.0044853689718396,1.0458976403080937,0.34670660134496945,False
44,adaptive_domain,15,4,4,8,1.1224825412586505,1.0995376469982443,0.4402368742404038,False
44,adaptive_domain,15,5,8,16,1.0447047763109851,1.0525137061060081,0.41705410354538947,False
44,adaptive_domain,15,6,2,4,1.0027095385504645,1.0042040467271618,0.3403492017093911,False
44,adaptive_domain,15,7,4,8,1.0496586190281767,1.0523582582596296,0.4138067511418975,False
44,adaptive_domain,15,8,8,16,1.0869918356079933,1.137630219896865,0.5520980439726331,False
44,adaptive_domain,15,9,2,4,1.0006538965654743,1.0046098017835474,0.38352364505769704,False
44,adaptive_domain,15,10,6,8,1.0069290424366508,1.0070892305456776,0.23905987256145017,False
44,adaptive_domain,15,11,8,16,1.047895902381248,1.053292363967532,0.4634436855617217,False
44,adaptive_domain,15,12,2,4,1.0024429876767265,1.0049044767679653,0.335849479268195,False
44,adaptive_domain,15,13,4,8,1.0107781023992706,1.0170966558693328,0.43762740870827105,False
44,adaptive_domain,15,14,8,16,1.038157260243218,1.0455364813051227,0.4199953551367372,False
44,adaptive_domain,16,0,2,4,1.0311457148467003,1.0151550585948343,0.30273471530238966,False
44,adaptive_domain,16,1,6,8,1.019612347824968,1.0231472952415435,0.277922407200084,False
44,adaptive_domain,16,2,8,16,1.219823129554432,1.1284056343976587,0.5155030221183321,False
44,adaptive_domain,16,3,2,4,1.0161567426496352,1.036975371010556,0.34893462423041144,False
44,adaptive_domain,16,4,4,8,1.0243491597273615,1.0769811008169796,0.4449959908620023,False
44,adaptive_domain,16,5,8,16,1.0461845534607543,1.050614960312432,0.42183526121759624,False
44,adaptive_domain,16,6,2,4,1.002957727217464,1.0038301508742524,0.34312661383689447,False
44,adaptive_domain,16,7,4,8,1.040281390599469,1.0487351979615813,0.419357762721611,False
44,adaptive_domain,16,8,8,16,1.0636047345352566,1.1154225742883825,0.5576977534563458,False
44,adaptive_domain,16,9,2,4,1.0007985765410963,1.0034664342108122,0.3862774474865044,False
44,adaptive_domain,16,10,8,8,1.0069641125063813,1.0070516951338888,0.23449499590130962,True
44,adaptive_domain,16,11,8,16,1.0409659776348124,1.0495944480677162,0.46785197176393784,False
44,adaptive_domain,16,12,2,4,1.002307950642661,1.004125518930374,0.3374925481893506,False
44,adaptive_domain,16,13,4,8,1.0119942417738117,1.0155659316406767,0.4427362436160861,False
44,adaptive_domain,16,14,8,16,1.0274180042694243,1.040100938194413,0.42155048712669063,False
44,adaptive_domain,17,0,2,4,1.027790491230214,1.0189456883854482,0.30416537651270736,False
44,adaptive_domain,17,1,4,8,1.0145235639645418,1.020560175858443,0.2669447231135465,True
44,adaptive_domain,17,2,8,16,1.070487033527199,1.1110300541365208,0.5174610572507037,False
44,adaptive_domain,17,3,2,4,1.0041602425801521,1.0271308324814348,0.351341387171756,False
44,adaptive_domain,17,4,4,8,1.030804019505863,1.0631279764236448,0.4490287721663804,False
44,adaptive_domain,17,5,8,16,1.0322267876965139,1.0450985085276565,0.4256782573346647,False
44,adaptive_domain,17,6,2,4,1.0024370386230004,1.0034122171988766,0.34517195065918205,False
44,adaptive_domain,17,7,4,8,1.0363242844044536,1.0450119238944429,0.42411860827485226,False
44,adaptive_domain,17,8,8,16,1.052488874952549,1.0965424644876325,0.563150222348244,False
44,adaptive_domain,17,9,2,4,1.0006765094280021,1.0026294567759693,0.38693506349492396,False
44,adaptive_domain,17,10,8,8,1.008754652329135,1.0075625822924628,0.24215674784091573,False
44,adaptive_domain,17,11,8,16,1.0341455770934935,1.0449597867754494,0.472221748803368,False
44,adaptive_domain,17,12,2,4,1.0022108672769297,1.0035511234343406,0.33928772414293684,False
44,adaptive_domain,17,13,4,8,1.0127595399159834,1.0147240141232685,0.44723634483009034,False
44,adaptive_domain,17,14,8,16,1.0405784697332243,1.0402441976560564,0.42315806619199886,False
44,adaptive_domain,18,0,2,4,1.0227653619440327,1.0200915904530237,0.3058454067349686,False
44,adaptive_domain,18,1,8,8,1.035802201553162,1.0251327835668587,0.2675496481720332,True
44,adaptive_domain,18,2,8,16,1.179911930907326,1.1316946171677622,0.5192694718595496,False
44,adaptive_domain,18,3,2,4,1.0041410381380016,1.0202338941784048,0.3535769872641715,False
44,adaptive_domain,18,4,4,8,1.0305301618836298,1.0533486320616403,0.45141425606798835,False
44,adaptive_domain,18,5,8,16,1.0430142013599801,1.0444732163773536,0.4287332073948493,False
44,adaptive_domain,18,6,2,4,1.0028113029018266,1.0032319429097616,0.34678877169131456,False
44,adaptive_domain,18,7,4,8,1.0782410685040613,1.0549806672773285,0.4281599423975192,False
44,adaptive_domain,18,8,8,16,1.0985933142572388,1.0971577194185143,0.5688518003614974,False
44,adaptive_domain,18,9,2,4,1.000590217041947,1.0020176848557627,0.3884442944717298,False
44,adaptive_domain,18,10,8,8,1.006856258654223,1.0073506852009908,0.2477009069556738,False
44,adaptive_domain,18,11,8,16,1.0404468003862948,1.043605890858703,0.4764310994349638,False
44,adaptive_domain,18,12,2,4,1.0021311764009675,1.0031251393243288,0.33932273523444184,False
44,adaptive_domain,18,13,4,8,1.0126520900970741,1.0141024369154101,0.45006428245073327,False
44,adaptive_domain,18,14,8,16,1.0522767849551515,1.0438539738457848,0.42274196297492506,False
44,adaptive_domain,19,0,2,4,1.0383457667148703,1.0255678433315776,0.3066350374935476,False
44,adaptive_domain,19,1,8,8,1.0202726860922304,1.0236747543244702,0.2698555932636243,False
44,adaptive_domain,19,2,8,16,1.0693127974437857,1.1129800712505693,0.5188190946103409,False
44,adaptive_domain,19,3,2,4,1.0031829821555474,1.0151186205715477,0.3557202683768132,False
44,adaptive_domain,19,4,4,8,1.0400616926356838,1.0493625502338535,0.45252607822110447,False
44,adaptive_domain,19,5,8,16,1.0328833849991048,1.040996266963879,0.4326966372001661,False
44,adaptive_domain,19,6,2,4,1.0026288850053446,1.0030510255384364,0.3474466445296658,False
44,adaptive_domain,19,7,4,8,1.0562760825724866,1.055369291865876,0.43198450689006807,False
44,adaptive_domain,19,8,8,16,1.1135373432831308,1.1020716065778993,0.5743641266625299,False
44,adaptive_domain,19,9,2,4,1.000730344815073,1.001631482843556,0.3888957525788389,False
44,adaptive_domain,19,10,6,8,1.0089122043480279,1.0078191409451018,0.25279455369720183,True
44,adaptive_domain,19,11,8,16,1.0325995886777748,1.0403040002044244,0.480553477993657,False
44,adaptive_domain,19,12,2,4,1.002229553749423,1.002856463651857,0.34000199204555126,False
44,adaptive_domain,19,13,4,8,1.0111600496792637,1.0132197207445661,0.45425898505265017,False
44,adaptive_domain,19,14,8,16,1.047405686736313,1.0449194877129433,0.4232232786994099,False
44,adaptive_domain,20,0,2,4,1.0132948838949067,1.0218859555005764,0.30727264609505983,False
44,adaptive_domain,20,1,6,8,1.0203388845473524,1.022673993391335,0.2721034866126009,True
44,adaptive_domain,20,2,8,16,1.0525444919330478,1.0948493974553128,0.5194529582227224,False
44,adaptive_domain,20,3,2,4,1.026376125107862,1.018495871932442,0.35758958846253047,False
44,adaptive_domain,20,4,4,8,1.2880402715439245,1.1209658666268747,0.45612549130729574,False
44,adaptive_domain,20,5,8,16,1.055819987534901,1.0454433831351857,0.43600358020254715,False
44,adaptive_domain,20,6,2,4,1.003531545155307,1.0031951814234976,0.3485845159861044,False
44,adaptive_domain,20,7,4,8,1.035336949398744,1.0493595891257363,0.4353329432223491,False
44,adaptive_domain,20,8,8,16,1.0961642014058075,1.1002993850262717,0.5795212236453289,False
44,adaptive_domain,20,9,2,4,1.0004440535516668,1.0012752540559893,0.3888246260624386,False
44,adaptive_domain,20,10,6,8,1.0057334917814678,1.0071934461960117,0.25783882883976506,False
44,adaptive_domain,20,11,8,16,1.0297009904510708,1.0371230972784182,0.48023187348422836,False
44,adaptive_domain,20,12,2,4,1.0020050709822057,1.0026010458509615,0.34161028101406365,False
44,adaptive_domain,20,13,4,8,1.0118223570285863,1.0128005116297722,0.45877536802889596,False
44,adaptive_domain,20,14,8,16,1.0426573402627164,1.0442408434778752,0.42298817725142457,False
44,adaptive_domain,21,0,2,4,1.0164920638363326,1.0202677880013034,0.3075298231531478,False
44,adaptive_domain,21,1,6,8,1.0194087166284678,1.0216944103624748,0.2735980974692149,False
44,adaptive_domain,21,2,8,16,1.0595229137937694,1.0842514523568498,0.5209724041145879,False
44,adaptive_domain,21,3,2,4,1.0036921156112348,1.0140547450360797,0.35897845874915046,False
44,adaptive_domain,21,4,4,8,1.0453211996773537,1.0982724665420185,0.4606400857822737,False
44,adaptive_domain,21,5,8,16,1.0616470276043972,1.050304476475949,0.4392996726762338,False
44,adaptive_domain,21,6,2,4,1.0042675645568662,1.0035168963635082,0.34943089077244427,False
44,adaptive_domain,21,7,4,8,1.0256187150800176,1.0422373269120206,0.4367212119956202,False
44,adaptive_domain,21,8,8,16,1.064713709467366,1.0896236823585999,0.5827019338683469,False
44,adaptive_domain,21,9,2,4,1.0011885610361317,1.001249246150032,0.3902677046597422,False
44,adaptive_domain,21,10,4,8,1.0064300970476605,1.0069644414515064,0.24511387204238738,True
44,adaptive_domain,21,11,8,16,1.0292839415079773,1.034771350547286,0.48088709293387893,False
44,adaptive_domain,21,12,2,4,1.0021155880817207,1.0024554085201893,0.34284008683659317,False
44,adaptive_domain,21,13,4,8,1.0124954985448358,1.0127090077042913,0.4615888583139366,False
44,adaptive_domain,21,14,8,16,1.0476751603456096,1.0452711385381954,0.4220382634359552,False
44,adaptive_domain,22,0,2,4,1.0318130039700413,1.0237313527919247,0.3081833224485968,False
44,adaptive_domain,22,1,4,8,1.0175456998962888,1.020449797222619,0.26169989004947125,True
44,adaptive_domain,22,2,8,16,1.0609808826176685,1.0772702814350954,0.5205910368470709,False
44,adaptive_domain,22,3,2,4,1.0022876448240694,1.0105246149724767,0.35892030020321114,False
44,adaptive_domain,22,4,4,8,1.0416397367333077,1.0812826475994053,0.4644118005364455,False
44,adaptive_domain,22,5,8,16,1.0388155570843338,1.0468578006584646,0.44116859330068015,False
44,adaptive_domain,22,6,2,4,1.0038354096067015,1.003612450336466,0.35003625126326643,False
44,adaptive_domain,22,7,4,8,1.0122802430143443,1.0332502017427179,0.4381871946941957,False
44,adaptive_domain,22,8,8,16,1.0577460631627422,1.0800603965998425,0.587559935484345,False
44,adaptive_domain,22,9,2,4,1.000660898417871,1.0010727418303837,0.3912964682235062,False
44,adaptive_domain,22,10,8,8,1.0085648509674994,1.0074445643063044,0.23622092169594686,True
44,adaptive_domain,22,11,8,16,1.0316648876556345,1.0338394116797904,0.4819872590320733,False
44,adaptive_domain,22,12,2,4,1.0022315101313062,1.0023882390035244,0.34390504239286845,False
44,adaptive_domain,22,13,4,8,1.0109101790135813,1.0121693590970784,0.4644210313807286,False
44,adaptive_domain,22,14,8,16,1.0418935199095354,1.0442578529495974,0.42139983686679083,False
44,adaptive_domain,23,0,2,4,1.0134732407211768,1.0206539191707003,0.3087824172005109,False
44,adaptive_domain,23,1,8,8,1.0326031987537472,1.0240958176819575,0.26238444599257227,True
44,adaptive_domain,23,2,8,16,1.0695821046890281,1.0749638284112752,0.5212526959142441,False
44,adaptive_domain,23,3,2,4,1.002904999118545,1.0082387302162972,0.3594028408279972,False
44,adaptive_domain,23,4,4,8,1.1046959684372757,1.0883066438507665,0.46435617365297516,False
44,adaptive_domain,23,5,8,16,1.0360610797279488,1.0436187843793099,0.4438813525386445,False
44,adaptive_domain,23,6,2,4,1.0040322461670148,1.0037383890856306,0.3513161199633056,False
44,adaptive_domain,23,7,4,8,1.0362212158761488,1.0341415059827472,0.4405725356200038,False
44,adaptive_domain,23,8,8,16,1.1558415504743225,1.1027947427621865,0.5908998696287953,False
44,adaptive_domain,23,9,2,4,1.0020460305109489,1.0013647284345533,0.3927104239589435,False
44,adaptive_domain,23,10,8,8,1.006006931160289,1.0070132743624998,0.24348821301672385,False
44,adaptive_domain,23,11,8,16,1.0371392378733872,1.0348293595378695,0.48282372704791476,False
44,adaptive_domain,23,12,2,4,1.0022397534308958,1.0023436933317358,0.3443303646300837,False
44,adaptive_domain,23,13,4,8,1.012098125499598,1.0121479890178342,0.46547859147821985,False
44,adaptive_domain,23,14,8,16,1.0652660096915163,1.050560299972173,0.4192470923567854,False
44,adaptive_domain,24,0,2,4,1.013103059471447,1.018388661260924,0.3085122796941089,False
44,adaptive_domain,24,1,8,8,1.019835808811245,1.0228178150207436,0.2653866603199001,False
44,adaptive_domain,24,2,8,16,1.0886840573913208,1.0790798971052888,0.5198742702889246,False
44,adaptive_domain,24,3,2,4,1.002189589742712,1.0064239880742216,0.3599596535828696,False
44,adaptive_domain,24,4,4,8,1.0286158054719077,1.0703993923371087,0.46526232990204697,False
44,adaptive_domain,24,5,8,16,1.0381476414482806,1.0419774415000012,0.44667930324522975,False
44,adaptive_domain,24,6,2,4,1.0115061617256937,1.0060687208776495,0.35268721510112083,False
44,adaptive_domain,24,7,4,8,1.0361176263156107,1.0347343420826063,0.4433908078314332,False
44,adaptive_domain,24,8,8,16,1.2106165598404433,1.1351412878856635,0.5915474496569001,False
44,adaptive_domain,24,9,2,4,1.0006532067418101,1.0011512719267301,0.3938767196184285,False
44,adaptive_domain,24,10,8,8,1.0051018558738714,1.0064398488159112,0.2501424805724172,False
44,adaptive_domain,24,11,8,16,1.0449382706667814,1.037862032876543,0.4825858169030191,False
44,adaptive_domain,24,12,2,4,1.0019404497639464,1.002222720261399,0.3446835541077891,False
44,adaptive_domain,24,13,4,8,1.010552415283812,1.0116693168976276,0.46710491299603396,False
44,adaptive_domain,24,14,8,16,1.0705101864092113,1.0565452659032846,0.41804874439686474,False
44,adaptive_domain,25,0,2,4,1.0254398008369643,1.0205040031337362,0.30833826488076815,False
44,adaptive_domain,25,1,6,8,1.0163409125475193,1.0208747442787764,0.26797266564956906,True
44,adaptive_domain,25,2,8,16,1.0716825862357875,1.0768607038444384,0.5218807227767799,False
44,adaptive_domain,25,3,2,4,1.0022157877417146,1.0051615279744697,0.35949887136623726,False
44,adaptive_domain,25,4,4,8,1.0680913755276698,1.069706987294277,0.4665725200761274,False
44,adaptive_domain,25,5,8,16,1.0334773190568052,1.0394274047670424,0.4496135235510418,False
44,adaptive_domain,25,6,2,4,1.01142285290332,1.0076749604853505,0.3536767456565884,False
44,adaptive_domain,25,7,4,8,1.017270824201431,1.0294952867182536,0.4450797072949031,False
44,adaptive_domain,25,8,8,16,1.0478353574517394,1.1089495087554861,0.5901574981386726,False
44,adaptive_domain,25,9,2,4,1.0006333617675192,1.000995898878967,0.39525795061595254,False
44,adaptive_domain,25,10,6,8,1.0056998174553482,1.0062178394077423,0.2564073900842626,True
44,adaptive_domain,25,11,8,16,1.0379412820522615,1.0378858076292587,0.4850095507645021,False
44,adaptive_domain,25,12,2,4,1.0022274664817772,1.0022241441275124,0.345265274507855,False
44,adaptive_domain,25,13,4,8,1.011128076766759,1.0115069448583671,0.4689262903287227,False
44,adaptive_domain,25,14,8,16,1.0874817049498189,1.0658261976172447,0.4168285030686284,False
44,adaptive_domain,26,0,2,4,1.0117474389223733,1.0178770338703274,0.3084706135106498,False
44,adaptive_domain,26,1,6,8,1.0143833598855938,1.0189273289608216,0.26998446240528806,False
44,adaptive_domain,26,2,8,16,1.07981833448294,1.077747993035989,0.5223477819390134,False
44,adaptive_domain,26,3,2,4,1.0099511679224928,1.0065984199588767,0.3604300944554451,False
44,adaptive_domain,26,4,4,8,1.0373771200633746,1.0600080271250063,0.46706841547826394,False
44,adaptive_domain,26,5,8,16,1.0373285154211678,1.03879773796328,0.45235185750484824,False
44,adaptive_domain,26,6,2,4,1.0282220161244167,1.0138390771770704,0.353790584713486,False
44,adaptive_domain,26,7,4,8,1.0124402343786052,1.0243787710163592,0.4464871051375757,False
44,adaptive_domain,26,8,8,16,1.0309096986235475,1.0855375657159045,0.5896553856458425,False
44,adaptive_domain,26,9,2,4,1.0008136831393122,1.0009412341570705,0.39434657559099734,False
44,adaptive_domain,26,10,6,8,1.006334209818661,1.006252750531018,0.26177353301613765,False
44,adaptive_domain,26,11,8,16,1.0276745618255416,1.0348224338881435,0.48623594150870136,False
44,adaptive_domain,26,12,2,4,1.0021275883821446,1.002195177403902,0.34545020425510353,False
44,adaptive_domain,26,13,4,8,1.0108631164500883,1.0113137963358834,0.4708920356038045,False
44,adaptive_domain,26,14,8,16,1.0543672023956867,1.0623884990507773,0.41647189553694564,False
44,adaptive_domain,27,0,2,4,1.012051296302194,1.0161293125998871,0.30774561743166523,False
44,adaptive_domain,27,1,4,8,1.012135129355447,1.0168896690792093,0.2572016928251918,True
44,adaptive_domain,27,2,8,16,1.065963711523174,1.0742127085821445,0.5221494076813852,False
44,adaptive_domain,27,3,2,4,1.0029311660314923,1.0054982437806612,0.36041827223867545,False
44,adaptive_domain,27,4,4,8,1.055444831284559,1.0586390683728721,0.46744373003559647,False
44,adaptive_domain,27,5,8,16,1.0407553201474569,1.039385012618533,0.45463281706536707,False
44,adaptive_domain,27,6,2,4,1.0125477527974829,1.013451679863194,0.3545704240587053,False
44,adaptive_domain,27,7,4,8,1.0120622062849256,1.020683801596929,0.44694061977706295,False
44,adaptive_domain,27,8,8,16,1.0297056698923104,1.0687879969688263,0.5908918821992978,False
44,adaptive_domain,27,9,2,4,1.0006244841257632,1.0008462091476782,0.39544178426843146,False
44,adaptive_domain,27,10,4,8,1.0070604493852582,1.00649506018729,0.261291586091676,True
44,adaptive_domain,27,11,8,16,1.0423888228813774,1.0370923505861138,0.48637337956669036,False
44,adaptive_domain,27,12,2,4,1.0020135796050587,1.0021406980642489,0.34492961150417323,False
44,adaptive_domain,27,13,4,8,1.0121935373328714,1.01157771863498,0.4718441936019037,False
44,adaptive_domain,27,14,8,16,1.0670261697130168,1.0637798002494492,0.4167118043063068,False
44,adaptive_domain,28,0,2,4,1.0189530131425484,1.0169764227626856,0.30676767750986705,False
44,adaptive_domain,28,1,8,8,1.0259083005285454,1.01959525851401,0.25689508389790194,True
44,adaptive_domain,28,2,8,16,1.0626223043301097,1.070735587306534,0.5201429565050318,False
44,adaptive_domain,28,3,2,4,1.0031655133804875,1.004798424660609,0.3620164202362207,False
44,adaptive_domain,28,4,4,8,1.0372948893538252,1.052235814667158,0.4660765930900915,False
44,adaptive_domain,28,5,8,16,1.0790158279373587,1.0512742572141809,0.4573602800258033,False
44,adaptive_domain,28,6,2,4,1.0554267221327627,1.0260441925440646,0.3552745003918566,False
44,adaptive_domain,28,7,4,8,1.0351647358944023,1.025028081886171,0.4486059732170215,False
44,adaptive_domain,28,8,8,16,1.1082537317852614,1.0806277174137568,0.589837199339541,False
44,adaptive_domain,28,9,2,4,1.0007495488159495,1.0008172110481595,0.3964358639591693,False
44,adaptive_domain,28,10,4,8,1.0063455131290424,1.0064501960698156,0.25843852581712395,False
44,adaptive_domain,28,11,8,16,1.0364585701827775,1.036902216465113,0.4878649102097616,False
44,adaptive_domain,28,12,2,4,1.0022708130963338,1.0021797325738744,0.3457272220322893,False
44,adaptive_domain,28,13,4,8,1.0110780929626895,1.0114278309332927,0.47364415764664575,False
44,adaptive_domain,28,14,8,16,1.0782390307109284,1.068117569387893,0.41823162952488224,False
44,adaptive_domain,29,0,2,4,1.0127510305951584,1.0157088051124274,0.306607444555183,False
44,adaptive_domain,29,1,8,8,1.0167972483330037,1.018755855459708,0.26163128254452583,False
44,adaptive_domain,29,2,8,16,1.0442642180207473,1.062794176520798,0.5218222363759095,False
44,adaptive_domain,29,3,2,4,1.004031217470652,1.0045682625036219,0.36266637750001135,False
44,adaptive_domain,29,4,4,8,1.018098208236454,1.041994532737947,0.4672431047888122,False
44,adaptive_domain,29,5,8,16,1.0856122556563688,1.0615756567468373,0.4571952605911517,False
44,adaptive_domain,29,6,2,4,1.0275518442765486,1.0264964880638099,0.35524520239133317,False
44,adaptive_domain,29,7,4,8,1.0389069970957276,1.029191756449038,0.44864901578913297,False
44,adaptive_domain,29,8,8,16,1.0483949639369365,1.0709578913707107,0.5920103071363356,False
44,adaptive_domain,29,9,2,4,1.000686921597333,1.0007781242129115,0.3973365473348192,False
44,adaptive_domain,29,10,8,8,1.0092500252764942,1.0072901448318192,0.25559978818261264,True
44,adaptive_domain,29,11,8,16,1.0439430415947655,1.0390144640040087,0.4883546230727238,False
44,adaptive_domain,29,12,2,4,1.0024399715849623,1.0022578042772008,0.34597278128096176,False
44,adaptive_domain,29,13,4,8,1.0106571956053498,1.01119664033491,0.4761879362724765,False
44,adaptive_domain,29,14,8,16,1.0868942183195882,1.0737505640674017,0.417864656061659,False
44,adaptive_domain,30,0,2,4,1.0170329459427174,1.0161060473615144,0.30658786172631924,False
44,adaptive_domain,30,1,6,8,1.014148548442264,1.0173736633544748,0.2657001136991549,True
44,adaptive_domain,30,2,8,16,1.0778304260090497,1.0673050513672735,0.520289366023834,False
44,adaptive_domain,30,3,2,4,1.0075349128856224,1.005458257618222,0.3635262771744059,False
44,adaptive_domain,30,4,4,8,1.0228355184681917,1.0362468284570203,0.4674222418018632,False
44,adaptive_domain,30,5,8,16,1.0639077908897345,1.0622752969897065,0.4569680148702134,False
44,adaptive_domain,30,6,2,4,1.0239741909349533,1.0257397989251529,0.356319495912154,False
44,adaptive_domain,30,7,4,8,1.0130720046322863,1.0243558309040126,0.4480127568338166,False
44,adaptive_domain,30,8,8,16,1.0475720665133101,1.0639421439134906,0.5917817465742097,False
44,adaptive_domain,30,9,2,4,1.0006165579902495,1.0007296543461128,0.39747292224162606,False
44,adaptive_domain,30,10,8,8,1.0042052833134854,1.006364686376319,0.2562456175811073,False
44,adaptive_domain,30,11,8,16,1.041086648055014,1.0396361192193102,0.48858378983314443,False
44,adaptive_domain,30,12,2,4,1.002365693933915,1.0022901711742151,0.346148243628364,False
44,adaptive_domain,30,13,4,8,1.0131088634057672,1.0117703072561672,0.47678286766829614,False
44,adaptive_domain,30,14,8,16,1.0741172327107198,1.0738605646603971,0.41786705505655075,False
44,adaptive_quality,1,0,4,4,1.1341050591946753,1.1341050591946753,0.26194670501611567,False
44,adaptive_quality,1,1,8,8,1.1398906203935906,1.1398906203935906,0.2693691887360205,False
44,adaptive_quality,1,2,16,16,1.215208723907646,1.215208723907646,0.269067596954663,False
44,adaptive_quality,1,3,4,4,1.1014430858162714,1.1014430858162714,0.2900530293856916,False
44,adaptive_quality,1,4,8,8,1.188302399482292,1.188302399482292,0.25764913372832987,False
44,adaptive_quality,1,5,16,16,1.117763609041129,1.117763609041129,0.27432184986525915,False
44,adaptive_quality,1,6,4,4,1.119033879644371,1.119033879644371,0.2693853648285413,False
44,adaptive_quality,1,7,8,8,1.1537467455764718,1.1537467455764718,0.2707369715016738,False
44,adaptive_quality,1,8,16,16,1.233494685396688,1.233494685396688,0.2691763499059459,False
44,adaptive_quality,1,9,4,4,1.0640774006865672,1.0640774006865672,0.31628363352336375,False
44,adaptive_quality,1,10,8,8,1.083764671333122,1.083764671333122,0.2790209297096503,False
44,adaptive_quality,1,11,16,16,1.1583547567071024,1.1583547567071024,0.249641129686488,False
44,adaptive_quality,1,12,4,4,1.2259896646108952,1.2259896646108952,0.27446896003304383,False
44,adaptive_quality,1,13,8,8,1.1832707218276417,1.1832707218276417,0.286092713786282,False
44,adaptive_quality,1,14,16,16,1.2074526737772306,1.2074526737772306,0.2759807974977449,False
44,adaptive_quality,2,0,4,4,1.00892752259896,1.0965517982159607,0.26511591247152944,False
44,adaptive_quality,2,1,8,8,1.0003651961875826,1.0980329931317883,0.27139787439696783,False
44,adaptive_quality,2,2,16,16,1.0498097963299768,1.1655890456343452,0.2858642426282806,False
44,adaptive_quality,2,3,4,4,1.0009013733288943,1.0712805720700582,0.29174525619125025,False
44,adaptive_quality,2,4,8,8,1.312050576556925,1.2254268526046819,0.2711984816821367,False
44,adaptive_quality,2,5,16,16,1.0030454844995034,1.0833481716786413,0.2792938548182465,False
44,adaptive_quality,2,6,4,4,1.019086216210574,1.089049580614232,0.2736646095396995,False
44,adaptive_quality,2,7,8,8,1.0278131550976852,1.115966668432836,0.2787910717086066,False
44,adaptive_quality,2,8,16,16,1.0386631625263485,1.1750452285355861,0.2798293520664509,False
44,adaptive_quality,2,9,4,4,1.0028757617076125,1.0457169089928808,0.3186278466240249,False
44,adaptive_quality,2,10,8,8,1.0002684850890424,1.0587158154598981,0.2779896745809675,False
44,adaptive_quality,2,11,16,16,1.0354526040797447,1.121484110918895,0.26600597057231046,False
44,adaptive_quality,2,12,4,4,1.001951885172447,1.1587783307793607,0.2789378439370055,False
44,adaptive_quality,2,13,8,8,1.0035921694853536,1.1293671561249554,0.2938472050691593,False
44,adaptive_quality,2,14,16,16,1.0080290402397334,1.1476255837159814,0.2828996121236456,False
44,adaptive_quality,3,0,4,4,1.003256212094622,1.068563122379559,0.2686840019526501,False
44,adaptive_quality,3,1,8,8,1.001117867598027,1.0689584554716598,0.2733818244549699,False
44,adaptive_quality,3,2,16,16,1.1969579370411623,1.1749997130563903,0.3143818406985046,False
44,adaptive_quality,3,3,4,4,1.0011729519991661,1.0502482860487907,0.29381662946575177,False
44,adaptive_quality,3,4,8,8,1.2165391402816699,1.2227605389077782,0.29481757868406744,False
44,adaptive_quality,3,5,16,16,1.0186994619459515,1.0639535587588342,0.28987176805849585,False
44,adaptive_quality,3,6,4,4,1.0182170987862957,1.0677998360658512,0.28249218275243587,False
44,adaptive_quality,3,7,8,8,1.0509262067768437,1.0964545299360382,0.2919334538173408,False
44,adaptive_quality,3,8,16,16,1.4521495837358205,1.2581765350956564,0.3019549556280936,False
44,adaptive_quality,3,9,4,4,1.1531125283306958,1.0779355947942253,0.3289186415123958,False
44,adaptive_quality,3,10,8,8,1.0011104078935908,1.041434193190006,0.2797576939067739,False
44,adaptive_quality,3,11,16,16,1.0825141180568576,1.1097931130602838,0.29169110041047397,False
44,adaptive_quality,3,12,4,4,1.0243990811144972,1.1184645558799016,0.2869393320889979,False
44,adaptive_quality,3,13,8,8,1.0734978095338705,1.11260635214763,0.30690988602304753,False
44,adaptive_quality,3,14,16,16,1.0462918386869289,1.1172254602072655,0.29801116147208223,False
44,adaptive_quality,4,0,2,4,1.0034666606135323,1.049034183849751,0.27312391139858383,True
44,adaptive_quality,4,1,6,8,1.002647288247424,1.0490651053043891,0.27515080827075583,True
44,adaptive_quality,4,2,12,16,1.237080595112226,1.193623977673141,0.3470159079799044,True
44,adaptive_quality,4,3,2,4,1.0023987332667488,1.035893420214178,0.2980735879772257,True
44,adaptive_quality,4,4,6,8,1.1176219023204486,1.1912189479315793,0.3197504663996988,True
44,adaptive_quality,4,5,12,16,1.0286133317727149,1.0533514906629984,0.3046100334928369,True
44,adaptive_quality,4,6,2,4,1.0278875925260103,1.055826163003899,0.29070523088654165,True
44,adaptive_quality,4,7,6,8,1.068280351914198,1.0880022765294861,0.30698479577861537,True
44,adaptive_quality,4,8,12,16,1.300327425931114,1.2708218023462936,0.3330962437960143,True
44,adaptive_quality,4,9,2,4,1.375081027283438,1.1670792245409891,0.33675660535575885,True
44,adaptive_quality,4,10,6,8,1.0027877382531638,1.0298402567089533,0.28100102898706764,True
44,adaptive_quality,4,11,12,16,1.0798939367183213,1.100823360157695,0.3200515788156131,True
44,adaptive_quality,4,12,2,4,1.0637915481477758,1.1020626535602638,0.29422025717710415,True
44,adaptive_quality,4,13,6,8,1.0975810678929907,1.108098766871238,0.3224745343141221,True
44,adaptive_quality,4,14,12,16,1.1058021985242439,1.113798481702359,0.31639512714171164,True
44,adaptive_quality,5,0,2,4,1.0009508321395733,1.0346091783366977,0.2768693012559491,False
44,adaptive_quality,5,1,6,8,1.0045482447834062,1.0357100471480942,0.27762029378162445,False
44,adaptive_quality,5,2,12,16,1.2432115993835713,1.20850026418627,0.3800418784307982,False
44,adaptive_quality,5,3,2,4,1.0451852225405278,1.038680960912083,0.30388779186246984,False
44,adaptive_quality,5,4,6,8,1.0859067679056105,1.1596252939237888,0.3443614226589382,False
44,adaptive_quality,5,5,12,16,1.0334348053423974,1.0473764850668181,0.3216875999105241,False
44,adaptive_quality,5,6,2,4,1.0061707593022264,1.0409295418933973,0.29820718793284745,False
44,adaptive_quality,5,7,6,8,1.041170833015709,1.073952843475353,0.3240274172764632,False
44,adaptive_quality,5,8,12,16,1.1995350588610396,1.2494357793007174,0.36804590790322406,False
44,adaptive_quality,5,9,2,4,1.018754515958,1.1225818119660924,0.34431264248383897,False
44,adaptive_quality,5,10,6,8,1.003928413363456,1.0220667037053042,0.28103964143947713,False
44,adaptive_quality,5,11,12,16,1.096696488004139,1.0995852985116283,0.34678794168946553,False
44,adaptive_quality,5,12,2,4,1.0073595549134615,1.073651723966223,0.30188204796903945,False
44,adaptive_quality,5,13,6,8,1.1073850520779036,1.1078846524332377,0.33857182379455253,False
44,adaptive_quality,5,14,12,16,1.2101271999664607,1.1426970971815895,0.33561691874467836,False
44,adaptive_quality,6,0,2,4,1.0008257213717915,1.0244741412472258,0.28021125104362316,False
44,adaptive_quality,6,1,4,8,1.0058124318189972,1.0267407625493652,0.27844660899121787,True
44,adaptive_quality,6,2,8,16,1.0937898139455315,1.1740871291140484,0.40821824512064236,True
44,adaptive_quality,6,3,2,4,1.0040127110058465,1.0282804859402122,0.3096754619318998,False
44,adaptive_quality,6,4,4,8,1.0458399715499453,1.1254896972116357,0.3595746942920406,True
44,adaptive_quality,6,5,8,16,1.0364907984723226,1.0441107790884694,0.3364009986284916,True
44,adaptive_quality,6,6,2,4,1.0079501566263263,1.031035726313276,0.30506064306365704,False
44,adaptive_quality,6,7,4,8,1.0544233967159595,1.0680940094475349,0.3368686749932543,True
44,adaptive_quality,6,8,8,16,1.0918596452698464,1.202162939091456,0.3999621737959466,True
44,adaptive_quality,6,9,2,4,1.0068908258911051,1.0878745161435963,0.35018001055852,False
44,adaptive_quality,6,10,4,8,1.007410623246017,1.017669879567518,0.2675405895033268,True
44,adaptive_quality,6,11,8,16,1.099286517234349,1.0994956641284446,0.36790141479420524,True
44,adaptive_quality,6,12,2,4,1.0051824039369235,1.0531109279574333,0.3074887253386957,False
44,adaptive_quality,6,13,4,8,1.070890294899912,1.09678634517324,0.3539623900810343,True
44,adaptive_quality,6,14,8,16,1.1873287749495334,1.1560866005119728,0.3533460726719946,True
44,adaptive_quality,7,0,2,4,1.000767357537636,1.0173621061343487,0.2830994541007389,False
44,adaptive_quality,7,1,4,8,1.0192891369953576,1.024505274883163,0.27385931253355056,False
44,adaptive_quality,7,2,8,16,1.0662925239755077,1.1417487475724861,0.4314614792031913,False
44,adaptive_quality,7,3,2,4,1.006312631240208,1.021690129530211,0.31642846349367193,False
44,adaptive_quality,7,4,4,8,1.0743791324362035,1.1101565277790062,0.3742965045684509,False
44,adaptive_quality,7,5,8,16,1.0587830301032735,1.0485124543929105,0.35037420752342824,False
44,adaptive_quality,7,6,2,4,1.008086211097065,1.0241508717484127,0.3125122958547665,False
44,adaptive_quality,7,7,4,8,1.0683672191607811,1.0681759723615087,0.3502678191825694,False
44,adaptive_quality,7,8,8,16,1.1608665752388483,1.1897740299356738,0.42931543304742514,False
44,adaptive_quality,7,9,2,4,1.0011638014708413,1.0618613017417697,0.3555548183440821,False
44,adaptive_quality,7,10,8,8,1.0057613529988436,1.0140973215969158,0.25769987400582905,True
44,adaptive_quality,7,11,8,16,1.1221663836874523,1.1062968799961468,0.38572032614688495,False
44,adaptive_quality,7,12,2,4,1.003784369884806,1.0383129605356451,0.3131936753619504,False
44,adaptive_quality,7,13,4,8,1.0176178619617908,1.0730358002098053,0.3671789645158052,False
44,adaptive_quality,7,14,8,16,1.0569884715756412,1.1263571618310733,0.3680825009563193,False
44,adaptive_quality,8,0,2,4,1.0008976716785836,1.0124227757976192,0.2856463301618758,False
44,adaptive_quality,8,1,8,8,1.0358191243095187,1.0278994297110697,0.2751339949523266,True
44,adaptive_quality,8,2,8,16,1.2210883879480203,1.1655506396851463,0.45097084164046136,False
44,adaptive_quality,8,3,2,4,1.0325102188867938,1.0249361563371857,0.323165370395033,False
44,adaptive_quality,8,4,4,8,1.037850607707782,1.088464751757639,0.3855075422802633,False
44,adaptive_quality,8,5,8,16,1.0608045369543966,1.0522000791613564,0.3624752749601716,False
44,adaptive_quality,8,6,2,4,1.0043147882250114,1.0182000466913923,0.31837386144384644,False
44,adaptive_quality,8,7,4,8,1.0720979653561697,1.0693525702599072,0.3623172713072205,False
44,adaptive_quality,8,8,8,16,1.1679916344029024,1.1832393112758424,0.4556878789392481,False
44,adaptive_quality,8,9,2,4,1.0012252004213031,1.0436704713456297,0.36240565996991797,False
44,adaptive_quality,8,10,8,8,1.0050021048416755,1.0113687565703438,0.2558350591671597,False
44,adaptive_quality,8,11,8,16,1.090242915636833,1.1014806906883527,0.4015211494133315,False
44,adaptive_quality,8,12,2,4,1.003328775956014,1.0278177051617559,0.31713239899278134,False
44,adaptive_quality,8,13,4,8,1.017473661553368,1.056367158612874,0.37911200582022886,False
44,adaptive_quality,8,14,8,16,1.0344629068808162,1.0987888853459962,0.38179619135552423,False
44,adaptive_quality,9,0,2,4,1.0009375765416313,1.0089772160208228,0.28716895431326467,False
44,adaptive_quality,9,1,8,8,1.0137829090398698,1.0236644735097098,0.27739929681569625,False
44,adaptive_quality,9,2,8,16,1.1169379634818246,1.15096683682415,0.4673735411190237,False
44,adaptive_quality,9,3,2,4,1.088478116749951,1.0439987444610153,0.3290839423618357,False
44,adaptive_quality,9,4,4,8,1.0207383276781266,1.0681468245337853,0.39700278070676964,False
44,adaptive_quality,9,5,8,16,1.066920956394723,1.0566163423313664,0.3744551833856169,False
44,adaptive_quality,9,6,2,4,1.0033908206500393,1.0137572788789864,0.32285294809575144,False
44,adaptive_quality,9,7,4,8,1.03565538665221,1.059243415177598,0.3729836565825267,False
44,adaptive_quality,9,8,8,16,1.2413918436208646,1.200685070979349,0.47742704427222515,False
44,adaptive_quality,9,9,2,4,1.0018418150307067,1.0311218744511528,0.36776964042186067,False
44,adaptive_quality,9,10,8,8,1.0066216348879689,1.0099446200656312,0.2550031463081135,False
44,adaptive_quality,9,11,8,16,1.073171912148268,1.0929880571263273,0.4152753796682365,False
44,adaptive_quality,9,12,2,4,1.0038334225317591,1.0206224203727567,0.32085882744368777,False
44,adaptive_quality,9,13,4,8,1.016526696786589,1.0444150200649884,0.39014262733748784,False
44,adaptive_quality,9,14,8,16,1.0426252467347707,1.0819397937626285,0.3940473776177986,False
44,adaptive_quality,10,0,2,4,1.002030233806504,1.006893121356527,0.28856216869914586,False
44,adaptive_quality,10,1,6,8,1.011871778065422,1.0201266648764236,0.2792489897335515,True
44,adaptive_quality,10,2,8,16,1.0663987400399135,1.125596407788879,0.48061140418284026,False
44,adaptive_quality,10,3,2,4,1.0187274989261557,1.0364173708005573,0.33500225164604075,False
44,adaptive_quality,10,4,4,8,1.0524990829405496,1.0634525020558145,0.4075456430189278,False
44,adaptive_quality,10,5,8,16,1.1107869115504991,1.0728675130971062,0.3846044791405944,False
44,adaptive_quality,10,6,2,4,1.0029845367899712,1.0105254562522819,0.3268897169575997,False
44,adaptive_quality,10,7,4,8,1.0419254086304102,1.0540480132134415,0.3821593763134207,False
44,adaptive_quality,10,8,8,16,1.0978062331371057,1.169821419626676,0.49589447766983885,False
44,adaptive_quality,10,9,2,4,1.0011617095315695,1.0221338249752778,0.3725926572830302,False
44,adaptive_quality,10,10,6,8,1.005158503427138,1.0085087850740833,0.24081809664971537,True
44,adaptive_quality,10,11,8,16,1.0524161693135103,1.0808164907824822,0.4266374875871344,False
44,adaptive_quality,10,12,2,4,1.003125790915611,1.015373431535613,0.3247637311143885,False
44,adaptive_quality,10,13,4,8,1.0132361480239886,1.0350613584526884,0.3991725752274411,False
44,adaptive_quality,10,14,8,16,1.0340763366542822,1.0675807566301247,0.40318715397955107,False
44,adaptive_quality,11,0,2,4,1.0032844184768899,1.005810510492636,0.2895316341227475,False
44,adaptive_quality,11,1,6,8,1.0172279491911047,1.019257050170828,0.28009011457085853,False
44,adaptive_quality,11,2,8,16,1.0727920631609194,1.109755104400491,0.4909972024961764,False
44,adaptive_quality,11,3,2,4,1.112545230896322,1.0592557288292865,0.339226821936459,False
44,adaptive_quality,11,4,4,8,1.3853064037077636,1.1600086725513994,0.4175667662823992,False
44,adaptive_quality,11,5,8,16,1.0703868113254327,1.072123302565604,0.3937748966070826,False
44,adaptive_quality,11,6,2,4,1.0031552789488623,1.0083144030612559,0.3305251386711224,False
44,adaptive_quality,11,7,4,8,1.0279755244391908,1.0462262665811664,0.390772152846617,False
44,adaptive_quality,11,8,8,16,1.08078908495617,1.1431117192255242,0.510209605612941,False
44,adaptive_quality,11,9,2,4,1.0009389964677793,1.0157753764230284,0.37533282340808355,False
44,adaptive_quality,11,10,8,8,1.0051029212538949,1.0074870259280266,0.2287013764884161,True
44,adaptive_quality,11,11,8,16,1.0591890580549959,1.0743282609642364,0.43383528143348693,False
44,adaptive_quality,11,12,2,4,1.0029265669555811,1.0116393721616035,0.3272501632897382,False
44,adaptive_quality,11,13,4,8,1.0139002138400732,1.028713015068904,0.4083975479369751,False
44,adaptive_quality,11,14,8,16,1.0246824687218283,1.0547112702576358,0.40988626924444743,False
44,adaptive_quality,12,0,2,4,1.005176251542583,1.0056202328076203,0.2906579445336779,False
44,adaptive_quality,12,1,4,8,1.0170607505186107,1.0185981602751628,0.27159895870736334,True
44,adaptive_quality,12,2,8,16,1.0781944502263197,1.1002869081482396,0.5005591197481601,False
44,adaptive_quality,12,3,2,4,1.076506006099398,1.06443081201032,0.341310434098399,False
44,adaptive_quality,12,4,4,8,1.1429078513433653,1.154878426188989,0.42691183600168775,False
44,adaptive_quality,12,5,8,16,1.0591692402878299,1.068237083882272,0.40310577692291577,False
44,adaptive_quality,12,6,2,4,1.0028574237857635,1.006677309278608,0.33258037980105665,False
44,adaptive_quality,12,7,4,8,1.0274088100337369,1.0405810296169375,0.3974272894133599,False
44,adaptive_quality,12,8,8,16,1.0656512999113283,1.1198735934312656,0.5233308393449455,False
44,adaptive_quality,12,9,2,4,1.0021073517893393,1.0116749690329216,0.37762230488332205,False
44,adaptive_quality,12,10,8,8,1.0072572886959392,1.0074181047584005,0.22601039835207154,False
44,adaptive_quality,12,11,8,16,1.0365254084147357,1.0629874051993862,0.4439522460088378,False
44,adaptive_quality,12,12,2,4,1.002851153684107,1.0090029066183546,0.32888064104165055,False
44,adaptive_quality,12,13,4,8,1.0120841304142307,1.023724349672502,0.41606383445420253,False
44,adaptive_quality,12,14,8,16,1.0310431892911796,1.047610845967699,0.41632503722434266,False
44,adaptive_quality,13,0,2,4,1.0061144334435312,1.0057684929983937,0.2921163157731843,False
44,adaptive_quality,13,1,8,8,1.0296462347648092,1.0219125826220568,0.27188449436190004,True
44,adaptive_quality,13,2,8,16,1.1063531519527836,1.1021067812896028,0.5080643656204333,False
44,adaptive_quality,13,3,2,4,1.0058845940111942,1.0468669466105822,0.344214655884387,False
44,adaptive_quality,13,4,4,8,1.3098363624547527,1.201365807068718,0.43528793563739504,False
44,adaptive_quality,13,5,8,16,1.0609215452233602,1.0660424222845983,0.4108060909123875,False
44,adaptive_quality,13,6,2,4,1.0028880543113288,1.0055405327884244,0.33491730242686746,False
44,adaptive_quality,13,7,4,8,1.0379719781837173,1.0397983141869713,0.4040647829478458,False
44,adaptive_quality,13,8,8,16,1.083335898382641,1.1089122849166784,0.5356349046534663,False
44,adaptive_quality,13,9,2,4,1.0006800041667412,1.0083764795730674,0.3806418109677729,False
44,adaptive_quality,13,10,8,8,1.0059282978961526,1.0069711626997262,0.22536080445635412,False
44,adaptive_quality,13,11,8,16,1.0639382240451867,1.0632726508531263,0.4501209227981584,False
44,adaptive_quality,13,12,2,4,1.0025033052698797,1.007053026213812,0.33066374287499345,False
44,adaptive_quality,13,13,4,8,1.0129187517445506,1.0204826702941165,0.4214491338299757,False
44,adaptive_quality,13,14,8,16,1.0286343558858717,1.0419178989431508,0.42265325656105845,False
44,adaptive_quality,14,0,2,4,1.0120141641347553,1.0076421943393021,0.2932621763760784,False
44,adaptive_quality,14,1,8,8,1.0174018703132677,1.02055936892942,0.2735582298387587,False
44,adaptive_quality,14,2,8,16,1.1088619534151707,1.1041333329272731,0.5131241918121199,False
44,adaptive_quality,14,3,2,4,1.0068732131654494,1.0348688265770423,0.3467762051330726,False
44,adaptive_quality,14,4,4,8,1.0705952428707488,1.1621346378093274,0.4407289909856258,False
44,adaptive_quality,14,5,8,16,1.0468325893145134,1.060279472393573,0.4161561648899809,False
44,adaptive_quality,14,6,2,4,1.0030390281027675,1.0047900813827273,0.33728349876493785,False
44,adaptive_quality,14,7,4,8,1.0350931142301674,1.03838675419993,0.4099306280042692,False
44,adaptive_quality,14,8,8,16,1.225336218163709,1.1438394648907877,0.5456988138532052,False
44,adaptive_quality,14,9,2,4,1.0014782779341633,1.006307019081396,0.3818288592832552,False
44,adaptive_quality,14,10,8,8,1.0072140044914186,1.0070440152372337,0.22823135697513658,False
44,adaptive_quality,14,11,8,16,1.0382429191719507,1.0557637313487735,0.45633579948236774,False
44,adaptive_quality,14,12,2,4,1.0024197253542892,1.005663035955955,0.3313979150579547,False
44,adaptive_quality,14,13,4,8,1.011020602600102,1.017644049985912,0.4264442844705475,False
44,adaptive_quality,14,14,8,16,1.0335675197411969,1.0394127851825645,0.426896585013381,False
44,adaptive_quality,15,0,2,4,1.0116010334343142,1.0088298460678058,0.2948357762613293,False
44,adaptive_quality,15,1,6,8,1.0194546030222624,1.0202279391572726,0.2749478723950455,True
44,adaptive_quality,15,2,8,16,1.1344567591484511,1.1132303607936265,0.5176173096983492,False
44,adaptive_quality,15,3,2,4,1.0048900892661319,1.0258752053837692,0.34937735147139315,False
44,adaptive_quality,15,4,4,8,1.169110378919573,1.1642273601424011,0.44645595472941324,False
44,adaptive_quality,15,5,8,16,1.0341420675757402,1.052438250948223,0.42249855637765055,False
44,adaptive_quality,15,6,2,4,1.0025531402126875,1.0041189990317154,0.3398836409075487,False
44,adaptive_quality,15,7,4,8,1.0212644687100605,1.0332500685529693,0.4144387426994377,False
44,adaptive_quality,15,8,8,16,1.1290985606282455,1.139417193612025,0.5541659974929505,False
44,adaptive_quality,15,9,2,4,1.000750961380869,1.004640201771238,0.3833501790132539,False
44,adaptive_quality,15,10,6,8,1.0055557175206618,1.0065975259222621,0.22915266582411836,True
44,adaptive_quality,15,11,8,16,1.0711965158945147,1.060393566712496,0.46094247200114136,False
44,adaptive_quality,15,12,2,4,1.0023097788265307,1.0046570588171277,0.33340720593471485,False
44,adaptive_quality,15,13,4,8,1.0107867127433918,1.015586848813156,0.4297761962097487,False
44,adaptive_quality,15,14,8,16,1.035378241731431,1.0382024221472244,0.43101692777020845,False
44,adaptive_quality,16,0,2,4,1.0245333882649592,1.0135409087269518,0.2964443709894399,False
44,adaptive_quality,16,1,6,8,1.0144598307750439,1.0184975066426039,0.2766165783510902,False
44,adaptive_quality,16,2,8,16,1.1607289387426478,1.1274799341783328,0.5198068043255609,False
44,adaptive_quality,16,3,2,4,1.020161733939126,1.0241611639503763,0.3512339179888532,False
44,adaptive_quality,16,4,4,8,1.0519147583503474,1.130533579604785,0.451026171369865,False
44,adaptive_quality,16,5,8,16,1.0415025782616505,1.0491575491422513,0.4278315924624039,False
44,adaptive_quality,16,6,2,4,1.0025207994382899,1.0036395391536876,0.34260426398824034,False
44,adaptive_quality,16,7,4,8,1.0155224643115286,1.027931787280537,0.4187609463103522,False
44,adaptive_quality,16,8,8,16,1.059237159912315,1.115363183502112,0.5599213241827306,False
44,adaptive_quality,16,9,2,4,1.0011698846581263,1.0035991066373045,0.38582773971298207,False
44,adaptive_quality,16,10,6,8,1.0056035032912207,1.0062993191329497,0.22989011618248467,False
44,adaptive_quality,16,11,8,16,1.0491962437990365,1.057034369838458,0.4654264966721267,False
44,adaptive_quality,16,12,2,4,1.0022590510528298,1.0039376564878384,0.33494436528134774,False
44,adaptive_quality,16,13,4,8,1.0115685516850546,1.0143813596747258,0.43404961539780723,False
44,adaptive_quality,16,14,8,16,1.0305561893045372,1.0359085522944183,0.43261377411422874,False
44,adaptive_quality,17,0,2,4,1.020319852383722,1.015574591823983,0.29812897968274443,False
44,adaptive_quality,17,1,4,8,1.017815753829977,1.018292980798816,0.27020142397398766,True
44,adaptive_quality,17,2,8,16,1.0747112756413566,1.11164933661724,0.5221833704185725,False
44,adaptive_quality,17,3,2,4,1.0050772525041904,1.0184359905165206,0.3533645689876721,False
44,adaptive_quality,17,4,4,8,1.0543640371017722,1.1076827168538812,0.4548853458010185,False
44,adaptive_quality,17,5,8,16,1.0342722531524347,1.0446919603453062,0.4319767891504753,False
44,adaptive_quality,17,6,2,4,1.00230982830869,1.0032406259001883,0.34450361337292307,False
44,adaptive_quality,17,7,4,8,1.0147368636966152,1.0239733102053603,0.42242940235305065,False
44,adaptive_quality,17,8,8,16,1.0538568766229908,1.0969112914383756,0.5659310273628954,False
44,adaptive_quality,17,9,2,4,1.0007692548332623,1.002750151096092,0.3866439855312067,False
44,adaptive_quality,17,10,4,8,1.0062946551184127,1.0062979199285886,0.2171658787982489,True
44,adaptive_quality,17,11,8,16,1.0511035148392418,1.0552551133386932,0.46893125023903015,False
44,adaptive_quality,17,12,2,4,1.0020856714011959,1.0033820609618456,0.33639409082034477,False
44,adaptive_quality,17,13,4,8,1.0123731766351802,1.013778904762862,0.4371704743275396,False
44,adaptive_quality,17,14,8,16,1.047417043634762,1.0393610996965212,0.43396772551768464,False
44,adaptive_quality,18,0,2,4,1.0209433238279466,1.017185211425172,0.2999916840017194,False
44,adaptive_quality,18,1,8,8,1.0240416075472003,1.0200175688233313,0.27041599134769734,True
44,adaptive_quality,18,2,8,16,1.134466111186467,1.118494368988008,0.5239019111418551,False
44,adaptive_quality,18,3,2,4,1.0041177340048222,1.014140513563011,0.35522396606609596,False
44,adaptive_quality,18,4,4,8,1.0480733103744435,1.0897998949100498,0.45752427453114797,False
44,adaptive_quality,18,5,8,16,1.0434915937492524,1.04433185036649,0.4348909525658661,False
44,adaptive_quality,18,6,2,4,1.0025817443043097,1.0030429614214247,0.34618007862925204,False
44,adaptive_quality,18,7,4,8,1.021259740838559,1.02315923939532,0.425299098969842,False
44,adaptive_quality,18,8,8,16,1.0996838745701032,1.097743066377894,0.5717533166267391,False
44,adaptive_quality,18,9,2,4,1.0006771673313821,1.0021282559666789,0.3881921291467246,False
44,adaptive_quality,18,10,8,8,1.006784235887092,1.0064438147161396,0.20964451262973077,True
44,adaptive_quality,18,11,8,16,1.0494085514497504,1.0535011447720102,0.47264782216912454,False
44,adaptive_quality,18,12,2,4,1.0020975461944828,1.0029967065316368,0.33638296644414,False
44,adaptive_quality,18,13,4,8,1.0111754651224787,1.0129978728707472,0.43945582490812923,False
44,adaptive_quality,18,14,8,16,1.0576349150704665,1.0448432443087048,0.43430056017869506,False
44,adaptive_quality,19,0,2,4,1.025379387586539,1.019643464273582,0.30132446201246077,False
44,adaptive_quality,19,1,8,8,1.0171474930534217,1.0191565460923584,0.2719566076019632,False
44,adaptive_quality,19,2,8,16,1.0683691556069972,1.1034568049737048,0.5230050038301151,False
44,adaptive_quality,19,3,2,4,1.006525327316113,1.0118559576889417,0.3569109036897192,False
44,adaptive_quality,19,4,4,8,1.0781246816147099,1.0862973309214479,0.4590223747049087,False
44,adaptive_quality,19,5,8,16,1.034537421632721,1.0413935217463592,0.43906722055235775,False
44,adaptive_quality,19,6,2,4,1.0021974386473418,1.0027893045891998,0.3467418823123041,False
44,adaptive_quality,19,7,4,8,1.0239737225115482,1.0234035843301883,0.42789231867059074,False
44,adaptive_quality,19,8,8,16,1.1005881956884593,1.0985966051710636,0.5770840382633411,False
44,adaptive_quality,19,9,2,4,1.0011078794202883,1.0018221430027618,0.3890982476878748,False
44,adaptive_quality,19,10,8,8,1.0085548550819028,1.0070771268258685,0.21637114593159876,False
44,adaptive_quality,19,11,8,16,1.0611956949459782,1.0558095098242006,0.47647943977794616,False
44,adaptive_quality,19,12,2,4,1.0028560488777498,1.0029545092354706,0.3369794170415049,False
44,adaptive_quality,19,13,4,8,1.0113279961485102,1.0124969098540761,0.4429394822797313,False
44,adaptive_quality,19,14,8,16,1.0519466415250607,1.0469742634736114,0.4357596718323969,False
44,adaptive_quality,20,0,2,4,1.01196981855285,1.0173413705573626,0.3023952585076024,False
44,adaptive_quality,20,1,6,8,1.0178681850413267,1.0187700377770488,0.2737351725399778,True
44,adaptive_quality,20,2,8,16,1.0470877178971572,1.0865460788507406,0.5245748602572681,False
44,adaptive_quality,20,3,2,4,1.0618971986685686,1.0268683299828298,0.3584175958528477,False
44,adaptive_quality,20,4,4,8,1.1595330899267098,1.1082680586230265,0.46286394292660565,False
44,adaptive_quality,20,5,8,16,1.0440995741491332,1.0422053374671914,0.4423062309243858,False
44,adaptive_quality,20,6,2,4,1.002816071465398,1.0027973346520591,0.34791899405190957,False
44,adaptive_quality,20,7,4,8,1.0148722670591521,1.0208441891488773,0.4309549349858874,False
44,adaptive_quality,20,8,8,16,1.0986495796144031,1.0986124975040654,0.581753374865079,False
44,adaptive_quality,20,9,2,4,1.0005462196944026,1.001439366010254,0.3888465727030426,False
44,adaptive_quality,20,10,8,8,1.0047928440759533,1.006391842000894,0.2225471207921677,False
44,adaptive_quality,20,11,8,16,1.0380505352641998,1.0504818174562005,0.4761925327368801,False
44,adaptive_quality,20,12,2,4,1.0019876778164336,1.0026644598097594,0.33788772369138975,False
44,adaptive_quality,20,13,4,8,1.0117548783934187,1.012274300415879,0.44566298558170986,False
44,adaptive_quality,20,14,8,16,1.0501901719254894,1.0479390360091747,0.435484430334379,False
44,adaptive_quality,21,0,2,4,1.0148535874893196,1.0165950356369498,0.3031569754548915,False
44,adaptive_quality,21,1,6,8,1.0152858617659772,1.0177247849737272,0.2753179462397981,False
44,adaptive_quality,21,2,8,16,1.0740400421887748,1.082794267852151,0.5259558822758199,False
44,adaptive_quality,21,3,2,4,1.0038222507628665,1.0199545062168407,0.359466334078757,False
44,adaptive_quality,21,4,4,8,1.0697460520623137,1.0967114566548126,0.46729826588808143,False
44,adaptive_quality,21,5,8,16,1.0349600216774382,1.0400317427302654,0.4452196229587125,False
44,adaptive_quality,21,6,2,4,1.0027369256658427,1.0027792119561942,0.3487821250155726,False
44,adaptive_quality,21,7,4,8,1.0131908010234008,1.0185481727112344,0.4320074819776813,False
44,adaptive_quality,21,8,8,16,1.054750914805904,1.085454022694617,0.58543927347834,False
44,adaptive_quality,21,9,2,4,1.0047094442482276,1.0024203894816461,0.39047128374073314,False
44,adaptive_quality,21,10,6,8,1.005510011711782,1.0061272929141603,0.22716607375255665,True
44,adaptive_quality,21,11,8,16,1.0425776201091326,1.04811055825208,0.4766656834306022,False
44,adaptive_quality,21,12,2,4,1.0022516374717643,1.0025406131083607,0.3388602338226854,False
44,adaptive_quality,21,13,4,8,1.0114830932110515,1.0120369382544308,0.44757914187544634,False
44,adaptive_quality,21,14,8,16,1.0527657486707955,1.049387049807661,0.43498334096980307,False
44,adaptive_quality,22,0,2,4,1.0239102859523737,1.0187896107315768,0.30444406086403186,False
44,adaptive_quality,22,1,4,8,1.0161240746247455,1.0172445718690328,0.27171467698582175,True
44,adaptive_quality,22,2,8,16,1.0696907348692868,1.0788632079572917,0.5270803518134404,False
44,adaptive_quality,22,3,2,4,1.002379207217483,1.0146819165170333,0.3589856353896845,False
44,adaptive_quality,22,4,4,8,1.0892621435796692,1.0944766627322697,0.47089106634967126,False
44,adaptive_quality,22,5,8,16,1.03290657114075,1.0378941912534108,0.44714258141495083,False
44,adaptive_quality,22,6,2,4,1.00229498505242,1.002633943885062,0.34995285655792685,False
44,adaptive_quality,22,7,4,8,1.010231442027874,1.0160531535062263,0.4330727128635456,False
44,adaptive_quality,22,8,8,16,1.0636410459601318,1.0789101296742714,0.5904237905342069,False
44,adaptive_quality,22,9,2,4,1.0024518969243215,1.0024298417144486,0.3917127922744788,False
44,adaptive_quality,22,10,6,8,1.0071681726511472,1.0064395568352564,0.2329792416074931,False
44,adaptive_quality,22,11,8,16,1.0376159570012813,1.0449621778768403,0.47806480065193424,False
44,adaptive_quality,22,12,2,4,1.002834708725313,1.0026288417934464,0.3396074543978392,False
44,adaptive_quality,22,13,4,8,1.0118983454998105,1.0119953604280445,0.4491643495855032,False
44,adaptive_quality,22,14,8,16,1.041118197622548,1.046906394152127,0.4341416749113314,False
44,adaptive_quality,23,0,2,4,1.0132974260452006,1.017141955325664,0.3055502309203231,False
44,adaptive_quality,23,1,8,8,1.0390089476462432,1.023773884602196,0.2714628596880018,True
44,adaptive_quality,23,2,8,16,1.148582838321238,1.0997790970664756,0.5287224213699897,False
44,adaptive_quality,23,3,2,4,1.0031766250496215,1.0112303290768097,0.3586267102297771,False
44,adaptive_quality,23,4,4,8,1.4304388586499024,1.1952653215075595,0.47176433613459356,False
44,adaptive_quality,23,5,8,16,1.0401443270531534,1.0385692319933335,0.45018107433974186,False
44,adaptive_quality,23,6,2,4,1.0019839150050687,1.0024389352210639,0.3508940897836862,False
44,adaptive_quality,23,7,4,8,1.0147775961971404,1.0156704863135007,0.4344802170192019,False
44,adaptive_quality,23,8,8,16,1.0579926637715649,1.0726348899034592,0.5930596931854855,False
44,adaptive_quality,23,9,2,4,1.0094413085898233,1.0045332817770611,0.39307483130039533,False
44,adaptive_quality,23,10,4,8,1.0064721418633176,1.0064493323436747,0.22131004887808872,True
44,adaptive_quality,23,11,8,16,1.0453935045298288,1.0450915758727368,0.47895745278243995,False
44,adaptive_quality,23,12,2,4,1.0025623262086625,1.0026088871180112,0.33941944400056534,False
44,adaptive_quality,23,13,4,8,1.010427422314575,1.0115249789940037,0.4488172622690211,False
44,adaptive_quality,23,14,8,16,1.081842811232217,1.057387319276154,0.4324163547445702,False
44,adaptive_quality,24,0,2,4,1.0147901944262472,1.016436427055839,0.3056585714859634,False
44,adaptive_quality,24,1,8,8,1.0187634001421608,1.0222707392641854,0.2725699427230055,False
44,adaptive_quality,24,2,8,16,1.1692069286487052,1.1206074465411446,0.527863164520428,False
44,adaptive_quality,24,3,2,4,1.0024323755172975,1.008590943008956,0.3586903236099883,False
44,adaptive_quality,24,4,4,8,1.0485052108435575,1.151237288308359,0.47347656673168553,False
44,adaptive_quality,24,5,8,16,1.1053429232382435,1.0586013393668066,0.45391937805983584,False
44,adaptive_quality,24,6,2,4,1.002061489917298,1.002325701629934,0.352097647316896,False
44,adaptive_quality,24,7,4,8,1.0209788403788151,1.017262992533095,0.43696480265254156,False
44,adaptive_quality,24,8,8,16,1.0972548246229419,1.080020870319304,0.5935390747009471,False
44,adaptive_quality,24,9,2,4,1.0028864572830933,1.0040392344288707,0.39426092100536014,False
44,adaptive_quality,24,10,8,8,1.0048014218869736,1.0059549592066643,0.21134260265524146,True
44,adaptive_quality,24,11,8,16,1.049957826691167,1.0465514511182659,0.47809695467123525,False
44,adaptive_quality,24,12,2,4,1.0024631316955293,1.0025651604912666,0.33934836225033893,False
44,adaptive_quality,24,13,4,8,1.0076426135665542,1.0103602693657687,0.4492758547182963,False
44,adaptive_quality,24,14,8,16,1.0705644244381274,1.0613404508247462,0.4306023545501351,False
44,adaptive_quality,25,0,2,4,1.0253069827154437,1.0190975937537206,0.30557615361533147,False
44,adaptive_quality,25,1,6,8,1.0188329220726964,1.0212393941067388,0.2737158862912139,True
44,adaptive_quality,25,2,8,16,1.1124134761989852,1.1181492554384969,0.5291058766397263,False
44,adaptive_quality,25,3,2,4,1.0024794056296935,1.0067574817951772,0.35756922400714414,False
44,adaptive_quality,25,4,4,8,1.0814608125758736,1.1303043455886135,0.47506456566540745,False
44,adaptive_quality,25,5,8,16,1.0803221638637035,1.0651175867158758,0.45787938271690914,False
44,adaptive_quality,25,6,2,4,1.002129634695188,1.0022668815495102,0.35251179035545976,False
44,adaptive_quality,25,7,4,8,1.014246535203306,1.0163580553341582,0.4385774678608747,False
44,adaptive_quality,25,8,8,16,1.050550862986849,1.0711798681195674,0.5926159462707445,False
44,adaptive_quality,25,9,2,4,1.0019731426327552,1.003419406890036,0.3962170347949825,False
44,adaptive_quality,25,10,8,8,1.0052068305518018,1.0057305206102056,0.22032153543927147,False
44,adaptive_quality,25,11,8,16,1.0320173670266701,1.042191225890787,0.48138492763352386,False
44,adaptive_quality,25,12,2,4,1.0080995496676277,1.004225477244175,0.33953262699253256,False
44,adaptive_quality,25,13,4,8,1.0077855618800613,1.0095878571200565,0.4496390123302122,False
44,adaptive_quality,25,14,8,16,1.0688761088622174,1.0636011482359875,0.42856866617700634,False
44,adaptive_quality,26,0,2,4,1.0119227826780963,1.0169451504310334,0.3061195218940387,False
44,adaptive_quality,26,1,6,8,1.0216884893313276,1.0213741226741155,0.2746243734398097,False
44,adaptive_quality,26,2,8,16,1.0899443435722809,1.1096877818786322,0.5296532027179581,False
44,adaptive_quality,26,3,2,4,1.0119308543524512,1.0083094935623593,0.3581569604606629,False
44,adaptive_quality,26,4,4,8,1.0385370248884938,1.1027741493785777,0.4760040979756244,False
44,adaptive_quality,26,5,8,16,1.0530930755404455,1.0615102333632467,0.4611901238657485,False
44,adaptive_quality,26,6,2,4,1.0022823437717228,1.002271520216174,0.35220950598575534,False
44,adaptive_quality,26,7,4,8,1.0115793958914645,1.01492445750135,0.4396945261576751,False
44,adaptive_quality,26,8,8,16,1.0385069099563673,1.0613779806706074,0.5931181800074041,False
44,adaptive_quality,26,9,2,4,1.0012429297779184,1.0027664637564007,0.39535828828111097,False
44,adaptive_quality,26,10,8,8,1.0046022615705934,1.0053920428983218,0.22889713741672932,False
44,adaptive_quality,26,11,8,16,1.0380081967541863,1.0409363171498067,0.48323295212272876,False
44,adaptive_quality,26,12,2,4,1.0031854696807354,1.003913474975143,0.33929124070263794,False
44,adaptive_quality,26,13,4,8,1.009032240919349,1.0094211722598443,0.45042199762074464,False
44,adaptive_quality,26,14,8,16,1.0511395480548231,1.0598626681816383,0.42650504851309523,False
44,adaptive_quality,27,0,2,4,1.0146732956741837,1.0162635940039786,0.30615932581010685,False
44,adaptive_quality,27,1,4,8,1.0183237509965601,1.020459011170849,0.26590679783021454,True
44,adaptive_quality,27,2,8,16,1.1046884966795947,1.108187996318921,0.5303394473974323,False
44,adaptive_quality,27,3,2,4,1.0033052090056467,1.0068082081953456,0.3579276511017824,False
44,adaptive_quality,27,4,4,8,1.0715889642082637,1.0934185938274834,0.4767020948567524,False
44,adaptive_quality,27,5,8,16,1.0342546326978173,1.0533335531636179,0.4644160466526862,False
44,adaptive_quality,27,6,2,4,1.0025748932606062,1.0023625321295038,0.3528181152196226,False
44,adaptive_quality,27,7,4,8,1.011568900114009,1.0139177902851477,0.4402137336728496,False
44,adaptive_quality,27,8,8,16,1.0451552287484558,1.0565111550939619,0.5934888455168769,False
44,adaptive_quality,27,9,2,4,1.0006832657577078,1.0021415043567927,0.3961528900425072,False
44,adaptive_quality,27,10,6,8,1.0068430351587239,1.0058273405764424,0.23717265846375993,True
44,adaptive_quality,27,11,8,16,1.061658813106762,1.0471530659368933,0.4853561674325981,False
44,adaptive_quality,27,12,2,4,1.003150638301765,1.0036846239731296,0.33869014513209666,False
44,adaptive_quality,27,13,4,8,1.008384146549712,1.0091100645468045,0.45046824475430514,False
44,adaptive_quality,27,14,8,16,1.0557406398346307,1.058626059677536,0.42554202281325915,False
44,adaptive_quality,28,0,2,4,1.0181169090480031,1.016819588517186,0.3060209519681657,False
44,adaptive_quality,28,1,8,8,1.0252566604852762,1.0218983059651772,0.2648371968389724,True
44,adaptive_quality,28,2,8,16,1.1210557819486304,1.1120483320078338,0.5287718811098581,False
44,adaptive_quality,28,3,2,4,1.0025855643837103,1.0055414150518551,0.35903057063746546,False
44,adaptive_quality,28,4,4,8,1.2178014041447338,1.1307334369226585,0.4763062655622051,False
44,adaptive_quality,28,5,8,16,1.0340186469175028,1.0475390812897833,0.4679551650134953,False
44,adaptive_quality,28,6,2,4,1.0021064318797586,1.0022857020545803,0.3531417220882452,False
44,adaptive_quality,28,7,4,8,1.0197828561804014,1.0156773100537237,0.4412900112810533,False
44,adaptive_quality,28,8,8,16,1.0845284555119377,1.0649163452193546,0.5923950014193756,False
44,adaptive_quality,28,9,2,4,1.0007914904379998,1.001736500181155,0.3970115647885093,False
44,adaptive_quality,28,10,6,8,1.0056143011063354,1.0057634287354102,0.2451255022830713,False
44,adaptive_quality,28,11,8,16,1.0423459524980119,1.045710931905229,0.48786143803969023,False
44,adaptive_quality,28,12,2,4,1.0067240090002256,1.0045964394812583,0.33863101237741566,False
44,adaptive_quality,28,13,4,8,1.0079896051642008,1.0087739267320233,0.4512529814834873,False
44,adaptive_quality,28,14,8,16,1.0674955528910768,1.0612869076415983,0.4258036122925434,False
44,adaptive_quality,29,0,2,4,1.0148730753692563,1.0162356345728072,0.306260196766588,False
44,adaptive_quality,29,1,8,8,1.0148186698927004,1.0197744151434343,0.2670554047694021,False
44,adaptive_quality,29,2,8,16,1.0767602558405278,1.101461909157642,0.5306451926826969,False
44,adaptive_quality,29,3,2,4,1.0037091013476527,1.0049917209405943,0.3590925892442538,False
44,adaptive_quality,29,4,4,8,1.0329825451050185,1.1014081693773665,0.4787023037413512,False
44,adaptive_quality,29,5,8,16,1.0263476933264402,1.0411816649007806,0.46993579237341476,False
44,adaptive_quality,29,6,2,4,1.0022880838746082,1.0022864166005887,0.3525906007152091,False
44,adaptive_quality,29,7,4,8,1.023073466243174,1.017896156910559,0.44142692356654883,False
44,adaptive_quality,29,8,8,16,1.0685827755550092,1.066016274320051,0.5948431138819854,False
44,adaptive_quality,29,9,2,4,1.0006006652397563,1.0013957496987353,0.39802763871635133,False
44,adaptive_quality,29,10,4,8,1.007367399599049,1.0062446199945019,0.2495454698152135,True
44,adaptive_quality,29,11,8,16,1.042156175179577,1.0446445048875335,0.48724379552060065,False
44,adaptive_quality,29,12,2,4,1.0047685471057815,1.0046480717686153,0.338337710568162,False
44,adaptive_quality,29,13,4,8,1.007768069705207,1.0084721696239782,0.45203470729500983,False
44,adaptive_quality,29,14,8,16,1.0686622443711529,1.0634995086604646,0.42449972895423355,False
44,adaptive_quality,30,0,2,4,1.0142270767849013,1.0156330672364353,0.3065678531478332,False
44,adaptive_quality,30,1,6,8,1.0141641724866035,1.018091342346385,0.269655414649939,True
44,adaptive_quality,30,2,8,16,1.129947428352996,1.1100075649162482,0.5299114910357813,False
44,adaptive_quality,30,3,2,4,1.0056227585901307,1.005181032235455,0.3599297834176271,False
44,adaptive_quality,30,4,4,8,1.032831055337049,1.0808350351652714,0.47924002775747393,False
44,adaptive_quality,30,5,8,16,1.0870062370472677,1.0549290365447268,0.4703935358846275,False
44,adaptive_quality,30,6,2,4,1.002408943866365,1.0023231747803216,0.3534297570109589,False
44,adaptive_quality,30,7,4,8,1.0126921353548846,1.0163349504438566,0.4409473354684914,False
44,adaptive_quality,30,8,8,16,1.0568271741998156,1.0632595442839805,0.5951118057000634,False
44,adaptive_quality,30,9,2,4,1.0006374094900212,1.0011682476361212,0.3978017606340387,False
44,adaptive_quality,30,10,4,8,1.003502321670706,1.0054219304973633,0.2552672101839084,False
44,adaptive_quality,30,11,8,16,1.0567084473411708,1.0482636876236247,0.48822514422472074,False
44,adaptive_quality,30,12,2,4,1.0039833197355654,1.0044486461587003,0.33790472072654687,False
44,adaptive_quality,30,13,4,8,1.0076405428924855,1.0082226816045303,0.4515643907348861,False
44,adaptive_quality,30,14,8,16,1.0690186712519365,1.0651552574379062,0.4225773295612447,False
44,fedavg16,1,0,16,16,,,,
44,fedavg16,1,1,16,16,,,,
44,fedavg16,1,2,16,16,,,,
44,fedavg16,1,3,16,16,,,,
44,fedavg16,1,4,16,16,,,,
44,fedavg16,1,5,16,16,,,,
44,fedavg16,1,6,16,16,,,,
44,fedavg16,1,7,16,16,,,,
44,fedavg16,1,8,16,16,,,,
44,fedavg16,1,9,16,16,,,,
44,fedavg16,1,10,16,16,,,,
44,fedavg16,1,11,16,16,,,,
44,fedavg16,1,12,16,16,,,,
44,fedavg16,1,13,16,16,,,,
44,fedavg16,1,14,16,16,,,,
44,fedavg16,2,0,16,16,,,,
44,fedavg16,2,1,16,16,,,,
44,fedavg16,2,2,16,16,,,,
44,fedavg16,2,3,16,16,,,,
44,fedavg16,2,4,16,16,,,,
44,fedavg16,2,5,16,16,,,,
44,fedavg16,2,6,16,16,,,,
44,fedavg16,2,7,16,16,,,,
44,fedavg16,2,8,16,16,,,,
44,fedavg16,2,9,16,16,,,,
44,fedavg16,2,10,16,16,,,,
44,fedavg16,2,11,16,16,,,,
44,fedavg16,2,12,16,16,,,,
44,fedavg16,2,13,16,16,,,,
44,fedavg16,2,14,16,16,,,,
44,fedavg16,3,0,16,16,,,,
44,fedavg16,3,1,16,16,,,,
44,fedavg16,3,2,16,16,,,,
44,fedavg16,3,3,16,16,,,,
44,fedavg16,3,4,16,16,,,,
44,fedavg16,3,5,16,16,,,,
44,fedavg16,3,6,16,16,,,,
44,fedavg16,3,7,16,16,,,,
44,fedavg16,3,8,16,16,,,,
44,fedavg16,3,9,16,16,,,,
44,fedavg16,3,10,16,16,,,,
44,fedavg16,3,11,16,16,,,,
44,fedavg16,3,12,16,16,,,,
44,fedavg16,3,13,16,16,,,,
44,fedavg16,3,14,16,16,,,,
44,fedavg16,4,0,16,16,,,,
44,fedavg16,4,1,16,16,,,,
44,fedavg16,4,2,16,16,,,,
44,fedavg16,4,3,16,16,,,,
44,fedavg16,4,4,16,16,,,,
44,fedavg16,4,5,16,16,,,,
44,fedavg16,4,6,16,16,,,,
44,fedavg16,4,7,16,16,,,,
44,fedavg16,4,8,16,16,,,,
44,fedavg16,4,9,16,16,,,,
44,fedavg16,4,10,16,16,,,,
44,fedavg16,4,11,16,16,,,,
44,fedavg16,4,12,16,16,,,,
44,fedavg16,4,13,16,16,,,,
44,fedavg16,4,14,16,16,,,,
44,fedavg16,5,0,16,16,,,,
44,fedavg16,5,1,16,16,,,,
44,fedavg16,5,2,16,16,,,,
44,fedavg16,5,3,16,16,,,,
44,fedavg16,5,4,16,16,,,,
44,fedavg16,5,5,16,16,,,,
44,fedavg16,5,6,16,16,,,,
44,fedavg16,5,7,16,16,,,,
44,fedavg16,5,8,16,16,,,,
44,fedavg16,5,9,16,16,,,,
44,fedavg16,5,10,16,16,,,,
44,fedavg16,5,11,16,16,,,,
44,fedavg16,5,12,16,16,,,,
44,fedavg16,5,13,16,16,,,,
44,fedavg16,5,14,16,16,,,,
44,fedavg16,6,0,16,16,,,,
44,fedavg16,6,1,16,16,,,,
44,fedavg16,6,2,16,16,,,,
44,fedavg16,6,3,16,16,,,,
44,fedavg16,6,4,16,16,,,,
44,fedavg16,6,5,16,16,,,,
44,fedavg16,6,6,16,16,,,,
44,fedavg16,6,7,16,16,,,,
44,fedavg16,6,8,16,16,,,,
44,fedavg16,6,9,16,16,,,,
44,fedavg16,6,10,16,16,,,,
44,fedavg16,6,11,16,16,,,,
44,fedavg16,6,12,16,16,,,,
44,fedavg16,6,13,16,16,,,,
44,fedavg16,6,14,16,16,,,,
44,fedavg16,7,0,16,16,,,,
44,fedavg16,7,1,16,16,,,,
44,fedavg16,7,2,16,16,,,,
44,fedavg16,7,3,16,16,,,,
44,fedavg16,7,4,16,16,,,,
44,fedavg16,7,5,16,16,,,,
44,fedavg16,7,6,16,16,,,,
44,fedavg16,7,7,16,16,,,,
44,fedavg16,7,8,16,16,,,,
44,fedavg16,7,9,16,16,,,,
44,fedavg16,7,10,16,16,,,,
44,fedavg16,7,11,16,16,,,,
44,fedavg16,7,12,16,16,,,,
44,fedavg16,7,13,16,16,,,,
44,fedavg16,7,14,16,16,,,,
44,fedavg16,8,0,16,16,,,,
44,fedavg16,8,1,16,16,,,,
44,fedavg16,8,2,16,16,,,,
44,fedavg16,8,3,16,16,,,,
44,fedavg16,8,4,16,16,,,,
44,fedavg16,8,5,16,16,,,,
44,fedavg16,8,6,16,16,,,,
44,fedavg16,8,7,16,16,,,,
44,fedavg16,8,8,16,16,,,,
44,fedavg16,8,9,16,16,,,,
44,fedavg16,8,10,16,16,,,,
44,fedavg16,8,11,16,16,,,,
44,fedavg16,8,12,16,16,,,,
44,fedavg16,8,13,16,16,,,,
44,fedavg16,8,14,16,16,,,,
44,fedavg16,9,0,16,16,,,,
44,fedavg16,9,1,16,16,,,,
44,fedavg16,9,2,16,16,,,,
44,fedavg16,9,3,16,16,,,,
44,fedavg16,9,4,16,16,,,,
44,fedavg16,9,5,16,16,,,,
44,fedavg16,9,6,16,16,,,,
44,fedavg16,9,7,16,16,,,,
44,fedavg16,9,8,16,16,,,,
44,fedavg16,9,9,16,16,,,,
44,fedavg16,9,10,16,16,,,,
44,fedavg16,9,11,16,16,,,,
44,fedavg16,9,12,16,16,,,,
44,fedavg16,9,13,16,16,,,,
44,fedavg16,9,14,16,16,,,,
44,fedavg16,10,0,16,16,,,,
44,fedavg16,10,1,16,16,,,,
44,fedavg16,10,2,16,16,,,,
44,fedavg16,10,3,16,16,,,,
44,fedavg16,10,4,16,16,,,,
44,fedavg16,10,5,16,16,,,,
44,fedavg16,10,6,16,16,,,,
44,fedavg16,10,7,16,16,,,,
44,fedavg16,10,8,16,16,,,,
44,fedavg16,10,9,16,16,,,,
44,fedavg16,10,10,16,16,,,,
44,fedavg16,10,11,16,16,,,,
44,fedavg16,10,12,16,16,,,,
44,fedavg16,10,13,16,16,,,,
44,fedavg16,10,14,16,16,,,,
44,fedavg16,11,0,16,16,,,,
44,fedavg16,11,1,16,16,,,,
44,fedavg16,11,2,16,16,,,,
44,fedavg16,11,3,16,16,,,,
44,fedavg16,11,4,16,16,,,,
44,fedavg16,11,5,16,16,,,,
44,fedavg16,11,6,16,16,,,,
44,fedavg16,11,7,16,16,,,,
44,fedavg16,11,8,16,16,,,,
44,fedavg16,11,9,16,16,,,,
44,fedavg16,11,10,16,16,,,,
44,fedavg16,11,11,16,16,,,,
44,fedavg16,11,12,16,16,,,,
44,fedavg16,11,13,16,16,,,,
44,fedavg16,11,14,16,16,,,,
44,fedavg16,12,0,16,16,,,,
44,fedavg16,12,1,16,16,,,,
44,fedavg16,12,2,16,16,,,,
44,fedavg16,12,3,16,16,,,,
44,fedavg16,12,4,16,16,,,,
44,fedavg16,12,5,16,16,,,,
44,fedavg16,12,6,16,16,,,,
44,fedavg16,12,7,16,16,,,,
44,fedavg16,12,8,16,16,,,,
44,fedavg16,12,9,16,16,,,,
44,fedavg16,12,10,16,16,,,,
44,fedavg16,12,11,16,16,,,,
44,fedavg16,12,12,16,16,,,,
44,fedavg16,12,13,16,16,,,,
44,fedavg16,12,14,16,16,,,,
44,fedavg16,13,0,16,16,,,,
44,fedavg16,13,1,16,16,,,,
44,fedavg16,13,2,16,16,,,,
44,fedavg16,13,3,16,16,,,,
44,fedavg16,13,4,16,16,,,,
44,fedavg16,13,5,16,16,,,,
44,fedavg16,13,6,16,16,,,,
44,fedavg16,13,7,16,16,,,,
44,fedavg16,13,8,16,16,,,,
44,fedavg16,13,9,16,16,,,,
44,fedavg16,13,10,16,16,,,,
44,fedavg16,13,11,16,16,,,,
44,fedavg16,13,12,16,16,,,,
44,fedavg16,13,13,16,16,,,,
44,fedavg16,13,14,16,16,,,,
44,fedavg16,14,0,16,16,,,,
44,fedavg16,14,1,16,16,,,,
44,fedavg16,14,2,16,16,,,,
44,fedavg16,14,3,16,16,,,,
44,fedavg16,14,4,16,16,,,,
44,fedavg16,14,5,16,16,,,,
44,fedavg16,14,6,16,16,,,,
44,fedavg16,14,7,16,16,,,,
44,fedavg16,14,8,16,16,,,,
44,fedavg16,14,9,16,16,,,,
44,fedavg16,14,10,16,16,,,,
44,fedavg16,14,11,16,16,,,,
44,fedavg16,14,12,16,16,,,,
44,fedavg16,14,13,16,16,,,,
44,fedavg16,14,14,16,16,,,,
44,fedavg16,15,0,16,16,,,,
44,fedavg16,15,1,16,16,,,,
44,fedavg16,15,2,16,16,,,,
44,fedavg16,15,3,16,16,,,,
44,fedavg16,15,4,16,16,,,,
44,fedavg16,15,5,16,16,,,,
44,fedavg16,15,6,16,16,,,,
44,fedavg16,15,7,16,16,,,,
44,fedavg16,15,8,16,16,,,,
44,fedavg16,15,9,16,16,,,,
44,fedavg16,15,10,16,16,,,,
44,fedavg16,15,11,16,16,,,,
44,fedavg16,15,12,16,16,,,,
44,fedavg16,15,13,16,16,,,,
44,fedavg16,15,14,16,16,,,,
44,fedavg16,16,0,16,16,,,,
44,fedavg16,16,1,16,16,,,,
44,fedavg16,16,2,16,16,,,,
44,fedavg16,16,3,16,16,,,,
44,fedavg16,16,4,16,16,,,,
44,fedavg16,16,5,16,16,,,,
44,fedavg16,16,6,16,16,,,,
44,fedavg16,16,7,16,16,,,,
44,fedavg16,16,8,16,16,,,,
44,fedavg16,16,9,16,16,,,,
44,fedavg16,16,10,16,16,,,,
44,fedavg16,16,11,16,16,,,,
44,fedavg16,16,12,16,16,,,,
44,fedavg16,16,13,16,16,,,,
44,fedavg16,16,14,16,16,,,,
44,fedavg16,17,0,16,16,,,,
44,fedavg16,17,1,16,16,,,,
44,fedavg16,17,2,16,16,,,,
44,fedavg16,17,3,16,16,,,,
44,fedavg16,17,4,16,16,,,,
44,fedavg16,17,5,16,16,,,,
44,fedavg16,17,6,16,16,,,,
44,fedavg16,17,7,16,16,,,,
44,fedavg16,17,8,16,16,,,,
44,fedavg16,17,9,16,16,,,,
44,fedavg16,17,10,16,16,,,,
44,fedavg16,17,11,16,16,,,,
44,fedavg16,17,12,16,16,,,,
44,fedavg16,17,13,16,16,,,,
44,fedavg16,17,14,16,16,,,,
44,fedavg16,18,0,16,16,,,,
44,fedavg16,18,1,16,16,,,,
44,fedavg16,18,2,16,16,,,,
44,fedavg16,18,3,16,16,,,,
44,fedavg16,18,4,16,16,,,,
44,fedavg16,18,5,16,16,,,,
44,fedavg16,18,6,16,16,,,,
44,fedavg16,18,7,16,16,,,,
44,fedavg16,18,8,16,16,,,,
44,fedavg16,18,9,16,16,,,,
44,fedavg16,18,10,16,16,,,,
44,fedavg16,18,11,16,16,,,,
44,fedavg16,18,12,16,16,,,,
44,fedavg16,18,13,16,16,,,,
44,fedavg16,18,14,16,16,,,,
44,fedavg16,19,0,16,16,,,,
44,fedavg16,19,1,16,16,,,,
44,fedavg16,19,2,16,16,,,,
44,fedavg16,19,3,16,16,,,,
44,fedavg16,19,4,16,16,,,,
44,fedavg16,19,5,16,16,,,,
44,fedavg16,19,6,16,16,,,,
44,fedavg16,19,7,16,16,,,,
44,fedavg16,19,8,16,16,,,,
44,fedavg16,19,9,16,16,,,,
44,fedavg16,19,10,16,16,,,,
44,fedavg16,19,11,16,16,,,,
44,fedavg16,19,12,16,16,,,,
44,fedavg16,19,13,16,16,,,,
44,fedavg16,19,14,16,16,,,,
44,fedavg16,20,0,16,16,,,,
44,fedavg16,20,1,16,16,,,,
44,fedavg16,20,2,16,16,,,,
44,fedavg16,20,3,16,16,,,,
44,fedavg16,20,4,16,16,,,,
44,fedavg16,20,5,16,16,,,,
44,fedavg16,20,6,16,16,,,,
44,fedavg16,20,7,16,16,,,,
44,fedavg16,20,8,16,16,,,,
44,fedavg16,20,9,16,16,,,,
44,fedavg16,20,10,16,16,,,,
44,fedavg16,20,11,16,16,,,,
44,fedavg16,20,12,16,16,,,,
44,fedavg16,20,13,16,16,,,,
44,fedavg16,20,14,16,16,,,,
44,fedavg16,21,0,16,16,,,,
44,fedavg16,21,1,16,16,,,,
44,fedavg16,21,2,16,16,,,,
44,fedavg16,21,3,16,16,,,,
44,fedavg16,21,4,16,16,,,,
44,fedavg16,21,5,16,16,,,,
44,fedavg16,21,6,16,16,,,,
44,fedavg16,21,7,16,16,,,,
44,fedavg16,21,8,16,16,,,,
44,fedavg16,21,9,16,16,,,,
44,fedavg16,21,10,16,16,,,,
44,fedavg16,21,11,16,16,,,,
44,fedavg16,21,12,16,16,,,,
44,fedavg16,21,13,16,16,,,,
44,fedavg16,21,14,16,16,,,,
44,fedavg16,22,0,16,16,,,,
44,fedavg16,22,1,16,16,,,,
44,fedavg16,22,2,16,16,,,,
44,fedavg16,22,3,16,16,,,,
44,fedavg16,22,4,16,16,,,,
44,fedavg16,22,5,16,16,,,,
44,fedavg16,22,6,16,16,,,,
44,fedavg16,22,7,16,16,,,,
44,fedavg16,22,8,16,16,,,,
44,fedavg16,22,9,16,16,,,,
44,fedavg16,22,10,16,16,,,,
44,fedavg16,22,11,16,16,,,,
44,fedavg16,22,12,16,16,,,,
44,fedavg16,22,13,16,16,,,,
44,fedavg16,22,14,16,16,,,,
44,fedavg16,23,0,16,16,,,,
44,fedavg16,23,1,16,16,,,,
44,fedavg16,23,2,16,16,,,,
44,fedavg16,23,3,16,16,,,,
44,fedavg16,23,4,16,16,,,,
44,fedavg16,23,5,16,16,,,,
44,fedavg16,23,6,16,16,,,,
44,fedavg16,23,7,16,16,,,,
44,fedavg16,23,8,16,16,,,,
44,fedavg16,23,9,16,16,,,,
44,fedavg16,23,10,16,16,,,,
44,fedavg16,23,11,16,16,,,,
44,fedavg16,23,12,16,16,,,,
44,fedavg16,23,13,16,16,,,,
44,fedavg16,23,14,16,16,,,,
44,fedavg16,24,0,16,16,,,,
44,fedavg16,24,1,16,16,,,,
44,fedavg16,24,2,16,16,,,,
44,fedavg16,24,3,16,16,,,,
44,fedavg16,24,4,16,16,,,,
44,fedavg16,24,5,16,16,,,,
44,fedavg16,24,6,16,16,,,,
44,fedavg16,24,7,16,16,,,,
44,fedavg16,24,8,16,16,,,,
44,fedavg16,24,9,16,16,,,,
44,fedavg16,24,10,16,16,,,,
44,fedavg16,24,11,16,16,,,,
44,fedavg16,24,12,16,16,,,,
44,fedavg16,24,13,16,16,,,,
44,fedavg16,24,14,16,16,,,,
44,fedavg16,25,0,16,16,,,,
44,fedavg16,25,1,16,16,,,,
44,fedavg16,25,2,16,16,,,,
44,fedavg16,25,3,16,16,,,,
44,fedavg16,25,4,16,16,,,,
44,fedavg16,25,5,16,16,,,,
44,fedavg16,25,6,16,16,,,,
44,fedavg16,25,7,16,16,,,,
44,fedavg16,25,8,16,16,,,,
44,fedavg16,25,9,16,16,,,,
44,fedavg16,25,10,16,16,,,,
44,fedavg16,25,11,16,16,,,,
44,fedavg16,25,12,16,16,,,,
44,fedavg16,25,13,16,16,,,,
44,fedavg16,25,14,16,16,,,,
44,fedavg16,26,0,16,16,,,,
44,fedavg16,26,1,16,16,,,,
44,fedavg16,26,2,16,16,,,,
44,fedavg16,26,3,16,16,,,,
44,fedavg16,26,4,16,16,,,,
44,fedavg16,26,5,16,16,,,,
44,fedavg16,26,6,16,16,,,,
44,fedavg16,26,7,16,16,,,,
44,fedavg16,26,8,16,16,,,,
44,fedavg16,26,9,16,16,,,,
44,fedavg16,26,10,16,16,,,,
44,fedavg16,26,11,16,16,,,,
44,fedavg16,26,12,16,16,,,,
44,fedavg16,26,13,16,16,,,,
44,fedavg16,26,14,16,16,,,,
44,fedavg16,27,0,16,16,,,,
44,fedavg16,27,1,16,16,,,,
44,fedavg16,27,2,16,16,,,,
44,fedavg16,27,3,16,16,,,,
44,fedavg16,27,4,16,16,,,,
44,fedavg16,27,5,16,16,,,,
44,fedavg16,27,6,16,16,,,,
44,fedavg16,27,7,16,16,,,,
44,fedavg16,27,8,16,16,,,,
44,fedavg16,27,9,16,16,,,,
44,fedavg16,27,10,16,16,,,,
44,fedavg16,27,11,16,16,,,,
44,fedavg16,27,12,16,16,,,,
44,fedavg16,27,13,16,16,,,,
44,fedavg16,27,14,16,16,,,,
44,fedavg16,28,0,16,16,,,,
44,fedavg16,28,1,16,16,,,,
44,fedavg16,28,2,16,16,,,,
44,fedavg16,28,3,16,16,,,,
44,fedavg16,28,4,16,16,,,,
44,fedavg16,28,5,16,16,,,,
44,fedavg16,28,6,16,16,,,,
44,fedavg16,28,7,16,16,,,,
44,fedavg16,28,8,16,16,,,,
44,fedavg16,28,9,16,16,,,,
44,fedavg16,28,10,16,16,,,,
44,fedavg16,28,11,16,16,,,,
44,fedavg16,28,12,16,16,,,,
44,fedavg16,28,13,16,16,,,,
44,fedavg16,28,14,16,16,,,,
44,fedavg16,29,0,16,16,,,,
44,fedavg16,29,1,16,16,,,,
44,fedavg16,29,2,16,16,,,,
44,fedavg16,29,3,16,16,,,,
44,fedavg16,29,4,16,16,,,,
44,fedavg16,29,5,16,16,,,,
44,fedavg16,29,6,16,16,,,,
44,fedavg16,29,7,16,16,,,,
44,fedavg16,29,8,16,16,,,,
44,fedavg16,29,9,16,16,,,,
44,fedavg16,29,10,16,16,,,,
44,fedavg16,29,11,16,16,,,,
44,fedavg16,29,12,16,16,,,,
44,fedavg16,29,13,16,16,,,,
44,fedavg16,29,14,16,16,,,,
44,fedavg16,30,0,16,16,,,,
44,fedavg16,30,1,16,16,,,,
44,fedavg16,30,2,16,16,,,,
44,fedavg16,30,3,16,16,,,,
44,fedavg16,30,4,16,16,,,,
44,fedavg16,30,5,16,16,,,,
44,fedavg16,30,6,16,16,,,,
44,fedavg16,30,7,16,16,,,,
44,fedavg16,30,8,16,16,,,,
44,fedavg16,30,9,16,16,,,,
44,fedavg16,30,10,16,16,,,,
44,fedavg16,30,11,16,16,,,,
44,fedavg16,30,12,16,16,,,,
44,fedavg16,30,13,16,16,,,,
44,fedavg16,30,14,16,16,,,,
44,fixed_domain,1,0,4,4,,,,
44,fixed_domain,1,1,8,8,,,,
44,fixed_domain,1,2,16,16,,,,
44,fixed_domain,1,3,4,4,,,,
44,fixed_domain,1,4,8,8,,,,
44,fixed_domain,1,5,16,16,,,,
44,fixed_domain,1,6,4,4,,,,
44,fixed_domain,1,7,8,8,,,,
44,fixed_domain,1,8,16,16,,,,
44,fixed_domain,1,9,4,4,,,,
44,fixed_domain,1,10,8,8,,,,
44,fixed_domain,1,11,16,16,,,,
44,fixed_domain,1,12,4,4,,,,
44,fixed_domain,1,13,8,8,,,,
44,fixed_domain,1,14,16,16,,,,
44,fixed_domain,2,0,4,4,,,,
44,fixed_domain,2,1,8,8,,,,
44,fixed_domain,2,2,16,16,,,,
44,fixed_domain,2,3,4,4,,,,
44,fixed_domain,2,4,8,8,,,,
44,fixed_domain,2,5,16,16,,,,
44,fixed_domain,2,6,4,4,,,,
44,fixed_domain,2,7,8,8,,,,
44,fixed_domain,2,8,16,16,,,,
44,fixed_domain,2,9,4,4,,,,
44,fixed_domain,2,10,8,8,,,,
44,fixed_domain,2,11,16,16,,,,
44,fixed_domain,2,12,4,4,,,,
44,fixed_domain,2,13,8,8,,,,
44,fixed_domain,2,14,16,16,,,,
44,fixed_domain,3,0,4,4,,,,
44,fixed_domain,3,1,8,8,,,,
44,fixed_domain,3,2,16,16,,,,
44,fixed_domain,3,3,4,4,,,,
44,fixed_domain,3,4,8,8,,,,
44,fixed_domain,3,5,16,16,,,,
44,fixed_domain,3,6,4,4,,,,
44,fixed_domain,3,7,8,8,,,,
44,fixed_domain,3,8,16,16,,,,
44,fixed_domain,3,9,4,4,,,,
44,fixed_domain,3,10,8,8,,,,
44,fixed_domain,3,11,16,16,,,,
44,fixed_domain,3,12,4,4,,,,
44,fixed_domain,3,13,8,8,,,,
44,fixed_domain,3,14,16,16,,,,
44,fixed_domain,4,0,4,4,,,,
44,fixed_domain,4,1,8,8,,,,
44,fixed_domain,4,2,16,16,,,,
44,fixed_domain,4,3,4,4,,,,
44,fixed_domain,4,4,8,8,,,,
44,fixed_domain,4,5,16,16,,,,
44,fixed_domain,4,6,4,4,,,,
44,fixed_domain,4,7,8,8,,,,
44,fixed_domain,4,8,16,16,,,,
44,fixed_domain,4,9,4,4,,,,
44,fixed_domain,4,10,8,8,,,,
44,fixed_domain,4,11,16,16,,,,
44,fixed_domain,4,12,4,4,,,,
44,fixed_domain,4,13,8,8,,,,
44,fixed_domain,4,14,16,16,,,,
44,fixed_domain,5,0,4,4,,,,
44,fixed_domain,5,1,8,8,,,,
44,fixed_domain,5,2,16,16,,,,
44,fixed_domain,5,3,4,4,,,,
44,fixed_domain,5,4,8,8,,,,
44,fixed_domain,5,5,16,16,,,,
44,fixed_domain,5,6,4,4,,,,
44,fixed_domain,5,7,8,8,,,,
44,fixed_domain,5,8,16,16,,,,
44,fixed_domain,5,9,4,4,,,,
44,fixed_domain,5,10,8,8,,,,
44,fixed_domain,5,11,16,16,,,,
44,fixed_domain,5,12,4,4,,,,
44,fixed_domain,5,13,8,8,,,,
44,fixed_domain,5,14,16,16,,,,
44,fixed_domain,6,0,4,4,,,,
44,fixed_domain,6,1,8,8,,,,
44,fixed_domain,6,2,16,16,,,,
44,fixed_domain,6,3,4,4,,,,
44,fixed_domain,6,4,8,8,,,,
44,fixed_domain,6,5,16,16,,,,
44,fixed_domain,6,6,4,4,,,,
44,fixed_domain,6,7,8,8,,,,
44,fixed_domain,6,8,16,16,,,,
44,fixed_domain,6,9,4,4,,,,
44,fixed_domain,6,10,8,8,,,,
44,fixed_domain,6,11,16,16,,,,
44,fixed_domain,6,12,4,4,,,,
44,fixed_domain,6,13,8,8,,,,
44,fixed_domain,6,14,16,16,,,,
44,fixed_domain,7,0,4,4,,,,
44,fixed_domain,7,1,8,8,,,,
44,fixed_domain,7,2,16,16,,,,
44,fixed_domain,7,3,4,4,,,,
44,fixed_domain,7,4,8,8,,,,
44,fixed_domain,7,5,16,16,,,,
44,fixed_domain,7,6,4,4,,,,
44,fixed_domain,7,7,8,8,,,,
44,fixed_domain,7,8,16,16,,,,
44,fixed_domain,7,9,4,4,,,,
44,fixed_domain,7,10,8,8,,,,
44,fixed_domain,7,11,16,16,,,,
44,fixed_domain,7,12,4,4,,,,
44,fixed_domain,7,13,8,8,,,,
44,fixed_domain,7,14,16,16,,,,
44,fixed_domain,8,0,4,4,,,,
44,fixed_domain,8,1,8,8,,,,
44,fixed_domain,8,2,16,16,,,,
44,fixed_domain,8,3,4,4,,,,
44,fixed_domain,8,4,8,8,,,,
44,fixed_domain,8,5,16,16,,,,
44,fixed_domain,8,6,4,4,,,,
44,fixed_domain,8,7,8,8,,,,
44,fixed_domain,8,8,16,16,,,,
44,fixed_domain,8,9,4,4,,,,
44,fixed_domain,8,10,8,8,,,,
44,fixed_domain,8,11,16,16,,,,
44,fixed_domain,8,12,4,4,,,,
44,fixed_domain,8,13,8,8,,,,
44,fixed_domain,8,14,16,16,,,,
44,fixed_domain,9,0,4,4,,,,
44,fixed_domain,9,1,8,8,,,,
44,fixed_domain,9,2,16,16,,,,
44,fixed_domain,9,3,4,4,,,,
44,fixed_domain,9,4,8,8,,,,
44,fixed_domain,9,5,16,16,,,,
44,fixed_domain,9,6,4,4,,,,
44,fixed_domain,9,7,8,8,,,,
44,fixed_domain,9,8,16,16,,,,
44,fixed_domain,9,9,4,4,,,,
44,fixed_domain,9,10,8,8,,,,
44,fixed_domain,9,11,16,16,,,,
44,fixed_domain,9,12,4,4,,,,
44,fixed_domain,9,13,8,8,,,,
44,fixed_domain,9,14,16,16,,,,
44,fixed_domain,10,0,4,4,,,,
44,fixed_domain,10,1,8,8,,,,
44,fixed_domain,10,2,16,16,,,,
44,fixed_domain,10,3,4,4,,,,
44,fixed_domain,10,4,8,8,,,,
44,fixed_domain,10,5,16,16,,,,
44,fixed_domain,10,6,4,4,,,,
44,fixed_domain,10,7,8,8,,,,
44,fixed_domain,10,8,16,16,,,,
44,fixed_domain,10,9,4,4,,,,
44,fixed_domain,10,10,8,8,,,,
44,fixed_domain,10,11,16,16,,,,
44,fixed_domain,10,12,4,4,,,,
44,fixed_domain,10,13,8,8,,,,
44,fixed_domain,10,14,16,16,,,,
44,fixed_domain,11,0,4,4,,,,
44,fixed_domain,11,1,8,8,,,,
44,fixed_domain,11,2,16,16,,,,
44,fixed_domain,11,3,4,4,,,,
44,fixed_domain,11,4,8,8,,,,
44,fixed_domain,11,5,16,16,,,,
44,fixed_domain,11,6,4,4,,,,
44,fixed_domain,11,7,8,8,,,,
44,fixed_domain,11,8,16,16,,,,
44,fixed_domain,11,9,4,4,,,,
44,fixed_domain,11,10,8,8,,,,
44,fixed_domain,11,11,16,16,,,,
44,fixed_domain,11,12,4,4,,,,
44,fixed_domain,11,13,8,8,,,,
44,fixed_domain,11,14,16,16,,,,
44,fixed_domain,12,0,4,4,,,,
44,fixed_domain,12,1,8,8,,,,
44,fixed_domain,12,2,16,16,,,,
44,fixed_domain,12,3,4,4,,,,
44,fixed_domain,12,4,8,8,,,,
44,fixed_domain,12,5,16,16,,,,
44,fixed_domain,12,6,4,4,,,,
44,fixed_domain,12,7,8,8,,,,
44,fixed_domain,12,8,16,16,,,,
44,fixed_domain,12,9,4,4,,,,
44,fixed_domain,12,10,8,8,,,,
44,fixed_domain,12,11,16,16,,,,
44,fixed_domain,12,12,4,4,,,,
44,fixed_domain,12,13,8,8,,,,
44,fixed_domain,12,14,16,16,,,,
44,fixed_domain,13,0,4,4,,,,
44,fixed_domain,13,1,8,8,,,,
44,fixed_domain,13,2,16,16,,,,
44,fixed_domain,13,3,4,4,,,,
44,fixed_domain,13,4,8,8,,,,
44,fixed_domain,13,5,16,16,,,,
44,fixed_domain,13,6,4,4,,,,
44,fixed_domain,13,7,8,8,,,,
44,fixed_domain,13,8,16,16,,,,
44,fixed_domain,13,9,4,4,,,,
44,fixed_domain,13,10,8,8,,,,
44,fixed_domain,13,11,16,16,,,,
44,fixed_domain,13,12,4,4,,,,
44,fixed_domain,13,13,8,8,,,,
44,fixed_domain,13,14,16,16,,,,
44,fixed_domain,14,0,4,4,,,,
44,fixed_domain,14,1,8,8,,,,
44,fixed_domain,14,2,16,16,,,,
44,fixed_domain,14,3,4,4,,,,
44,fixed_domain,14,4,8,8,,,,
44,fixed_domain,14,5,16,16,,,,
44,fixed_domain,14,6,4,4,,,,
44,fixed_domain,14,7,8,8,,,,
44,fixed_domain,14,8,16,16,,,,
44,fixed_domain,14,9,4,4,,,,
44,fixed_domain,14,10,8,8,,,,
44,fixed_domain,14,11,16,16,,,,
44,fixed_domain,14,12,4,4,,,,
44,fixed_domain,14,13,8,8,,,,
44,fixed_domain,14,14,16,16,,,,
44,fixed_domain,15,0,4,4,,,,
44,fixed_domain,15,1,8,8,,,,
44,fixed_domain,15,2,16,16,,,,
44,fixed_domain,15,3,4,4,,,,
44,fixed_domain,15,4,8,8,,,,
44,fixed_domain,15,5,16,16,,,,
44,fixed_domain,15,6,4,4,,,,
44,fixed_domain,15,7,8,8,,,,
44,fixed_domain,15,8,16,16,,,,
44,fixed_domain,15,9,4,4,,,,
44,fixed_domain,15,10,8,8,,,,
44,fixed_domain,15,11,16,16,,,,
44,fixed_domain,15,12,4,4,,,,
44,fixed_domain,15,13,8,8,,,,
44,fixed_domain,15,14,16,16,,,,
44,fixed_domain,16,0,4,4,,,,
44,fixed_domain,16,1,8,8,,,,
44,fixed_domain,16,2,16,16,,,,
44,fixed_domain,16,3,4,4,,,,
44,fixed_domain,16,4,8,8,,,,
44,fixed_domain,16,5,16,16,,,,
44,fixed_domain,16,6,4,4,,,,
44,fixed_domain,16,7,8,8,,,,
44,fixed_domain,16,8,16,16,,,,
44,fixed_domain,16,9,4,4,,,,
44,fixed_domain,16,10,8,8,,,,
44,fixed_domain,16,11,16,16,,,,
44,fixed_domain,16,12,4,4,,,,
44,fixed_domain,16,13,8,8,,,,
44,fixed_domain,16,14,16,16,,,,
44,fixed_domain,17,0,4,4,,,,
44,fixed_domain,17,1,8,8,,,,
44,fixed_domain,17,2,16,16,,,,
44,fixed_domain,17,3,4,4,,,,
44,fixed_domain,17,4,8,8,,,,
44,fixed_domain,17,5,16,16,,,,
44,fixed_domain,17,6,4,4,,,,
44,fixed_domain,17,7,8,8,,,,
44,fixed_domain,17,8,16,16,,,,
44,fixed_domain,17,9,4,4,,,,
44,fixed_domain,17,10,8,8,,,,
44,fixed_domain,17,11,16,16,,,,
44,fixed_domain,17,12,4,4,,,,
44,fixed_domain,17,13,8,8,,,,
44,fixed_domain,17,14,16,16,,,,
44,fixed_domain,18,0,4,4,,,,
44,fixed_domain,18,1,8,8,,,,
44,fixed_domain,18,2,16,16,,,,
44,fixed_domain,18,3,4,4,,,,
44,fixed_domain,18,4,8,8,,,,
44,fixed_domain,18,5,16,16,,,,
44,fixed_domain,18,6,4,4,,,,
44,fixed_domain,18,7,8,8,,,,
44,fixed_domain,18,8,16,16,,,,
44,fixed_domain,18,9,4,4,,,,
44,fixed_domain,18,10,8,8,,,,
44,fixed_domain,18,11,16,16,,,,
44,fixed_domain,18,12,4,4,,,,
44,fixed_domain,18,13,8,8,,,,
44,fixed_domain,18,14,16,16,,,,
44,fixed_domain,19,0,4,4,,,,
44,fixed_domain,19,1,8,8,,,,
44,fixed_domain,19,2,16,16,,,,
44,fixed_domain,19,3,4,4,,,,
44,fixed_domain,19,4,8,8,,,,
44,fixed_domain,19,5,16,16,,,,
44,fixed_domain,19,6,4,4,,,,
44,fixed_domain,19,7,8,8,,,,
44,fixed_domain,19,8,16,16,,,,
44,fixed_domain,19,9,4,4,,,,
44,fixed_domain,19,10,8,8,,,,
44,fixed_domain,19,11,16,16,,,,
44,fixed_domain,19,12,4,4,,,,
44,fixed_domain,19,13,8,8,,,,
44,fixed_domain,19,14,16,16,,,,
44,fixed_domain,20,0,4,4,,,,
44,fixed_domain,20,1,8,8,,,,
44,fixed_domain,20,2,16,16,,,,
44,fixed_domain,20,3,4,4,,,,
44,fixed_domain,20,4,8,8,,,,
44,fixed_domain,20,5,16,16,,,,
44,fixed_domain,20,6,4,4,,,,
44,fixed_domain,20,7,8,8,,,,
44,fixed_domain,20,8,16,16,,,,
44,fixed_domain,20,9,4,4,,,,
44,fixed_domain,20,10,8,8,,,,
44,fixed_domain,20,11,16,16,,,,
44,fixed_domain,20,12,4,4,,,,
44,fixed_domain,20,13,8,8,,,,
44,fixed_domain,20,14,16,16,,,,
44,fixed_domain,21,0,4,4,,,,
44,fixed_domain,21,1,8,8,,,,
44,fixed_domain,21,2,16,16,,,,
44,fixed_domain,21,3,4,4,,,,
44,fixed_domain,21,4,8,8,,,,
44,fixed_domain,21,5,16,16,,,,
44,fixed_domain,21,6,4,4,,,,
44,fixed_domain,21,7,8,8,,,,
44,fixed_domain,21,8,16,16,,,,
44,fixed_domain,21,9,4,4,,,,
44,fixed_domain,21,10,8,8,,,,
44,fixed_domain,21,11,16,16,,,,
44,fixed_domain,21,12,4,4,,,,
44,fixed_domain,21,13,8,8,,,,
44,fixed_domain,21,14,16,16,,,,
44,fixed_domain,22,0,4,4,,,,
44,fixed_domain,22,1,8,8,,,,
44,fixed_domain,22,2,16,16,,,,
44,fixed_domain,22,3,4,4,,,,
44,fixed_domain,22,4,8,8,,,,
44,fixed_domain,22,5,16,16,,,,
44,fixed_domain,22,6,4,4,,,,
44,fixed_domain,22,7,8,8,,,,
44,fixed_domain,22,8,16,16,,,,
44,fixed_domain,22,9,4,4,,,,
44,fixed_domain,22,10,8,8,,,,
44,fixed_domain,22,11,16,16,,,,
44,fixed_domain,22,12,4,4,,,,
44,fixed_domain,22,13,8,8,,,,
44,fixed_domain,22,14,16,16,,,,
44,fixed_domain,23,0,4,4,,,,
44,fixed_domain,23,1,8,8,,,,
44,fixed_domain,23,2,16,16,,,,
44,fixed_domain,23,3,4,4,,,,
44,fixed_domain,23,4,8,8,,,,
44,fixed_domain,23,5,16,16,,,,
44,fixed_domain,23,6,4,4,,,,
44,fixed_domain,23,7,8,8,,,,
44,fixed_domain,23,8,16,16,,,,
44,fixed_domain,23,9,4,4,,,,
44,fixed_domain,23,10,8,8,,,,
44,fixed_domain,23,11,16,16,,,,
44,fixed_domain,23,12,4,4,,,,
44,fixed_domain,23,13,8,8,,,,
44,fixed_domain,23,14,16,16,,,,
44,fixed_domain,24,0,4,4,,,,
44,fixed_domain,24,1,8,8,,,,
44,fixed_domain,24,2,16,16,,,,
44,fixed_domain,24,3,4,4,,,,
44,fixed_domain,24,4,8,8,,,,
44,fixed_domain,24,5,16,16,,,,
44,fixed_domain,24,6,4,4,,,,
44,fixed_domain,24,7,8,8,,,,
44,fixed_domain,24,8,16,16,,,,
44,fixed_domain,24,9,4,4,,,,
44,fixed_domain,24,10,8,8,,,,
44,fixed_domain,24,11,16,16,,,,
44,fixed_domain,24,12,4,4,,,,
44,fixed_domain,24,13,8,8,,,,
44,fixed_domain,24,14,16,16,,,,
44,fixed_domain,25,0,4,4,,,,
44,fixed_domain,25,1,8,8,,,,
44,fixed_domain,25,2,16,16,,,,
44,fixed_domain,25,3,4,4,,,,
44,fixed_domain,25,4,8,8,,,,
44,fixed_domain,25,5,16,16,,,,
44,fixed_domain,25,6,4,4,,,,
44,fixed_domain,25,7,8,8,,,,
44,fixed_domain,25,8,16,16,,,,
44,fixed_domain,25,9,4,4,,,,
44,fixed_domain,25,10,8,8,,,,
44,fixed_domain,25,11,16,16,,,,
44,fixed_domain,25,12,4,4,,,,
44,fixed_domain,25,13,8,8,,,,
44,fixed_domain,25,14,16,16,,,,
44,fixed_domain,26,0,4,4,,,,
44,fixed_domain,26,1,8,8,,,,
44,fixed_domain,26,2,16,16,,,,
44,fixed_domain,26,3,4,4,,,,
44,fixed_domain,26,4,8,8,,,,
44,fixed_domain,26,5,16,16,,,,
44,fixed_domain,26,6,4,4,,,,
44,fixed_domain,26,7,8,8,,,,
44,fixed_domain,26,8,16,16,,,,
44,fixed_domain,26,9,4,4,,,,
44,fixed_domain,26,10,8,8,,,,
44,fixed_domain,26,11,16,16,,,,
44,fixed_domain,26,12,4,4,,,,
44,fixed_domain,26,13,8,8,,,,
44,fixed_domain,26,14,16,16,,,,
44,fixed_domain,27,0,4,4,,,,
44,fixed_domain,27,1,8,8,,,,
44,fixed_domain,27,2,16,16,,,,
44,fixed_domain,27,3,4,4,,,,
44,fixed_domain,27,4,8,8,,,,
44,fixed_domain,27,5,16,16,,,,
44,fixed_domain,27,6,4,4,,,,
44,fixed_domain,27,7,8,8,,,,
44,fixed_domain,27,8,16,16,,,,
44,fixed_domain,27,9,4,4,,,,
44,fixed_domain,27,10,8,8,,,,
44,fixed_domain,27,11,16,16,,,,
44,fixed_domain,27,12,4,4,,,,
44,fixed_domain,27,13,8,8,,,,
44,fixed_domain,27,14,16,16,,,,
44,fixed_domain,28,0,4,4,,,,
44,fixed_domain,28,1,8,8,,,,
44,fixed_domain,28,2,16,16,,,,
44,fixed_domain,28,3,4,4,,,,
44,fixed_domain,28,4,8,8,,,,
44,fixed_domain,28,5,16,16,,,,
44,fixed_domain,28,6,4,4,,,,
44,fixed_domain,28,7,8,8,,,,
44,fixed_domain,28,8,16,16,,,,
44,fixed_domain,28,9,4,4,,,,
44,fixed_domain,28,10,8,8,,,,
44,fixed_domain,28,11,16,16,,,,
44,fixed_domain,28,12,4,4,,,,
44,fixed_domain,28,13,8,8,,,,
44,fixed_domain,28,14,16,16,,,,
44,fixed_domain,29,0,4,4,,,,
44,fixed_domain,29,1,8,8,,,,
44,fixed_domain,29,2,16,16,,,,
44,fixed_domain,29,3,4,4,,,,
44,fixed_domain,29,4,8,8,,,,
44,fixed_domain,29,5,16,16,,,,
44,fixed_domain,29,6,4,4,,,,
44,fixed_domain,29,7,8,8,,,,
44,fixed_domain,29,8,16,16,,,,
44,fixed_domain,29,9,4,4,,,,
44,fixed_domain,29,10,8,8,,,,
44,fixed_domain,29,11,16,16,,,,
44,fixed_domain,29,12,4,4,,,,
44,fixed_domain,29,13,8,8,,,,
44,fixed_domain,29,14,16,16,,,,
44,fixed_domain,30,0,4,4,,,,
44,fixed_domain,30,1,8,8,,,,
44,fixed_domain,30,2,16,16,,,,
44,fixed_domain,30,3,4,4,,,,
44,fixed_domain,30,4,8,8,,,,
44,fixed_domain,30,5,16,16,,,,
44,fixed_domain,30,6,4,4,,,,
44,fixed_domain,30,7,8,8,,,,
44,fixed_domain,30,8,16,16,,,,
44,fixed_domain,30,9,4,4,,,,
44,fixed_domain,30,10,8,8,,,,
44,fixed_domain,30,11,16,16,,,,
44,fixed_domain,30,12,4,4,,,,
44,fixed_domain,30,13,8,8,,,,
44,fixed_domain,30,14,16,16,,,,
44,fixed_quality,1,0,4,4,,,,
44,fixed_quality,1,1,8,8,,,,
44,fixed_quality,1,2,16,16,,,,
44,fixed_quality,1,3,4,4,,,,
44,fixed_quality,1,4,8,8,,,,
44,fixed_quality,1,5,16,16,,,,
44,fixed_quality,1,6,4,4,,,,
44,fixed_quality,1,7,8,8,,,,
44,fixed_quality,1,8,16,16,,,,
44,fixed_quality,1,9,4,4,,,,
44,fixed_quality,1,10,8,8,,,,
44,fixed_quality,1,11,16,16,,,,
44,fixed_quality,1,12,4,4,,,,
44,fixed_quality,1,13,8,8,,,,
44,fixed_quality,1,14,16,16,,,,
44,fixed_quality,2,0,4,4,,,,
44,fixed_quality,2,1,8,8,,,,
44,fixed_quality,2,2,16,16,,,,
44,fixed_quality,2,3,4,4,,,,
44,fixed_quality,2,4,8,8,,,,
44,fixed_quality,2,5,16,16,,,,
44,fixed_quality,2,6,4,4,,,,
44,fixed_quality,2,7,8,8,,,,
44,fixed_quality,2,8,16,16,,,,
44,fixed_quality,2,9,4,4,,,,
44,fixed_quality,2,10,8,8,,,,
44,fixed_quality,2,11,16,16,,,,
44,fixed_quality,2,12,4,4,,,,
44,fixed_quality,2,13,8,8,,,,
44,fixed_quality,2,14,16,16,,,,
44,fixed_quality,3,0,4,4,,,,
44,fixed_quality,3,1,8,8,,,,
44,fixed_quality,3,2,16,16,,,,
44,fixed_quality,3,3,4,4,,,,
44,fixed_quality,3,4,8,8,,,,
44,fixed_quality,3,5,16,16,,,,
44,fixed_quality,3,6,4,4,,,,
44,fixed_quality,3,7,8,8,,,,
44,fixed_quality,3,8,16,16,,,,
44,fixed_quality,3,9,4,4,,,,
44,fixed_quality,3,10,8,8,,,,
44,fixed_quality,3,11,16,16,,,,
44,fixed_quality,3,12,4,4,,,,
44,fixed_quality,3,13,8,8,,,,
44,fixed_quality,3,14,16,16,,,,
44,fixed_quality,4,0,4,4,,,,
44,fixed_quality,4,1,8,8,,,,
44,fixed_quality,4,2,16,16,,,,
44,fixed_quality,4,3,4,4,,,,
44,fixed_quality,4,4,8,8,,,,
44,fixed_quality,4,5,16,16,,,,
44,fixed_quality,4,6,4,4,,,,
44,fixed_quality,4,7,8,8,,,,
44,fixed_quality,4,8,16,16,,,,
44,fixed_quality,4,9,4,4,,,,
44,fixed_quality,4,10,8,8,,,,
44,fixed_quality,4,11,16,16,,,,
44,fixed_quality,4,12,4,4,,,,
44,fixed_quality,4,13,8,8,,,,
44,fixed_quality,4,14,16,16,,,,
44,fixed_quality,5,0,4,4,,,,
44,fixed_quality,5,1,8,8,,,,
44,fixed_quality,5,2,16,16,,,,
44,fixed_quality,5,3,4,4,,,,
44,fixed_quality,5,4,8,8,,,,
44,fixed_quality,5,5,16,16,,,,
44,fixed_quality,5,6,4,4,,,,
44,fixed_quality,5,7,8,8,,,,
44,fixed_quality,5,8,16,16,,,,
44,fixed_quality,5,9,4,4,,,,
44,fixed_quality,5,10,8,8,,,,
44,fixed_quality,5,11,16,16,,,,
44,fixed_quality,5,12,4,4,,,,
44,fixed_quality,5,13,8,8,,,,
44,fixed_quality,5,14,16,16,,,,
44,fixed_quality,6,0,4,4,,,,
44,fixed_quality,6,1,8,8,,,,
44,fixed_quality,6,2,16,16,,,,
44,fixed_quality,6,3,4,4,,,,
44,fixed_quality,6,4,8,8,,,,
44,fixed_quality,6,5,16,16,,,,
44,fixed_quality,6,6,4,4,,,,
44,fixed_quality,6,7,8,8,,,,
44,fixed_quality,6,8,16,16,,,,
44,fixed_quality,6,9,4,4,,,,
44,fixed_quality,6,10,8,8,,,,
44,fixed_quality,6,11,16,16,,,,
44,fixed_quality,6,12,4,4,,,,
44,fixed_quality,6,13,8,8,,,,
44,fixed_quality,6,14,16,16,,,,
44,fixed_quality,7,0,4,4,,,,
44,fixed_quality,7,1,8,8,,,,
44,fixed_quality,7,2,16,16,,,,
44,fixed_quality,7,3,4,4,,,,
44,fixed_quality,7,4,8,8,,,,
44,fixed_quality,7,5,16,16,,,,
44,fixed_quality,7,6,4,4,,,,
44,fixed_quality,7,7,8,8,,,,
44,fixed_quality,7,8,16,16,,,,
44,fixed_quality,7,9,4,4,,,,
44,fixed_quality,7,10,8,8,,,,
44,fixed_quality,7,11,16,16,,,,
44,fixed_quality,7,12,4,4,,,,
44,fixed_quality,7,13,8,8,,,,
44,fixed_quality,7,14,16,16,,,,
44,fixed_quality,8,0,4,4,,,,
44,fixed_quality,8,1,8,8,,,,
44,fixed_quality,8,2,16,16,,,,
44,fixed_quality,8,3,4,4,,,,
44,fixed_quality,8,4,8,8,,,,
44,fixed_quality,8,5,16,16,,,,
44,fixed_quality,8,6,4,4,,,,
44,fixed_quality,8,7,8,8,,,,
44,fixed_quality,8,8,16,16,,,,
44,fixed_quality,8,9,4,4,,,,
44,fixed_quality,8,10,8,8,,,,
44,fixed_quality,8,11,16,16,,,,
44,fixed_quality,8,12,4,4,,,,
44,fixed_quality,8,13,8,8,,,,
44,fixed_quality,8,14,16,16,,,,
44,fixed_quality,9,0,4,4,,,,
44,fixed_quality,9,1,8,8,,,,
44,fixed_quality,9,2,16,16,,,,
44,fixed_quality,9,3,4,4,,,,
44,fixed_quality,9,4,8,8,,,,
44,fixed_quality,9,5,16,16,,,,
44,fixed_quality,9,6,4,4,,,,
44,fixed_quality,9,7,8,8,,,,
44,fixed_quality,9,8,16,16,,,,
44,fixed_quality,9,9,4,4,,,,
44,fixed_quality,9,10,8,8,,,,
44,fixed_quality,9,11,16,16,,,,
44,fixed_quality,9,12,4,4,,,,
44,fixed_quality,9,13,8,8,,,,
44,fixed_quality,9,14,16,16,,,,
44,fixed_quality,10,0,4,4,,,,
44,fixed_quality,10,1,8,8,,,,
44,fixed_quality,10,2,16,16,,,,
44,fixed_quality,10,3,4,4,,,,
44,fixed_quality,10,4,8,8,,,,
44,fixed_quality,10,5,16,16,,,,
44,fixed_quality,10,6,4,4,,,,
44,fixed_quality,10,7,8,8,,,,
44,fixed_quality,10,8,16,16,,,,
44,fixed_quality,10,9,4,4,,,,
44,fixed_quality,10,10,8,8,,,,
44,fixed_quality,10,11,16,16,,,,
44,fixed_quality,10,12,4,4,,,,
44,fixed_quality,10,13,8,8,,,,
44,fixed_quality,10,14,16,16,,,,
44,fixed_quality,11,0,4,4,,,,
44,fixed_quality,11,1,8,8,,,,
44,fixed_quality,11,2,16,16,,,,
44,fixed_quality,11,3,4,4,,,,
44,fixed_quality,11,4,8,8,,,,
44,fixed_quality,11,5,16,16,,,,
44,fixed_quality,11,6,4,4,,,,
44,fixed_quality,11,7,8,8,,,,
44,fixed_quality,11,8,16,16,,,,
44,fixed_quality,11,9,4,4,,,,
44,fixed_quality,11,10,8,8,,,,
44,fixed_quality,11,11,16,16,,,,
44,fixed_quality,11,12,4,4,,,,
44,fixed_quality,11,13,8,8,,,,
44,fixed_quality,11,14,16,16,,,,
44,fixed_quality,12,0,4,4,,,,
44,fixed_quality,12,1,8,8,,,,
44,fixed_quality,12,2,16,16,,,,
44,fixed_quality,12,3,4,4,,,,
44,fixed_quality,12,4,8,8,,,,
44,fixed_quality,12,5,16,16,,,,
44,fixed_quality,12,6,4,4,,,,
44,fixed_quality,12,7,8,8,,,,
44,fixed_quality,12,8,16,16,,,,
44,fixed_quality,12,9,4,4,,,,
44,fixed_quality,12,10,8,8,,,,
44,fixed_quality,12,11,16,16,,,,
44,fixed_quality,12,12,4,4,,,,
44,fixed_quality,12,13,8,8,,,,
44,fixed_quality,12,14,16,16,,,,
44,fixed_quality,13,0,4,4,,,,
44,fixed_quality,13,1,8,8,,,,
44,fixed_quality,13,2,16,16,,,,
44,fixed_quality,13,3,4,4,,,,
44,fixed_quality,13,4,8,8,,,,
44,fixed_quality,13,5,16,16,,,,
44,fixed_quality,13,6,4,4,,,,
44,fixed_quality,13,7,8,8,,,,
44,fixed_quality,13,8,16,16,,,,
44,fixed_quality,13,9,4,4,,,,
44,fixed_quality,13,10,8,8,,,,
44,fixed_quality,13,11,16,16,,,,
44,fixed_quality,13,12,4,4,,,,
44,fixed_quality,13,13,8,8,,,,
44,fixed_quality,13,14,16,16,,,,
44,fixed_quality,14,0,4,4,,,,
44,fixed_quality,14,1,8,8,,,,
44,fixed_quality,14,2,16,16,,,,
44,fixed_quality,14,3,4,4,,,,
44,fixed_quality,14,4,8,8,,,,
44,fixed_quality,14,5,16,16,,,,
44,fixed_quality,14,6,4,4,,,,
44,fixed_quality,14,7,8,8,,,,
44,fixed_quality,14,8,16,16,,,,
44,fixed_quality,14,9,4,4,,,,
44,fixed_quality,14,10,8,8,,,,
44,fixed_quality,14,11,16,16,,,,
44,fixed_quality,14,12,4,4,,,,
44,fixed_quality,14,13,8,8,,,,
44,fixed_quality,14,14,16,16,,,,
44,fixed_quality,15,0,4,4,,,,
44,fixed_quality,15,1,8,8,,,,
44,fixed_quality,15,2,16,16,,,,
44,fixed_quality,15,3,4,4,,,,
44,fixed_quality,15,4,8,8,,,,
44,fixed_quality,15,5,16,16,,,,
44,fixed_quality,15,6,4,4,,,,
44,fixed_quality,15,7,8,8,,,,
44,fixed_quality,15,8,16,16,,,,
44,fixed_quality,15,9,4,4,,,,
44,fixed_quality,15,10,8,8,,,,
44,fixed_quality,15,11,16,16,,,,
44,fixed_quality,15,12,4,4,,,,
44,fixed_quality,15,13,8,8,,,,
44,fixed_quality,15,14,16,16,,,,
44,fixed_quality,16,0,4,4,,,,
44,fixed_quality,16,1,8,8,,,,
44,fixed_quality,16,2,16,16,,,,
44,fixed_quality,16,3,4,4,,,,
44,fixed_quality,16,4,8,8,,,,
44,fixed_quality,16,5,16,16,,,,
44,fixed_quality,16,6,4,4,,,,
44,fixed_quality,16,7,8,8,,,,
44,fixed_quality,16,8,16,16,,,,
44,fixed_quality,16,9,4,4,,,,
44,fixed_quality,16,10,8,8,,,,
44,fixed_quality,16,11,16,16,,,,
44,fixed_quality,16,12,4,4,,,,
44,fixed_quality,16,13,8,8,,,,
44,fixed_quality,16,14,16,16,,,,
44,fixed_quality,17,0,4,4,,,,
44,fixed_quality,17,1,8,8,,,,
44,fixed_quality,17,2,16,16,,,,
44,fixed_quality,17,3,4,4,,,,
44,fixed_quality,17,4,8,8,,,,
44,fixed_quality,17,5,16,16,,,,
44,fixed_quality,17,6,4,4,,,,
44,fixed_quality,17,7,8,8,,,,
44,fixed_quality,17,8,16,16,,,,
44,fixed_quality,17,9,4,4,,,,
44,fixed_quality,17,10,8,8,,,,
44,fixed_quality,17,11,16,16,,,,
44,fixed_quality,17,12,4,4,,,,
44,fixed_quality,17,13,8,8,,,,
44,fixed_quality,17,14,16,16,,,,
44,fixed_quality,18,0,4,4,,,,
44,fixed_quality,18,1,8,8,,,,
44,fixed_quality,18,2,16,16,,,,
44,fixed_quality,18,3,4,4,,,,
44,fixed_quality,18,4,8,8,,,,
44,fixed_quality,18,5,16,16,,,,
44,fixed_quality,18,6,4,4,,,,
44,fixed_quality,18,7,8,8,,,,
44,fixed_quality,18,8,16,16,,,,
44,fixed_quality,18,9,4,4,,,,
44,fixed_quality,18,10,8,8,,,,
44,fixed_quality,18,11,16,16,,,,
44,fixed_quality,18,12,4,4,,,,
44,fixed_quality,18,13,8,8,,,,
44,fixed_quality,18,14,16,16,,,,
44,fixed_quality,19,0,4,4,,,,
44,fixed_quality,19,1,8,8,,,,
44,fixed_quality,19,2,16,16,,,,
44,fixed_quality,19,3,4,4,,,,
44,fixed_quality,19,4,8,8,,,,
44,fixed_quality,19,5,16,16,,,,
44,fixed_quality,19,6,4,4,,,,
44,fixed_quality,19,7,8,8,,,,
44,fixed_quality,19,8,16,16,,,,
44,fixed_quality,19,9,4,4,,,,
44,fixed_quality,19,10,8,8,,,,
44,fixed_quality,19,11,16,16,,,,
44,fixed_quality,19,12,4,4,,,,
44,fixed_quality,19,13,8,8,,,,
44,fixed_quality,19,14,16,16,,,,
44,fixed_quality,20,0,4,4,,,,
44,fixed_quality,20,1,8,8,,,,
44,fixed_quality,20,2,16,16,,,,
44,fixed_quality,20,3,4,4,,,,
44,fixed_quality,20,4,8,8,,,,
44,fixed_quality,20,5,16,16,,,,
44,fixed_quality,20,6,4,4,,,,
44,fixed_quality,20,7,8,8,,,,
44,fixed_quality,20,8,16,16,,,,
44,fixed_quality,20,9,4,4,,,,
44,fixed_quality,20,10,8,8,,,,
44,fixed_quality,20,11,16,16,,,,
44,fixed_quality,20,12,4,4,,,,
44,fixed_quality,20,13,8,8,,,,
44,fixed_quality,20,14,16,16,,,,
44,fixed_quality,21,0,4,4,,,,
44,fixed_quality,21,1,8,8,,,,
44,fixed_quality,21,2,16,16,,,,
44,fixed_quality,21,3,4,4,,,,
44,fixed_quality,21,4,8,8,,,,
44,fixed_quality,21,5,16,16,,,,
44,fixed_quality,21,6,4,4,,,,
44,fixed_quality,21,7,8,8,,,,
44,fixed_quality,21,8,16,16,,,,
44,fixed_quality,21,9,4,4,,,,
44,fixed_quality,21,10,8,8,,,,
44,fixed_quality,21,11,16,16,,,,
44,fixed_quality,21,12,4,4,,,,
44,fixed_quality,21,13,8,8,,,,
44,fixed_quality,21,14,16,16,,,,
44,fixed_quality,22,0,4,4,,,,
44,fixed_quality,22,1,8,8,,,,
44,fixed_quality,22,2,16,16,,,,
44,fixed_quality,22,3,4,4,,,,
44,fixed_quality,22,4,8,8,,,,
44,fixed_quality,22,5,16,16,,,,
44,fixed_quality,22,6,4,4,,,,
44,fixed_quality,22,7,8,8,,,,
44,fixed_quality,22,8,16,16,,,,
44,fixed_quality,22,9,4,4,,,,
44,fixed_quality,22,10,8,8,,,,
44,fixed_quality,22,11,16,16,,,,
44,fixed_quality,22,12,4,4,,,,
44,fixed_quality,22,13,8,8,,,,
44,fixed_quality,22,14,16,16,,,,
44,fixed_quality,23,0,4,4,,,,
44,fixed_quality,23,1,8,8,,,,
44,fixed_quality,23,2,16,16,,,,
44,fixed_quality,23,3,4,4,,,,
44,fixed_quality,23,4,8,8,,,,
44,fixed_quality,23,5,16,16,,,,
44,fixed_quality,23,6,4,4,,,,
44,fixed_quality,23,7,8,8,,,,
44,fixed_quality,23,8,16,16,,,,
44,fixed_quality,23,9,4,4,,,,
44,fixed_quality,23,10,8,8,,,,
44,fixed_quality,23,11,16,16,,,,
44,fixed_quality,23,12,4,4,,,,
44,fixed_quality,23,13,8,8,,,,
44,fixed_quality,23,14,16,16,,,,
44,fixed_quality,24,0,4,4,,,,
44,fixed_quality,24,1,8,8,,,,
44,fixed_quality,24,2,16,16,,,,
44,fixed_quality,24,3,4,4,,,,
44,fixed_quality,24,4,8,8,,,,
44,fixed_quality,24,5,16,16,,,,
44,fixed_quality,24,6,4,4,,,,
44,fixed_quality,24,7,8,8,,,,
44,fixed_quality,24,8,16,16,,,,
44,fixed_quality,24,9,4,4,,,,
44,fixed_quality,24,10,8,8,,,,
44,fixed_quality,24,11,16,16,,,,
44,fixed_quality,24,12,4,4,,,,
44,fixed_quality,24,13,8,8,,,,
44,fixed_quality,24,14,16,16,,,,
44,fixed_quality,25,0,4,4,,,,
44,fixed_quality,25,1,8,8,,,,
44,fixed_quality,25,2,16,16,,,,
44,fixed_quality,25,3,4,4,,,,
44,fixed_quality,25,4,8,8,,,,
44,fixed_quality,25,5,16,16,,,,
44,fixed_quality,25,6,4,4,,,,
44,fixed_quality,25,7,8,8,,,,
44,fixed_quality,25,8,16,16,,,,
44,fixed_quality,25,9,4,4,,,,
44,fixed_quality,25,10,8,8,,,,
44,fixed_quality,25,11,16,16,,,,
44,fixed_quality,25,12,4,4,,,,
44,fixed_quality,25,13,8,8,,,,
44,fixed_quality,25,14,16,16,,,,
44,fixed_quality,26,0,4,4,,,,
44,fixed_quality,26,1,8,8,,,,
44,fixed_quality,26,2,16,16,,,,
44,fixed_quality,26,3,4,4,,,,
44,fixed_quality,26,4,8,8,,,,
44,fixed_quality,26,5,16,16,,,,
44,fixed_quality,26,6,4,4,,,,
44,fixed_quality,26,7,8,8,,,,
44,fixed_quality,26,8,16,16,,,,
44,fixed_quality,26,9,4,4,,,,
44,fixed_quality,26,10,8,8,,,,
44,fixed_quality,26,11,16,16,,,,
44,fixed_quality,26,12,4,4,,,,
44,fixed_quality,26,13,8,8,,,,
44,fixed_quality,26,14,16,16,,,,
44,fixed_quality,27,0,4,4,,,,
44,fixed_quality,27,1,8,8,,,,
44,fixed_quality,27,2,16,16,,,,
44,fixed_quality,27,3,4,4,,,,
44,fixed_quality,27,4,8,8,,,,
44,fixed_quality,27,5,16,16,,,,
44,fixed_quality,27,6,4,4,,,,
44,fixed_quality,27,7,8,8,,,,
44,fixed_quality,27,8,16,16,,,,
44,fixed_quality,27,9,4,4,,,,
44,fixed_quality,27,10,8,8,,,,
44,fixed_quality,27,11,16,16,,,,
44,fixed_quality,27,12,4,4,,,,
44,fixed_quality,27,13,8,8,,,,
44,fixed_quality,27,14,16,16,,,,
44,fixed_quality,28,0,4,4,,,,
44,fixed_quality,28,1,8,8,,,,
44,fixed_quality,28,2,16,16,,,,
44,fixed_quality,28,3,4,4,,,,
44,fixed_quality,28,4,8,8,,,,
44,fixed_quality,28,5,16,16,,,,
44,fixed_quality,28,6,4,4,,,,
44,fixed_quality,28,7,8,8,,,,
44,fixed_quality,28,8,16,16,,,,
44,fixed_quality,28,9,4,4,,,,
44,fixed_quality,28,10,8,8,,,,
44,fixed_quality,28,11,16,16,,,,
44,fixed_quality,28,12,4,4,,,,
44,fixed_quality,28,13,8,8,,,,
44,fixed_quality,28,14,16,16,,,,
44,fixed_quality,29,0,4,4,,,,
44,fixed_quality,29,1,8,8,,,,
44,fixed_quality,29,2,16,16,,,,
44,fixed_quality,29,3,4,4,,,,
44,fixed_quality,29,4,8,8,,,,
44,fixed_quality,29,5,16,16,,,,
44,fixed_quality,29,6,4,4,,,,
44,fixed_quality,29,7,8,8,,,,
44,fixed_quality,29,8,16,16,,,,
44,fixed_quality,29,9,4,4,,,,
44,fixed_quality,29,10,8,8,,,,
44,fixed_quality,29,11,16,16,,,,
44,fixed_quality,29,12,4,4,,,,
44,fixed_quality,29,13,8,8,,,,
44,fixed_quality,29,14,16,16,,,,
44,fixed_quality,30,0,4,4,,,,
44,fixed_quality,30,1,8,8,,,,
44,fixed_quality,30,2,16,16,,,,
44,fixed_quality,30,3,4,4,,,,
44,fixed_quality,30,4,8,8,,,,
44,fixed_quality,30,5,16,16,,,,
44,fixed_quality,30,6,4,4,,,,
44,fixed_quality,30,7,8,8,,,,
44,fixed_quality,30,8,16,16,,,,
44,fixed_quality,30,9,4,4,,,,
44,fixed_quality,30,10,8,8,,,,
44,fixed_quality,30,11,16,16,,,,
44,fixed_quality,30,12,4,4,,,,
44,fixed_quality,30,13,8,8,,,,
44,fixed_quality,30,14,16,16,,,,
44,mh16,1,0,16,16,,,,
44,mh16,1,1,16,16,,,,
44,mh16,1,2,16,16,,,,
44,mh16,1,3,16,16,,,,
44,mh16,1,4,16,16,,,,
44,mh16,1,5,16,16,,,,
44,mh16,1,6,16,16,,,,
44,mh16,1,7,16,16,,,,
44,mh16,1,8,16,16,,,,
44,mh16,1,9,16,16,,,,
44,mh16,1,10,16,16,,,,
44,mh16,1,11,16,16,,,,
44,mh16,1,12,16,16,,,,
44,mh16,1,13,16,16,,,,
44,mh16,1,14,16,16,,,,
44,mh16,2,0,16,16,,,,
44,mh16,2,1,16,16,,,,
44,mh16,2,2,16,16,,,,
44,mh16,2,3,16,16,,,,
44,mh16,2,4,16,16,,,,
44,mh16,2,5,16,16,,,,
44,mh16,2,6,16,16,,,,
44,mh16,2,7,16,16,,,,
44,mh16,2,8,16,16,,,,
44,mh16,2,9,16,16,,,,
44,mh16,2,10,16,16,,,,
44,mh16,2,11,16,16,,,,
44,mh16,2,12,16,16,,,,
44,mh16,2,13,16,16,,,,
44,mh16,2,14,16,16,,,,
44,mh16,3,0,16,16,,,,
44,mh16,3,1,16,16,,,,
44,mh16,3,2,16,16,,,,
44,mh16,3,3,16,16,,,,
44,mh16,3,4,16,16,,,,
44,mh16,3,5,16,16,,,,
44,mh16,3,6,16,16,,,,
44,mh16,3,7,16,16,,,,
44,mh16,3,8,16,16,,,,
44,mh16,3,9,16,16,,,,
44,mh16,3,10,16,16,,,,
44,mh16,3,11,16,16,,,,
44,mh16,3,12,16,16,,,,
44,mh16,3,13,16,16,,,,
44,mh16,3,14,16,16,,,,
44,mh16,4,0,16,16,,,,
44,mh16,4,1,16,16,,,,
44,mh16,4,2,16,16,,,,
44,mh16,4,3,16,16,,,,
44,mh16,4,4,16,16,,,,
44,mh16,4,5,16,16,,,,
44,mh16,4,6,16,16,,,,
44,mh16,4,7,16,16,,,,
44,mh16,4,8,16,16,,,,
44,mh16,4,9,16,16,,,,
44,mh16,4,10,16,16,,,,
44,mh16,4,11,16,16,,,,
44,mh16,4,12,16,16,,,,
44,mh16,4,13,16,16,,,,
44,mh16,4,14,16,16,,,,
44,mh16,5,0,16,16,,,,
44,mh16,5,1,16,16,,,,
44,mh16,5,2,16,16,,,,
44,mh16,5,3,16,16,,,,
44,mh16,5,4,16,16,,,,
44,mh16,5,5,16,16,,,,
44,mh16,5,6,16,16,,,,
44,mh16,5,7,16,16,,,,
44,mh16,5,8,16,16,,,,
44,mh16,5,9,16,16,,,,
44,mh16,5,10,16,16,,,,
44,mh16,5,11,16,16,,,,
44,mh16,5,12,16,16,,,,
44,mh16,5,13,16,16,,,,
44,mh16,5,14,16,16,,,,
44,mh16,6,0,16,16,,,,
44,mh16,6,1,16,16,,,,
44,mh16,6,2,16,16,,,,
44,mh16,6,3,16,16,,,,
44,mh16,6,4,16,16,,,,
44,mh16,6,5,16,16,,,,
44,mh16,6,6,16,16,,,,
44,mh16,6,7,16,16,,,,
44,mh16,6,8,16,16,,,,
44,mh16,6,9,16,16,,,,
44,mh16,6,10,16,16,,,,
44,mh16,6,11,16,16,,,,
44,mh16,6,12,16,16,,,,
44,mh16,6,13,16,16,,,,
44,mh16,6,14,16,16,,,,
44,mh16,7,0,16,16,,,,
44,mh16,7,1,16,16,,,,
44,mh16,7,2,16,16,,,,
44,mh16,7,3,16,16,,,,
44,mh16,7,4,16,16,,,,
44,mh16,7,5,16,16,,,,
44,mh16,7,6,16,16,,,,
44,mh16,7,7,16,16,,,,
44,mh16,7,8,16,16,,,,
44,mh16,7,9,16,16,,,,
44,mh16,7,10,16,16,,,,
44,mh16,7,11,16,16,,,,
44,mh16,7,12,16,16,,,,
44,mh16,7,13,16,16,,,,
44,mh16,7,14,16,16,,,,
44,mh16,8,0,16,16,,,,
44,mh16,8,1,16,16,,,,
44,mh16,8,2,16,16,,,,
44,mh16,8,3,16,16,,,,
44,mh16,8,4,16,16,,,,
44,mh16,8,5,16,16,,,,
44,mh16,8,6,16,16,,,,
44,mh16,8,7,16,16,,,,
44,mh16,8,8,16,16,,,,
44,mh16,8,9,16,16,,,,
44,mh16,8,10,16,16,,,,
44,mh16,8,11,16,16,,,,
44,mh16,8,12,16,16,,,,
44,mh16,8,13,16,16,,,,
44,mh16,8,14,16,16,,,,
44,mh16,9,0,16,16,,,,
44,mh16,9,1,16,16,,,,
44,mh16,9,2,16,16,,,,
44,mh16,9,3,16,16,,,,
44,mh16,9,4,16,16,,,,
44,mh16,9,5,16,16,,,,
44,mh16,9,6,16,16,,,,
44,mh16,9,7,16,16,,,,
44,mh16,9,8,16,16,,,,
44,mh16,9,9,16,16,,,,
44,mh16,9,10,16,16,,,,
44,mh16,9,11,16,16,,,,
44,mh16,9,12,16,16,,,,
44,mh16,9,13,16,16,,,,
44,mh16,9,14,16,16,,,,
44,mh16,10,0,16,16,,,,
44,mh16,10,1,16,16,,,,
44,mh16,10,2,16,16,,,,
44,mh16,10,3,16,16,,,,
44,mh16,10,4,16,16,,,,
44,mh16,10,5,16,16,,,,
44,mh16,10,6,16,16,,,,
44,mh16,10,7,16,16,,,,
44,mh16,10,8,16,16,,,,
44,mh16,10,9,16,16,,,,
44,mh16,10,10,16,16,,,,
44,mh16,10,11,16,16,,,,
44,mh16,10,12,16,16,,,,
44,mh16,10,13,16,16,,,,
44,mh16,10,14,16,16,,,,
44,mh16,11,0,16,16,,,,
44,mh16,11,1,16,16,,,,
44,mh16,11,2,16,16,,,,
44,mh16,11,3,16,16,,,,
44,mh16,11,4,16,16,,,,
44,mh16,11,5,16,16,,,,
44,mh16,11,6,16,16,,,,
44,mh16,11,7,16,16,,,,
44,mh16,11,8,16,16,,,,
44,mh16,11,9,16,16,,,,
44,mh16,11,10,16,16,,,,
44,mh16,11,11,16,16,,,,
44,mh16,11,12,16,16,,,,
44,mh16,11,13,16,16,,,,
44,mh16,11,14,16,16,,,,
44,mh16,12,0,16,16,,,,
44,mh16,12,1,16,16,,,,
44,mh16,12,2,16,16,,,,
44,mh16,12,3,16,16,,,,
44,mh16,12,4,16,16,,,,
44,mh16,12,5,16,16,,,,
44,mh16,12,6,16,16,,,,
44,mh16,12,7,16,16,,,,
44,mh16,12,8,16,16,,,,
44,mh16,12,9,16,16,,,,
44,mh16,12,10,16,16,,,,
44,mh16,12,11,16,16,,,,
44,mh16,12,12,16,16,,,,
44,mh16,12,13,16,16,,,,
44,mh16,12,14,16,16,,,,
44,mh16,13,0,16,16,,,,
44,mh16,13,1,16,16,,,,
44,mh16,13,2,16,16,,,,
44,mh16,13,3,16,16,,,,
44,mh16,13,4,16,16,,,,
44,mh16,13,5,16,16,,,,
44,mh16,13,6,16,16,,,,
44,mh16,13,7,16,16,,,,
44,mh16,13,8,16,16,,,,
44,mh16,13,9,16,16,,,,
44,mh16,13,10,16,16,,,,
44,mh16,13,11,16,16,,,,
44,mh16,13,12,16,16,,,,
44,mh16,13,13,16,16,,,,
44,mh16,13,14,16,16,,,,
44,mh16,14,0,16,16,,,,
44,mh16,14,1,16,16,,,,
44,mh16,14,2,16,16,,,,
44,mh16,14,3,16,16,,,,
44,mh16,14,4,16,16,,,,
44,mh16,14,5,16,16,,,,
44,mh16,14,6,16,16,,,,
44,mh16,14,7,16,16,,,,
44,mh16,14,8,16,16,,,,
44,mh16,14,9,16,16,,,,
44,mh16,14,10,16,16,,,,
44,mh16,14,11,16,16,,,,
44,mh16,14,12,16,16,,,,
44,mh16,14,13,16,16,,,,
44,mh16,14,14,16,16,,,,
44,mh16,15,0,16,16,,,,
44,mh16,15,1,16,16,,,,
44,mh16,15,2,16,16,,,,
44,mh16,15,3,16,16,,,,
44,mh16,15,4,16,16,,,,
44,mh16,15,5,16,16,,,,
44,mh16,15,6,16,16,,,,
44,mh16,15,7,16,16,,,,
44,mh16,15,8,16,16,,,,
44,mh16,15,9,16,16,,,,
44,mh16,15,10,16,16,,,,
44,mh16,15,11,16,16,,,,
44,mh16,15,12,16,16,,,,
44,mh16,15,13,16,16,,,,
44,mh16,15,14,16,16,,,,
44,mh16,16,0,16,16,,,,
44,mh16,16,1,16,16,,,,
44,mh16,16,2,16,16,,,,
44,mh16,16,3,16,16,,,,
44,mh16,16,4,16,16,,,,
44,mh16,16,5,16,16,,,,
44,mh16,16,6,16,16,,,,
44,mh16,16,7,16,16,,,,
44,mh16,16,8,16,16,,,,
44,mh16,16,9,16,16,,,,
44,mh16,16,10,16,16,,,,
44,mh16,16,11,16,16,,,,
44,mh16,16,12,16,16,,,,
44,mh16,16,13,16,16,,,,
44,mh16,16,14,16,16,,,,
44,mh16,17,0,16,16,,,,
44,mh16,17,1,16,16,,,,
44,mh16,17,2,16,16,,,,
44,mh16,17,3,16,16,,,,
44,mh16,17,4,16,16,,,,
44,mh16,17,5,16,16,,,,
44,mh16,17,6,16,16,,,,
44,mh16,17,7,16,16,,,,
44,mh16,17,8,16,16,,,,
44,mh16,17,9,16,16,,,,
44,mh16,17,10,16,16,,,,
44,mh16,17,11,16,16,,,,
44,mh16,17,12,16,16,,,,
44,mh16,17,13,16,16,,,,
44,mh16,17,14,16,16,,,,
44,mh16,18,0,16,16,,,,
44,mh16,18,1,16,16,,,,
44,mh16,18,2,16,16,,,,
44,mh16,18,3,16,16,,,,
44,mh16,18,4,16,16,,,,
44,mh16,18,5,16,16,,,,
44,mh16,18,6,16,16,,,,
44,mh16,18,7,16,16,,,,
44,mh16,18,8,16,16,,,,
44,mh16,18,9,16,16,,,,
44,mh16,18,10,16,16,,,,
44,mh16,18,11,16,16,,,,
44,mh16,18,12,16,16,,,,
44,mh16,18,13,16,16,,,,
44,mh16,18,14,16,16,,,,
44,mh16,19,0,16,16,,,,
44,mh16,19,1,16,16,,,,
44,mh16,19,2,16,16,,,,
44,mh16,19,3,16,16,,,,
44,mh16,19,4,16,16,,,,
44,mh16,19,5,16,16,,,,
44,mh16,19,6,16,16,,,,
44,mh16,19,7,16,16,,,,
44,mh16,19,8,16,16,,,,
44,mh16,19,9,16,16,,,,
44,mh16,19,10,16,16,,,,
44,mh16,19,11,16,16,,,,
44,mh16,19,12,16,16,,,,
44,mh16,19,13,16,16,,,,
44,mh16,19,14,16,16,,,,
44,mh16,20,0,16,16,,,,
44,mh16,20,1,16,16,,,,
44,mh16,20,2,16,16,,,,
44,mh16,20,3,16,16,,,,
44,mh16,20,4,16,16,,,,
44,mh16,20,5,16,16,,,,
44,mh16,20,6,16,16,,,,
44,mh16,20,7,16,16,,,,
44,mh16,20,8,16,16,,,,
44,mh16,20,9,16,16,,,,
44,mh16,20,10,16,16,,,,
44,mh16,20,11,16,16,,,,
44,mh16,20,12,16,16,,,,
44,mh16,20,13,16,16,,,,
44,mh16,20,14,16,16,,,,
44,mh16,21,0,16,16,,,,
44,mh16,21,1,16,16,,,,
44,mh16,21,2,16,16,,,,
44,mh16,21,3,16,16,,,,
44,mh16,21,4,16,16,,,,
44,mh16,21,5,16,16,,,,
44,mh16,21,6,16,16,,,,
44,mh16,21,7,16,16,,,,
44,mh16,21,8,16,16,,,,
44,mh16,21,9,16,16,,,,
44,mh16,21,10,16,16,,,,
44,mh16,21,11,16,16,,,,
44,mh16,21,12,16,16,,,,
44,mh16,21,13,16,16,,,,
44,mh16,21,14,16,16,,,,
44,mh16,22,0,16,16,,,,
44,mh16,22,1,16,16,,,,
44,mh16,22,2,16,16,,,,
44,mh16,22,3,16,16,,,,
44,mh16,22,4,16,16,,,,
44,mh16,22,5,16,16,,,,
44,mh16,22,6,16,16,,,,
44,mh16,22,7,16,16,,,,
44,mh16,22,8,16,16,,,,
44,mh16,22,9,16,16,,,,
44,mh16,22,10,16,16,,,,
44,mh16,22,11,16,16,,,,
44,mh16,22,12,16,16,,,,
44,mh16,22,13,16,16,,,,
44,mh16,22,14,16,16,,,,
44,mh16,23,0,16,16,,,,
44,mh16,23,1,16,16,,,,
44,mh16,23,2,16,16,,,,
44,mh16,23,3,16,16,,,,
44,mh16,23,4,16,16,,,,
44,mh16,23,5,16,16,,,,
44,mh16,23,6,16,16,,,,
44,mh16,23,7,16,16,,,,
44,mh16,23,8,16,16,,,,
44,mh16,23,9,16,16,,,,
44,mh16,23,10,16,16,,,,
44,mh16,23,11,16,16,,,,
44,mh16,23,12,16,16,,,,
44,mh16,23,13,16,16,,,,
44,mh16,23,14,16,16,,,,
44,mh16,24,0,16,16,,,,
44,mh16,24,1,16,16,,,,
44,mh16,24,2,16,16,,,,
44,mh16,24,3,16,16,,,,
44,mh16,24,4,16,16,,,,
44,mh16,24,5,16,16,,,,
44,mh16,24,6,16,16,,,,
44,mh16,24,7,16,16,,,,
44,mh16,24,8,16,16,,,,
44,mh16,24,9,16,16,,,,
44,mh16,24,10,16,16,,,,
44,mh16,24,11,16,16,,,,
44,mh16,24,12,16,16,,,,
44,mh16,24,13,16,16,,,,
44,mh16,24,14,16,16,,,,
44,mh16,25,0,16,16,,,,
44,mh16,25,1,16,16,,,,
44,mh16,25,2,16,16,,,,
44,mh16,25,3,16,16,,,,
44,mh16,25,4,16,16,,,,
44,mh16,25,5,16,16,,,,
44,mh16,25,6,16,16,,,,
44,mh16,25,7,16,16,,,,
44,mh16,25,8,16,16,,,,
44,mh16,25,9,16,16,,,,
44,mh16,25,10,16,16,,,,
44,mh16,25,11,16,16,,,,
44,mh16,25,12,16,16,,,,
44,mh16,25,13,16,16,,,,
44,mh16,25,14,16,16,,,,
44,mh16,26,0,16,16,,,,
44,mh16,26,1,16,16,,,,
44,mh16,26,2,16,16,,,,
44,mh16,26,3,16,16,,,,
44,mh16,26,4,16,16,,,,
44,mh16,26,5,16,16,,,,
44,mh16,26,6,16,16,,,,
44,mh16,26,7,16,16,,,,
44,mh16,26,8,16,16,,,,
44,mh16,26,9,16,16,,,,
44,mh16,26,10,16,16,,,,
44,mh16,26,11,16,16,,,,
44,mh16,26,12,16,16,,,,
44,mh16,26,13,16,16,,,,
44,mh16,26,14,16,16,,,,
44,mh16,27,0,16,16,,,,
44,mh16,27,1,16,16,,,,
44,mh16,27,2,16,16,,,,
44,mh16,27,3,16,16,,,,
44,mh16,27,4,16,16,,,,
44,mh16,27,5,16,16,,,,
44,mh16,27,6,16,16,,,,
44,mh16,27,7,16,16,,,,
44,mh16,27,8,16,16,,,,
44,mh16,27,9,16,16,,,,
44,mh16,27,10,16,16,,,,
44,mh16,27,11,16,16,,,,
44,mh16,27,12,16,16,,,,
44,mh16,27,13,16,16,,,,
44,mh16,27,14,16,16,,,,
44,mh16,28,0,16,16,,,,
44,mh16,28,1,16,16,,,,
44,mh16,28,2,16,16,,,,
44,mh16,28,3,16,16,,,,
44,mh16,28,4,16,16,,,,
44,mh16,28,5,16,16,,,,
44,mh16,28,6,16,16,,,,
44,mh16,28,7,16,16,,,,
44,mh16,28,8,16,16,,,,
44,mh16,28,9,16,16,,,,
44,mh16,28,10,16,16,,,,
44,mh16,28,11,16,16,,,,
44,mh16,28,12,16,16,,,,
44,mh16,28,13,16,16,,,,
44,mh16,28,14,16,16,,,,
44,mh16,29,0,16,16,,,,
44,mh16,29,1,16,16,,,,
44,mh16,29,2,16,16,,,,
44,mh16,29,3,16,16,,,,
44,mh16,29,4,16,16,,,,
44,mh16,29,5,16,16,,,,
44,mh16,29,6,16,16,,,,
44,mh16,29,7,16,16,,,,
44,mh16,29,8,16,16,,,,
44,mh16,29,9,16,16,,,,
44,mh16,29,10,16,16,,,,
44,mh16,29,11,16,16,,,,
44,mh16,29,12,16,16,,,,
44,mh16,29,13,16,16,,,,
44,mh16,29,14,16,16,,,,
44,mh16,30,0,16,16,,,,
44,mh16,30,1,16,16,,,,
44,mh16,30,2,16,16,,,,
44,mh16,30,3,16,16,,,,
44,mh16,30,4,16,16,,,,
44,mh16,30,5,16,16,,,,
44,mh16,30,6,16,16,,,,
44,mh16,30,7,16,16,,,,
44,mh16,30,8,16,16,,,,
44,mh16,30,9,16,16,,,,
44,mh16,30,10,16,16,,,,
44,mh16,30,11,16,16,,,,
44,mh16,30,12,16,16,,,,
44,mh16,30,13,16,16,,,,
44,mh16,30,14,16,16,,,,
44,mh_sample,1,0,4,4,,,,
44,mh_sample,1,1,8,8,,,,
44,mh_sample,1,2,16,16,,,,
44,mh_sample,1,3,4,4,,,,
44,mh_sample,1,4,8,8,,,,
44,mh_sample,1,5,16,16,,,,
44,mh_sample,1,6,4,4,,,,
44,mh_sample,1,7,8,8,,,,
44,mh_sample,1,8,16,16,,,,
44,mh_sample,1,9,4,4,,,,
44,mh_sample,1,10,8,8,,,,
44,mh_sample,1,11,16,16,,,,
44,mh_sample,1,12,4,4,,,,
44,mh_sample,1,13,8,8,,,,
44,mh_sample,1,14,16,16,,,,
44,mh_sample,2,0,4,4,,,,
44,mh_sample,2,1,8,8,,,,
44,mh_sample,2,2,16,16,,,,
44,mh_sample,2,3,4,4,,,,
44,mh_sample,2,4,8,8,,,,
44,mh_sample,2,5,16,16,,,,
44,mh_sample,2,6,4,4,,,,
44,mh_sample,2,7,8,8,,,,
44,mh_sample,2,8,16,16,,,,
44,mh_sample,2,9,4,4,,,,
44,mh_sample,2,10,8,8,,,,
44,mh_sample,2,11,16,16,,,,
44,mh_sample,2,12,4,4,,,,
44,mh_sample,2,13,8,8,,,,
44,mh_sample,2,14,16,16,,,,
44,mh_sample,3,0,4,4,,,,
44,mh_sample,3,1,8,8,,,,
44,mh_sample,3,2,16,16,,,,
44,mh_sample,3,3,4,4,,,,
44,mh_sample,3,4,8,8,,,,
44,mh_sample,3,5,16,16,,,,
44,mh_sample,3,6,4,4,,,,
44,mh_sample,3,7,8,8,,,,
44,mh_sample,3,8,16,16,,,,
44,mh_sample,3,9,4,4,,,,
44,mh_sample,3,10,8,8,,,,
44,mh_sample,3,11,16,16,,,,
44,mh_sample,3,12,4,4,,,,
44,mh_sample,3,13,8,8,,,,
44,mh_sample,3,14,16,16,,,,
44,mh_sample,4,0,4,4,,,,
44,mh_sample,4,1,8,8,,,,
44,mh_sample,4,2,16,16,,,,
44,mh_sample,4,3,4,4,,,,
44,mh_sample,4,4,8,8,,,,
44,mh_sample,4,5,16,16,,,,
44,mh_sample,4,6,4,4,,,,
44,mh_sample,4,7,8,8,,,,
44,mh_sample,4,8,16,16,,,,
44,mh_sample,4,9,4,4,,,,
44,mh_sample,4,10,8,8,,,,
44,mh_sample,4,11,16,16,,,,
44,mh_sample,4,12,4,4,,,,
44,mh_sample,4,13,8,8,,,,
44,mh_sample,4,14,16,16,,,,
44,mh_sample,5,0,4,4,,,,
44,mh_sample,5,1,8,8,,,,
44,mh_sample,5,2,16,16,,,,
44,mh_sample,5,3,4,4,,,,
44,mh_sample,5,4,8,8,,,,
44,mh_sample,5,5,16,16,,,,
44,mh_sample,5,6,4,4,,,,
44,mh_sample,5,7,8,8,,,,
44,mh_sample,5,8,16,16,,,,
44,mh_sample,5,9,4,4,,,,
44,mh_sample,5,10,8,8,,,,
44,mh_sample,5,11,16,16,,,,
44,mh_sample,5,12,4,4,,,,
44,mh_sample,5,13,8,8,,,,
44,mh_sample,5,14,16,16,,,,
44,mh_sample,6,0,4,4,,,,
44,mh_sample,6,1,8,8,,,,
44,mh_sample,6,2,16,16,,,,
44,mh_sample,6,3,4,4,,,,
44,mh_sample,6,4,8,8,,,,
44,mh_sample,6,5,16,16,,,,
44,mh_sample,6,6,4,4,,,,
44,mh_sample,6,7,8,8,,,,
44,mh_sample,6,8,16,16,,,,
44,mh_sample,6,9,4,4,,,,
44,mh_sample,6,10,8,8,,,,
44,mh_sample,6,11,16,16,,,,
44,mh_sample,6,12,4,4,,,,
44,mh_sample,6,13,8,8,,,,
44,mh_sample,6,14,16,16,,,,
44,mh_sample,7,0,4,4,,,,
44,mh_sample,7,1,8,8,,,,
44,mh_sample,7,2,16,16,,,,
44,mh_sample,7,3,4,4,,,,
44,mh_sample,7,4,8,8,,,,
44,mh_sample,7,5,16,16,,,,
44,mh_sample,7,6,4,4,,,,
44,mh_sample,7,7,8,8,,,,
44,mh_sample,7,8,16,16,,,,
44,mh_sample,7,9,4,4,,,,
44,mh_sample,7,10,8,8,,,,
44,mh_sample,7,11,16,16,,,,
44,mh_sample,7,12,4,4,,,,
44,mh_sample,7,13,8,8,,,,
44,mh_sample,7,14,16,16,,,,
44,mh_sample,8,0,4,4,,,,
44,mh_sample,8,1,8,8,,,,
44,mh_sample,8,2,16,16,,,,
44,mh_sample,8,3,4,4,,,,
44,mh_sample,8,4,8,8,,,,
44,mh_sample,8,5,16,16,,,,
44,mh_sample,8,6,4,4,,,,
44,mh_sample,8,7,8,8,,,,
44,mh_sample,8,8,16,16,,,,
44,mh_sample,8,9,4,4,,,,
44,mh_sample,8,10,8,8,,,,
44,mh_sample,8,11,16,16,,,,
44,mh_sample,8,12,4,4,,,,
44,mh_sample,8,13,8,8,,,,
44,mh_sample,8,14,16,16,,,,
44,mh_sample,9,0,4,4,,,,
44,mh_sample,9,1,8,8,,,,
44,mh_sample,9,2,16,16,,,,
44,mh_sample,9,3,4,4,,,,
44,mh_sample,9,4,8,8,,,,
44,mh_sample,9,5,16,16,,,,
44,mh_sample,9,6,4,4,,,,
44,mh_sample,9,7,8,8,,,,
44,mh_sample,9,8,16,16,,,,
44,mh_sample,9,9,4,4,,,,
44,mh_sample,9,10,8,8,,,,
44,mh_sample,9,11,16,16,,,,
44,mh_sample,9,12,4,4,,,,
44,mh_sample,9,13,8,8,,,,
44,mh_sample,9,14,16,16,,,,
44,mh_sample,10,0,4,4,,,,
44,mh_sample,10,1,8,8,,,,
44,mh_sample,10,2,16,16,,,,
44,mh_sample,10,3,4,4,,,,
44,mh_sample,10,4,8,8,,,,
44,mh_sample,10,5,16,16,,,,
44,mh_sample,10,6,4,4,,,,
44,mh_sample,10,7,8,8,,,,
44,mh_sample,10,8,16,16,,,,
44,mh_sample,10,9,4,4,,,,
44,mh_sample,10,10,8,8,,,,
44,mh_sample,10,11,16,16,,,,
44,mh_sample,10,12,4,4,,,,
44,mh_sample,10,13,8,8,,,,
44,mh_sample,10,14,16,16,,,,
44,mh_sample,11,0,4,4,,,,
44,mh_sample,11,1,8,8,,,,
44,mh_sample,11,2,16,16,,,,
44,mh_sample,11,3,4,4,,,,
44,mh_sample,11,4,8,8,,,,
44,mh_sample,11,5,16,16,,,,
44,mh_sample,11,6,4,4,,,,
44,mh_sample,11,7,8,8,,,,
44,mh_sample,11,8,16,16,,,,
44,mh_sample,11,9,4,4,,,,
44,mh_sample,11,10,8,8,,,,
44,mh_sample,11,11,16,16,,,,
44,mh_sample,11,12,4,4,,,,
44,mh_sample,11,13,8,8,,,,
44,mh_sample,11,14,16,16,,,,
44,mh_sample,12,0,4,4,,,,
44,mh_sample,12,1,8,8,,,,
44,mh_sample,12,2,16,16,,,,
44,mh_sample,12,3,4,4,,,,
44,mh_sample,12,4,8,8,,,,
44,mh_sample,12,5,16,16,,,,
44,mh_sample,12,6,4,4,,,,
44,mh_sample,12,7,8,8,,,,
44,mh_sample,12,8,16,16,,,,
44,mh_sample,12,9,4,4,,,,
44,mh_sample,12,10,8,8,,,,
44,mh_sample,12,11,16,16,,,,
44,mh_sample,12,12,4,4,,,,
44,mh_sample,12,13,8,8,,,,
44,mh_sample,12,14,16,16,,,,
44,mh_sample,13,0,4,4,,,,
44,mh_sample,13,1,8,8,,,,
44,mh_sample,13,2,16,16,,,,
44,mh_sample,13,3,4,4,,,,
44,mh_sample,13,4,8,8,,,,
44,mh_sample,13,5,16,16,,,,
44,mh_sample,13,6,4,4,,,,
44,mh_sample,13,7,8,8,,,,
44,mh_sample,13,8,16,16,,,,
44,mh_sample,13,9,4,4,,,,
44,mh_sample,13,10,8,8,,,,
44,mh_sample,13,11,16,16,,,,
44,mh_sample,13,12,4,4,,,,
44,mh_sample,13,13,8,8,,,,
44,mh_sample,13,14,16,16,,,,
44,mh_sample,14,0,4,4,,,,
44,mh_sample,14,1,8,8,,,,
44,mh_sample,14,2,16,16,,,,
44,mh_sample,14,3,4,4,,,,
44,mh_sample,14,4,8,8,,,,
44,mh_sample,14,5,16,16,,,,
44,mh_sample,14,6,4,4,,,,
44,mh_sample,14,7,8,8,,,,
44,mh_sample,14,8,16,16,,,,
44,mh_sample,14,9,4,4,,,,
44,mh_sample,14,10,8,8,,,,
44,mh_sample,14,11,16,16,,,,
44,mh_sample,14,12,4,4,,,,
44,mh_sample,14,13,8,8,,,,
44,mh_sample,14,14,16,16,,,,
44,mh_sample,15,0,4,4,,,,
44,mh_sample,15,1,8,8,,,,
44,mh_sample,15,2,16,16,,,,
44,mh_sample,15,3,4,4,,,,
44,mh_sample,15,4,8,8,,,,
44,mh_sample,15,5,16,16,,,,
44,mh_sample,15,6,4,4,,,,
44,mh_sample,15,7,8,8,,,,
44,mh_sample,15,8,16,16,,,,
44,mh_sample,15,9,4,4,,,,
44,mh_sample,15,10,8,8,,,,
44,mh_sample,15,11,16,16,,,,
44,mh_sample,15,12,4,4,,,,
44,mh_sample,15,13,8,8,,,,
44,mh_sample,15,14,16,16,,,,
44,mh_sample,16,0,4,4,,,,
44,mh_sample,16,1,8,8,,,,
44,mh_sample,16,2,16,16,,,,
44,mh_sample,16,3,4,4,,,,
44,mh_sample,16,4,8,8,,,,
44,mh_sample,16,5,16,16,,,,
44,mh_sample,16,6,4,4,,,,
44,mh_sample,16,7,8,8,,,,
44,mh_sample,16,8,16,16,,,,
44,mh_sample,16,9,4,4,,,,
44,mh_sample,16,10,8,8,,,,
44,mh_sample,16,11,16,16,,,,
44,mh_sample,16,12,4,4,,,,
44,mh_sample,16,13,8,8,,,,
44,mh_sample,16,14,16,16,,,,
44,mh_sample,17,0,4,4,,,,
44,mh_sample,17,1,8,8,,,,
44,mh_sample,17,2,16,16,,,,
44,mh_sample,17,3,4,4,,,,
44,mh_sample,17,4,8,8,,,,
44,mh_sample,17,5,16,16,,,,
44,mh_sample,17,6,4,4,,,,
44,mh_sample,17,7,8,8,,,,
44,mh_sample,17,8,16,16,,,,
44,mh_sample,17,9,4,4,,,,
44,mh_sample,17,10,8,8,,,,
44,mh_sample,17,11,16,16,,,,
44,mh_sample,17,12,4,4,,,,
44,mh_sample,17,13,8,8,,,,
44,mh_sample,17,14,16,16,,,,
44,mh_sample,18,0,4,4,,,,
44,mh_sample,18,1,8,8,,,,
44,mh_sample,18,2,16,16,,,,
44,mh_sample,18,3,4,4,,,,
44,mh_sample,18,4,8,8,,,,
44,mh_sample,18,5,16,16,,,,
44,mh_sample,18,6,4,4,,,,
44,mh_sample,18,7,8,8,,,,
44,mh_sample,18,8,16,16,,,,
44,mh_sample,18,9,4,4,,,,
44,mh_sample,18,10,8,8,,,,
44,mh_sample,18,11,16,16,,,,
44,mh_sample,18,12,4,4,,,,
44,mh_sample,18,13,8,8,,,,
44,mh_sample,18,14,16,16,,,,
44,mh_sample,19,0,4,4,,,,
44,mh_sample,19,1,8,8,,,,
44,mh_sample,19,2,16,16,,,,
44,mh_sample,19,3,4,4,,,,
44,mh_sample,19,4,8,8,,,,
44,mh_sample,19,5,16,16,,,,
44,mh_sample,19,6,4,4,,,,
44,mh_sample,19,7,8,8,,,,
44,mh_sample,19,8,16,16,,,,
44,mh_sample,19,9,4,4,,,,
44,mh_sample,19,10,8,8,,,,
44,mh_sample,19,11,16,16,,,,
44,mh_sample,19,12,4,4,,,,
44,mh_sample,19,13,8,8,,,,
44,mh_sample,19,14,16,16,,,,
44,mh_sample,20,0,4,4,,,,
44,mh_sample,20,1,8,8,,,,
44,mh_sample,20,2,16,16,,,,
44,mh_sample,20,3,4,4,,,,
44,mh_sample,20,4,8,8,,,,
44,mh_sample,20,5,16,16,,,,
44,mh_sample,20,6,4,4,,,,
44,mh_sample,20,7,8,8,,,,
44,mh_sample,20,8,16,16,,,,
44,mh_sample,20,9,4,4,,,,
44,mh_sample,20,10,8,8,,,,
44,mh_sample,20,11,16,16,,,,
44,mh_sample,20,12,4,4,,,,
44,mh_sample,20,13,8,8,,,,
44,mh_sample,20,14,16,16,,,,
44,mh_sample,21,0,4,4,,,,
44,mh_sample,21,1,8,8,,,,
44,mh_sample,21,2,16,16,,,,
44,mh_sample,21,3,4,4,,,,
44,mh_sample,21,4,8,8,,,,
44,mh_sample,21,5,16,16,,,,
44,mh_sample,21,6,4,4,,,,
44,mh_sample,21,7,8,8,,,,
44,mh_sample,21,8,16,16,,,,
44,mh_sample,21,9,4,4,,,,
44,mh_sample,21,10,8,8,,,,
44,mh_sample,21,11,16,16,,,,
44,mh_sample,21,12,4,4,,,,
44,mh_sample,21,13,8,8,,,,
44,mh_sample,21,14,16,16,,,,
44,mh_sample,22,0,4,4,,,,
44,mh_sample,22,1,8,8,,,,
44,mh_sample,22,2,16,16,,,,
44,mh_sample,22,3,4,4,,,,
44,mh_sample,22,4,8,8,,,,
44,mh_sample,22,5,16,16,,,,
44,mh_sample,22,6,4,4,,,,
44,mh_sample,22,7,8,8,,,,
44,mh_sample,22,8,16,16,,,,
44,mh_sample,22,9,4,4,,,,
44,mh_sample,22,10,8,8,,,,
44,mh_sample,22,11,16,16,,,,
44,mh_sample,22,12,4,4,,,,
44,mh_sample,22,13,8,8,,,,
44,mh_sample,22,14,16,16,,,,
44,mh_sample,23,0,4,4,,,,
44,mh_sample,23,1,8,8,,,,
44,mh_sample,23,2,16,16,,,,
44,mh_sample,23,3,4,4,,,,
44,mh_sample,23,4,8,8,,,,
44,mh_sample,23,5,16,16,,,,
44,mh_sample,23,6,4,4,,,,
44,mh_sample,23,7,8,8,,,,
44,mh_sample,23,8,16,16,,,,
44,mh_sample,23,9,4,4,,,,
44,mh_sample,23,10,8,8,,,,
44,mh_sample,23,11,16,16,,,,
44,mh_sample,23,12,4,4,,,,
44,mh_sample,23,13,8,8,,,,
44,mh_sample,23,14,16,16,,,,
44,mh_sample,24,0,4,4,,,,
44,mh_sample,24,1,8,8,,,,
44,mh_sample,24,2,16,16,,,,
44,mh_sample,24,3,4,4,,,,
44,mh_sample,24,4,8,8,,,,
44,mh_sample,24,5,16,16,,,,
44,mh_sample,24,6,4,4,,,,
44,mh_sample,24,7,8,8,,,,
44,mh_sample,24,8,16,16,,,,
44,mh_sample,24,9,4,4,,,,
44,mh_sample,24,10,8,8,,,,
44,mh_sample,24,11,16,16,,,,
44,mh_sample,24,12,4,4,,,,
44,mh_sample,24,13,8,8,,,,
44,mh_sample,24,14,16,16,,,,
44,mh_sample,25,0,4,4,,,,
44,mh_sample,25,1,8,8,,,,
44,mh_sample,25,2,16,16,,,,
44,mh_sample,25,3,4,4,,,,
44,mh_sample,25,4,8,8,,,,
44,mh_sample,25,5,16,16,,,,
44,mh_sample,25,6,4,4,,,,
44,mh_sample,25,7,8,8,,,,
44,mh_sample,25,8,16,16,,,,
44,mh_sample,25,9,4,4,,,,
44,mh_sample,25,10,8,8,,,,
44,mh_sample,25,11,16,16,,,,
44,mh_sample,25,12,4,4,,,,
44,mh_sample,25,13,8,8,,,,
44,mh_sample,25,14,16,16,,,,
44,mh_sample,26,0,4,4,,,,
44,mh_sample,26,1,8,8,,,,
44,mh_sample,26,2,16,16,,,,
44,mh_sample,26,3,4,4,,,,
44,mh_sample,26,4,8,8,,,,
44,mh_sample,26,5,16,16,,,,
44,mh_sample,26,6,4,4,,,,
44,mh_sample,26,7,8,8,,,,
44,mh_sample,26,8,16,16,,,,
44,mh_sample,26,9,4,4,,,,
44,mh_sample,26,10,8,8,,,,
44,mh_sample,26,11,16,16,,,,
44,mh_sample,26,12,4,4,,,,
44,mh_sample,26,13,8,8,,,,
44,mh_sample,26,14,16,16,,,,
44,mh_sample,27,0,4,4,,,,
44,mh_sample,27,1,8,8,,,,
44,mh_sample,27,2,16,16,,,,
44,mh_sample,27,3,4,4,,,,
44,mh_sample,27,4,8,8,,,,
44,mh_sample,27,5,16,16,,,,
44,mh_sample,27,6,4,4,,,,
44,mh_sample,27,7,8,8,,,,
44,mh_sample,27,8,16,16,,,,
44,mh_sample,27,9,4,4,,,,
44,mh_sample,27,10,8,8,,,,
44,mh_sample,27,11,16,16,,,,
44,mh_sample,27,12,4,4,,,,
44,mh_sample,27,13,8,8,,,,
44,mh_sample,27,14,16,16,,,,
44,mh_sample,28,0,4,4,,,,
44,mh_sample,28,1,8,8,,,,
44,mh_sample,28,2,16,16,,,,
44,mh_sample,28,3,4,4,,,,
44,mh_sample,28,4,8,8,,,,
44,mh_sample,28,5,16,16,,,,
44,mh_sample,28,6,4,4,,,,
44,mh_sample,28,7,8,8,,,,
44,mh_sample,28,8,16,16,,,,
44,mh_sample,28,9,4,4,,,,
44,mh_sample,28,10,8,8,,,,
44,mh_sample,28,11,16,16,,,,
44,mh_sample,28,12,4,4,,,,
44,mh_sample,28,13,8,8,,,,
44,mh_sample,28,14,16,16,,,,
44,mh_sample,29,0,4,4,,,,
44,mh_sample,29,1,8,8,,,,
44,mh_sample,29,2,16,16,,,,
44,mh_sample,29,3,4,4,,,,
44,mh_sample,29,4,8,8,,,,
44,mh_sample,29,5,16,16,,,,
44,mh_sample,29,6,4,4,,,,
44,mh_sample,29,7,8,8,,,,
44,mh_sample,29,8,16,16,,,,
44,mh_sample,29,9,4,4,,,,
44,mh_sample,29,10,8,8,,,,
44,mh_sample,29,11,16,16,,,,
44,mh_sample,29,12,4,4,,,,
44,mh_sample,29,13,8,8,,,,
44,mh_sample,29,14,16,16,,,,
44,mh_sample,30,0,4,4,,,,
44,mh_sample,30,1,8,8,,,,
44,mh_sample,30,2,16,16,,,,
44,mh_sample,30,3,4,4,,,,
44,mh_sample,30,4,8,8,,,,
44,mh_sample,30,5,16,16,,,,
44,mh_sample,30,6,4,4,,,,
44,mh_sample,30,7,8,8,,,,
44,mh_sample,30,8,16,16,,,,
44,mh_sample,30,9,4,4,,,,
44,mh_sample,30,10,8,8,,,,
44,mh_sample,30,11,16,16,,,,
44,mh_sample,30,12,4,4,,,,
44,mh_sample,30,13,8,8,,,,
44,mh_sample,30,14,16,16,,,,
