{
  "rounds": [
    0,
    1
  ],
  "avg_accuracy": [
    0.08461444953199075,
    0.15831393612503059
  ],
  "per_domain_accuracy": [
    {
      "0": 0.08350854602728665,
      "1": 0.10051805928867398,
      "2": 0.07501954728341535,
      "3": 0.061013037025031025,
      "4": 0.10301305803554679
    },
    {
      "0": 0.13853733793763778,
      "1": 0.2034988511750131,
      "2": 0.11103007055031043,
      "3": 0.1415080747914331,
      "4": 0.19699534617075845
    }
  ],
  "per_client_accuracy": [
    {
      "0": 0.029985007496251874,
      "1": 0.1199400299850075,
      "2": 0.1006006006006006,
      "3": 0.03298350824587706,
      "4": 0.13193403298350825,
      "5": 0.13663663663663664,
      "6": 0.005997001499250375,
      "7": 0.10494752623688156,
      "8": 0.11411411411411411,
      "9": 0.0074962518740629685,
      "10": 0.08845577211394302,
      "11": 0.08708708708708708,
      "12": 0.02848575712143928,
      "13": 0.15142428785607195,
      "14": 0.12912912912912913
    },
    {
      "0": 0.0,
      "1": 0.20239880059970014,
      "2": 0.2132132132132132,
      "3": 0.19790104947526238,
      "4": 0.21139430284857572,
      "5": 0.2012012012012012,
      "6": 0.0,
      "7": 0.1619190404797601,
      "8": 0.17117117117117117,
      "9": 0.13493253373313344,
      "10": 0.13193403298350825,
      "11": 0.15765765765765766,
      "12": 0.20389805097451275,
      "13": 0.19940029985007496,
      "14": 0.18768768768768768
    }
  ],
  "messages_per_round": [
    15,
    15
  ]
}