{
  "0": {
    "score": 0.6124228523104034,
    "entropy": 0.8611452045283259,
    "diversity": 0.3049803674221039,
    "intrinsic_dim": 0.23828125,
    "task_difficulty": 1.0,
    "data_imbalance": 0.4542696746748492,
    "domain_id": 0,
    "domain_name": "Aquatic & Nature",
    "n_samples": 3374,
    "n_classes": 17
  },
  "1": {
    "score": 0.6140146548423879,
    "entropy": 0.8692986148437191,
    "diversity": 0.2947085201740265,
    "intrinsic_dim": 0.232421875,
    "task_difficulty": 1.0,
    "data_imbalance": 0.4779899135446686,
    "domain_id": 0,
    "domain_name": "Aquatic & Nature",
    "n_samples": 2776,
    "n_classes": 20
  },
  "2": {
    "score": 0.6121596945641504,
    "entropy": 0.829843193562908,
    "diversity": 0.29663169384002686,
    "intrinsic_dim": 0.259765625,
    "task_difficulty": 1.0,
    "data_imbalance": 0.5192727272727272,
    "domain_id": 0,
    "domain_name": "Aquatic & Nature",
    "n_samples": 3850,
    "n_classes": 20
  },
  "3": {
    "score": 0.616352072560996,
    "entropy": 0.9183210586596436,
    "diversity": 0.29271531105041504,
    "intrinsic_dim": 0.232421875,
    "task_difficulty": 1.0,
    "data_imbalance": 0.35828317753020017,
    "domain_id": 1,
    "domain_name": "Household & Insects",
    "n_samples": 2603,
    "n_classes": 18
  },
  "4": {
    "score": 0.6004272907568399,
    "entropy": 0.7746576167532191,
    "diversity": 0.2917068600654602,
    "intrinsic_dim": 0.240234375,
    "task_difficulty": 1.0,
    "data_imbalance": 0.6164175871778211,
    "domain_id": 1,
    "domain_name": "Household & Insects",
    "n_samples": 2187,
    "n_classes": 19
  },
  "5": {
    "score": 0.6189890364629235,
    "entropy": 0.9399258574364617,
    "diversity": 0.29650208353996277,
    "intrinsic_dim": 0.232421875,
    "task_difficulty": 1.0,
    "data_imbalance": 0.31226487523992325,
    "domain_id": 1,
    "domain_name": "Household & Insects",
    "n_samples": 5210,
    "n_classes": 20
  },
  "6": {
    "score": 0.6143493042573139,
    "entropy": 0.8661491740479199,
    "diversity": 0.27727946639060974,
    "intrinsic_dim": 0.25,
    "task_difficulty": 1.0,
    "data_imbalance": 0.4904865876481597,
    "domain_id": 2,
    "domain_name": "Large Animals & Outdoor",
    "n_samples": 3206,
    "n_classes": 20
  },
  "7": {
    "score": 0.600912372769618,
    "entropy": 0.8081288217680827,
    "diversity": 0.2677370607852936,
    "intrinsic_dim": 0.240234375,
    "task_difficulty": 1.0,
    "data_imbalance": 0.568794390821344,
    "domain_id": 2,
    "domain_name": "Large Animals & Outdoor",
    "n_samples": 2312,
    "n_classes": 19
  },
  "8": {
    "score": 0.6134708592170319,
    "entropy": 0.8828661935133858,
    "diversity": 0.2766878008842468,
    "intrinsic_dim": 0.25390625,
    "task_difficulty": 1.0,
    "data_imbalance": 0.4249219098616689,
    "domain_id": 2,
    "domain_name": "Large Animals & Outdoor",
    "n_samples": 4482,
    "n_classes": 20
  },
  "9": {
    "score": 0.6128344916556946,
    "entropy": 0.8457469898630703,
    "diversity": 0.29244932532310486,
    "intrinsic_dim": 0.259765625,
    "task_difficulty": 1.0,
    "data_imbalance": 0.4866740463215259,
    "domain_id": 3,
    "domain_name": "Medium Animals & People",
    "n_samples": 2936,
    "n_classes": 16
  },
  "10": {
    "score": 0.6223583538372804,
    "entropy": 0.898750264720031,
    "diversity": 0.29776135087013245,
    "intrinsic_dim": 0.263671875,
    "task_difficulty": 1.0,
    "data_imbalance": 0.40446629247244625,
    "domain_id": 3,
    "domain_name": "Medium Animals & People",
    "n_samples": 4379,
    "n_classes": 19
  },
  "11": {
    "score": 0.6129458448568836,
    "entropy": 0.8386803023336653,
    "diversity": 0.28490185737609863,
    "intrinsic_dim": 0.2578125,
    "task_difficulty": 1.0,
    "data_imbalance": 0.5279888268156424,
    "domain_id": 3,
    "domain_name": "Medium Animals & People",
    "n_samples": 2685,
    "n_classes": 20
  },
  "12": {
    "score": 0.6126504978609749,
    "entropy": 0.8819587701052173,
    "diversity": 0.27713894844055176,
    "intrinsic_dim": 0.2421875,
    "task_difficulty": 1.0,
    "data_imbalance": 0.4419757714129935,
    "domain_id": 4,
    "domain_name": "Small Animals & Vehicles",
    "n_samples": 3089,
    "n_classes": 19
  },
  "13": {
    "score": 0.6139587566897953,
    "entropy": 0.8825392851063345,
    "diversity": 0.2785932123661041,
    "intrinsic_dim": 0.23828125,
    "task_difficulty": 1.0,
    "data_imbalance": 0.45822078684674106,
    "domain_id": 4,
    "domain_name": "Small Animals & Vehicles",
    "n_samples": 3406,
    "n_classes": 20
  },
  "14": {
    "score": 0.6121299578448343,
    "entropy": 0.8979143542996284,
    "diversity": 0.2709640860557556,
    "intrinsic_dim": 0.232421875,
    "task_difficulty": 1.0,
    "data_imbalance": 0.4207845934379458,
    "domain_id": 4,
    "domain_name": "Small Animals & Vehicles",
    "n_samples": 3505,
    "n_classes": 20
  }
}