{
  "0": {
    "4": 0.18290854572713644,
    "8": 0.23238380809595202
  }
}