{
  "0": {
    "4": 0.18290854572713644,
    "8": 0.23238380809595202,
    "16": 0.2368815592203898,
    "32": 0.25037481259370314,
    "64": 0.23388305847076463
  },
  "1": {
    "4": 0.20089955022488756,
    "8": 0.25037481259370314,
    "16": 0.25787106446776614,
    "32": 0.2698650674662669,
    "64": 0.2563718140929535
  },
  "2": {
    "4": 0.2012012012012012,
    "8": 0.26126126126126126,
    "16": 0.2897897897897898,
    "32": 0.2912912912912913,
    "64": 0.29429429429429427
  },
  "3": {
    "4": 0.24587706146926536,
    "8": 0.3193403298350825,
    "16": 0.35082458770614694,
    "32": 0.3523238380809595,
    "64": 0.3403298350824588
  },
  "4": {
    "4": 0.19790104947526238,
    "8": 0.22638680659670166,
    "16": 0.2383808095952024,
    "32": 0.24287856071964017,
    "64": 0.2413793103448276
  },
  "5": {
    "4": 0.22672672672672672,
    "8": 0.31681681681681684,
    "16": 0.34684684684684686,
    "32": 0.35735735735735735,
    "64": 0.3483483483483483
  },
  "6": {
    "4": 0.1424287856071964,
    "8": 0.22038980509745126,
    "16": 0.2128935532233883,
    "32": 0.2383808095952024,
    "64": 0.22038980509745126
  },
  "7": {
    "4": 0.15742128935532235,
    "8": 0.19490254872563717,
    "16": 0.20839580209895053,
    "32": 0.22038980509745126,
    "64": 0.19940029985007496
  },
  "8": {
    "4": 0.17117117117117117,
    "8": 0.23723723723723725,
    "16": 0.24174174174174173,
    "32": 0.23873873873873874,
    "64": 0.2672672672672673
  },
  "9": {
    "4": 0.12743628185907047,
    "8": 0.16041979010494753,
    "16": 0.1724137931034483,
    "32": 0.17541229385307347,
    "64": 0.1634182908545727
  },
  "10": {
    "4": 0.1634182908545727,
    "8": 0.20239880059970014,
    "16": 0.21889055472263869,
    "32": 0.22638680659670166,
    "64": 0.22938530734632684
  },
  "11": {
    "4": 0.15465465465465467,
    "8": 0.19519519519519518,
    "16": 0.21621621621621623,
    "32": 0.23123123123123124,
    "64": 0.23123123123123124
  },
  "12": {
    "4": 0.17541229385307347,
    "8": 0.25037481259370314,
    "16": 0.27886056971514245,
    "32": 0.28785607196401797,
    "64": 0.2683658170914543
  },
  "13": {
    "4": 0.1874062968515742,
    "8": 0.22038980509745126,
    "16": 0.25037481259370314,
    "32": 0.2518740629685157,
    "64": 0.2353823088455772
  },
  "14": {
    "4": 0.17867867867867868,
    "8": 0.2147147147147147,
    "16": 0.23723723723723725,
    "32": 0.24174174174174173,
    "64": 0.25375375375375375
  }
}