path,comparison_group,status,classification,track,task,arm,seed,round,accuracy,f1,correct,n_validation,prediction_sha256,cumulative_training_bytes,cumulative_evaluation_assembly_bytes,round_training_bytes,round_evaluation_assembly_bytes,training_steps,training_examples,cumulative_training_steps,cumulative_training_examples,probe_examples,rank_example_products,ranks,mean_rank,min_rank,max_rank,rank_cap_violations,sample_weighted_training_loss,peak_process_cuda_allocated_bytes,peak_process_cuda_reserved_bytes,weighted_adapter_disagreement,round_seconds,elapsed_seconds
/home/gogoi/ahlora-quantity-20260917/runs/full-v1-equal-declora16-seed42,99281505a3d75619,complete,full_configured_budget,equal_size_paper_setting_anchor,sst2,declora16,42,1,91.74311926605505,91.98218262806236,800,872,54d170b73b541b150e9a3422608e454f739477b537923821c3c08fa08b3ae669,94648900,118310574,94648900,118310574,2110,67349,2110,67349,0,1077584,"[16,16,16,16,16,16,16,16,16,16]",16.0,16,16,7,0.3709330837541121,1676151296,2522873856,18.61609297681007,428.9015049254522,428.9015189083293
/home/gogoi/ahlora-quantity-20260917/runs/full-v1-equal-declora16-seed42,99281505a3d75619,complete,full_configured_budget,equal_size_paper_setting_anchor,sst2,declora16,42,2,92.08715596330275,92.3076923076923,803,872,d4c3f56c3c2aa3b617915bfd6b80bb60ddf8ca71c9ef8481e439f41a954b4b78,189297800,236621148,94648900,118310574,2110,67349,4220,134698,0,1077584,"[16,16,16,16,16,16,16,16,16,16]",16.0,16,16,7,0.27671978666682145,1677120512,2556428288,33.77797927142003,410.9125451510772,839.8393157087266
/home/gogoi/ahlora-quantity-20260917/runs/full-v1-equal-declora16-seed42,99281505a3d75619,complete,full_configured_budget,equal_size_paper_setting_anchor,sst2,declora16,42,3,93.11926605504587,93.28859060402685,812,872,f7ae176293e098b5b39d170b23c26663a40d7dafef06a83569cef4911732353d,283946700,354931722,94648900,118310574,2110,67349,6330,202047,0,1077584,"[16,16,16,16,16,16,16,16,16,16]",16.0,16,16,7,0.24896755704478993,1677120512,2560622592,53.62873829099142,424.959475803189,1264.8271361980587
/home/gogoi/ahlora-quantity-20260917/runs/full-v1-equal-declora16-seed42,99281505a3d75619,complete,full_configured_budget,equal_size_paper_setting_anchor,sst2,declora16,42,4,93.11926605504587,93.28859060402685,812,872,f1d15238b2323e1692d170c7dfc21aeafccc298bbb37c7035387d5f76d02fa52,378595600,473242296,94648900,118310574,2110,67349,8440,269396,0,1077584,"[16,16,16,16,16,16,16,16,16,16]",16.0,16,16,7,0.23091612418750357,1677120512,2564816896,73.227312438916,413.7137104663998,1678.5639469651505
/home/gogoi/ahlora-quantity-20260917/runs/full-v1-equal-declora16-seed42,99281505a3d75619,complete,full_configured_budget,equal_size_paper_setting_anchor,sst2,declora16,42,5,93.69266055045871,93.82716049382717,817,872,97c6c49240c694d3f2bf52d489499f36820a989054a741cb73339650dcce1300,473244500,591552870,94648900,118310574,2110,67349,10550,336745,0,1077584,"[16,16,16,16,16,16,16,16,16,16]",16.0,16,16,7,0.21444609349586025,1676151296,2564816896,94.13976694991285,418.2579452749342,2096.838860864751
/home/gogoi/ahlora-quantity-20260917/runs/full-v1-equal-declora16-seed42,99281505a3d75619,complete,full_configured_budget,equal_size_paper_setting_anchor,sst2,declora16,42,6,93.57798165137615,93.73601789709173,816,872,d831ee40e19dda39fe764fc15fe72c599c4bce5701ef4ab8b8433e12c16d1d6d,567893400,709863444,94648900,118310574,2110,67349,12660,404094,0,1077584,"[16,16,16,16,16,16,16,16,16,16]",16.0,16,16,7,0.20091516956787422,1676151296,2564816896,116.34124723009819,402.943812626414,2499.8131013344973
/home/gogoi/ahlora-quantity-20260917/runs/full-v1-equal-declora16-seed42,99281505a3d75619,complete,full_configured_budget,equal_size_paper_setting_anchor,sst2,declora16,42,7,94.03669724770643,94.17040358744394,820,872,f4d212b5707e4f6239f0f48b47b02465b6e0326fd456295175ecb1bbd7d86564,662542300,828174018,94648900,118310574,2110,67349,14770,471443,0,1077584,"[16,16,16,16,16,16,16,16,16,16]",16.0,16,16,7,0.19012055148207707,1676151296,2564816896,136.16505488274277,417.6372337564826,2917.4689215961844
/home/gogoi/ahlora-quantity-20260917/runs/full-v1-equal-declora16-seed42,99281505a3d75619,complete,full_configured_budget,equal_size_paper_setting_anchor,sst2,declora16,42,8,93.34862385321101,93.49775784753363,814,872,a0f761140d23a8c2abd3d09522a4f5156e59fd2c1c79bf2cf25369b93bf061c4,757191200,946484592,94648900,118310574,2110,67349,16880,538792,0,1077584,"[16,16,16,16,16,16,16,16,16,16]",16.0,16,16,7,0.1793188405993137,1676151296,2564816896,153.79650215903803,418.7855564272031,3336.2815175158903
/home/gogoi/ahlora-quantity-20260917/runs/full-v1-equal-declora16-seed42,99281505a3d75619,complete,full_configured_budget,equal_size_paper_setting_anchor,sst2,declora16,42,9,93.57798165137615,93.70786516853933,816,872,80683d20368be3f30cba77ed4da0ae8a23cf565a1e1ddbf00f0d1f08ae629177,851840100,1064795166,94648900,118310574,2110,67349,18990,606141,0,1077584,"[16,16,16,16,16,16,16,16,16,16]",16.0,16,16,7,0.17148472733184322,1676151296,2564816896,173.62508655720166,423.78785401955247,3760.087906568311
/home/gogoi/ahlora-quantity-20260917/runs/full-v1-equal-declora16-seed42,99281505a3d75619,complete,full_configured_budget,equal_size_paper_setting_anchor,sst2,declora16,42,10,93.11926605504587,93.25842696629213,812,872,d0606dcb829b3081daca451f88ae7969070a870a3142e7694415eb14a485aae4,946489000,1183105740,94648900,118310574,2110,67349,21100,673490,0,1077584,"[16,16,16,16,16,16,16,16,16,16]",16.0,16,16,7,0.16568039961699196,1677120512,2564816896,194.70807056028258,422.5427713105455,4182.649291696027
/home/gogoi/ahlora-quantity-20260917/runs/full-v1-equal-declora16-seed42,99281505a3d75619,complete,full_configured_budget,equal_size_paper_setting_anchor,sst2,declora16,42,11,93.46330275229357,93.61702127659575,815,872,3def27efea84baa76d076bace711e88af528ace2310a4eeaaa3c3439a261e52b,1041137900,1301416314,94648900,118310574,2110,67349,23210,740839,0,1077584,"[16,16,16,16,16,16,16,16,16,16]",16.0,16,16,7,0.1554460373893203,1676151296,2564816896,212.34538832865405,421.68777798023075,4604.356411797926
/home/gogoi/ahlora-quantity-20260917/runs/full-v1-equal-declora16-seed42,99281505a3d75619,complete,full_configured_budget,equal_size_paper_setting_anchor,sst2,declora16,42,12,93.11926605504587,93.27354260089686,812,872,dd433f6fcb03a5f45de8840ccd0e9657f87f42314b50c51ec3cd93efcb5185fe,1135786800,1419726888,94648900,118310574,2110,67349,25320,808188,0,1077584,"[16,16,16,16,16,16,16,16,16,16]",16.0,16,16,7,0.14850517793125892,1676151296,2564816896,225.57252973007348,419.1897021960467,5023.5628731399775
/home/gogoi/ahlora-quantity-20260917/runs/full-v1-equal-declora16-seed42,99281505a3d75619,complete,full_configured_budget,equal_size_paper_setting_anchor,sst2,declora16,42,13,94.03669724770643,94.22222222222223,820,872,4817a06e80e50b43a999813ce7770217cd30c76bd23f312971360bd2759ea705,1230435700,1538037462,94648900,118310574,2110,67349,27430,875537,0,1077584,"[16,16,16,16,16,16,16,16,16,16]",16.0,16,16,7,0.14439731234162623,1676151296,2564816896,238.05455849431758,415.4962190426886,5439.0761816436425
/home/gogoi/ahlora-quantity-20260917/runs/full-v1-equal-declora16-seed42,99281505a3d75619,complete,full_configured_budget,equal_size_paper_setting_anchor,sst2,declora16,42,14,93.92201834862385,94.03824521934759,819,872,2da87e3e38cdba9f3b777523c1dee6ec1a4aca86406175cfcc6d411199828b16,1325084600,1656348036,94648900,118310574,2110,67349,29540,942886,0,1077584,"[16,16,16,16,16,16,16,16,16,16]",16.0,16,16,7,0.1401179446107659,1676151296,2564816896,248.8507089519053,405.05879676900804,5844.1513647465035
/home/gogoi/ahlora-quantity-20260917/runs/full-v1-equal-declora16-seed42,99281505a3d75619,complete,full_configured_budget,equal_size_paper_setting_anchor,sst2,declora16,42,15,93.80733944954129,93.93258426966293,818,872,66c7430421a86573476275cc86074d300de4da4072a64aef5df1fcc5a3932be5,1419733500,1774658610,94648900,118310574,2110,67349,31650,1010235,0,1077584,"[16,16,16,16,16,16,16,16,16,16]",16.0,16,16,7,0.1355833520839248,1676151296,2564816896,264.9861635695444,421.19459509663284,6265.362393667921
/home/gogoi/ahlora-quantity-20260917/runs/full-v1-equal-declora16-seed42,99281505a3d75619,complete,full_configured_budget,equal_size_paper_setting_anchor,sst2,declora16,42,16,94.03669724770643,94.1834451901566,820,872,4ba8144eb25b6ba32559f79a0dda6c361db6579028bb01aafdd9b4b61f22a38c,1514382400,1892969184,94648900,118310574,2110,67349,33760,1077584,0,1077584,"[16,16,16,16,16,16,16,16,16,16]",16.0,16,16,7,0.13199729146419956,1677120512,2564816896,279.20981081889306,419.5060375491157,6684.885461521335
/home/gogoi/ahlora-quantity-20260917/runs/full-v1-equal-declora16-seed42,99281505a3d75619,complete,full_configured_budget,equal_size_paper_setting_anchor,sst2,declora16,42,17,94.03669724770643,94.13092550790067,820,872,bafd7327fd5bc7f967f49a38252865a47fb68730c0e61e13758485ed124d91a5,1609031300,2011279758,94648900,118310574,2110,67349,35870,1144933,0,1077584,"[16,16,16,16,16,16,16,16,16,16]",16.0,16,16,7,0.12983417118984278,1676151296,2564816896,288.0973412545354,413.20211208518595,7098.104997896589
/home/gogoi/ahlora-quantity-20260917/runs/full-v1-equal-declora16-seed42,99281505a3d75619,complete,full_configured_budget,equal_size_paper_setting_anchor,sst2,declora16,42,18,93.92201834862385,94.0649496080627,819,872,eb721d4a3c6020f7fffce338b3fc11fbd73894be2649f476cb008fb9b2f751c9,1703680200,2129590332,94648900,118310574,2110,67349,37980,1212282,0,1077584,"[16,16,16,16,16,16,16,16,16,16]",16.0,16,16,7,0.12603012631293575,1676151296,2564816896,295.91985811077666,406.689746664837,7504.811703587882
/home/gogoi/ahlora-quantity-20260917/runs/full-v1-equal-declora16-seed42,99281505a3d75619,complete,full_configured_budget,equal_size_paper_setting_anchor,sst2,declora16,42,19,93.92201834862385,94.0649496080627,819,872,352d1bc420522d27db5d877d8f69e4cee2d81cda4d1b0d140e9dfa567bf30d45,1798329100,2247900906,94648900,118310574,2110,67349,40090,1279631,0,1077584,"[16,16,16,16,16,16,16,16,16,16]",16.0,16,16,7,0.1201834965968358,1676151296,2564816896,308.4096669659989,421.5818379893899,7926.410646450706
/home/gogoi/ahlora-quantity-20260917/runs/full-v1-equal-declora16-seed42,99281505a3d75619,complete,full_configured_budget,equal_size_paper_setting_anchor,sst2,declora16,42,20,94.15137614678899,94.30167597765363,821,872,48dcafdf51de95ca279631c0dc4894b43f14c4aa690613fe84bc5c0eefd444cb,1892978000,2366211480,94648900,118310574,2110,67349,42200,1346980,0,1077584,"[16,16,16,16,16,16,16,16,16,16]",16.0,16,16,7,0.11763868843733362,1676151296,2564816896,315.95799046981756,415.84216318745166,8342.269759912044
/home/gogoi/ahlora-quantity-20260917/runs/full-v1-quantity-adaptive_sample-seed42,2ec9b556fbc202fe,complete,full_configured_budget,quantity_skew_extension,sst2,adaptive_sample,42,1,92.31651376146789,92.58028792912513,805,872,9e3d99256e1b007b478f56453eea0560c8b18adf3517b2e31eb37153c4ce13b5,73414236,90587950,73414236,90587950,2110,67520,2110,67520,640,594176,"[4,8,4,4,8,16,4,8,16,16]",8.8,4,16,0,0.36084206724866025,1670169600,2252341248,64.99973467355,428.0473850220442,428.0473906788975
/home/gogoi/ahlora-quantity-20260917/runs/full-v1-quantity-adaptive_sample-seed42,2ec9b556fbc202fe,complete,full_configured_budget,quantity_skew_extension,sst2,adaptive_sample,42,2,93.11926605504587,93.36283185840708,812,872,298846e28c567b5d4cf9a692a0edf873ba3000466df57efedfd4473bf29c68df,146828472,181175900,73414236,90587950,2110,67520,4220,135040,640,594176,"[4,8,4,4,8,16,4,8,16,16]",8.8,4,16,0,0.24900569966663186,1667576832,2252341248,82.8201781273005,427.0504694264382,855.1216666512191
/home/gogoi/ahlora-quantity-20260917/runs/full-v1-quantity-adaptive_sample-seed42,2ec9b556fbc202fe,complete,full_configured_budget,quantity_skew_extension,sst2,adaptive_sample,42,3,93.11926605504587,93.33333333333333,812,872,859c5f90568fc80afbeaacdf85e704e3e2884288ebfa52ff111dfcd2f6425fe5,220242708,271763850,73414236,90587950,2110,67520,6330,202560,640,594176,"[4,8,4,4,8,16,4,8,16,16]",8.8,4,16,0,0.21942506005140067,1667576832,2254438400,105.45428136023061,430.1404500687495,1285.287260777317
/home/gogoi/ahlora-quantity-20260917/runs/full-v1-quantity-adaptive_sample-seed42,2ec9b556fbc202fe,complete,full_configured_budget,quantity_skew_extension,sst2,adaptive_sample,42,4,93.69266055045871,93.84098544232923,817,872,d3bddec71d05c73fdbe62560143de4accaee1ba5492959b498f9f19f79fbd135,287758320,353503912,67515612,81740062,2110,67520,8440,270080,640,459136,"[2,6,2,2,6,16,2,8,12,12]",6.8,2,16,0,0.20964853446720988,1670169600,2254438400,136.39275969806909,433.6004858193919,1718.907868145965
/home/gogoi/ahlora-quantity-20260917/runs/full-v1-quantity-adaptive_sample-seed42,2ec9b556fbc202fe,complete,full_configured_budget,quantity_skew_extension,sst2,adaptive_sample,42,5,94.03669724770643,94.11764705882354,820,872,e0d5673434a043b0775d38bbe65f4b7598e11bca318dd85de5f6fc185b0baca4,355863852,436128758,68105532,82624846,2110,67520,10550,337600,640,472640,"[2,8,2,2,6,16,4,6,12,12]",7.0,2,16,0,0.19111883041009714,1666286592,2254438400,173.16754887589477,438.6004850361496,2157.5339954271913
/home/gogoi/ahlora-quantity-20260917/runs/full-v1-quantity-adaptive_sample-seed42,2ec9b556fbc202fe,complete,full_configured_budget,quantity_skew_extension,sst2,adaptive_sample,42,6,93.92201834862385,94.09141583054627,819,872,60efafb3a4a6abd06ace3683cf50b2422e21e47cbd8d311a174c764e54f1ec12,420430248,514919340,64566396,78790582,2110,67520,12660,405120,640,391616,"[2,8,2,4,4,12,4,6,8,8]",5.8,2,12,0,0.18579364691207723,1668879360,2254438400,207.7362856603627,425.68711768090725,2583.24690414872
/home/gogoi/ahlora-quantity-20260917/runs/full-v1-quantity-adaptive_sample-seed42,2ec9b556fbc202fe,complete,full_configured_budget,quantity_skew_extension,sst2,adaptive_sample,42,7,94.03669724770643,94.13092550790067,820,872,d6bfd5e318a7b2ce99bfd440cc7301292d9228ec41e4817cd1a146d0a6ee0a61,483816996,591940450,63386748,77021110,2110,67520,14770,472640,640,364608,"[2,6,2,4,4,12,4,4,8,8]",5.4,2,12,0,0.17661122328853368,1668015104,2254438400,246.46290474099385,435.1462600948289,3018.409980886616
/home/gogoi/ahlora-quantity-20260917/runs/full-v1-quantity-adaptive_sample-seed42,2ec9b556fbc202fe,complete,full_configured_budget,quantity_skew_extension,sst2,adaptive_sample,42,8,94.15137614678899,94.27609427609427,821,872,0f8709deda862e1529625886412824491a9982750afabd892ef640556bfcb117,545434032,668371640,61617036,76431190,2110,67520,16880,540160,640,324096,"[2,6,2,2,4,8,4,4,8,8]",4.8,2,8,0,0.17042021896956064,1668015104,2254438400,295.94230477408723,433.8656974071637,3452.294707853347
/home/gogoi/ahlora-quantity-20260917/runs/full-v1-quantity-adaptive_sample-seed42,2ec9b556fbc202fe,complete,full_configured_budget,quantity_skew_extension,sst2,adaptive_sample,42,9,94.26605504587155,94.39461883408072,822,872,d92ba276a4579f46bb63be0ff15c0e59d3199ece2d263ae392c2c9f5004d7bcd,605871324,743328222,60437292,74956582,2110,67520,18990,607680,640,297088,"[2,4,2,2,4,8,2,4,8,8]",4.4,2,8,0,0.1659459444928431,1667905024,2254438400,351.0686935678571,431.79232015274465,3884.111993270926
/home/gogoi/ahlora-quantity-20260917/runs/full-v1-quantity-adaptive_sample-seed42,2ec9b556fbc202fe,complete,full_configured_budget,quantity_skew_extension,sst2,adaptive_sample,42,10,94.03669724770643,94.15730337078652,820,872,ef30475ccdbf751660a3e7204eaa0f0f69ae77e26d38cd7984cf0b7629ce3272,667488264,819464452,61616940,76136230,2110,67520,21100,675200,640,324096,"[2,4,2,2,4,8,2,8,8,8]",4.8,2,8,0,0.15834161729727855,1667564544,2254438400,402.48559916273,433.72738125827163,4317.872086637653
/home/gogoi/ahlora-quantity-20260917/runs/full-v1-quantity-adaptive_sample-seed42,2ec9b556fbc202fe,complete,full_configured_budget,quantity_skew_extension,sst2,adaptive_sample,42,11,94.15137614678899,94.27609427609427,821,872,84aea7178c6dcb35c3d0874706ec938ffbfafc7edcc3e3c52f5a288881217453,729105204,895600682,61616940,76136230,2110,67520,23210,742720,640,324096,"[2,4,2,2,4,8,2,8,8,8]",4.8,2,8,0,0.15630824306910257,1670169600,2254438400,456.83124114471093,439.9566420093179,4757.845026627183
/home/gogoi/ahlora-quantity-20260917/runs/full-v1-quantity-adaptive_sample-seed42,2ec9b556fbc202fe,complete,full_configured_budget,quantity_skew_extension,sst2,adaptive_sample,42,12,93.92201834862385,94.07821229050279,819,872,f952331104fc3d2d4f7624c3cc16c0be0c480b78bf96b56e002b7bef3339c739,791311968,973506384,62206764,77905702,2110,67520,25320,810240,640,337600,"[2,8,2,2,4,8,2,6,8,8]",5.0,2,8,0,0.1525642144714727,1666286592,2254438400,505.5262195307595,432.6699949959293,5190.532212417573
/home/gogoi/ahlora-quantity-20260917/runs/full-v1-quantity-adaptive_sample-seed42,2ec9b556fbc202fe,complete,full_configured_budget,quantity_skew_extension,sst2,adaptive_sample,42,13,94.15137614678899,94.30167597765363,821,872,eaf9badbfdf11e704b6181df96fd73a784543dd591ba4cfc0400652c83a15a93,854698380,1052001910,63386412,78495526,2110,67520,27430,877760,640,364608,"[2,8,2,2,8,8,2,6,8,8]",5.4,2,8,0,0.14473629532780793,1666286592,2254438400,562.298489768138,435.8772568963468,5626.425044351257
/home/gogoi/ahlora-quantity-20260917/runs/full-v1-quantity-adaptive_sample-seed42,2ec9b556fbc202fe,complete,full_configured_budget,quantity_skew_extension,sst2,adaptive_sample,42,14,94.4954128440367,94.64285714285714,824,872,85c4914a91d2cd63f06dd64265a043f789860beead03edb62d105d1f19aedded,917494968,1129907612,62796588,77905702,2110,67520,29540,945280,640,351104,"[2,8,2,2,8,8,2,4,8,8]",5.2,2,8,0,0.14809773931438677,1669305344,2254438400,614.2689481430069,434.7656523678452,6061.206440274604
/home/gogoi/ahlora-quantity-20260917/runs/full-v1-quantity-adaptive_sample-seed42,2ec9b556fbc202fe,complete,full_configured_budget,quantity_skew_extension,sst2,adaptive_sample,42,15,93.92201834862385,94.07821229050279,819,872,ee609dd7da09008c559267baec204cb415bd86aa5ac44ed4a4f49639efc88035,979701732,1207518402,62206764,77610790,2110,67520,31650,1012800,640,337600,"[2,8,2,2,6,8,2,4,8,8]",5.0,2,8,0,0.14314119268047498,1669347328,2254438400,676.7300698416617,436.27327563241124,6497.506323646754
/home/gogoi/ahlora-quantity-20260917/runs/full-v1-quantity-adaptive_sample-seed42,2ec9b556fbc202fe,complete,full_configured_budget,quantity_skew_extension,sst2,adaptive_sample,42,16,94.15137614678899,94.33962264150944,821,872,369692aff9d549676a2ad8c3cb24105485a559b3c54021880c194f99f765eb18,1041318672,1283949544,61616940,76431142,2110,67520,33760,1080320,640,324096,"[2,6,2,2,6,8,2,4,8,8]",4.8,2,8,0,0.1385562305931792,1667576832,2254438400,736.5895908638848,433.2327630016953,6930.755848707631
/home/gogoi/ahlora-quantity-20260917/runs/full-v1-quantity-adaptive_sample-seed42,2ec9b556fbc202fe,complete,full_configured_budget,quantity_skew_extension,sst2,adaptive_sample,42,17,93.69266055045871,93.79932356257046,817,872,470097e30fe8ed41537c82d40b6ebac42f34cb76105f22f5b32f96af352531a3,1102345788,1360085774,61027116,76136230,2110,67520,35870,1147840,640,310592,"[2,6,2,2,4,8,2,4,8,8]",4.6,2,8,0,0.1421941754391353,1666286592,2254438400,797.4812962211715,430.319189529866,7361.089898645878
/home/gogoi/ahlora-quantity-20260917/runs/full-v1-quantity-adaptive_sample-seed42,2ec9b556fbc202fe,complete,full_configured_budget,quantity_skew_extension,sst2,adaptive_sample,42,18,93.57798165137615,93.75,816,872,8fff6e891ea6bdcdb922c943f619c0595888b87be024b8d88d80a67e722115d4,1162783080,1435042356,60437292,74956582,2110,67520,37980,1215360,640,297088,"[2,4,2,2,4,8,2,4,8,8]",4.4,2,8,0,0.1377266805831832,1667576832,2254438400,848.1397790182297,424.95344982948154,7786.05802305229
/home/gogoi/ahlora-quantity-20260917/runs/full-v1-quantity-adaptive_sample-seed42,2ec9b556fbc202fe,complete,full_configured_budget,quantity_skew_extension,sst2,adaptive_sample,42,19,93.80733944954129,94.01330376940133,818,872,74d18b611633e6ad2ce84e331724f5f45485eda34dae92a6e77745ad22c4f3ee,1226759460,1515897394,63976380,80855038,2110,67520,40090,1282880,640,378112,"[2,8,2,2,4,8,2,4,16,8]",5.6,2,16,0,0.13529074896370852,1667905024,2254438400,905.532134909683,426.3354746568948,8212.40800750535
/home/gogoi/ahlora-quantity-20260917/runs/full-v1-quantity-adaptive_sample-seed42,2ec9b556fbc202fe,complete,full_configured_budget,quantity_skew_extension,sst2,adaptive_sample,42,20,94.15137614678899,94.30167597765363,821,872,7841b7f8c4ce50c6b4fa4174d06c02fac99fab866e1ec12f5307398accb7b125,1290735840,1596752432,63976380,80855038,2110,67520,42200,1350400,640,378112,"[2,8,2,2,4,8,2,4,16,8]",5.6,2,16,0,0.13151521817469303,1668015104,2254438400,953.3965763467884,408.5251217428595,8620.94758722186
/home/gogoi/ahlora-quantity-20260917/runs/full-v1-quantity-adaptive_sample-seed43,2ec9b556fbc202fe,complete,full_configured_budget,quantity_skew_extension,sst2,adaptive_sample,43,1,92.43119266055047,92.69911504424779,806,872,a20cc0dc135496c71e1a9c43beb982f99c9a96fbaa0c2c4c3f9d71412ccd83bc,73414236,90587950,73414236,90587950,2110,67520,2110,67520,640,594176,"[8,16,4,4,16,16,4,8,4,8]",8.8,4,16,0,0.36404918465427877,1671488512,2172649472,81.2632982482073,440.10545432567596,440.1054595587775
/home/gogoi/ahlora-quantity-20260917/runs/full-v1-quantity-adaptive_sample-seed43,2ec9b556fbc202fe,complete,full_configured_budget,quantity_skew_extension,sst2,adaptive_sample,43,2,92.88990825688073,93.0957683741648,810,872,207e851689e4c3335daaaa52f273bd7263a1100da8206c61926d010b85c2982f,146828472,181175900,73414236,90587950,2110,67520,4220,135040,640,594176,"[8,16,4,4,16,16,4,8,4,8]",8.8,4,16,0,0.24856641710607855,1671488512,2172649472,101.36591369524277,428.5832149134949,868.7153759486973
/home/gogoi/ahlora-quantity-20260917/runs/full-v1-quantity-adaptive_sample-seed43,2ec9b556fbc202fe,complete,full_configured_budget,quantity_skew_extension,sst2,adaptive_sample,43,3,93.11926605504587,93.42105263157895,812,872,f00f9be2c142ac3613dd23f66aa70fba9892f1163aed726dfcc4476fe71ecbdb,220242708,271763850,73414236,90587950,2110,67520,6330,202560,640,594176,"[8,16,4,4,16,16,4,8,4,8]",8.8,4,16,0,0.22042556326263651,1671488512,2172649472,130.26616970183107,425.3091289913282,1294.0561002418399
/home/gogoi/ahlora-quantity-20260917/runs/full-v1-quantity-adaptive_sample-seed43,2ec9b556fbc202fe,complete,full_configured_budget,quantity_skew_extension,sst2,adaptive_sample,43,4,93.46330275229357,93.63128491620111,815,872,3ff9a23c17e37788607f4cf79fda046641e6df33a6cfb5dbcc16fad5d2d1962e,287758416,354978520,67515708,83214670,2110,67520,8440,270080,640,459136,"[6,12,4,2,16,12,2,6,2,6]",6.8,2,16,0,0.21053789504726475,1670198272,2172649472,173.38031211107378,420.97253352217376,1715.0602088058367
/home/gogoi/ahlora-quantity-20260917/runs/full-v1-quantity-adaptive_sample-seed43,2ec9b556fbc202fe,complete,full_configured_budget,quantity_skew_extension,sst2,adaptive_sample,43,5,93.11926605504587,93.25842696629213,812,872,dad5a13fc5c6e382cb346ffd7a01a349329f84d75bc93734e777bfc624d499b7,355274124,438193190,67515708,83214670,2110,67520,10550,337600,640,459136,"[6,12,4,2,16,12,2,6,2,6]",6.8,2,16,0,0.19054669879423233,1670198272,2172649472,231.4440092580961,420.2946779560298,2135.385932618752
/home/gogoi/ahlora-quantity-20260917/runs/full-v1-quantity-adaptive_sample-seed43,2ec9b556fbc202fe,complete,full_configured_budget,quantity_skew_extension,sst2,adaptive_sample,43,6,93.57798165137615,93.73601789709173,816,872,2905f06d735641ebb81252f9cf140cb32a4a2be64e4acd3bb0066021e74c824f,417481128,515509380,62207004,77316190,2110,67520,12660,405120,640,337600,"[4,8,2,4,12,8,2,4,2,4]",5.0,2,12,0,0.1877104760063768,1667262464,2172649472,282.68681721859144,425.19506307318807,2560.6022445913404
/home/gogoi/ahlora-quantity-20260917/runs/full-v1-quantity-adaptive_sample-seed43,2ec9b556fbc202fe,complete,full_configured_budget,quantity_skew_extension,sst2,adaptive_sample,43,7,93.57798165137615,93.75,816,872,57e775070628614208381cfc27f3411993be7e41e88c3e34aa3769913dbbde0b,479688132,592825570,62207004,77316190,2110,67520,14770,472640,640,337600,"[4,8,2,4,12,8,2,4,2,4]",5.0,2,12,0,0.18368646986059783,1668895744,2172649472,341.87617646632293,429.6925632515922,2990.3264027787372
/home/gogoi/ahlora-quantity-20260917/runs/full-v1-quantity-adaptive_sample-seed43,2ec9b556fbc202fe,complete,full_configured_budget,quantity_skew_extension,sst2,adaptive_sample,43,8,93.23394495412845,93.37822671156005,813,872,7a2249495ec7bbdfcddaa33d337cd84051af1ff68e4589ad4eaabd455381bdc1,540125424,667782152,60437292,74956582,2110,67520,16880,540160,640,297088,"[4,8,2,2,8,8,2,4,2,4]",4.4,2,8,0,0.17475156266074263,1668895744,2172649472,413.54487407839883,427.44121844880283,3417.788289790973
/home/gogoi/ahlora-quantity-20260917/runs/full-v1-quantity-adaptive_sample-seed43,2ec9b556fbc202fe,complete,full_configured_budget,quantity_skew_extension,sst2,adaptive_sample,43,9,93.46330275229357,93.61702127659575,815,872,cf36f9f7fa08a16629f91fe034499f156d51c9d3d24d7b34fe00563133638182,602922156,746277894,62796732,78495742,2110,67520,18990,607680,640,351104,"[4,8,2,2,16,8,2,4,2,4]",5.2,2,16,0,0.16585499373864895,1668895744,2172649472,482.8119976873976,440.8373799212277,3858.648939694278
/home/gogoi/ahlora-quantity-20260917/runs/full-v1-quantity-adaptive_sample-seed43,2ec9b556fbc202fe,complete,full_configured_budget,quantity_skew_extension,sst2,adaptive_sample,43,10,93.57798165137615,93.70786516853933,816,872,8022593d8a2b57d50e1b7642800a78e4e61393871523f03c43a606942877130b,666898536,825953284,63976380,79675390,2110,67520,21100,675200,640,378112,"[4,8,2,2,16,8,2,4,2,8]",5.6,2,16,0,0.16076949045304276,1669855232,2172649472,558.6952621407648,435.0574261955917,4293.727536549792
/home/gogoi/ahlora-quantity-20260917/runs/full-v1-quantity-adaptive_sample-seed43,2ec9b556fbc202fe,complete,full_configured_budget,quantity_skew_extension,sst2,adaptive_sample,43,11,93.92201834862385,94.07821229050279,819,872,8efebbf2de6c4600e6f759305828d36fc62eaf799329db42f2b359458653ffed,730285188,904154162,63386652,78200878,2110,67520,23210,742720,640,364608,"[4,8,4,2,12,8,2,4,2,8]",5.4,2,12,0,0.16043272007637993,1669855232,2172649472,630.8857125557843,426.35625059809536,4720.10286087729
/home/gogoi/ahlora-quantity-20260917/runs/full-v1-quantity-adaptive_sample-seed43,2ec9b556fbc202fe,complete,full_configured_budget,quantity_skew_extension,sst2,adaptive_sample,43,12,93.69266055045871,93.84098544232923,817,872,d466949252ae411bd194bf78277742ae15c86fc77b05f8d7fc981f7d73c30453,793671936,982650096,63386748,78495934,2110,67520,25320,810240,640,364608,"[4,8,4,2,12,8,2,4,4,6]",5.4,2,12,0,0.15667330613907401,1670198272,2172649472,701.455905690281,424.5112001532689,5144.646357726306
/home/gogoi/ahlora-quantity-20260917/runs/full-v1-quantity-adaptive_sample-seed43,2ec9b556fbc202fe,complete,full_configured_budget,quantity_skew_extension,sst2,adaptive_sample,43,13,93.69266055045871,93.85474860335195,817,872,a1689bbeb71f9c3c2b7c4e1dda59ec0c9d0bb2dcbfe91eed717ee849f3141bc9,855288972,1059081382,61617036,76431286,2110,67520,27430,877760,640,324096,"[4,8,2,2,8,8,2,4,4,6]",4.8,2,8,0,0.1513491257527094,1670198272,2172649472,767.7566427507793,410.78806362114847,5555.456248160452
/home/gogoi/ahlora-quantity-20260917/runs/full-v1-quantity-adaptive_sample-seed43,2ec9b556fbc202fe,complete,full_configured_budget,quantity_skew_extension,sst2,adaptive_sample,43,14,93.23394495412845,93.40782122905028,813,872,d6a0af1b29d7f441d042843fa88d9dce5f3871748ac59b24b81c5a29887098df,918085704,1134037964,62796732,74956582,2110,67520,29540,945280,640,351104,"[4,16,2,2,8,8,2,4,2,4]",5.2,2,16,0,0.150903505535484,1668895744,2172649472,848.8115402049092,428.1503544850275,5983.623795677908
/home/gogoi/ahlora-quantity-20260917/runs/full-v1-quantity-adaptive_sample-seed43,2ec9b556fbc202fe,complete,full_configured_budget,quantity_skew_extension,sst2,adaptive_sample,43,15,93.46330275229357,93.57384441939121,815,872,90355a3d9ad871c31bbc40e6780ee7a98a62e6a853034fac33e1c2bdf2509c5d,982652004,1211648802,64566300,77610838,2110,67520,31650,1012800,640,391616,"[4,16,4,2,8,8,2,8,2,4]",5.8,2,16,0,0.1474224828394964,1668895744,2172649472,897.1284930466455,425.04137897118926,6408.681889229454
/home/gogoi/ahlora-quantity-20260917/runs/full-v1-quantity-adaptive_sample-seed43,2ec9b556fbc202fe,complete,full_configured_budget,quantity_skew_extension,sst2,adaptive_sample,43,16,93.46330275229357,93.63128491620111,815,872,3deae424acc2a6f24b18440a19bb347a3da0b1bce5ad0b0cdaf05f76aa12e5c4,1046038656,1289259640,63386652,77610838,2110,67520,33760,1080320,640,364608,"[4,12,4,2,8,8,2,8,2,4]",5.4,2,12,0,0.14314038475883806,1667262464,2172649472,959.0045733270923,429.32344234734774,6838.020260039717
/home/gogoi/ahlora-quantity-20260917/runs/full-v1-quantity-adaptive_sample-seed43,2ec9b556fbc202fe,complete,full_configured_budget,quantity_skew_extension,sst2,adaptive_sample,43,17,93.80733944954129,93.94618834080717,818,872,2c9ddc13abc8b0b9381f858db45e3e4adc301c08a182352fea5cfa9d76fff1ff,1109425212,1366575518,63386556,77315878,2110,67520,35870,1147840,640,364608,"[4,12,2,2,8,8,2,6,2,8]",5.4,2,12,0,0.14228819925344927,1670471168,2172649472,1020.3409459972253,426.4387481054291,7264.473409848288
/home/gogoi/ahlora-quantity-20260917/runs/full-v1-quantity-adaptive_sample-seed43,2ec9b556fbc202fe,complete,full_configured_budget,quantity_skew_extension,sst2,adaptive_sample,43,18,93.69266055045871,93.85474860335195,817,872,45f943be2289b8212d7479aa5342142bb3b23c3417a952a31e34df090656d057,1173991416,1447430556,64566204,80855038,2110,67520,37980,1215360,640,391616,"[4,8,2,2,16,8,2,6,2,8]",5.8,2,16,0,0.14317831350315277,1671488512,2172649472,1076.3374414266955,426.07190082222223,7690.5632560979575
/home/gogoi/ahlora-quantity-20260917/runs/full-v1-quantity-adaptive_sample-seed43,2ec9b556fbc202fe,complete,full_configured_budget,quantity_skew_extension,sst2,adaptive_sample,43,19,93.46330275229357,93.63128491620111,815,872,a4768fe5992f615ff70ae589f3930842a634e5d8b152769ad412b23f691c2265,1237377972,1526516122,63386556,79085566,2110,67520,40090,1282880,640,364608,"[4,8,2,2,16,8,2,4,2,6]",5.4,2,16,0,0.14434757820079247,1670599680,2172649472,1137.8808027295981,436.7302145222202,8127.307762493379
/home/gogoi/ahlora-quantity-20260917/runs/full-v1-quantity-adaptive_sample-seed43,2ec9b556fbc202fe,complete,full_configured_budget,quantity_skew_extension,sst2,adaptive_sample,43,20,93.69266055045871,93.82716049382717,817,872,700fd406c1319faa216e2f0bbb269e95596e245a7f596a9d04f7c87ac410b042,1299584880,1603832216,62206908,77316094,2110,67520,42200,1350400,640,337600,"[4,8,2,2,12,8,2,4,2,6]",5.0,2,12,0,0.14028615122434784,1669180928,2172649472,1203.3600526718824,421.71688505634665,8549.037046299316
/home/gogoi/ahlora-quantity-20260917/runs/full-v1-quantity-adaptive_sample-seed44,2ec9b556fbc202fe,complete,full_configured_budget,quantity_skew_extension,sst2,adaptive_sample,44,1,93.11926605504587,93.27354260089686,812,872,9fab880685a20e045f461ae9f45ba9a346adeae32553027c0597458cab67f56e,73414236,85279390,73414236,85279390,2110,67520,2110,67520,640,594176,"[8,8,16,8,16,16,4,4,4,4]",8.8,4,16,0,0.3647120702808714,1667934208,2147483648,63.856835590166625,432.0186658259481,432.018672301434
/home/gogoi/ahlora-quantity-20260917/runs/full-v1-quantity-adaptive_sample-seed44,2ec9b556fbc202fe,complete,full_configured_budget,quantity_skew_extension,sst2,adaptive_sample,44,2,92.88990825688073,93.11111111111111,810,872,122c4a300525967ce9ee64d18a3ce8031aa333cc9cccd8dd367895006ad3a93a,146828472,170558780,73414236,85279390,2110,67520,4220,135040,640,594176,"[8,8,16,8,16,16,4,4,4,4]",8.8,4,16,0,0.25163966736411986,1667934208,2147483648,80.39372454939517,439.6689206957817,871.7098532570526
/home/gogoi/ahlora-quantity-20260917/runs/full-v1-quantity-adaptive_sample-seed44,2ec9b556fbc202fe,complete,full_configured_budget,quantity_skew_extension,sst2,adaptive_sample,44,3,93.0045871559633,93.18435754189944,811,872,d5fd61f3216a87e7b0361fa60cdaf6816f88112b37c336f93617df4b07b5edd8,220242708,255838170,73414236,85279390,2110,67520,6330,202560,640,594176,"[8,8,16,8,16,16,4,4,4,4]",8.8,4,16,0,0.2166615967586652,1612462080,2149580800,103.56384772769918,441.35748632531613,1313.0877150837332
/home/gogoi/ahlora-quantity-20260917/runs/full-v1-quantity-adaptive_sample-seed44,2ec9b556fbc202fe,complete,full_configured_budget,quantity_skew_extension,sst2,adaptive_sample,44,4,93.34862385321101,93.54120267260579,814,872,bd5e5f8a4c92b2e7f57cfdf68462557ecd47995b6bf7ed83aa17abd3be803a85,287758416,333449272,67515708,77611102,2110,67520,8440,270080,640,459136,"[6,6,16,6,12,12,4,2,2,2]",6.8,2,16,0,0.20200349812570217,1611188736,2149580800,132.7593485255856,438.27381010260433,1751.3785867821425
/home/gogoi/ahlora-quantity-20260917/runs/full-v1-quantity-adaptive_sample-seed44,2ec9b556fbc202fe,complete,full_configured_budget,quantity_skew_extension,sst2,adaptive_sample,44,5,93.57798165137615,93.73601789709173,816,872,3cb5b4bea97cc9926ad9812f012c0dab99425ec49696b12608797ceee412f8e8,354094476,411060374,66336060,77611102,2110,67520,10550,337600,640,432128,"[6,6,12,6,12,12,4,2,2,2]",6.4,2,12,0,0.1891598426998412,1666643968,2149580800,167.499070666931,435.4225778700784,2186.829857430421
/home/gogoi/ahlora-quantity-20260917/runs/full-v1-quantity-adaptive_sample-seed44,2ec9b556fbc202fe,complete,full_configured_budget,quantity_skew_extension,sst2,adaptive_sample,44,6,93.69266055045871,93.86845039018952,817,872,c9ae45c3b8c383bee89368a748cba7016bf81fac796a736a47520f94a872c2a9,415711560,483362508,61617084,72302134,2110,67520,12660,405120,640,324096,"[4,4,12,4,8,8,2,2,2,2]",4.8,2,12,0,0.18495323467934593,1665341440,2149580800,209.40660895191502,441.6088732117787,2628.4656547149643
/home/gogoi/ahlora-quantity-20260917/runs/full-v1-quantity-adaptive_sample-seed44,2ec9b556fbc202fe,complete,full_configured_budget,quantity_skew_extension,sst2,adaptive_sample,44,7,93.34862385321101,93.52678571428571,814,872,5fd369ba485e344a2fce701d6353a7e518f10e23026e6a660ba44c411347a3a1,478508292,559203802,62796732,75841294,2110,67520,14770,472640,640,351104,"[4,4,8,4,8,16,2,2,2,2]",5.2,2,16,0,0.17667076457942885,1665341440,2149580800,266.50622012642356,438.5427174568176,3067.0322632659227
/home/gogoi/ahlora-quantity-20260917/runs/full-v1-quantity-adaptive_sample-seed44,2ec9b556fbc202fe,complete,full_configured_budget,quantity_skew_extension,sst2,adaptive_sample,44,8,94.26605504587155,94.39461883408072,822,872,5799803733c6bf25aa805b6f099c78b3026fc410cda23bd99dd9d013a29fdc9c,541305024,635045096,62796732,75841294,2110,67520,16880,540160,640,351104,"[4,4,8,4,8,16,2,2,2,2]",5.2,2,16,0,0.1718732475618704,1665341440,2149580800,319.0592864393969,432.5907153878361,3499.6393583863974
/home/gogoi/ahlora-quantity-20260917/runs/full-v1-quantity-adaptive_sample-seed44,2ec9b556fbc202fe,complete,full_configured_budget,quantity_skew_extension,sst2,adaptive_sample,44,9,93.69266055045871,93.88209121245829,817,872,2ebf3b6295f41cdcc0aedb3d9c57deeaef485eb52238273dedc0b49db82a2b63,602922108,709116918,61617084,74071822,2110,67520,18990,607680,640,324096,"[4,4,8,4,8,12,2,2,2,2]",4.8,2,12,0,0.16440404698873928,1664051200,2149580800,376.5143024850033,438.79129015188664,3938.461817299016
/home/gogoi/ahlora-quantity-20260917/runs/full-v1-quantity-adaptive_sample-seed44,2ec9b556fbc202fe,complete,full_configured_budget,quantity_skew_extension,sst2,adaptive_sample,44,10,93.34862385321101,93.51230425055928,814,872,76e11ed60f1ad9d6e1906022e819a19de653d7b287cc8345a72289bd3d6450dc,664539192,783188740,61617084,74071822,2110,67520,21100,675200,640,324096,"[4,4,8,4,8,12,2,2,2,2]",4.8,2,12,0,0.15829445600895303,1664051200,2149580800,435.4341411978601,433.5805039135739,4372.0567071754485
/home/gogoi/ahlora-quantity-20260917/runs/full-v1-quantity-adaptive_sample-seed44,2ec9b556fbc202fe,complete,full_configured_budget,quantity_skew_extension,sst2,adaptive_sample,44,11,94.03669724770643,94.1834451901566,820,872,2f1866742abea31f294abea5a9942fddfb842369381d7ae041efe3741fa6524d,724976484,855490874,60437292,72302134,2110,67520,23210,742720,640,297088,"[4,4,8,4,8,8,2,2,2,2]",4.4,2,8,0,0.15294137557283521,1664051200,2149580800,489.16374152883793,438.13784745242447,4810.208922712132
/home/gogoi/ahlora-quantity-20260917/runs/full-v1-quantity-adaptive_sample-seed44,2ec9b556fbc202fe,complete,full_configured_budget,quantity_skew_extension,sst2,adaptive_sample,44,12,93.57798165137615,93.70786516853933,816,872,2aea97992afa92bff4d64ee09340626ac72cf281235106e16b43ecd1a3a0d355,786593424,928972656,61616940,73481782,2110,67520,25320,810240,640,324096,"[8,4,8,4,8,8,2,2,2,2]",4.8,2,8,0,0.1463505412195092,1665341440,2149580800,540.1769278085304,426.9218402625993,5237.147109189071
/home/gogoi/ahlora-quantity-20260917/runs/full-v1-quantity-adaptive_sample-seed44,2ec9b556fbc202fe,complete,full_configured_budget,quantity_skew_extension,sst2,adaptive_sample,44,13,93.57798165137615,93.70786516853933,816,872,ba78dc95778d01a5393213b3fca6374c06115f17b7d8e1e95c1f8a8ee686fdd2,848800284,1003634278,62206860,74661622,2110,67520,27430,877760,640,337600,"[8,4,8,4,8,8,4,2,2,2]",5.0,2,8,0,0.1427977612999216,1665341440,2149580800,581.0885475925321,430.16858355049044,5667.3304778328165
/home/gogoi/ahlora-quantity-20260917/runs/full-v1-quantity-adaptive_sample-seed44,2ec9b556fbc202fe,complete,full_configured_budget,quantity_skew_extension,sst2,adaptive_sample,44,14,93.80733944954129,93.97321428571429,818,872,eca4089c62faa19194965fa6a22f9de24ad361cae702930450b5b7a8f51d5bec,910417320,1077706076,61617036,74071798,2110,67520,29540,945280,640,324096,"[6,4,8,4,8,8,4,2,2,2]",4.8,2,8,0,0.14335703047031595,1664031744,2149580800,625.2727704079259,428.4081175168976,6095.754524756223
/home/gogoi/ahlora-quantity-20260917/runs/full-v1-quantity-adaptive_sample-seed44,2ec9b556fbc202fe,complete,full_configured_budget,quantity_skew_extension,sst2,adaptive_sample,44,15,94.03669724770643,94.14414414414415,820,872,67dfc24144327772ebf064010ae52a6bc8d386f7da4b62688e8736a5df6e8839,972034260,1151187858,61616940,73481782,2110,67520,31650,1012800,640,324096,"[8,4,8,4,8,8,2,2,2,2]",4.8,2,8,0,0.13684900998080926,1665341440,2149580800,678.0816981069382,430.8654380561784,6526.637298471294
/home/gogoi/ahlora-quantity-20260917/runs/full-v1-quantity-adaptive_sample-seed44,2ec9b556fbc202fe,complete,full_configured_budget,quantity_skew_extension,sst2,adaptive_sample,44,16,94.38073394495413,94.48818897637796,823,872,893dd18184ea8c10c043cac6dc150a82ba2ea95116ce5a4580056cc553a836d7,1034241120,1225849480,62206860,74661622,2110,67520,33760,1080320,640,337600,"[8,4,8,4,8,8,4,2,2,2]",5.0,2,8,0,0.13660560259969312,1608904704,2149580800,715.552643962325,429.32296799030155,6955.97504182905
/home/gogoi/ahlora-quantity-20260917/runs/full-v1-quantity-adaptive_sample-seed44,2ec9b556fbc202fe,complete,full_configured_budget,quantity_skew_extension,sst2,adaptive_sample,44,17,94.26605504587155,94.39461883408072,822,872,8983d1c7a1501d9affcf6dd7ac5637370c69ff8471c81a40a091fe0ed440bba5,1095858156,1299921278,61617036,74071798,2110,67520,35870,1147840,640,324096,"[6,4,8,4,8,8,4,2,2,2]",4.8,2,8,0,0.1322727943323823,1609898496,2149580800,757.1862990709742,428.23683039005846,7384.237018916756
/home/gogoi/ahlora-quantity-20260917/runs/full-v1-quantity-adaptive_sample-seed44,2ec9b556fbc202fe,complete,full_configured_budget,quantity_skew_extension,sst2,adaptive_sample,44,18,94.38073394495413,94.51287793952967,823,872,e735255b5e0ed45efb3b189c9fbcca884c9b543fd404f12eb36d8a9646e86f8a,1159244664,1375172724,63386508,75251446,2110,67520,37980,1215360,640,364608,"[8,8,8,4,8,8,2,2,4,2]",5.4,2,8,0,0.1272227914200299,1609898496,2149580800,792.9675653483384,433.8933217097074,7818.144497985952
/home/gogoi/ahlora-quantity-20260917/runs/full-v1-quantity-adaptive_sample-seed44,2ec9b556fbc202fe,complete,full_configured_budget,quantity_skew_extension,sst2,adaptive_sample,44,19,94.03669724770643,94.14414414414415,820,872,e602781b104faf8dee1918833b32c0cc4551b944a654eabc738a0d3f83e82df2,1223221092,1451309050,63976428,76136326,2110,67520,40090,1282880,640,378112,"[8,8,8,4,8,8,2,2,4,4]",5.6,2,8,0,0.12220219427718884,1666362368,2149580800,830.0354127754408,433.68893793039024,8251.85020419024
/home/gogoi/ahlora-quantity-20260917/runs/full-v1-quantity-adaptive_sample-seed44,2ec9b556fbc202fe,complete,full_configured_budget,quantity_skew_extension,sst2,adaptive_sample,44,20,94.03669724770643,94.11764705882354,820,872,9e3cfd35612a35715d151c994153a9b0bdde838201f54ec9a98515f2e0ffa847,1286017776,1525970624,62796684,74661574,2110,67520,42200,1350400,640,351104,"[8,6,8,4,8,8,2,2,2,4]",5.2,2,8,0,0.12814204953968142,1609898496,2149580800,880.218586879266,419.0626976080239,8670.927356285974
/home/gogoi/ahlora-quantity-20260917/runs/full-v1-quantity-adaptive_uniform-seed42,2ec9b556fbc202fe,complete,full_configured_budget,quantity_skew_extension,sst2,adaptive_uniform,42,1,92.20183486238533,92.46119733924613,804,872,baa0298f01e5c906fb5ab3059ff9de5879364151e01eb8f3db8b768fd388add4,73414228,90587550,73414228,90587550,2110,67520,2110,67520,640,594176,"[4,8,4,4,8,16,4,8,16,16]",8.8,4,16,0,0.36084206724866025,1670169600,2252341248,48.11652325860955,434.94963541813195,434.9496407546103
/home/gogoi/ahlora-quantity-20260917/runs/full-v1-quantity-adaptive_uniform-seed42,2ec9b556fbc202fe,complete,full_configured_budget,quantity_skew_extension,sst2,adaptive_uniform,42,2,93.34862385321101,93.55555555555556,814,872,7b1eeddd04892f811ddc5fe4fd5f4742233fbe5f0470a9be8ccc1b579365968b,146828456,181175100,73414228,90587550,2110,67520,4220,135040,640,594176,"[4,8,4,4,8,16,4,8,16,16]",8.8,4,16,0,0.2505740266421289,1667576832,2252341248,52.36301159127302,434.0448311371729,869.0192208243534
/home/gogoi/ahlora-quantity-20260917/runs/full-v1-quantity-adaptive_uniform-seed42,2ec9b556fbc202fe,complete,full_configured_budget,quantity_skew_extension,sst2,adaptive_uniform,42,3,93.80733944954129,93.95973154362416,818,872,08c6bcdc3e1d4f4ad9cab08ef9a07c34b0194ec3ab8558b54220fc92d7341e0e,220242684,271762650,73414228,90587550,2110,67520,6330,202560,640,594176,"[4,8,4,4,8,16,4,8,16,16]",8.8,4,16,0,0.22116994344457208,1667576832,2254438400,61.550676609498154,433.7601011376828,1302.8052070969716
/home/gogoi/ahlora-quantity-20260917/runs/full-v1-quantity-adaptive_uniform-seed42,2ec9b556fbc202fe,complete,full_configured_budget,quantity_skew_extension,sst2,adaptive_uniform,42,4,93.69266055045871,93.8132733408324,817,872,e329394988a3dbf9d8b45767815f0132e58bd8f9d9d5a19baaf0ed27ab762123,288348208,354092232,68105524,82329582,2110,67520,8440,270080,640,472640,"[2,6,2,4,6,16,2,8,12,12]",7.0,2,16,0,0.20907183631750317,1670169600,2254438400,72.027792437469,435.7748492937535,1738.6084701539949
/home/gogoi/ahlora-quantity-20260917/runs/full-v1-quantity-adaptive_uniform-seed42,2ec9b556fbc202fe,complete,full_configured_budget,quantity_skew_extension,sst2,adaptive_uniform,42,5,93.34862385321101,93.46846846846847,814,872,973b9aa78bdf583cb715b53d18f3a66fbbe6fff37c5eddeae20451a9850ff8bc,355273988,435242070,66925780,81149838,2110,67520,10550,337600,640,445632,"[2,6,2,2,6,16,2,6,12,12]",6.6,2,16,0,0.1955084937173179,1666286592,2254438400,88.74328042434047,437.5393892908469,2176.1649468345568
/home/gogoi/ahlora-quantity-20260917/runs/full-v1-quantity-adaptive_uniform-seed42,2ec9b556fbc202fe,complete,full_configured_budget,quantity_skew_extension,sst2,adaptive_uniform,42,6,94.26605504587155,94.38202247191012,822,872,1f8c0b68a8ca7519774a1c6b3176e13c885bf0e125d10bc08f46fddda443c554,418070808,511083036,62796820,75840966,2110,67520,12660,405120,640,351104,"[2,4,2,2,4,12,4,6,8,8]",5.2,2,12,0,0.1894717705049563,1668879360,2254438400,108.1876868924102,428.62243848852813,2604.8025863775983
/home/gogoi/ahlora-quantity-20260917/runs/full-v1-quantity-adaptive_uniform-seed42,2ec9b556fbc202fe,complete,full_configured_budget,quantity_skew_extension,sst2,adaptive_uniform,42,7,94.03669724770643,94.14414414414415,820,872,e066c04a65be9dbba326e194177f50d0ef4b3b2ed754fe1854db67167f2b59d8,481457452,588693474,63386644,77610438,2110,67520,14770,472640,640,364608,"[2,8,2,2,4,12,4,4,8,8]",5.4,2,12,0,0.17993575806875153,1668015104,2254438400,125.99604019455433,441.27758948132396,3046.108176279813
/home/gogoi/ahlora-quantity-20260917/runs/full-v1-quantity-adaptive_uniform-seed42,2ec9b556fbc202fe,complete,full_configured_budget,quantity_skew_extension,sst2,adaptive_uniform,42,8,94.26605504587155,94.39461883408072,822,872,103d154c9e070b2a8409b458aa0e67f281b37fb370957801235df3db9fdcb3ff,546613664,666893832,65156212,78200358,2110,67520,16880,540160,640,405120,"[2,8,2,4,4,16,4,4,8,8]",6.0,2,16,0,0.16821342627924782,1668015104,2254438400,140.1153780374077,438.9139898400754,3485.042193893343
/home/gogoi/ahlora-quantity-20260917/runs/full-v1-quantity-adaptive_uniform-seed42,2ec9b556fbc202fe,complete,full_configured_budget,quantity_skew_extension,sst2,adaptive_uniform,42,9,93.46330275229357,93.54473386183466,815,872,653f595e0509f492079a007f759d5f66002fef35d6dce289a2f76a661c73e36d,612949572,747158742,66335908,80264910,2110,67520,18990,607680,640,432128,"[2,6,2,4,4,16,2,4,16,8]",6.4,2,16,0,0.16725259983217067,1667905024,2254438400,155.40942346693035,440.53553091548383,3925.5952050378546
/home/gogoi/ahlora-quantity-20260917/runs/full-v1-quantity-adaptive_uniform-seed42,2ec9b556fbc202fe,complete,full_configured_budget,quantity_skew_extension,sst2,adaptive_uniform,42,10,94.03669724770643,94.17040358744394,820,872,d8afd030c04dcefbbd5fc1101ffef8e58ca86f8d66b79d7aa762d294b0cec267,678105832,827423652,65156260,80264910,2110,67520,21100,675200,640,405120,"[2,6,2,4,4,12,2,4,16,8]",6.0,2,16,0,0.15755899957918024,1667564544,2254438400,172.0350542700919,434.13591879140586,4359.747756402008
/home/gogoi/ahlora-quantity-20260917/runs/full-v1-quantity-adaptive_uniform-seed42,2ec9b556fbc202fe,complete,full_configured_budget,quantity_skew_extension,sst2,adaptive_uniform,42,11,94.03669724770643,94.17040358744394,820,872,d1918ceea73c063b7aaf95a5791dd739a4e1741309efb4b3400367f34309e114,741492620,904739442,63386788,77315790,2110,67520,23210,742720,640,364608,"[2,4,2,4,4,12,2,4,12,8]",5.4,2,12,0,0.15504801732535425,1667576832,2254438400,189.94100354681194,432.05949254799634,4791.824796155095
/home/gogoi/ahlora-quantity-20260917/runs/full-v1-quantity-adaptive_uniform-seed42,2ec9b556fbc202fe,complete,full_configured_budget,quantity_skew_extension,sst2,adaptive_uniform,42,12,93.92201834862385,94.07821229050279,819,872,e2bd24bf3da1020fd2bdf90a91c2a0f2827fa0cb8ec27b1536335fc4524d85b3,805468992,985594080,63976372,80854638,2110,67520,25320,810240,640,378112,"[2,8,2,2,4,8,2,4,16,8]",5.6,2,16,0,0.15153390883415815,1666286592,2254438400,203.11570483680447,429.59994409419596,5221.439470713958
/home/gogoi/ahlora-quantity-20260917/runs/full-v1-quantity-adaptive_uniform-seed42,2ec9b556fbc202fe,complete,full_configured_budget,quantity_skew_extension,sst2,adaptive_uniform,42,13,93.92201834862385,94.0649496080627,819,872,3156fa0b62d8109271b256d8af7b4978e9c06fc0b9b4f0349815fc6c9b08a85a,871804804,1066448718,66335812,80854638,2110,67520,27430,877760,640,432128,"[2,8,2,2,4,16,2,4,16,8]",6.4,2,16,0,0.14862213407799554,1666286592,2254438400,217.97546171949222,425.4701255373657,5646.930657723919
/home/gogoi/ahlora-quantity-20260917/runs/full-v1-quantity-adaptive_uniform-seed42,2ec9b556fbc202fe,complete,full_configured_budget,quantity_skew_extension,sst2,adaptive_uniform,42,14,93.69266055045871,93.82716049382717,817,872,10959d4bd97bd561552cefddc1e5f722827495aef61c08daf9cd67c5bc0e6b03,936961064,1144944156,65156260,78495438,2110,67520,29540,945280,640,405120,"[2,6,2,4,4,16,2,4,12,8]",6.0,2,16,0,0.15094747642767992,1669305344,2254438400,228.06311256699217,412.8887931685895,6059.839283921756
/home/gogoi/ahlora-quantity-20260917/runs/full-v1-quantity-adaptive_uniform-seed42,2ec9b556fbc202fe,complete,full_configured_budget,quantity_skew_extension,sst2,adaptive_uniform,42,15,93.69266055045871,93.79932356257046,817,872,595d638e3f1c80dd389b7b9a6abc83ecab337e88dae25d3ad5425de06366fba1,1003297116,1228158474,66336052,83214318,2110,67520,31650,1012800,640,432128,"[2,6,2,4,4,12,2,4,12,16]",6.4,2,16,0,0.1401787537735472,1669347328,2254438400,239.68777466980595,426.86975461710244,6486.728889877908
/home/gogoi/ahlora-quantity-20260917/runs/full-v1-quantity-adaptive_uniform-seed42,2ec9b556fbc202fe,complete,full_configured_budget,quantity_skew_extension,sst2,adaptive_uniform,42,16,93.46330275229357,93.6026936026936,815,872,c97a9dd30fbfc4ed3fc6684622a6b932e0e03c4c67841df5d66be9e5f2fab885,1067273632,1307833536,63976516,79675062,2110,67520,33760,1080320,640,378112,"[2,4,2,2,4,12,2,4,8,16]",5.6,2,16,0,0.14525516798550933,1667576832,2254438400,256.5591654303586,425.91106330323964,6912.660771320574
/home/gogoi/ahlora-quantity-20260917/runs/full-v1-quantity-adaptive_uniform-seed42,2ec9b556fbc202fe,complete,full_configured_budget,quantity_skew_extension,sst2,adaptive_uniform,42,17,93.34862385321101,93.42403628117914,814,872,0a63104ec7f4405875e8338c15ded6c83aaccb0b4be128d98baad1ab88babd46,1130070356,1387508598,62796724,79675062,2110,67520,35870,1147840,640,351104,"[2,4,2,2,4,8,2,4,8,16]",5.2,2,16,0,0.1415443994029068,1666286592,2254438400,272.51706350213976,409.5675305109471,7322.248722163029
/home/gogoi/ahlora-quantity-20260917/runs/full-v1-quantity-adaptive_uniform-seed42,2ec9b556fbc202fe,complete,full_configured_budget,quantity_skew_extension,sst2,adaptive_uniform,42,18,93.57798165137615,93.66515837104072,816,872,67047b21749fa65828d673cba7a73b4d91d98523668597a2cf09ad997a5a0a31,1192277352,1465119324,62206996,77610726,2110,67520,37980,1215360,640,337600,"[2,4,2,2,4,8,4,4,8,12]",5.0,2,12,0,0.1379971226208051,1667576832,2254438400,280.1183770971895,413.5468793185428,7735.813049840741
/home/gogoi/ahlora-quantity-20260917/runs/full-v1-quantity-adaptive_uniform-seed42,2ec9b556fbc202fe,complete,full_configured_budget,quantity_skew_extension,sst2,adaptive_uniform,42,19,93.80733944954129,93.91891891891892,818,872,c37ca27a9006f85606a9ec13854248c3a6913752a4257525a26d4045bcfaa3ff,1257433564,1548038562,65156212,82919238,2110,67520,40090,1282880,640,405120,"[2,8,2,4,4,8,4,4,8,16]",6.0,2,16,0,0.13385429779694263,1667905024,2254438400,281.8198154727012,416.31968559883535,8152.147508727387
/home/gogoi/ahlora-quantity-20260917/runs/full-v1-quantity-adaptive_uniform-seed42,2ec9b556fbc202fe,complete,full_configured_budget,quantity_skew_extension,sst2,adaptive_uniform,42,20,93.11926605504587,93.25842696629213,812,872,85f4482ca183bcd791fe49c88caf979e845a6ee4455971f636a348fed9812bda,1323179504,1631252664,65745940,83214102,2110,67520,42200,1350400,640,418624,"[2,8,2,4,8,8,2,4,8,16]",6.2,2,16,0,0.13054372060567282,1668015104,2254438400,291.6667533837158,438.3852083077654,8590.549706045538
/home/gogoi/ahlora-quantity-20260917/runs/full-v1-quantity-adaptive_uniform-seed43,2ec9b556fbc202fe,complete,full_configured_budget,quantity_skew_extension,sst2,adaptive_uniform,43,1,92.31651376146789,92.59668508287292,805,872,bb47eaffe61847f64cd1154b728d4b6a4275a2a1a95f32342deac77eada0eaca,73414228,90587550,73414228,90587550,2110,67520,2110,67520,640,594176,"[8,16,4,4,16,16,4,8,4,8]",8.8,4,16,0,0.36404918465427877,1671488512,2172649472,50.33613329340557,434.60721953678876,434.607224307023
/home/gogoi/ahlora-quantity-20260917/runs/full-v1-quantity-adaptive_uniform-seed43,2ec9b556fbc202fe,complete,full_configured_budget,quantity_skew_extension,sst2,adaptive_uniform,43,2,92.66055045871559,92.90465631929047,808,872,2090fcd36e482fca156b242d469d3aac3e566d3fe8d67bd852a1029df12bc274,146828456,181175100,73414228,90587550,2110,67520,4220,135040,640,594176,"[8,16,4,4,16,16,4,8,4,8]",8.8,4,16,0,0.2499523083123233,1671488512,2172649472,53.0117927572077,435.5519054196775,870.1810616115108
/home/gogoi/ahlora-quantity-20260917/runs/full-v1-quantity-adaptive_uniform-seed43,2ec9b556fbc202fe,complete,full_configured_budget,quantity_skew_extension,sst2,adaptive_uniform,43,3,93.57798165137615,93.76391982182628,816,872,dae20994a70f67ac4f75ef5a8d2f8f260a1992625ab7ef3cc5b009433c669acc,220242684,271762650,73414228,90587550,2110,67520,6330,202560,640,594176,"[8,16,4,4,16,16,4,8,4,8]",8.8,4,16,0,0.22233968167063686,1671488512,2172649472,62.13594707291628,441.0973581261933,1311.3094522552565
/home/gogoi/ahlora-quantity-20260917/runs/full-v1-quantity-adaptive_uniform-seed43,2ec9b556fbc202fe,complete,full_configured_budget,quantity_skew_extension,sst2,adaptive_uniform,43,4,93.57798165137615,93.72197309417041,816,872,89c59ee4e2b654ffea0116925dfb43e2c76258f9b6b23fce3ae30cecc43c7ea6,286578736,353207448,66336052,81444798,2110,67520,8440,270080,640,432128,"[6,12,4,2,12,12,2,6,2,6]",6.4,2,12,0,0.21036428467732504,1670198272,2172649472,73.76204030325478,437.4825938632712,1748.8213426703587
/home/gogoi/ahlora-quantity-20260917/runs/full-v1-quantity-adaptive_uniform-seed43,2ec9b556fbc202fe,complete,full_configured_budget,quantity_skew_extension,sst2,adaptive_uniform,43,5,93.34862385321101,93.51230425055928,814,872,81a7ced3b4e7eb2abe7823d16aa556231e0a3f348b94c0ecf61116d747597cec,352914788,434652246,66336052,81444798,2110,67520,10550,337600,640,432128,"[6,12,4,2,12,12,2,6,2,6]",6.4,2,12,0,0.19376298205207557,1670198272,2172649472,89.34932190210095,443.3313702782616,2192.171568025835
/home/gogoi/ahlora-quantity-20260917/runs/full-v1-quantity-adaptive_uniform-seed43,2ec9b556fbc202fe,complete,full_configured_budget,quantity_skew_extension,sst2,adaptive_uniform,43,6,93.69266055045871,93.86845039018952,817,872,ff61ff0aa1f45bbc5fcdfbad71fa166ea0c5cb7483e9f074e159de4dca3ff85e,413941992,509903388,61027204,75251142,2110,67520,12660,405120,640,310592,"[4,8,4,2,8,8,2,4,2,4]",4.6,2,8,0,0.188289111940316,1667262464,2172649472,107.8775784321196,432.06620089150965,2624.2499089371413
/home/gogoi/ahlora-quantity-20260917/runs/full-v1-quantity-adaptive_uniform-seed43,2ec9b556fbc202fe,complete,full_configured_budget,quantity_skew_extension,sst2,adaptive_uniform,43,7,93.69266055045871,93.85474860335195,817,872,11ffa0f89bbb2defc48e871bf611d22273818635c3ecf3cf8c58f4d1a79e57b8,474379276,584859570,60437284,74956182,2110,67520,14770,472640,640,297088,"[4,8,2,2,8,8,2,4,2,4]",4.4,2,8,0,0.18243470296996947,1668895744,2172649472,129.382952436323,430.90921825077385,3055.1973122199997
/home/gogoi/ahlora-quantity-20260917/runs/full-v1-quantity-adaptive_uniform-seed43,2ec9b556fbc202fe,complete,full_configured_budget,quantity_skew_extension,sst2,adaptive_uniform,43,8,93.46330275229357,93.63128491620111,815,872,b582651c49120b695bed6e71ad040ecb98377f1c3e897ed308861f0b650e9b8a,537176000,663354912,62796724,78495342,2110,67520,16880,540160,640,351104,"[4,8,2,2,16,8,2,4,2,4]",5.2,2,16,0,0.172183339669266,1668895744,2172649472,148.7205230769194,430.7475608838722,3485.9598623104393
/home/gogoi/ahlora-quantity-20260917/runs/full-v1-quantity-adaptive_uniform-seed43,2ec9b556fbc202fe,complete,full_configured_budget,quantity_skew_extension,sst2,adaptive_uniform,43,9,93.57798165137615,93.70786516853933,816,872,0ab3592aaf3b588b4526c383ab23fd2f8ad4cd89c262ec2e0449e16a60bf7152,599972724,741850254,62796724,78495342,2110,67520,18990,607680,640,351104,"[4,8,2,2,16,8,2,4,2,4]",5.2,2,16,0,0.16559815720819993,1668895744,2172649472,166.03332217925973,418.2671392969787,3904.2416087649763
/home/gogoi/ahlora-quantity-20260917/runs/full-v1-quantity-adaptive_uniform-seed43,2ec9b556fbc202fe,complete,full_configured_budget,quantity_skew_extension,sst2,adaptive_uniform,43,10,93.69266055045871,93.86845039018952,817,872,276fb50bd9aba11d081cb58de044db11e1a0d260ed7d053badc75fb6f30f352c,662769448,819755772,62796724,77905518,2110,67520,21100,675200,640,351104,"[4,8,2,2,12,8,2,4,2,8]",5.2,2,12,0,0.16229898514989125,1669855232,2172649472,182.47302566281246,429.68214327841997,4333.938997198828
/home/gogoi/ahlora-quantity-20260917/runs/full-v1-quantity-adaptive_uniform-seed43,2ec9b556fbc202fe,complete,full_configured_budget,quantity_skew_extension,sst2,adaptive_uniform,43,11,93.80733944954129,93.97321428571429,818,872,76aa6719e519c5b74afebb74a17cfa8c09972438c31895282cbe3bc7c557a87a,727925612,897661290,65156164,77905518,2110,67520,23210,742720,640,405120,"[4,16,2,2,12,8,2,4,2,8]",6.0,2,16,0,0.15751893037420606,1669855232,2172649472,198.80891279409968,432.5925682410598,4766.545897898264
/home/gogoi/ahlora-quantity-20260917/runs/full-v1-quantity-adaptive_uniform-seed43,2ec9b556fbc202fe,complete,full_configured_budget,quantity_skew_extension,sst2,adaptive_uniform,43,12,93.57798165137615,93.70786516853933,816,872,fdd9dd181040fb3ebed2e29094edb1de0e00104e9474ce0cba96c8f396f3e554,791312160,973207296,63386548,75546006,2110,67520,25320,810240,640,364608,"[4,16,2,2,8,8,2,4,2,6]",5.4,2,16,0,0.15614206930572802,1670198272,2172649472,216.42864029768214,427.56405107676983,5194.133904830553
/home/gogoi/ahlora-quantity-20260917/runs/full-v1-quantity-adaptive_uniform-seed43,2ec9b556fbc202fe,complete,full_configured_budget,quantity_skew_extension,sst2,adaptive_uniform,43,13,93.69266055045871,93.85474860335195,817,872,6be2b178e87f96d9ccf26b3b788e01ff85b2a96f7e21d29501be3f314a79eff1,853519060,1048753302,62206900,75546006,2110,67520,27430,877760,640,337600,"[4,12,2,2,8,8,2,4,2,6]",5.0,2,12,0,0.14648190067415634,1670198272,2172649472,233.20932258856863,428.7575820721686,5622.903263631277
/home/gogoi/ahlora-quantity-20260917/runs/full-v1-quantity-adaptive_uniform-seed43,2ec9b556fbc202fe,complete,full_configured_budget,quantity_skew_extension,sst2,adaptive_uniform,43,14,93.69266055045871,93.8132733408324,817,872,d7768b651c87aacef29f7fbdcdcc8f867a99d239aade05b0610d05e1108ac27f,915726056,1125184284,62206996,76430982,2110,67520,29540,945280,640,337600,"[4,12,2,2,8,8,4,4,2,4]",5.0,2,12,0,0.1474009569089223,1668895744,2172649472,244.43960236113037,433.5288282521069,6056.448090745136
/home/gogoi/ahlora-quantity-20260917/runs/full-v1-quantity-adaptive_uniform-seed43,2ec9b556fbc202fe,complete,full_configured_budget,quantity_skew_extension,sst2,adaptive_uniform,43,15,93.80733944954129,93.91891891891892,818,872,7814ca7e7d159bbf34c46b1e210c65a247559a4c382c8bca9fa6406b51cb7528,978522828,1203089874,62796772,77905590,2110,67520,31650,1012800,640,351104,"[4,8,4,2,8,8,4,4,2,8]",5.2,2,8,0,0.14475903007279714,1671488512,2172649472,246.84762815273893,424.7051204405725,6481.169496650808
/home/gogoi/ahlora-quantity-20260917/runs/full-v1-quantity-adaptive_uniform-seed43,2ec9b556fbc202fe,complete,full_configured_budget,quantity_skew_extension,sst2,adaptive_uniform,43,16,93.34862385321101,93.46846846846847,814,872,60785d202417d1a3fa5d465cf8ee0dbcba49146ae6c458f9cc2db6a41f8d1d27,1041319600,1280405544,62796772,77315670,2110,67520,33760,1080320,640,351104,"[4,8,4,2,8,8,2,4,4,8]",5.2,2,8,0,0.1412712056769921,1669855232,2172649472,252.5615940583441,426.35099464282393,6907.535176137462
/home/gogoi/ahlora-quantity-20260917/runs/full-v1-quantity-adaptive_uniform-seed43,2ec9b556fbc202fe,complete,full_configured_budget,quantity_skew_extension,sst2,adaptive_uniform,43,17,94.03669724770643,94.17040358744394,820,872,fc6c23025219315047754fe2c93595f71fb48092f04e8c1bc78fc65e017256dd,1103526548,1357131390,62206948,76725846,2110,67520,35870,1147840,640,337600,"[4,8,4,2,8,8,2,4,4,6]",5.0,2,8,0,0.13710988555732515,1669180928,2172649472,262.1869829830234,430.47071070503443,7338.021122892387
/home/gogoi/ahlora-quantity-20260917/runs/full-v1-quantity-adaptive_uniform-seed43,2ec9b556fbc202fe,complete,full_configured_budget,quantity_skew_extension,sst2,adaptive_uniform,43,18,93.92201834862385,93.98410896708286,819,872,a8d90439d1ca896074f8831875bd75362b6854920bb60169c8e41f457c1c2a32,1165143576,1432972356,61617028,75840966,2110,67520,37980,1215360,640,324096,"[4,8,4,2,8,8,2,4,2,6]",4.8,2,8,0,0.13958156146483935,1670198272,2172649472,277.219503781477,432.6138885198161,7770.659041989595
/home/gogoi/ahlora-quantity-20260917/runs/full-v1-quantity-adaptive_uniform-seed43,2ec9b556fbc202fe,complete,full_configured_budget,quantity_skew_extension,sst2,adaptive_uniform,43,19,94.03669724770643,94.15730337078652,820,872,8c1ef1d5e63f0fb93289fbfb9621da4ef7c4fe582cf90e76fafd8ea5516f9595,1226760508,1510287834,61616932,77315478,2110,67520,40090,1282880,640,324096,"[4,8,2,2,8,8,2,8,2,4]",4.8,2,8,0,0.13853863168174568,1669297152,2172649472,294.1369355081591,431.0542672779411,8201.73002272565
/home/gogoi/ahlora-quantity-20260917/runs/full-v1-quantity-adaptive_uniform-seed43,2ec9b556fbc202fe,complete,full_configured_budget,quantity_skew_extension,sst2,adaptive_uniform,43,20,94.15137614678899,94.27609427609427,821,872,223f520f6b6dc661f5556038c0d827dbb9c3f1d2947986924e67b9cc5ec6148b,1291326800,1589078112,64566292,78790278,2110,67520,42200,1350400,640,391616,"[4,16,2,2,8,8,4,8,2,4]",5.8,2,16,0,0.13485407591394646,1667878400,2172649472,301.20593130792884,423.891478841193,8625.637347358279
/home/gogoi/ahlora-quantity-20260917/runs/full-v1-quantity-adaptive_uniform-seed44,2ec9b556fbc202fe,complete,full_configured_budget,quantity_skew_extension,sst2,adaptive_uniform,44,1,93.23394495412845,93.34836527621195,813,872,626e0629cc6c99cbeb219926c34d5327387637c5216472281694d002df72ffd9,73414228,85278990,73414228,85278990,2110,67520,2110,67520,640,594176,"[8,8,16,8,16,16,4,4,4,4]",8.8,4,16,0,0.3647120702808714,1667934208,2147483648,48.676893704712995,431.62013690546155,431.6201479258016
/home/gogoi/ahlora-quantity-20260917/runs/full-v1-quantity-adaptive_uniform-seed44,2ec9b556fbc202fe,complete,full_configured_budget,quantity_skew_extension,sst2,adaptive_uniform,44,2,92.66055045871559,92.88888888888889,808,872,5f0912dabe7f9f016f1b45e0c3adf4b9b8079108d94fbddafc4a0ef35511d6f0,146828456,170557980,73414228,85278990,2110,67520,4220,135040,640,594176,"[8,8,16,8,16,16,4,4,4,4]",8.8,4,16,0,0.25517346695930615,1667934208,2147483648,53.34123535395313,422.0374026997015,853.681377755478
/home/gogoi/ahlora-quantity-20260917/runs/full-v1-quantity-adaptive_uniform-seed44,2ec9b556fbc202fe,complete,full_configured_budget,quantity_skew_extension,sst2,adaptive_uniform,44,3,93.57798165137615,93.73601789709173,816,872,7724a98d7e1a3aa1b56ec256c31370a29fdcf4261f5a04c98551f016e14883ca,220242684,255836970,73414228,85278990,2110,67520,6330,202560,640,594176,"[8,8,16,8,16,16,4,4,4,4]",8.8,4,16,0,0.2213659806164882,1612462080,2149580800,63.43030538858237,422.0873336503282,1275.7867561737075
/home/gogoi/ahlora-quantity-20260917/runs/full-v1-quantity-adaptive_uniform-seed44,2ec9b556fbc202fe,complete,full_configured_budget,quantity_skew_extension,sst2,adaptive_uniform,44,4,93.57798165137615,93.72197309417041,816,872,2b867939b9362f333df4fa031f75560f05366f09645d0a7809d968532a4ce5a5,285988816,332267832,65746132,76430862,2110,67520,8440,270080,640,418624,"[6,6,12,6,12,12,2,2,2,2]",6.2,2,12,0,0.2085549913830084,1611188736,2149580800,75.60885671187688,425.6793818548322,1701.4933458324522
/home/gogoi/ahlora-quantity-20260917/runs/full-v1-quantity-adaptive_uniform-seed44,2ec9b556fbc202fe,complete,full_configured_budget,quantity_skew_extension,sst2,adaptive_uniform,44,5,93.46330275229357,93.5883014623172,815,872,5bc90b92cb3e26d121494ed458e4871e0d4717ced6873f8fa1f3a348e939ee90,351734948,408698694,65746132,76430862,2110,67520,10550,337600,640,418624,"[6,6,12,6,12,12,2,2,2,2]",6.2,2,12,0,0.1962530354040088,1666643968,2149580800,95.52806063316079,428.8447912344709,2130.3533919723704
/home/gogoi/ahlora-quantity-20260917/runs/full-v1-quantity-adaptive_uniform-seed44,2ec9b556fbc202fe,complete,full_configured_budget,quantity_skew_extension,sst2,adaptive_uniform,44,6,93.34862385321101,93.59823399558499,814,872,a82ba4dea2c6c2126467683f07b767e0f6037c05ff4a07a27be7b040a4ac2ced,412172232,481000428,60437284,72301734,2110,67520,12660,405120,640,297088,"[4,4,8,4,8,8,2,2,2,2]",4.4,2,8,0,0.18866569286033563,1665341440,2149580800,116.03500214980042,431.32565939147025,2561.69314693287
/home/gogoi/ahlora-quantity-20260917/runs/full-v1-quantity-adaptive_uniform-seed44,2ec9b556fbc202fe,complete,full_configured_budget,quantity_skew_extension,sst2,adaptive_uniform,44,7,93.80733944954129,93.98663697104676,818,872,605cbcdb62d897d3b956043ea41511cc6a8749cd33e80d8304d77698806c1740,472609516,553302162,60437284,72301734,2110,67520,14770,472640,640,297088,"[4,4,8,4,8,8,2,2,2,2]",4.4,2,8,0,0.18030349749414376,1665341440,2149580800,139.11434861782777,423.33325699251145,2985.0409993482754
/home/gogoi/ahlora-quantity-20260917/runs/full-v1-quantity-adaptive_uniform-seed44,2ec9b556fbc202fe,complete,full_configured_budget,quantity_skew_extension,sst2,adaptive_uniform,44,8,94.26605504587155,94.38202247191012,822,872,1dcb8fd481f16bbb05764c9097ef593abd5c083203f7a0003e1cdd1dd2be8a85,535406240,629143056,62796724,75840894,2110,67520,16880,540160,640,351104,"[4,4,8,4,8,16,2,2,2,2]",5.2,2,16,0,0.17075759876377095,1665341440,2149580800,162.08531152331494,426.7012368552387,3411.767496868968
/home/gogoi/ahlora-quantity-20260917/runs/full-v1-quantity-adaptive_uniform-seed44,2ec9b556fbc202fe,complete,full_configured_budget,quantity_skew_extension,sst2,adaptive_uniform,44,9,94.03669724770643,94.1834451901566,820,872,eb6e73790891362bcebc7775e1c74664c61d87542cc558c095ac1e89446817ad,598202964,704983950,62796724,75840894,2110,67520,18990,607680,640,351104,"[4,4,8,4,8,16,2,2,2,2]",5.2,2,16,0,0.16632939877939026,1664051200,2149580800,180.93528154317931,429.74537082668394,3841.5378875453025
/home/gogoi/ahlora-quantity-20260917/runs/full-v1-quantity-adaptive_uniform-seed44,2ec9b556fbc202fe,complete,full_configured_budget,quantity_skew_extension,sst2,adaptive_uniform,44,10,93.57798165137615,93.67945823927765,816,872,c7b48998fd8385ad64dcf7f076fa13f58c1a0510677723849ebbd4e629fa98ec,659820040,779055372,61617076,74071422,2110,67520,21100,675200,640,324096,"[4,4,8,4,8,12,2,2,2,2]",4.8,2,12,0,0.16351880810302968,1664051200,2149580800,201.79317734403497,439.16862773709,4280.721349803731
/home/gogoi/ahlora-quantity-20260917/runs/full-v1-quantity-adaptive_uniform-seed44,2ec9b556fbc202fe,complete,full_configured_budget,quantity_skew_extension,sst2,adaptive_uniform,44,11,93.80733944954129,93.94618834080717,818,872,c9210256f2fb735b3ac27837ee0c6a183e37c2ecc622a2d7a52612db2659b936,721437116,853126794,61617076,74071422,2110,67520,23210,742720,640,324096,"[4,4,8,4,8,12,2,2,2,2]",4.8,2,12,0,0.15562648869474624,1664051200,2149580800,219.97873411323297,435.8882238827646,4716.624862730503
/home/gogoi/ahlora-quantity-20260917/runs/full-v1-quantity-adaptive_uniform-seed44,2ec9b556fbc202fe,complete,full_configured_budget,quantity_skew_extension,sst2,adaptive_uniform,44,12,93.80733944954129,93.95973154362416,818,872,bcda4a7f4ed23302bfc9bc1e55703faf6d0ad619cd24251de3fb6b451bfb2058,781874400,925428528,60437284,72301734,2110,67520,25320,810240,640,297088,"[4,4,8,4,8,8,2,2,2,2]",4.4,2,8,0,0.15090637857491515,1665341440,2149580800,238.6703688128964,423.5591736640781,5140.2009635102
/home/gogoi/ahlora-quantity-20260917/runs/full-v1-quantity-adaptive_uniform-seed44,2ec9b556fbc202fe,complete,full_configured_budget,quantity_skew_extension,sst2,adaptive_uniform,44,13,93.57798165137615,93.72197309417041,816,872,ad354da2f6ae85b4b777edf4098da689df76226dfb58068b5788d0d07c44287f,842901604,998910102,61027204,73481574,2110,67520,27430,877760,640,310592,"[4,4,8,4,8,8,4,2,2,2]",4.6,2,8,0,0.1472447500022289,1665341440,2149580800,251.30509107911877,428.25112592149526,5568.467272338457
/home/gogoi/ahlora-quantity-20260917/runs/full-v1-quantity-adaptive_uniform-seed44,2ec9b556fbc202fe,complete,full_configured_budget,quantity_skew_extension,sst2,adaptive_uniform,44,14,93.80733944954129,93.93258426966293,818,872,7d9d56b4eca6da352ab6fb171df991a6a13dda6894722d143c1a1db1329e0043,903928808,1072391676,61027204,73481574,2110,67520,29540,945280,640,310592,"[4,4,8,4,8,8,4,2,2,2]",4.6,2,8,0,0.14511760041738608,1664031744,2149580800,264.9581481571248,433.32709573954344,6001.811513490975
/home/gogoi/ahlora-quantity-20260917/runs/full-v1-quantity-adaptive_uniform-seed44,2ec9b556fbc202fe,complete,full_configured_budget,quantity_skew_extension,sst2,adaptive_uniform,44,15,93.80733944954129,93.90519187358916,818,872,9312452d27d1aab876a6511e1e9a4bd03535428038bb5a50cee00db18dbf0ef4,964956012,1145578290,61027204,73186614,2110,67520,31650,1012800,640,310592,"[4,4,8,4,8,8,2,2,2,4]",4.6,2,8,0,0.13841486197339192,1665341440,2149580800,276.3435811534887,428.32348605711013,6430.149501004256
/home/gogoi/ahlora-quantity-20260917/runs/full-v1-quantity-adaptive_uniform-seed44,2ec9b556fbc202fe,complete,full_configured_budget,quantity_skew_extension,sst2,adaptive_uniform,44,16,93.80733944954129,93.91891891891892,818,872,0ca70b9e96a3b6f0294b4f972bb00650761ccfb402f4e4d2ed909ff195771c22,1025983216,1218764904,61027204,73186614,2110,67520,33760,1080320,640,310592,"[4,4,8,4,8,8,2,2,2,4]",4.6,2,8,0,0.13785763576715435,1608904704,2149580800,289.12619762408553,427.6681529460475,6857.832256756723
/home/gogoi/ahlora-quantity-20260917/runs/full-v1-quantity-adaptive_uniform-seed44,2ec9b556fbc202fe,complete,full_configured_budget,quantity_skew_extension,sst2,adaptive_uniform,44,17,93.92201834862385,94.0649496080627,819,872,0403e3d2571ce44dbef794043b5795b2c7b364da61124d936569e9b7fa90690c,1086420500,1291066638,60437284,72301734,2110,67520,35870,1147840,640,297088,"[4,4,8,4,8,8,2,2,2,2]",4.4,2,8,0,0.1402723798841249,1609898496,2149580800,309.85486371212426,432.98171468731016,7290.828375452198
/home/gogoi/ahlora-quantity-20260917/runs/full-v1-quantity-adaptive_uniform-seed44,2ec9b556fbc202fe,complete,full_configured_budget,quantity_skew_extension,sst2,adaptive_uniform,44,18,93.80733944954129,93.93258426966293,818,872,c89ca87f7361e24c81839f35ede1e05106d546513806c13aac9f878fcd8caa46,1148037432,1363958196,61616932,72891558,2110,67520,37980,1215360,640,324096,"[4,8,8,4,8,8,2,2,2,2]",4.8,2,8,0,0.13135678898925884,1609898496,2149580800,322.0901451871416,432.5632338542491,7723.406714300625
/home/gogoi/ahlora-quantity-20260917/runs/full-v1-quantity-adaptive_uniform-seed44,2ec9b556fbc202fe,complete,full_configured_budget,quantity_skew_extension,sst2,adaptive_uniform,44,19,93.80733944954129,93.91891891891892,818,872,e925357ca6b7dbf0b90dae1263cd2c7b9f004fdab3f9f6f5a11be60be317e2fe,1210834012,1437439578,62796580,73481382,2110,67520,40090,1282880,640,351104,"[4,8,8,8,8,8,2,2,2,2]",5.2,2,8,0,0.13004627781693925,1666362368,2149580800,324.47501575268484,429.5478761056438,8152.969204722904
/home/gogoi/ahlora-quantity-20260917/runs/full-v1-quantity-adaptive_uniform-seed44,2ec9b556fbc202fe,complete,full_configured_budget,quantity_skew_extension,sst2,adaptive_uniform,44,20,93.92201834862385,94.02480270574972,819,872,a3818361726c7ef288440b9121433c8fec21aa4eb9a047ca9554a03a747fb36b,1275400160,1513280448,64566148,75840870,2110,67520,42200,1350400,640,391616,"[8,8,8,8,8,8,2,2,4,2]",5.8,2,8,0,0.12629707634040171,1612466688,2149580800,324.6157304741283,429.49395336117595,8582.4781610379
/home/gogoi/ahlora-quantity-20260917/runs/full-v1-quantity-declora16-seed42,2ec9b556fbc202fe,complete,full_configured_budget,quantity_skew_extension,sst2,declora16,42,1,91.62844036697248,91.89789123196448,799,872,5796c962766d5d3f8e881fbfae7a2d70a088e8d7ff60fa1389c899a67c3ebef8,94648900,118310574,94648900,118310574,2110,67520,2110,67520,0,1080320,"[16,16,16,16,16,16,16,16,16,16]",16.0,16,16,7,0.3621715993872045,1674023424,2254438400,18.23607125119535,409.78818570356816,409.7881926968694
/home/gogoi/ahlora-quantity-20260917/runs/full-v1-quantity-declora16-seed42,2ec9b556fbc202fe,complete,full_configured_budget,quantity_skew_extension,sst2,declora16,42,2,93.11926605504587,93.28859060402685,812,872,50ccd0e277f52614f2b5f7ff37bc4ef520f1830a67467eca966ea40f34d42443,189297800,236621148,94648900,118310574,2110,67520,4220,135040,0,1080320,"[16,16,16,16,16,16,16,16,16,16]",16.0,16,16,7,0.2614035848779736,1672969216,2254438400,36.597241174689586,417.6693072812632,827.4748667553067
/home/gogoi/ahlora-quantity-20260917/runs/full-v1-quantity-declora16-seed42,2ec9b556fbc202fe,complete,full_configured_budget,quantity_skew_extension,sst2,declora16,42,3,93.69266055045871,93.85474860335195,817,872,a5ed346c9003fd3f5d6b1159a00debfd54cca43f79913d9e599ead74896bf7f3,283946700,354931722,94648900,118310574,2110,67520,6330,202560,0,1080320,"[16,16,16,16,16,16,16,16,16,16]",16.0,16,16,7,0.2298030704957261,1674023424,2254438400,57.058869474148395,419.01306594070047,1246.5116746649146
/home/gogoi/ahlora-quantity-20260917/runs/full-v1-quantity-declora16-seed42,2ec9b556fbc202fe,complete,full_configured_budget,quantity_skew_extension,sst2,declora16,42,4,93.80733944954129,93.97321428571429,818,872,a8cd8e0a00bad98ae48ae3f92a27a2e74b6f48741e39bfc5fc4db51a16812c7d,378595600,473242296,94648900,118310574,2110,67520,8440,270080,0,1080320,"[16,16,16,16,16,16,16,16,16,16]",16.0,16,16,7,0.20992851670979307,1674023424,2254438400,79.2599254960996,414.5841748183593,1661.1149452831596
/home/gogoi/ahlora-quantity-20260917/runs/full-v1-quantity-declora16-seed42,2ec9b556fbc202fe,complete,full_configured_budget,quantity_skew_extension,sst2,declora16,42,5,94.15137614678899,94.2889137737962,821,872,561c81c9dd768868a73ff1c3b8fd9106828dc6c3e65b360b6fec0be31293ccb7,473244500,591552870,94648900,118310574,2110,67520,10550,337600,0,1080320,"[16,16,16,16,16,16,16,16,16,16]",16.0,16,16,7,0.18665380592450226,1674023424,2254438400,99.31971490492245,425.6318079298362,2086.7743187649176
/home/gogoi/ahlora-quantity-20260917/runs/full-v1-quantity-declora16-seed42,2ec9b556fbc202fe,complete,full_configured_budget,quantity_skew_extension,sst2,declora16,42,6,94.38073394495413,94.51287793952967,823,872,87aba45f084e6e3d5899e399aada9241d3560caaf8817882cbd3a4759f83f6dc,567893400,709863444,94648900,118310574,2110,67520,12660,405120,0,1080320,"[16,16,16,16,16,16,16,16,16,16]",16.0,16,16,7,0.17771191762680832,1674613248,2254438400,119.80190167650895,420.9526515658945,2507.7498481366783
/home/gogoi/ahlora-quantity-20260917/runs/full-v1-quantity-declora16-seed42,2ec9b556fbc202fe,complete,full_configured_budget,quantity_skew_extension,sst2,declora16,42,7,93.69266055045871,93.79932356257046,817,872,d4540c2bbfc926c5033ce06b4e57debe577ae9fd36f71bbf82061a6e36ae58d7,662542300,828174018,94648900,118310574,2110,67520,14770,472640,0,1080320,"[16,16,16,16,16,16,16,16,16,16]",16.0,16,16,7,0.1654288125151307,1674023424,2254438400,139.9594159358336,425.1225576652214,2932.8975086808205
/home/gogoi/ahlora-quantity-20260917/runs/full-v1-quantity-declora16-seed42,2ec9b556fbc202fe,complete,full_configured_budget,quantity_skew_extension,sst2,declora16,42,8,93.92201834862385,94.07821229050279,819,872,e31d2285777d374396e7583a97a9bb0670a9cdbc723cc5ec67ad5aad90b3f425,757191200,946484592,94648900,118310574,2110,67520,16880,540160,0,1080320,"[16,16,16,16,16,16,16,16,16,16]",16.0,16,16,7,0.1561165518654768,1674023424,2254438400,159.21512053668465,421.8482642835006,3354.759026005864
/home/gogoi/ahlora-quantity-20260917/runs/full-v1-quantity-declora16-seed42,2ec9b556fbc202fe,complete,full_configured_budget,quantity_skew_extension,sst2,declora16,42,9,93.57798165137615,93.72197309417041,816,872,2bd2592dba03904e150ea16dceacc360eb11726c99424cc4f97a3eaf804de43c,851840100,1064795166,94648900,118310574,2110,67520,18990,607680,0,1080320,"[16,16,16,16,16,16,16,16,16,16]",16.0,16,16,7,0.14834633870210312,1674613248,2254438400,174.50900635022663,431.48504449333996,3786.259807208553
/home/gogoi/ahlora-quantity-20260917/runs/full-v1-quantity-declora16-seed42,2ec9b556fbc202fe,complete,full_configured_budget,quantity_skew_extension,sst2,declora16,42,10,93.92201834862385,94.05162738496072,819,872,29a2f05696afd649a7b48b54c0d148065a5e7fb21cefeb535eac4035a179615a,946489000,1183105740,94648900,118310574,2110,67520,21100,675200,0,1080320,"[16,16,16,16,16,16,16,16,16,16]",16.0,16,16,7,0.13959744267518218,1674023424,2254438400,190.97438255790138,415.6683192336932,4201.941080284305
/home/gogoi/ahlora-quantity-20260917/runs/full-v1-quantity-declora16-seed42,2ec9b556fbc202fe,complete,full_configured_budget,quantity_skew_extension,sst2,declora16,42,11,93.80733944954129,93.95973154362416,818,872,3aab92b7efcae03e4bf0e40ed353a7535cbb7afc20a360688fe2322890c7df36,1041137900,1301416314,94648900,118310574,2110,67520,23210,742720,0,1080320,"[16,16,16,16,16,16,16,16,16,16]",16.0,16,16,7,0.13637450664857032,1674632192,2254438400,203.89889725758013,429.41944669466466,4631.376582200639
/home/gogoi/ahlora-quantity-20260917/runs/full-v1-quantity-declora16-seed42,2ec9b556fbc202fe,complete,full_configured_budget,quantity_skew_extension,sst2,declora16,42,12,93.80733944954129,93.94618834080717,818,872,3a791c09847881a3f9b045effaaa2599a0ed2ede7548daf7283426fe22255a6b,1135786800,1419726888,94648900,118310574,2110,67520,25320,810240,0,1080320,"[16,16,16,16,16,16,16,16,16,16]",16.0,16,16,7,0.1314032519692006,1672969216,2254438400,215.07712039377986,422.08394623175263,5053.476371341385
/home/gogoi/ahlora-quantity-20260917/runs/full-v1-quantity-declora16-seed42,2ec9b556fbc202fe,complete,full_configured_budget,quantity_skew_extension,sst2,declora16,42,13,94.03669724770643,94.1834451901566,820,872,e82834f19eef1a1a886829b77427c21918e0e3d969577b99d8359ad5bd5ee8b0,1230435700,1538037462,94648900,118310574,2110,67520,27430,877760,0,1080320,"[16,16,16,16,16,16,16,16,16,16]",16.0,16,16,7,0.12685444227891385,1674023424,2254438400,228.44034083224335,428.53253278136253,5482.022034924477
/home/gogoi/ahlora-quantity-20260917/runs/full-v1-quantity-declora16-seed42,2ec9b556fbc202fe,complete,full_configured_budget,quantity_skew_extension,sst2,declora16,42,14,94.26605504587155,94.36936936936937,822,872,c64df8296f343c08fb299b04379738e25907c6b3b023555348e082ac9c840d02,1325084600,1656348036,94648900,118310574,2110,67520,29540,945280,0,1080320,"[16,16,16,16,16,16,16,16,16,16]",16.0,16,16,7,0.12492291534564558,1674023424,2254438400,239.8020662614823,418.83145474642515,5900.866381374188
/home/gogoi/ahlora-quantity-20260917/runs/full-v1-quantity-declora16-seed42,2ec9b556fbc202fe,complete,full_configured_budget,quantity_skew_extension,sst2,declora16,42,15,93.92201834862385,94.05162738496072,819,872,68232408907d2f21927063bf76ce985fafdcd1ea5e578da703f69dbaae974d1e,1419733500,1774658610,94648900,118310574,2110,67520,31650,1012800,0,1080320,"[16,16,16,16,16,16,16,16,16,16]",16.0,16,16,7,0.11738219841191533,1674632192,2254438400,250.08574173433226,420.1912160506472,6321.071260003373
/home/gogoi/ahlora-quantity-20260917/runs/full-v1-quantity-declora16-seed42,2ec9b556fbc202fe,complete,full_configured_budget,quantity_skew_extension,sst2,declora16,42,16,94.38073394495413,94.48818897637796,823,872,500963a4d031f018b6112442b26285d5b27349d7cf72cbebf2d8d0c15ce4e17f,1514382400,1892969184,94648900,118310574,2110,67520,33760,1080320,0,1080320,"[16,16,16,16,16,16,16,16,16,16]",16.0,16,16,7,0.11605793847271403,1674632192,2254438400,262.187682911376,422.581241318956,6743.665471373126
/home/gogoi/ahlora-quantity-20260917/runs/full-v1-quantity-declora16-seed42,2ec9b556fbc202fe,complete,full_configured_budget,quantity_skew_extension,sst2,declora16,42,17,94.15137614678899,94.23728813559322,821,872,c6dc67dd34f423a8f106fcf3d1ec248eb8e6a6d66af3f0d8d98b42f7bbb843e6,1609031300,2011279758,94648900,118310574,2110,67520,35870,1147840,0,1080320,"[16,16,16,16,16,16,16,16,16,16]",16.0,16,16,7,0.11252894438634918,1674023424,2254438400,271.49887112978513,428.7136064367369,7172.393935072236
/home/gogoi/ahlora-quantity-20260917/runs/full-v1-quantity-declora16-seed42,2ec9b556fbc202fe,complete,full_configured_budget,quantity_skew_extension,sst2,declora16,42,18,94.03669724770643,94.11764705882354,820,872,29cdfeb83b7cb9e80b6f487ae4340586831b38ea3a5c4195c0242389e25f2c87,1703680200,2129590332,94648900,118310574,2110,67520,37980,1215360,0,1080320,"[16,16,16,16,16,16,16,16,16,16]",16.0,16,16,7,0.11119665719548867,1673231360,2254438400,281.56334692732855,425.1547340368852,7597.5640376592055
/home/gogoi/ahlora-quantity-20260917/runs/full-v1-quantity-declora16-seed42,2ec9b556fbc202fe,complete,full_configured_budget,quantity_skew_extension,sst2,declora16,42,19,94.15137614678899,94.2889137737962,821,872,3a6e20a282aed60762b14e5b4445af1c415cc28b204074e41c75fd1f9098feed,1798329100,2247900906,94648900,118310574,2110,67520,40090,1282880,0,1080320,"[16,16,16,16,16,16,16,16,16,16]",16.0,16,16,7,0.10700688179389872,1674023424,2254438400,288.5575862228984,426.4850411247462,8024.062403240241
/home/gogoi/ahlora-quantity-20260917/runs/full-v1-quantity-declora16-seed42,2ec9b556fbc202fe,complete,full_configured_budget,quantity_skew_extension,sst2,declora16,42,20,94.61009174311927,94.72502805836139,825,872,a9ed217176c473e7b2881f2a1505e264f3189c18e6fe0a9c77a6adcfa439e627,1892978000,2366211480,94648900,118310574,2110,67520,42200,1350400,0,1080320,"[16,16,16,16,16,16,16,16,16,16]",16.0,16,16,7,0.10303932728408753,1674023424,2254438400,294.1431048143586,418.27218837291,8442.347235321999
/home/gogoi/ahlora-quantity-20260917/runs/full-v1-quantity-declora16-seed43,2ec9b556fbc202fe,complete,full_configured_budget,quantity_skew_extension,sst2,declora16,43,1,91.62844036697248,91.95148842337376,799,872,3c9dbd9bcb0c018758f6b05d200534f26072b5bfa8e8d260a6bd675a21d4f2df,94648900,118310574,94648900,118310574,2110,67520,2110,67520,0,1080320,"[16,16,16,16,16,16,16,16,16,16]",16.0,16,16,7,0.3626112496754004,1675247616,2193620992,21.319799844890095,419.4636857910082,419.4636936103925
/home/gogoi/ahlora-quantity-20260917/runs/full-v1-quantity-declora16-seed43,2ec9b556fbc202fe,complete,full_configured_budget,quantity_skew_extension,sst2,declora16,43,2,92.77522935779817,92.97658862876254,809,872,d705122b815850782f13787567ac1e4209e505765cc68bdc14ba58bf80f1a8e1,189297800,236621148,94648900,118310574,2110,67520,4220,135040,0,1080320,"[16,16,16,16,16,16,16,16,16,16]",16.0,16,16,7,0.26094961719349097,1675247616,2193620992,39.38178304569569,411.8362714815885,831.3178395610303
/home/gogoi/ahlora-quantity-20260917/runs/full-v1-quantity-declora16-seed43,2ec9b556fbc202fe,complete,full_configured_budget,quantity_skew_extension,sst2,declora16,43,3,93.23394495412845,93.43715239154616,813,872,5c491beb939d96665ee25a7953cdc9e7adf872851db0e63c2d52afbaf2e1e18c,283946700,354931722,94648900,118310574,2110,67520,6330,202560,0,1080320,"[16,16,16,16,16,16,16,16,16,16]",16.0,16,16,7,0.22849374739905617,1675247616,2193620992,61.64292264679558,408.99544568452984,1240.3333199638873
/home/gogoi/ahlora-quantity-20260917/runs/full-v1-quantity-declora16-seed43,2ec9b556fbc202fe,complete,full_configured_budget,quantity_skew_extension,sst2,declora16,43,4,93.34862385321101,93.51230425055928,814,872,44fd90c6a40fcd8c617dbf89b0a85dd7e0479e7bd859b2ba71bc355b6938aab0,378595600,473242296,94648900,118310574,2110,67520,8440,270080,0,1080320,"[16,16,16,16,16,16,16,16,16,16]",16.0,16,16,7,0.2058783985136995,1675247616,2193620992,84.07486945716833,411.5948025127873,1651.9509320603684
/home/gogoi/ahlora-quantity-20260917/runs/full-v1-quantity-declora16-seed43,2ec9b556fbc202fe,complete,full_configured_budget,quantity_skew_extension,sst2,declora16,43,5,93.34862385321101,93.51230425055928,814,872,8859a0f8485d963abfb47794f3f23628a11bd58ecee716d626220fe07afe8c66,473244500,591552870,94648900,118310574,2110,67520,10550,337600,0,1080320,"[16,16,16,16,16,16,16,16,16,16]",16.0,16,16,7,0.1864052599527701,1675247616,2193620992,106.59303315308125,412.86237783171237,2064.834111421369
/home/gogoi/ahlora-quantity-20260917/runs/full-v1-quantity-declora16-seed43,2ec9b556fbc202fe,complete,full_configured_budget,quantity_skew_extension,sst2,declora16,43,6,93.11926605504587,93.28859060402685,812,872,080192c17c81af64719c72312121f3600cc10e6ea95bdbad7f589b5afbefa338,567893400,709863444,94648900,118310574,2110,67520,12660,405120,0,1080320,"[16,16,16,16,16,16,16,16,16,16]",16.0,16,16,7,0.17484692286802633,1675247616,2193620992,128.5220789862333,417.72488558199257,2482.5702992687
/home/gogoi/ahlora-quantity-20260917/runs/full-v1-quantity-declora16-seed43,2ec9b556fbc202fe,complete,full_configured_budget,quantity_skew_extension,sst2,declora16,43,7,93.69266055045871,93.86845039018952,817,872,214bebedd5375403074cff0b07e2e02918edfc63b18a95f7519f6ccbd6b71800,662542300,828174018,94648900,118310574,2110,67520,14770,472640,0,1080320,"[16,16,16,16,16,16,16,16,16,16]",16.0,16,16,7,0.1612529380026994,1675247616,2193620992,150.88089443165302,419.1189806442708,2901.7005493370816
/home/gogoi/ahlora-quantity-20260917/runs/full-v1-quantity-declora16-seed43,2ec9b556fbc202fe,complete,full_configured_budget,quantity_skew_extension,sst2,declora16,43,8,93.80733944954129,93.91891891891892,818,872,7db3d6f6db19f7fd71ddb0d73c05ed39d08b01fd1ec1424e4396bf65dafce9a4,757191200,946484592,94648900,118310574,2110,67520,16880,540160,0,1080320,"[16,16,16,16,16,16,16,16,16,16]",16.0,16,16,7,0.15214733239126743,1675247616,2193620992,172.60259640878172,421.82729580346495,3323.5516556603834
/home/gogoi/ahlora-quantity-20260917/runs/full-v1-quantity-declora16-seed43,2ec9b556fbc202fe,complete,full_configured_budget,quantity_skew_extension,sst2,declora16,43,9,93.80733944954129,93.91891891891892,818,872,efcaacd65b246b8c289dcba4aab710798f8ca63c5687881a4f323963e7bb4fc6,851840100,1064795166,94648900,118310574,2110,67520,18990,607680,0,1080320,"[16,16,16,16,16,16,16,16,16,16]",16.0,16,16,7,0.1478022691810016,1676216832,2193620992,190.99380622022773,413.0458677103743,3736.6215887330472
/home/gogoi/ahlora-quantity-20260917/runs/full-v1-quantity-declora16-seed43,2ec9b556fbc202fe,complete,full_configured_budget,quantity_skew_extension,sst2,declora16,43,10,93.57798165137615,93.67945823927765,816,872,486afece7c461b95c71929a2573a566232415199614599fbaf1d411f4ad11b1d,946489000,1183105740,94648900,118310574,2110,67520,21100,675200,0,1080320,"[16,16,16,16,16,16,16,16,16,16]",16.0,16,16,7,0.13946166103232654,1675247616,2193620992,210.42191674036155,417.0940426681191,4153.727313772775
/home/gogoi/ahlora-quantity-20260917/runs/full-v1-quantity-declora16-seed43,2ec9b556fbc202fe,complete,full_configured_budget,quantity_skew_extension,sst2,declora16,43,11,93.80733944954129,93.90519187358916,818,872,fbdaaf53391bb377e9afe9a6c3271812afa5d966ddc4cea4d619bd8acf34b16b,1041137900,1301416314,94648900,118310574,2110,67520,23210,742720,0,1080320,"[16,16,16,16,16,16,16,16,16,16]",16.0,16,16,7,0.1365285186387202,1672901120,2193620992,226.49382120203404,422.93303127400577,4576.6726386565715
/home/gogoi/ahlora-quantity-20260917/runs/full-v1-quantity-declora16-seed43,2ec9b556fbc202fe,complete,full_configured_budget,quantity_skew_extension,sst2,declora16,43,12,94.15137614678899,94.25028184892898,821,872,02264abf3dc28bd84ad4598dde2006fdfb14ce308cb7486622b02c5f9ee9fbb7,1135786800,1419726888,94648900,118310574,2110,67520,25320,810240,0,1080320,"[16,16,16,16,16,16,16,16,16,16]",16.0,16,16,7,0.13240544464663914,1675247616,2193620992,239.25405070425938,420.52724222280085,4997.211561488919
/home/gogoi/ahlora-quantity-20260917/runs/full-v1-quantity-declora16-seed43,2ec9b556fbc202fe,complete,full_configured_budget,quantity_skew_extension,sst2,declora16,43,13,94.03669724770643,94.19642857142857,820,872,57ad356f45624d82b4137a1ae537d41c1633e1d9ea589414ef384edc35491c9b,1230435700,1538037462,94648900,118310574,2110,67520,27430,877760,0,1080320,"[16,16,16,16,16,16,16,16,16,16]",16.0,16,16,7,0.1243835289614861,1676216832,2193620992,253.60351708093845,417.6741749383509,5414.90636232961
/home/gogoi/ahlora-quantity-20260917/runs/full-v1-quantity-declora16-seed43,2ec9b556fbc202fe,complete,full_configured_budget,quantity_skew_extension,sst2,declora16,43,14,93.80733944954129,93.95973154362416,818,872,abc3a6aeb16eda97ecd377031f13040cd49c8382058e76b1a5d9184470d7713f,1325084600,1656348036,94648900,118310574,2110,67520,29540,945280,0,1080320,"[16,16,16,16,16,16,16,16,16,16]",16.0,16,16,7,0.12115744257028757,1675247616,2193620992,266.173352053483,426.3943559806794,5841.315898569301
/home/gogoi/ahlora-quantity-20260917/runs/full-v1-quantity-declora16-seed43,2ec9b556fbc202fe,complete,full_configured_budget,quantity_skew_extension,sst2,declora16,43,15,93.92201834862385,94.02480270574972,819,872,47775cc7c3e7f2ade5688e1abab09ad173955a726c96349c146d50948d9e466f,1419733500,1774658610,94648900,118310574,2110,67520,31650,1012800,0,1080320,"[16,16,16,16,16,16,16,16,16,16]",16.0,16,16,7,0.11994232511322618,1675247616,2193620992,276.92197627214284,416.2768403645605,6257.60242612008
/home/gogoi/ahlora-quantity-20260917/runs/full-v1-quantity-declora16-seed43,2ec9b556fbc202fe,complete,full_configured_budget,quantity_skew_extension,sst2,declora16,43,16,94.03669724770643,94.13092550790067,820,872,3fc77f3fc7d6f64e3cb8c2df396a909f135ed2cc0c3385ca91632f90a22702ec,1514382400,1892969184,94648900,118310574,2110,67520,33760,1080320,0,1080320,"[16,16,16,16,16,16,16,16,16,16]",16.0,16,16,7,0.11366433738651537,1672901120,2193620992,290.9927011920686,423.7089047851041,6681.324474965222
/home/gogoi/ahlora-quantity-20260917/runs/full-v1-quantity-declora16-seed43,2ec9b556fbc202fe,complete,full_configured_budget,quantity_skew_extension,sst2,declora16,43,17,94.26605504587155,94.3566591422122,822,872,c7c0d7a26b29ebce56b185ac5306de8f6749b539bcd7d9a6dec3ef3272467684,1609031300,2011279758,94648900,118310574,2110,67520,35870,1147840,0,1080320,"[16,16,16,16,16,16,16,16,16,16]",16.0,16,16,7,0.11211661559747053,1675247616,2193620992,301.02976307897416,414.3204180020839,7095.657342644408
/home/gogoi/ahlora-quantity-20260917/runs/full-v1-quantity-declora16-seed43,2ec9b556fbc202fe,complete,full_configured_budget,quantity_skew_extension,sst2,declora16,43,18,94.38073394495413,94.50056116722783,823,872,22c5c441263ab1ee2ee2dea0767741aaad1ac1d5d2864d0d3b31f9304cdf2a56,1703680200,2129590332,94648900,118310574,2110,67520,37980,1215360,0,1080320,"[16,16,16,16,16,16,16,16,16,16]",16.0,16,16,7,0.10765575615120393,1675247616,2193620992,307.76315820888794,420.8305360758677,7516.509035385214
/home/gogoi/ahlora-quantity-20260917/runs/full-v1-quantity-declora16-seed43,2ec9b556fbc202fe,complete,full_configured_budget,quantity_skew_extension,sst2,declora16,43,19,94.4954128440367,94.5823927765237,824,872,1d66d9b21e9eccecea6ffec60459b59b4e91b536720b5b0acd23ea7e8073a64c,1798329100,2247900906,94648900,118310574,2110,67520,40090,1282880,0,1080320,"[16,16,16,16,16,16,16,16,16,16]",16.0,16,16,7,0.1086840601341128,1675247616,2193620992,314.1042097800521,425.6235553463921,7942.154851200059
/home/gogoi/ahlora-quantity-20260917/runs/full-v1-quantity-declora16-seed43,2ec9b556fbc202fe,complete,full_configured_budget,quantity_skew_extension,sst2,declora16,43,20,94.38073394495413,94.47576099210823,823,872,e9fb8347c7e4fd296445bdbd049635f9a9dbad207571324750d74ed5a47be611,1892978000,2366211480,94648900,118310574,2110,67520,42200,1350400,0,1080320,"[16,16,16,16,16,16,16,16,16,16]",16.0,16,16,7,0.10533841983914935,1675247616,2193620992,322.90931023131566,411.0596111342311,8353.23620945029
/home/gogoi/ahlora-quantity-20260917/runs/full-v1-quantity-declora16-seed44,2ec9b556fbc202fe,complete,full_configured_budget,quantity_skew_extension,sst2,declora16,44,1,91.28440366972477,91.53674832962137,796,872,98c8b0b95a990b5645536c3608cb0ff645367192566a3782a9406d343bc4baf8,94648900,118310574,94648900,118310574,2110,67520,2110,67520,0,1080320,"[16,16,16,16,16,16,16,16,16,16]",16.0,16,16,7,0.3684436866007216,1673480704,2166358016,18.129764963648476,431.8299966165796,431.83000370673835
/home/gogoi/ahlora-quantity-20260917/runs/full-v1-quantity-declora16-seed44,2ec9b556fbc202fe,complete,full_configured_budget,quantity_skew_extension,sst2,declora16,44,2,92.66055045871559,92.88888888888889,808,872,3e6ecad44412165027dbb0c283b0e03d13e3b4f59330100b7ed1c69e659f951a,189297800,236621148,94648900,118310574,2110,67520,4220,135040,0,1080320,"[16,16,16,16,16,16,16,16,16,16]",16.0,16,16,7,0.2648513651850205,1673480704,2166358016,36.35541180694011,425.0451715840027,856.895673211664
/home/gogoi/ahlora-quantity-20260917/runs/full-v1-quantity-declora16-seed44,2ec9b556fbc202fe,complete,full_configured_budget,quantity_skew_extension,sst2,declora16,44,3,93.34862385321101,93.52678571428571,814,872,377d9388e1edc73552adcdb00374b10825db9bf0a62939ef26e1d1445c9dea5b,283946700,354931722,94648900,118310574,2110,67520,6330,202560,0,1080320,"[16,16,16,16,16,16,16,16,16,16]",16.0,16,16,7,0.22895200918892053,1617403392,2166358016,57.179611667845265,423.4050796274096,1280.3215315882117
/home/gogoi/ahlora-quantity-20260917/runs/full-v1-quantity-declora16-seed44,2ec9b556fbc202fe,complete,full_configured_budget,quantity_skew_extension,sst2,declora16,44,4,93.34862385321101,93.48314606741573,814,872,dfff1c2b5a56c50d04d4d6f81fe463aba15c628345ef74f74d34d47bb4b59604,378595600,473242296,94648900,118310574,2110,67520,8440,270080,0,1080320,"[16,16,16,16,16,16,16,16,16,16]",16.0,16,16,7,0.2008166885569524,1617403392,2166358016,77.60581480718231,425.19350957497954,1705.5402940781787
/home/gogoi/ahlora-quantity-20260917/runs/full-v1-quantity-declora16-seed44,2ec9b556fbc202fe,complete,full_configured_budget,quantity_skew_extension,sst2,declora16,44,5,93.23394495412845,93.40782122905028,813,872,79fe6875051368b5d4deb59a65493cbc04010d1e848e97f0a7d34fd784948b33,473244500,591552870,94648900,118310574,2110,67520,10550,337600,0,1080320,"[16,16,16,16,16,16,16,16,16,16]",16.0,16,16,7,0.18792208322816004,1673480704,2166358016,98.08009677243498,422.7088967859745,2128.2641433682293
/home/gogoi/ahlora-quantity-20260917/runs/full-v1-quantity-declora16-seed44,2ec9b556fbc202fe,complete,full_configured_budget,quantity_skew_extension,sst2,declora16,44,6,93.69266055045871,93.86845039018952,817,872,23c82a3c33d8bbfd9e1f8a3f727cd6ec14e9ea36f901df923f1c31c31ed7cf89,567893400,709863444,94648900,118310574,2110,67520,12660,405120,0,1080320,"[16,16,16,16,16,16,16,16,16,16]",16.0,16,16,7,0.17704764487648325,1673480704,2166358016,121.07788475030122,428.59944237489253,2556.8759204233065
/home/gogoi/ahlora-quantity-20260917/runs/full-v1-quantity-declora16-seed44,2ec9b556fbc202fe,complete,full_configured_budget,quantity_skew_extension,sst2,declora16,44,7,93.92201834862385,94.07821229050279,819,872,61a2fedc4ca14b57904e4b5dffbf99662508db0085719ce8795fb3d1b84a1a4b,662542300,828174018,94648900,118310574,2110,67520,14770,472640,0,1080320,"[16,16,16,16,16,16,16,16,16,16]",16.0,16,16,7,0.16653187598130897,1673480704,2166358016,139.2305007640251,422.0888591436669,2978.9873569346964
/home/gogoi/ahlora-quantity-20260917/runs/full-v1-quantity-declora16-seed44,2ec9b556fbc202fe,complete,full_configured_budget,quantity_skew_extension,sst2,declora16,44,8,93.80733944954129,93.90519187358916,818,872,eefbfcb7e767dd3fd64e6c084004196d909ab0afb05e516e5ffcffab768a33a2,757191200,946484592,94648900,118310574,2110,67520,16880,540160,0,1080320,"[16,16,16,16,16,16,16,16,16,16]",16.0,16,16,7,0.15714690719769223,1673480704,2166358016,156.38542289245936,424.95335682109,3403.963238062337
/home/gogoi/ahlora-quantity-20260917/runs/full-v1-quantity-declora16-seed44,2ec9b556fbc202fe,complete,full_configured_budget,quantity_skew_extension,sst2,declora16,44,9,94.03669724770643,94.15730337078652,820,872,f974f19a557931cf30d3ee93023d0b1f8014ef897cae51696392d77781fb86e9,851840100,1064795166,94648900,118310574,2110,67520,18990,607680,0,1080320,"[16,16,16,16,16,16,16,16,16,16]",16.0,16,16,7,0.15039828076736034,1673480704,2166358016,175.27591140218027,428.9586227713153,3832.934587436728
/home/gogoi/ahlora-quantity-20260917/runs/full-v1-quantity-declora16-seed44,2ec9b556fbc202fe,complete,full_configured_budget,quantity_skew_extension,sst2,declora16,44,10,93.92201834862385,94.03824521934759,819,872,25a753ea0580dff018e7b00fbbf29a3fe93535455a27fb4551d37ba222fec95e,946489000,1183105740,94648900,118310574,2110,67520,21100,675200,0,1080320,"[16,16,16,16,16,16,16,16,16,16]",16.0,16,16,7,0.14120446044978713,1673480704,2166358016,193.38496374336705,431.73051680251956,4264.687693851069
/home/gogoi/ahlora-quantity-20260917/runs/full-v1-quantity-declora16-seed44,2ec9b556fbc202fe,complete,full_configured_budget,quantity_skew_extension,sst2,declora16,44,11,93.80733944954129,93.94618834080717,818,872,5f87670c166fc29c77b6b8ef123f125bc1cd7b053aaa7d0fec93b02105e1ab81,1041137900,1301416314,94648900,118310574,2110,67520,23210,742720,0,1080320,"[16,16,16,16,16,16,16,16,16,16]",16.0,16,16,7,0.1359231133818112,1673480704,2166358016,207.87964254895866,429.69752599764615,4694.398887774907
/home/gogoi/ahlora-quantity-20260917/runs/full-v1-quantity-declora16-seed44,2ec9b556fbc202fe,complete,full_configured_budget,quantity_skew_extension,sst2,declora16,44,12,94.15137614678899,94.2889137737962,821,872,700534439bcabfca7282c8bc94c4b1084238380d0c407746d33abb0fb198e61a,1135786800,1419726888,94648900,118310574,2110,67520,25320,810240,0,1080320,"[16,16,16,16,16,16,16,16,16,16]",16.0,16,16,7,0.12993002137126758,1673480704,2166358016,220.8755058176215,427.11126274522394,5121.521569986828
/home/gogoi/ahlora-quantity-20260917/runs/full-v1-quantity-declora16-seed44,2ec9b556fbc202fe,complete,full_configured_budget,quantity_skew_extension,sst2,declora16,44,13,93.46330275229357,93.61702127659575,815,872,8076b1c882c646ac1aecde9b2473c400adc3730aa2d6d5a6a7eaf5050e6c9f10,1230435700,1538037462,94648900,118310574,2110,67520,27430,877760,0,1080320,"[16,16,16,16,16,16,16,16,16,16]",16.0,16,16,7,0.12409340428097132,1673480704,2166358016,235.52854656953548,425.6692303940654,5547.215386958793
/home/gogoi/ahlora-quantity-20260917/runs/full-v1-quantity-declora16-seed44,2ec9b556fbc202fe,complete,full_configured_budget,quantity_skew_extension,sst2,declora16,44,14,94.15137614678899,94.2889137737962,821,872,350e581f110026958941a6448cc0aa3c4c5bb63f45dbe372055221b49e44a8cf,1325084600,1656348036,94648900,118310574,2110,67520,29540,945280,0,1080320,"[16,16,16,16,16,16,16,16,16,16]",16.0,16,16,7,0.12092950130504958,1672096256,2166358016,247.4589626878037,419.0014095250517,5966.233139846474
/home/gogoi/ahlora-quantity-20260917/runs/full-v1-quantity-declora16-seed44,2ec9b556fbc202fe,complete,full_configured_budget,quantity_skew_extension,sst2,declora16,44,15,94.26605504587155,94.36936936936937,822,872,ec72736804961980161928a9ca74d8e2fa32ab4ceda80af3cf38d8d5a5f4d06a,1419733500,1774658610,94648900,118310574,2110,67520,31650,1012800,0,1080320,"[16,16,16,16,16,16,16,16,16,16]",16.0,16,16,7,0.11727375846989058,1673480704,2166358016,262.3521101029992,411.7188397711143,6377.9676720248535
/home/gogoi/ahlora-quantity-20260917/runs/full-v1-quantity-declora16-seed44,2ec9b556fbc202fe,complete,full_configured_budget,quantity_skew_extension,sst2,declora16,44,16,94.4954128440367,94.6067415730337,824,872,d8b3130ab185769125171ad77054d0657c50b56b75a65d68ad2e78d028902bc9,1514382400,1892969184,94648900,118310574,2110,67520,33760,1080320,0,1080320,"[16,16,16,16,16,16,16,16,16,16]",16.0,16,16,7,0.11468214896315386,1616609280,2166358016,272.19886043233214,416.97725709341466,6794.9768893281
/home/gogoi/ahlora-quantity-20260917/runs/full-v1-quantity-declora16-seed44,2ec9b556fbc202fe,complete,full_configured_budget,quantity_skew_extension,sst2,declora16,44,17,93.80733944954129,93.98663697104676,818,872,33a6a84642efcf2e86e699fbd27aeab854490d0f8fda306c47422006ca9ab9e3,1609031300,2011279758,94648900,118310574,2110,67520,35870,1147840,0,1080320,"[16,16,16,16,16,16,16,16,16,16]",16.0,16,16,7,0.1141230078815674,1617403392,2166358016,281.20965868664973,411.46012908872217,7206.463614450768
/home/gogoi/ahlora-quantity-20260917/runs/full-v1-quantity-declora16-seed44,2ec9b556fbc202fe,complete,full_configured_budget,quantity_skew_extension,sst2,declora16,44,18,94.72477064220183,94.85458612975391,826,872,dc1e14486c37e678260e416e607602a0693495a8d2c4efcd585c2445f5915af8,1703680200,2129590332,94648900,118310574,2110,67520,37980,1215360,0,1080320,"[16,16,16,16,16,16,16,16,16,16]",16.0,16,16,7,0.10744840485589072,1617403392,2166358016,291.2429507691362,416.1973194088787,7622.676126932725
/home/gogoi/ahlora-quantity-20260917/runs/full-v1-quantity-declora16-seed44,2ec9b556fbc202fe,complete,full_configured_budget,quantity_skew_extension,sst2,declora16,44,19,94.38073394495413,94.47576099210823,823,872,b140b0bbffd02f6151a0baaed795f98cb906cd4a55ba3ad78ca482a80bab15aa,1798329100,2247900906,94648900,118310574,2110,67520,40090,1282880,0,1080320,"[16,16,16,16,16,16,16,16,16,16]",16.0,16,16,7,0.10509757033631587,1673480704,2166358016,301.4231622989647,414.5866151796654,8037.2842805041
/home/gogoi/ahlora-quantity-20260917/runs/full-v1-quantity-declora16-seed44,2ec9b556fbc202fe,complete,full_configured_budget,quantity_skew_extension,sst2,declora16,44,20,94.61009174311927,94.70124013528749,825,872,4c081e03897a35743760716f4620a545aebf9ba747901541536a7486acaad282,1892978000,2366211480,94648900,118310574,2110,67520,42200,1350400,0,1080320,"[16,16,16,16,16,16,16,16,16,16]",16.0,16,16,7,0.10313031967257669,1617403392,2166358016,307.8692867896052,414.32409067917615,8451.621403422207
/home/gogoi/ahlora-quantity-20260917/runs/full-v1-quantity-declora16-seed45,2ec9b556fbc202fe,complete,full_configured_budget,quantity_skew_extension,sst2,declora16,45,1,91.5137614678899,91.7960088691796,798,872,fcdce7a8a967a7347200e7bb7b06970c170c2eb541b7ad39bef7b64e693e3c21,94648900,118310574,94648900,118310574,2110,67520,2110,67520,0,1080320,"[16,16,16,16,16,16,16,16,16,16]",16.0,16,16,7,0.35913248627636385,1677382656,1858076672,20.457113449464323,430.98177881445736,430.9817836759612
/home/gogoi/ahlora-quantity-20260917/runs/full-v1-quantity-declora16-seed45,2ec9b556fbc202fe,complete,full_configured_budget,quantity_skew_extension,sst2,declora16,45,2,93.0045871559633,93.18435754189944,811,872,9f7919ae7018c2cd744b03419df3cd142b826f4d64f7eb68740b4f15e07c83dd,189297800,236621148,94648900,118310574,2110,67520,4220,135040,0,1080320,"[16,16,16,16,16,16,16,16,16,16]",16.0,16,16,7,0.2634987337073373,1677784064,1858076672,39.97757616545305,424.3310301890597,855.3311359006912
/home/gogoi/ahlora-quantity-20260917/runs/full-v1-quantity-declora16-seed45,2ec9b556fbc202fe,complete,full_configured_budget,quantity_skew_extension,sst2,declora16,45,3,93.34862385321101,93.46846846846847,814,872,815475eb6b48f24c90e030b90e4fa6b61a57e97b97cec672979a7542fca6e9cd,283946700,354931722,94648900,118310574,2110,67520,6330,202560,0,1080320,"[16,16,16,16,16,16,16,16,16,16]",16.0,16,16,7,0.22842524987777862,1677727744,1858076672,63.61184384692113,428.50291923154145,1283.8601937144995
/home/gogoi/ahlora-quantity-20260917/runs/full-v1-quantity-declora16-seed45,2ec9b556fbc202fe,complete,full_configured_budget,quantity_skew_extension,sst2,declora16,45,4,93.69266055045871,93.82716049382717,817,872,6b604c8ad5ad11a728a49ee962e3f217d758de7a9c4f1cdaa16dce23f970c6ed,378595600,473242296,94648900,118310574,2110,67520,8440,270080,0,1080320,"[16,16,16,16,16,16,16,16,16,16]",16.0,16,16,7,0.20428289426711357,1677917696,1858076672,88.18204350733573,424.1772514516488,1708.0644528353587
/home/gogoi/ahlora-quantity-20260917/runs/full-v1-quantity-declora16-seed45,2ec9b556fbc202fe,complete,full_configured_budget,quantity_skew_extension,sst2,declora16,45,5,93.57798165137615,93.73601789709173,816,872,c77925a08649d0c11f0f80f5ea127fa52fde9cb16b237b4a01b279b49c870ffd,473244500,591552870,94648900,118310574,2110,67520,10550,337600,0,1080320,"[16,16,16,16,16,16,16,16,16,16]",16.0,16,16,7,0.18695914797971502,1677784064,1858076672,110.07896188166958,416.76287253946066,2124.854851127602
/home/gogoi/ahlora-quantity-20260917/runs/full-v1-quantity-declora16-seed45,2ec9b556fbc202fe,complete,full_configured_budget,quantity_skew_extension,sst2,declora16,45,6,93.23394495412845,93.37822671156005,813,872,5267f8fcd663c54d757ba783cc2af534beccc70b7099c2a25a45c3e81ef57ed6,567893400,709863444,94648900,118310574,2110,67520,12660,405120,0,1080320,"[16,16,16,16,16,16,16,16,16,16]",16.0,16,16,7,0.1726836162591982,1677917696,1858076672,133.99981529665072,427.8944315556437,2552.765937808901
/home/gogoi/ahlora-quantity-20260917/runs/full-v1-quantity-declora16-seed45,2ec9b556fbc202fe,complete,full_configured_budget,quantity_skew_extension,sst2,declora16,45,7,93.34862385321101,93.48314606741573,814,872,6d18ba199595f3dbca740d0eace38661f0a3bb65aab7fe89b820a49e3a9c9e1c,662542300,828174018,94648900,118310574,2110,67520,14770,472640,0,1080320,"[16,16,16,16,16,16,16,16,16,16]",16.0,16,16,7,0.1641080240481776,1677382656,1858076672,159.84128981167936,424.4555569756776,2977.2368864677846
/home/gogoi/ahlora-quantity-20260917/runs/full-v1-quantity-declora16-seed45,2ec9b556fbc202fe,complete,full_configured_budget,quantity_skew_extension,sst2,declora16,45,8,93.34862385321101,93.48314606741573,814,872,5e0faeb8ed908e8434051c272b78563ee60d0ae9f4f7aefae8df6c65ab142bb4,757191200,946484592,94648900,118310574,2110,67520,16880,540160,0,1080320,"[16,16,16,16,16,16,16,16,16,16]",16.0,16,16,7,0.15503295068397357,1677727744,1858076672,179.04125906974673,420.79109292384237,3398.0468182917684
/home/gogoi/ahlora-quantity-20260917/runs/full-v1-quantity-declora16-seed45,2ec9b556fbc202fe,complete,full_configured_budget,quantity_skew_extension,sst2,declora16,45,9,94.03669724770643,94.15730337078652,820,872,58f5493c5f4c5a7b50cf9c305e422764c519babd1f2ec83275cca92a65b34531,851840100,1064795166,94648900,118310574,2110,67520,18990,607680,0,1080320,"[16,16,16,16,16,16,16,16,16,16]",16.0,16,16,7,0.14726111501261788,1677382656,1858076672,199.2218512228995,423.4683403223753,3821.5317021328956
/home/gogoi/ahlora-quantity-20260917/runs/full-v1-quantity-declora16-seed45,2ec9b556fbc202fe,complete,full_configured_budget,quantity_skew_extension,sst2,declora16,45,10,94.15137614678899,94.25028184892898,821,872,2dc52af98a4e59055e3cb4f75a7f48bb5bdf83addc62b08c8ed2b112f2bf9686,946489000,1183105740,94648900,118310574,2110,67520,21100,675200,0,1080320,"[16,16,16,16,16,16,16,16,16,16]",16.0,16,16,7,0.14089380902500193,1677382656,1858076672,217.91529707016468,415.38705551996827,4236.945887407288
/home/gogoi/ahlora-quantity-20260917/runs/full-v1-quantity-declora16-seed45,2ec9b556fbc202fe,complete,full_configured_budget,quantity_skew_extension,sst2,declora16,45,11,93.92201834862385,94.05162738496072,819,872,d950ff1084420de85682de22c539e2e4294216d9dd385b0716ee53d0569162b5,1041137900,1301416314,94648900,118310574,2110,67520,23210,742720,0,1080320,"[16,16,16,16,16,16,16,16,16,16]",16.0,16,16,7,0.13609028636296575,1677382656,1858076672,231.12262563049512,419.77193363942206,4656.746693064459
/home/gogoi/ahlora-quantity-20260917/runs/full-v1-quantity-declora16-seed45,2ec9b556fbc202fe,complete,full_configured_budget,quantity_skew_extension,sst2,declora16,45,12,93.92201834862385,94.05162738496072,819,872,9f8e8cfc9f9095108f90a19324d57ff9e6968c53ecf66bf36aef002797ef4653,1135786800,1419726888,94648900,118310574,2110,67520,25320,810240,0,1080320,"[16,16,16,16,16,16,16,16,16,16]",16.0,16,16,7,0.12855647943504414,1677382656,1858076672,247.8604033011328,420.7199810985476,5077.482952473685
/home/gogoi/ahlora-quantity-20260917/runs/full-v1-quantity-declora16-seed45,2ec9b556fbc202fe,complete,full_configured_budget,quantity_skew_extension,sst2,declora16,45,13,94.15137614678899,94.26321709786276,821,872,df3a0d0dfb69292c673982e8909c5fd2321c8946a20212898b1f0ac1b4ba8ce2,1230435700,1538037462,94648900,118310574,2110,67520,27430,877760,0,1080320,"[16,16,16,16,16,16,16,16,16,16]",16.0,16,16,7,0.12703269375079881,1677382656,1858076672,261.65747079846733,422.99177178461105,5500.486712587997
/home/gogoi/ahlora-quantity-20260917/runs/full-v1-quantity-declora16-seed45,2ec9b556fbc202fe,complete,full_configured_budget,quantity_skew_extension,sst2,declora16,45,14,94.03669724770643,94.1834451901566,820,872,7dd8902b96fd6fddca309177032aa66bacb85d9313d2632be5655af222911f54,1325084600,1656348036,94648900,118310574,2110,67520,29540,945280,0,1080320,"[16,16,16,16,16,16,16,16,16,16]",16.0,16,16,7,0.1205725869245803,1677382656,1858076672,272.5909838137036,412.0480725225061,5912.54634636268
/home/gogoi/ahlora-quantity-20260917/runs/full-v1-quantity-declora16-seed45,2ec9b556fbc202fe,complete,full_configured_budget,quantity_skew_extension,sst2,declora16,45,15,93.80733944954129,93.91891891891892,818,872,9c41a21cce6acef81ddcd92d8abe8ca388a297584e70b2d9561eaf1e2285dc53,1419733500,1774658610,94648900,118310574,2110,67520,31650,1012800,0,1080320,"[16,16,16,16,16,16,16,16,16,16]",16.0,16,16,7,0.11947412368414154,1677727744,1858076672,283.63272806235204,422.7796604381874,6335.337218605913
/home/gogoi/ahlora-quantity-20260917/runs/full-v1-quantity-declora16-seed45,2ec9b556fbc202fe,complete,full_configured_budget,quantity_skew_extension,sst2,declora16,45,16,93.92201834862385,94.02480270574972,819,872,f5a19846067147817d523808721e2dd7b65aaf039b8bf3d5ebe553e78e5a737e,1514382400,1892969184,94648900,118310574,2110,67520,33760,1080320,0,1080320,"[16,16,16,16,16,16,16,16,16,16]",16.0,16,16,7,0.11646726948385024,1677382656,1858076672,291.38347602563533,428.2449067393318,6763.593431951478
/home/gogoi/ahlora-quantity-20260917/runs/full-v1-quantity-declora16-seed45,2ec9b556fbc202fe,complete,full_configured_budget,quantity_skew_extension,sst2,declora16,45,17,94.03669724770643,94.17040358744394,820,872,663222c47b480cd58f80efa1ccc90bc4ea337f9b691805029b6f1f5ed8ee55c3,1609031300,2011279758,94648900,118310574,2110,67520,35870,1147840,0,1080320,"[16,16,16,16,16,16,16,16,16,16]",16.0,16,16,7,0.11529789876280878,1677382656,1858076672,304.59853151250627,424.1600615186617,7187.765455619432
/home/gogoi/ahlora-quantity-20260917/runs/full-v1-quantity-declora16-seed45,2ec9b556fbc202fe,complete,full_configured_budget,quantity_skew_extension,sst2,declora16,45,18,93.69266055045871,93.82716049382717,817,872,08d4c790079d2ac4320698ec179396e280191c4a252518ee9930a958c33d4373,1703680200,2129590332,94648900,118310574,2110,67520,37980,1215360,0,1080320,"[16,16,16,16,16,16,16,16,16,16]",16.0,16,16,7,0.11227959828998939,1677479936,1858076672,314.00219060163454,413.0415249634534,7600.8185115437955
/home/gogoi/ahlora-quantity-20260917/runs/full-v1-quantity-declora16-seed45,2ec9b556fbc202fe,complete,full_configured_budget,quantity_skew_extension,sst2,declora16,45,19,93.92201834862385,94.03824521934759,819,872,bf592d24aadfb92a2f18728da6b3b57ae787899aa08ee2ce7d36303e05c207c3,1798329100,2247900906,94648900,118310574,2110,67520,40090,1282880,0,1080320,"[16,16,16,16,16,16,16,16,16,16]",16.0,16,16,7,0.10290292161721676,1677784064,1858076672,325.10588895058186,423.51959705445915,8024.349266598932
/home/gogoi/ahlora-quantity-20260917/runs/full-v1-quantity-declora16-seed45,2ec9b556fbc202fe,complete,full_configured_budget,quantity_skew_extension,sst2,declora16,45,20,93.92201834862385,94.0649496080627,819,872,85356ef7a16b68ad44c7f0b697a9a43ee6a64089eedb6499f80cfb574c8b4aae,1892978000,2366211480,94648900,118310574,2110,67520,42200,1350400,0,1080320,"[16,16,16,16,16,16,16,16,16,16]",16.0,16,16,7,0.10807005383836156,1677382656,1858076672,335.08013022693353,413.73671711515635,8438.09734414611
/home/gogoi/ahlora-quantity-20260917/runs/full-v1-quantity-declora4-seed42,2ec9b556fbc202fe,complete,full_configured_budget,quantity_skew_extension,sst2,declora4,42,1,91.62844036697248,91.86176142697882,799,872,5f8cda0ddd3fb512543b0a4b5e8fa6b309c89c47ebcde8891799a5ceac401570,59258020,74071974,59258020,74071974,2110,67520,2110,67520,0,270080,"[4,4,4,4,4,4,4,4,4,4]",4.0,4,4,0,0.3651259208715993,1666245120,2248146944,34.66833791991584,413.62416509445757,413.62417367100716
/home/gogoi/ahlora-quantity-20260917/runs/full-v1-quantity-declora4-seed42,2ec9b556fbc202fe,complete,full_configured_budget,quantity_skew_extension,sst2,declora4,42,2,93.0045871559633,93.18435754189944,811,872,f95cc75190defdddc200f2ecda25011761a44eddb327f212c30f09a11a309748,118516040,148143948,59258020,74071974,2110,67520,4220,135040,0,270080,"[4,4,4,4,4,4,4,4,4,4]",4.0,4,4,0,0.2686341345910495,1665190912,2248146944,63.29220321346551,425.61897311359644,839.2604621611536
/home/gogoi/ahlora-quantity-20260917/runs/full-v1-quantity-declora4-seed42,2ec9b556fbc202fe,complete,full_configured_budget,quantity_skew_extension,sst2,declora4,42,3,93.69266055045871,93.82716049382717,817,872,057157f836a101cc371c39193d5ae0eb6ff612d56720bc00c3ff9abcad95befd,177774060,222215922,59258020,74071974,2110,67520,6330,202560,0,270080,"[4,4,4,4,4,4,4,4,4,4]",4.0,4,4,0,0.23678508396933554,1666245120,2248146944,94.15847494836662,418.59115011710674,1257.8697054544464
/home/gogoi/ahlora-quantity-20260917/runs/full-v1-quantity-declora4-seed42,2ec9b556fbc202fe,complete,full_configured_budget,quantity_skew_extension,sst2,declora4,42,4,93.46330275229357,93.61702127659575,815,872,0aee1a09e60b84f0f1138e4f65648f4f974ee196d2fa7df9d7cc21304ebe2bd0,237032080,296287896,59258020,74071974,2110,67520,8440,270080,0,270080,"[4,4,4,4,4,4,4,4,4,4]",4.0,4,4,0,0.21716235833953165,1666245120,2248146944,124.42776007024574,414.79457318689674,1672.6800187584013
/home/gogoi/ahlora-quantity-20260917/runs/full-v1-quantity-declora4-seed42,2ec9b556fbc202fe,complete,full_configured_budget,quantity_skew_extension,sst2,declora4,42,5,94.15137614678899,94.27609427609427,821,872,586c2e8a1612d6056ba1a2da1d1d883ed51177b7ff629b840157f185146607dd,296290100,370359870,59258020,74071974,2110,67520,10550,337600,0,270080,"[4,4,4,4,4,4,4,4,4,4]",4.0,4,4,0,0.20007359310132186,1666245120,2248146944,154.415373244343,416.12781297881156,2088.8167359651998
/home/gogoi/ahlora-quantity-20260917/runs/full-v1-quantity-declora4-seed42,2ec9b556fbc202fe,complete,full_configured_budget,quantity_skew_extension,sst2,declora4,42,6,94.03669724770643,94.19642857142857,820,872,73c7c73cf03185779800dcb98ccb27114aec06fb2a849f55bd0c8cccbcbed510,355548120,444431844,59258020,74071974,2110,67520,12660,405120,0,270080,"[4,4,4,4,4,4,4,4,4,4]",4.0,4,4,0,0.1886988956617496,1666834944,2248146944,187.19132518074468,414.1138340597972,2502.946322347969
/home/gogoi/ahlora-quantity-20260917/runs/full-v1-quantity-declora4-seed42,2ec9b556fbc202fe,complete,full_configured_budget,quantity_skew_extension,sst2,declora4,42,7,94.03669724770643,94.15730337078652,820,872,efdd5c9ed19c4bb917461da7d6e21019ec158da9c61f65aac6d4dfac2f5d8ecb,414806140,518503818,59258020,74071974,2110,67520,14770,472640,0,270080,"[4,4,4,4,4,4,4,4,4,4]",4.0,4,4,0,0.17761918963815893,1666245120,2248146944,212.92690632307142,417.77674981206656,2920.7319499803707
/home/gogoi/ahlora-quantity-20260917/runs/full-v1-quantity-declora4-seed42,2ec9b556fbc202fe,complete,full_configured_budget,quantity_skew_extension,sst2,declora4,42,8,93.80733944954129,93.93258426966293,818,872,8aeb4ff66c86f7297fce8169baa81417766309f3c414671d85c88ddebc11a699,474064160,592575792,59258020,74071974,2110,67520,16880,540160,0,270080,"[4,4,4,4,4,4,4,4,4,4]",4.0,4,4,0,0.16941834296632538,1666245120,2248146944,239.88179800137777,424.46131464652717,3345.203478592448
/home/gogoi/ahlora-quantity-20260917/runs/full-v1-quantity-declora4-seed42,2ec9b556fbc202fe,complete,full_configured_budget,quantity_skew_extension,sst2,declora4,42,9,93.69266055045871,93.78531073446328,817,872,59b652451a4e689c853a22d04d03bceea9ba231950a705d78461be4bcf6ff34f,533322180,666647766,59258020,74071974,2110,67520,18990,607680,0,270080,"[4,4,4,4,4,4,4,4,4,4]",4.0,4,4,0,0.16434135865802177,1666834944,2248146944,262.0161980411793,418.6107672061771,3763.824417922646
/home/gogoi/ahlora-quantity-20260917/runs/full-v1-quantity-declora4-seed42,2ec9b556fbc202fe,complete,full_configured_budget,quantity_skew_extension,sst2,declora4,42,10,93.92201834862385,94.05162738496072,819,872,51e00e5e9a60e0e2796051114f4d6e7f0884985f28aba2ba5483e8799178c41a,592580200,740719740,59258020,74071974,2110,67520,21100,675200,0,270080,"[4,4,4,4,4,4,4,4,4,4]",4.0,4,4,0,0.15607842501637445,1666245120,2248146944,287.88385681070224,419.6647121813148,4183.497966318391
/home/gogoi/ahlora-quantity-20260917/runs/full-v1-quantity-declora4-seed42,2ec9b556fbc202fe,complete,full_configured_budget,quantity_skew_extension,sst2,declora4,42,11,94.03669724770643,94.14414414414415,820,872,488a80426754fe8ea122df680d00d648a7edba1b7c16a5f2b723cba6922e33d4,651838220,814791714,59258020,74071974,2110,67520,23210,742720,0,270080,"[4,4,4,4,4,4,4,4,4,4]",4.0,4,4,0,0.15334883152192208,1666853888,2248146944,306.03472150277435,423.57830806355923,4607.0854782909155
/home/gogoi/ahlora-quantity-20260917/runs/full-v1-quantity-declora4-seed42,2ec9b556fbc202fe,complete,full_configured_budget,quantity_skew_extension,sst2,declora4,42,12,94.15137614678899,94.26321709786276,821,872,686e9cddbc19486f93a995e45d0a7e68c2633cf920277ddbf1228fdd910c580c,711096240,888863688,59258020,74071974,2110,67520,25320,810240,0,270080,"[4,4,4,4,4,4,4,4,4,4]",4.0,4,4,0,0.14808220675679132,1665190912,2248146944,322.2382660178987,418.32282258197665,5025.417225572281
/home/gogoi/ahlora-quantity-20260917/runs/full-v1-quantity-declora4-seed42,2ec9b556fbc202fe,complete,full_configured_budget,quantity_skew_extension,sst2,declora4,42,13,93.92201834862385,94.02480270574972,819,872,b8b733d67fe85418d49d79f4539ecf83186b5a446fb0f7d70e9c3dc39c4ba9bd,770354260,962935662,59258020,74071974,2110,67520,27430,877760,0,270080,"[4,4,4,4,4,4,4,4,4,4]",4.0,4,4,0,0.1464453525473438,1666245120,2248146944,342.2341369360315,423.0974214822054,5448.523716150783
/home/gogoi/ahlora-quantity-20260917/runs/full-v1-quantity-declora4-seed42,2ec9b556fbc202fe,complete,full_configured_budget,quantity_skew_extension,sst2,declora4,42,14,93.57798165137615,93.70786516853933,816,872,3bd9768943ae88901b1f4e17d2a2f77bca15c7a8c30421d743e87ca2d3ed72ee,829612280,1037007636,59258020,74071974,2110,67520,29540,945280,0,270080,"[4,4,4,4,4,4,4,4,4,4]",4.0,4,4,0,0.14047394092979573,1666245120,2248146944,357.41701616292687,416.1957571255043,5864.728182169609
/home/gogoi/ahlora-quantity-20260917/runs/full-v1-quantity-declora4-seed42,2ec9b556fbc202fe,complete,full_configured_budget,quantity_skew_extension,sst2,declora4,42,15,94.15137614678899,94.2242355605889,821,872,14677bb388dd52e934fdb904504981eec977fec52d0cfec16134fffa99a75389,888870300,1111079610,59258020,74071974,2110,67520,31650,1012800,0,270080,"[4,4,4,4,4,4,4,4,4,4]",4.0,4,4,0,0.13754221606813322,1666853888,2248146944,375.3963379812209,422.01176730077714,6286.75193504151
/home/gogoi/ahlora-quantity-20260917/runs/full-v1-quantity-declora4-seed42,2ec9b556fbc202fe,complete,full_configured_budget,quantity_skew_extension,sst2,declora4,42,16,94.03669724770643,94.14414414414415,820,872,80ee6c472d2a80df2e05da3b7c0afac2888d28a563f07a544b9fdfd1936cd560,948128320,1185151584,59258020,74071974,2110,67520,33760,1080320,0,270080,"[4,4,4,4,4,4,4,4,4,4]",4.0,4,4,0,0.13469306660377586,1666853888,2248146944,388.5173660843343,411.7705728681758,6698.531384205446
/home/gogoi/ahlora-quantity-20260917/runs/full-v1-quantity-declora4-seed42,2ec9b556fbc202fe,complete,full_configured_budget,quantity_skew_extension,sst2,declora4,42,17,93.92201834862385,94.0649496080627,819,872,28ea4eef2cee5682a73604e0e98db9740511865c7e91c814d416d261652dac4e,1007386340,1259223558,59258020,74071974,2110,67520,35870,1147840,0,270080,"[4,4,4,4,4,4,4,4,4,4]",4.0,4,4,0,0.1337781279235284,1666245120,2248146944,401.9925661458067,413.0747091192752,7111.613454408944
/home/gogoi/ahlora-quantity-20260917/runs/full-v1-quantity-declora4-seed42,2ec9b556fbc202fe,complete,full_configured_budget,quantity_skew_extension,sst2,declora4,42,18,94.38073394495413,94.46327683615819,823,872,1c0bf08c63563fbc81e9a31c2cb108e3d9d343bce41949d698f315feea60a92a,1066644360,1333295532,59258020,74071974,2110,67520,37980,1215360,0,270080,"[4,4,4,4,4,4,4,4,4,4]",4.0,4,4,0,0.1324083247557528,1665453056,2248146944,414.68498832610476,414.11949009727687,7525.7417000429705
/home/gogoi/ahlora-quantity-20260917/runs/full-v1-quantity-declora4-seed42,2ec9b556fbc202fe,complete,full_configured_budget,quantity_skew_extension,sst2,declora4,42,19,94.83944954128441,94.94949494949495,827,872,107e17bdf00749016820312033c65611f350abfb087762c15ac4cff346960b90,1125902380,1407367506,59258020,74071974,2110,67520,40090,1282880,0,270080,"[4,4,4,4,4,4,4,4,4,4]",4.0,4,4,0,0.12831565647178547,1666245120,2248146944,425.3553880941631,408.79906838200986,7934.556286907755
/home/gogoi/ahlora-quantity-20260917/runs/full-v1-quantity-declora4-seed42,2ec9b556fbc202fe,complete,full_configured_budget,quantity_skew_extension,sst2,declora4,42,20,94.38073394495413,94.51287793952967,823,872,54fc8798e4bd048b8fef4114d16c8edfee73adf20b68875d776381a06f6309d9,1185160400,1481439480,59258020,74071974,2110,67520,42200,1350400,0,270080,"[4,4,4,4,4,4,4,4,4,4]",4.0,4,4,0,0.12306073353218346,1666245120,2248146944,436.49068726408245,416.12071065977216,8350.70009245351
/home/gogoi/ahlora-quantity-20260917/runs/full-v1-quantity-declora4-seed43,2ec9b556fbc202fe,complete,full_configured_budget,quantity_skew_extension,sst2,declora4,43,1,91.62844036697248,91.89789123196448,799,872,2b14cd6f274af978076c808906b7a009eab93723839e7354ce41b70d636dfe78,59258020,74071974,59258020,74071974,2110,67520,2110,67520,0,270080,"[4,4,4,4,4,4,4,4,4,4]",4.0,4,4,0,0.36264678376828324,1667469312,2187329536,38.10340886442092,421.08224665839225,421.08225084934384
/home/gogoi/ahlora-quantity-20260917/runs/full-v1-quantity-declora4-seed43,2ec9b556fbc202fe,complete,full_configured_budget,quantity_skew_extension,sst2,declora4,43,2,92.66055045871559,92.88888888888889,808,872,2b12df552aa5da1e702da21ae6b3cafac7394c6dd8755775f36fb35a827a40bc,118516040,148143948,59258020,74071974,2110,67520,4220,135040,0,270080,"[4,4,4,4,4,4,4,4,4,4]",4.0,4,4,0,0.2654220645850021,1667469312,2187329536,65.78934757327968,427.21175613068044,848.308188050054
/home/gogoi/ahlora-quantity-20260917/runs/full-v1-quantity-declora4-seed43,2ec9b556fbc202fe,complete,full_configured_budget,quantity_skew_extension,sst2,declora4,43,3,92.88990825688073,93.11111111111111,810,872,5b3cb595125caeca22f434d4940c70368ac013e9fa739dfb8c5c4e0bf31908bf,177774060,222215922,59258020,74071974,2110,67520,6330,202560,0,270080,"[4,4,4,4,4,4,4,4,4,4]",4.0,4,4,0,0.23609889529231162,1667469312,2187329536,99.28394719934636,430.6172230904922,1278.9434173023328
/home/gogoi/ahlora-quantity-20260917/runs/full-v1-quantity-declora4-seed43,2ec9b556fbc202fe,complete,full_configured_budget,quantity_skew_extension,sst2,declora4,43,4,93.11926605504587,93.28859060402685,812,872,f791e13ebbfefa9e7d2ad65cb61fdf3347ead0a59cb9b43ead31f1e439b925b3,237032080,296287896,59258020,74071974,2110,67520,8440,270080,0,270080,"[4,4,4,4,4,4,4,4,4,4]",4.0,4,4,0,0.21856826250662065,1667469312,2187329536,132.46933227814418,426.87847846373916,1705.8391381213441
/home/gogoi/ahlora-quantity-20260917/runs/full-v1-quantity-declora4-seed43,2ec9b556fbc202fe,complete,full_configured_budget,quantity_skew_extension,sst2,declora4,43,5,93.11926605504587,93.33333333333333,812,872,aea8cd4c4fb6d41eca19956fe2e57a5d648e9d72a3714af5fb214c743972342d,296290100,370359870,59258020,74071974,2110,67520,10550,337600,0,270080,"[4,4,4,4,4,4,4,4,4,4]",4.0,4,4,0,0.19889170668621423,1667469312,2187329536,164.48468272094863,429.73039628285915,2135.6033872785047
/home/gogoi/ahlora-quantity-20260917/runs/full-v1-quantity-declora4-seed43,2ec9b556fbc202fe,complete,full_configured_budget,quantity_skew_extension,sst2,declora4,43,6,93.34862385321101,93.55555555555556,814,872,1e1ed54b3890ff84405c0217743027078a5d86f25eb64ec5325d88085bd1d77b,355548120,444431844,59258020,74071974,2110,67520,12660,405120,0,270080,"[4,4,4,4,4,4,4,4,4,4]",4.0,4,4,0,0.18848617716098726,1667469312,2187329536,198.70471975087122,431.10001155082136,2566.714385059662
/home/gogoi/ahlora-quantity-20260917/runs/full-v1-quantity-declora4-seed43,2ec9b556fbc202fe,complete,full_configured_budget,quantity_skew_extension,sst2,declora4,43,7,93.23394495412845,93.40782122905028,813,872,c496c98bc4d81c3bc1b7757b53a59acab55a808c86eb7c816f9add353c01a533,414806140,518503818,59258020,74071974,2110,67520,14770,472640,0,270080,"[4,4,4,4,4,4,4,4,4,4]",4.0,4,4,0,0.1766419872402112,1667469312,2187329536,230.10455473212897,432.03895126935095,2998.769920259714
/home/gogoi/ahlora-quantity-20260917/runs/full-v1-quantity-declora4-seed43,2ec9b556fbc202fe,complete,full_configured_budget,quantity_skew_extension,sst2,declora4,43,8,93.23394495412845,93.37822671156005,813,872,0eca51b0ebc45c3f665fd965abdfe8641b1aeb71a9951dda028798b4d8ba9f73,474064160,592575792,59258020,74071974,2110,67520,16880,540160,0,270080,"[4,4,4,4,4,4,4,4,4,4]",4.0,4,4,0,0.168576377717628,1667469312,2187329536,261.06690533668444,421.23280649259686,3420.012952597812
/home/gogoi/ahlora-quantity-20260917/runs/full-v1-quantity-declora4-seed43,2ec9b556fbc202fe,complete,full_configured_budget,quantity_skew_extension,sst2,declora4,43,9,93.23394495412845,93.37822671156005,813,872,023edb9e0eef0d2bae794cd2e919315158f43676d3baae85de5dcc013d9f0d07,533322180,666647766,59258020,74071974,2110,67520,18990,607680,0,270080,"[4,4,4,4,4,4,4,4,4,4]",4.0,4,4,0,0.16424428715776257,1668438528,2187329536,288.7123160889031,417.12334427889436,3837.1465100720525
/home/gogoi/ahlora-quantity-20260917/runs/full-v1-quantity-declora4-seed43,2ec9b556fbc202fe,complete,full_configured_budget,quantity_skew_extension,sst2,declora4,43,10,93.34862385321101,93.52678571428571,814,872,bffcdf07343c70f24994916fea906dc1cbd705ef29b9b28d7718e2a2dcde222a,592580200,740719740,59258020,74071974,2110,67520,21100,675200,0,270080,"[4,4,4,4,4,4,4,4,4,4]",4.0,4,4,0,0.15616964914711023,1667469312,2187329536,311.6914763491833,427.1269424268976,4264.2822809666395
/home/gogoi/ahlora-quantity-20260917/runs/full-v1-quantity-declora4-seed43,2ec9b556fbc202fe,complete,full_configured_budget,quantity_skew_extension,sst2,declora4,43,11,92.88990825688073,93.11111111111111,810,872,1c3cbd3ddd0b17903c78c2c2fa9224d64316f56b48c929aacd3164ab2ba25ece,651838220,814791714,59258020,74071974,2110,67520,23210,742720,0,270080,"[4,4,4,4,4,4,4,4,4,4]",4.0,4,4,0,0.15379728892554917,1665122816,2187329536,336.2222492678144,429.9906766861677,4694.282751007937
/home/gogoi/ahlora-quantity-20260917/runs/full-v1-quantity-declora4-seed43,2ec9b556fbc202fe,complete,full_configured_budget,quantity_skew_extension,sst2,declora4,43,12,93.57798165137615,93.75,816,872,bcc6163c93776edbde0604baac70830a7c08be6096d7ad803ef0cf23cde2ce16,711096240,888863688,59258020,74071974,2110,67520,25320,810240,0,270080,"[4,4,4,4,4,4,4,4,4,4]",4.0,4,4,0,0.14984581784641213,1667469312,2187329536,355.1390023461064,420.7447961224243,5115.036201657727
/home/gogoi/ahlora-quantity-20260917/runs/full-v1-quantity-declora4-seed43,2ec9b556fbc202fe,complete,full_configured_budget,quantity_skew_extension,sst2,declora4,43,13,93.69266055045871,93.88209121245829,817,872,fa3008382af6d7142af697e47016d46260798b02cb7fe4b2cdb129d45076432f,770354260,962935662,59258020,74071974,2110,67520,27430,877760,0,270080,"[4,4,4,4,4,4,4,4,4,4]",4.0,4,4,0,0.14340894602435547,1668438528,2187329536,372.3815893518631,424.5028527099639,5539.556822722778
/home/gogoi/ahlora-quantity-20260917/runs/full-v1-quantity-declora4-seed43,2ec9b556fbc202fe,complete,full_configured_budget,quantity_skew_extension,sst2,declora4,43,14,93.11926605504587,93.30357142857143,812,872,f00e8b0cfc6ac9bcf3a38876c43dd280ff8c6ce09a711b02b7402f6917aebd9a,829612280,1037007636,59258020,74071974,2110,67520,29540,945280,0,270080,"[4,4,4,4,4,4,4,4,4,4]",4.0,4,4,0,0.13926510561990507,1667469312,2187329536,387.8274108535742,427.92142889183015,5967.4959333902225
/home/gogoi/ahlora-quantity-20260917/runs/full-v1-quantity-declora4-seed43,2ec9b556fbc202fe,complete,full_configured_budget,quantity_skew_extension,sst2,declora4,43,15,93.69266055045871,93.8132733408324,817,872,35dcdc055e48131a9d79e6861d49b1444f5f15250cfa4eb3aac6177b9bb329e3,888870300,1111079610,59258020,74071974,2110,67520,31650,1012800,0,270080,"[4,4,4,4,4,4,4,4,4,4]",4.0,4,4,0,0.13745771528663603,1667469312,2187329536,403.99661829322577,424.04440182540566,6391.5495997210965
/home/gogoi/ahlora-quantity-20260917/runs/full-v1-quantity-declora4-seed43,2ec9b556fbc202fe,complete,full_configured_budget,quantity_skew_extension,sst2,declora4,43,16,93.80733944954129,94.0,818,872,0587e96ac872f2f62285ed08be1028d4387738182507431d5598905dce93eb8f,948128320,1185151584,59258020,74071974,2110,67520,33760,1080320,0,270080,"[4,4,4,4,4,4,4,4,4,4]",4.0,4,4,0,0.1341788059824932,1665122816,2187329536,417.3786269433324,426.7505593765527,6818.310453963466
/home/gogoi/ahlora-quantity-20260917/runs/full-v1-quantity-declora4-seed43,2ec9b556fbc202fe,complete,full_configured_budget,quantity_skew_extension,sst2,declora4,43,17,93.80733944954129,93.95973154362416,818,872,fbc22d062ba5cf275d7f360847e05bb092688b57f1a4759865ec06d2c24a32c9,1007386340,1259223558,59258020,74071974,2110,67520,35870,1147840,0,270080,"[4,4,4,4,4,4,4,4,4,4]",4.0,4,4,0,0.12921384870325314,1667469312,2187329536,430.88969898027676,416.0286873728037,7234.354558007792
/home/gogoi/ahlora-quantity-20260917/runs/full-v1-quantity-declora4-seed43,2ec9b556fbc202fe,complete,full_configured_budget,quantity_skew_extension,sst2,declora4,43,18,94.03669724770643,94.17040358744394,820,872,0c9fb840dd8da2f79ca003944196a7bb85486a413294e4e5c89628dce6352ba6,1066644360,1333295532,59258020,74071974,2110,67520,37980,1215360,0,270080,"[4,4,4,4,4,4,4,4,4,4]",4.0,4,4,0,0.13013339188048242,1667469312,2187329536,449.3331519408598,422.22320702765137,7656.586388732307
/home/gogoi/ahlora-quantity-20260917/runs/full-v1-quantity-declora4-seed43,2ec9b556fbc202fe,complete,full_configured_budget,quantity_skew_extension,sst2,declora4,43,19,93.92201834862385,94.05162738496072,819,872,75ce0fdac2da7d343e9b70fe503cb55f1f35188f17ca4169c664883c8b799b63,1125902380,1407367506,59258020,74071974,2110,67520,40090,1282880,0,270080,"[4,4,4,4,4,4,4,4,4,4]",4.0,4,4,0,0.12715061889889015,1667469312,2187329536,458.6970003054553,418.3086390737444,8074.910823873244
/home/gogoi/ahlora-quantity-20260917/runs/full-v1-quantity-declora4-seed43,2ec9b556fbc202fe,complete,full_configured_budget,quantity_skew_extension,sst2,declora4,43,20,94.26605504587155,94.39461883408072,822,872,21b9d4ea00361472e5d06a2cbcc5cb8c772f850b79f8fbe6b0b8ebf25b0721a2,1185160400,1481439480,59258020,74071974,2110,67520,42200,1350400,0,270080,"[4,4,4,4,4,4,4,4,4,4]",4.0,4,4,0,0.12600838569867684,1667469312,2187329536,471.1081638477042,403.9585020272061,8478.879178322852
/home/gogoi/ahlora-quantity-20260917/runs/full-v1-quantity-declora4-seed44,2ec9b556fbc202fe,complete,full_configured_budget,quantity_skew_extension,sst2,declora4,44,1,91.39908256880734,91.56355455568054,797,872,3fc6ef60fa98b274f00ad576a8d80f031f78212f8456d51a6d5cff47a7169507,59258020,74071974,59258020,74071974,2110,67520,2110,67520,0,270080,"[4,4,4,4,4,4,4,4,4,4]",4.0,4,4,0,0.3668640777300955,1665702400,2160066560,35.32969213341554,398.9604275049642,398.9604325760156
/home/gogoi/ahlora-quantity-20260917/runs/full-v1-quantity-declora4-seed44,2ec9b556fbc202fe,complete,full_configured_budget,quantity_skew_extension,sst2,declora4,44,2,92.77522935779817,93.02325581395348,809,872,36f83cc68bd22f355ed762d42483a9c7a58769602b1adab4e002f75d1a1d63c4,118516040,148143948,59258020,74071974,2110,67520,4220,135040,0,270080,"[4,4,4,4,4,4,4,4,4,4]",4.0,4,4,0,0.27120358929550054,1665702400,2160066560,62.09286659084049,426.1003321474418,825.0736604761332
/home/gogoi/ahlora-quantity-20260917/runs/full-v1-quantity-declora4-seed44,2ec9b556fbc202fe,complete,full_configured_budget,quantity_skew_extension,sst2,declora4,44,3,93.57798165137615,93.70786516853933,816,872,654d0cb54f33fa3495db10235ff1d8afa6bdcf6eaa54c69815e309088c32d6ac,177774060,222215922,59258020,74071974,2110,67520,6330,202560,0,270080,"[4,4,4,4,4,4,4,4,4,4]",4.0,4,4,0,0.23658381831386432,1609698816,2160066560,95.00633627058963,406.53655986953527,1231.6257325448096
/home/gogoi/ahlora-quantity-20260917/runs/full-v1-quantity-declora4-seed44,2ec9b556fbc202fe,complete,full_configured_budget,quantity_skew_extension,sst2,declora4,44,4,93.23394495412845,93.39305711086226,813,872,3a0d97aeab93a97b0c6f323504560443a78559777f0d8cbf21a90a7cdc131f78,237032080,296287896,59258020,74071974,2110,67520,8440,270080,0,270080,"[4,4,4,4,4,4,4,4,4,4]",4.0,4,4,0,0.21124783317338877,1609698816,2160066560,125.81315763615476,423.5132734887302,1655.1545431828126
/home/gogoi/ahlora-quantity-20260917/runs/full-v1-quantity-declora4-seed44,2ec9b556fbc202fe,complete,full_configured_budget,quantity_skew_extension,sst2,declora4,44,5,93.46330275229357,93.57384441939121,815,872,1b34be9c764269e12a48330176d93bcf58825301c972f425bafaa2e285accfe3,296290100,370359870,59258020,74071974,2110,67520,10550,337600,0,270080,"[4,4,4,4,4,4,4,4,4,4]",4.0,4,4,0,0.19822747162852206,1665702400,2160066560,156.3153651803405,418.05450308695436,2073.2178144827485
/home/gogoi/ahlora-quantity-20260917/runs/full-v1-quantity-declora4-seed44,2ec9b556fbc202fe,complete,full_configured_budget,quantity_skew_extension,sst2,declora4,44,6,93.34862385321101,93.49775784753363,814,872,d3964effd017ab6cfdea44010689884859d24eaadd3c191d27e67752a966c04f,355548120,444431844,59258020,74071974,2110,67520,12660,405120,0,270080,"[4,4,4,4,4,4,4,4,4,4]",4.0,4,4,0,0.1865129851155362,1665702400,2160066560,189.53777027322417,414.12147725746036,2487.3502460550517
/home/gogoi/ahlora-quantity-20260917/runs/full-v1-quantity-declora4-seed44,2ec9b556fbc202fe,complete,full_configured_budget,quantity_skew_extension,sst2,declora4,44,7,93.69266055045871,93.84098544232923,817,872,6bee8ce4e96304501948b3f15dd4c9a806bb1739131840f001b226c16d69dbf5,414806140,518503818,59258020,74071974,2110,67520,14770,472640,0,270080,"[4,4,4,4,4,4,4,4,4,4]",4.0,4,4,0,0.1792117659744897,1665702400,2160066560,215.87129001032798,415.77525631990284,2903.1341056488454
/home/gogoi/ahlora-quantity-20260917/runs/full-v1-quantity-declora4-seed44,2ec9b556fbc202fe,complete,full_configured_budget,quantity_skew_extension,sst2,declora4,44,8,93.57798165137615,93.70786516853933,816,872,f4bdef0f8bc6209e2590dea45c819ac7641f2e3986102b9f7d92688dd2e55829,474064160,592575792,59258020,74071974,2110,67520,16880,540160,0,270080,"[4,4,4,4,4,4,4,4,4,4]",4.0,4,4,0,0.17049577358160586,1665702400,2160066560,246.4154704401323,418.3841865118593,3321.5338658867404
/home/gogoi/ahlora-quantity-20260917/runs/full-v1-quantity-declora4-seed44,2ec9b556fbc202fe,complete,full_configured_budget,quantity_skew_extension,sst2,declora4,44,9,93.92201834862385,94.0649496080627,819,872,b9efba2cd4d141d1e98b75de6e471d7388e8f5ce8cf6c013f9ae6b5c0253b143,533322180,666647766,59258020,74071974,2110,67520,18990,607680,0,270080,"[4,4,4,4,4,4,4,4,4,4]",4.0,4,4,0,0.16347862864842846,1665702400,2160066560,269.4177643244818,401.81441419105977,3723.3569571394473
/home/gogoi/ahlora-quantity-20260917/runs/full-v1-quantity-declora4-seed44,2ec9b556fbc202fe,complete,full_configured_budget,quantity_skew_extension,sst2,declora4,44,10,93.69266055045871,93.8132733408324,817,872,e1cd8d7194bb18458e2444bac684d20ad7dc387fcb538d14646d113f12723de8,592580200,740719740,59258020,74071974,2110,67520,21100,675200,0,270080,"[4,4,4,4,4,4,4,4,4,4]",4.0,4,4,0,0.1558662448497434,1665702400,2160066560,293.4464528365694,416.26193051505834,4139.634422891773
/home/gogoi/ahlora-quantity-20260917/runs/full-v1-quantity-declora4-seed44,2ec9b556fbc202fe,complete,full_configured_budget,quantity_skew_extension,sst2,declora4,44,11,93.80733944954129,93.95973154362416,818,872,ed1eae809578d55343aed5e54b8020312e2b3fd7ae39f8ae7a508d267a4db4d1,651838220,814791714,59258020,74071974,2110,67520,23210,742720,0,270080,"[4,4,4,4,4,4,4,4,4,4]",4.0,4,4,0,0.1513529797504497,1665702400,2160066560,315.8865039771572,421.7543762251735,4561.399293107912
/home/gogoi/ahlora-quantity-20260917/runs/full-v1-quantity-declora4-seed44,2ec9b556fbc202fe,complete,full_configured_budget,quantity_skew_extension,sst2,declora4,44,12,93.46330275229357,93.63128491620111,815,872,d99ac361880a01b9f6392045e8465e80a80a0b0b69ecade31d90c55f572b0fe8,711096240,888863688,59258020,74071974,2110,67520,25320,810240,0,270080,"[4,4,4,4,4,4,4,4,4,4]",4.0,4,4,0,0.14426459157326307,1665702400,2160066560,335.14976250443044,409.3289298834279,4970.736919929273
/home/gogoi/ahlora-quantity-20260917/runs/full-v1-quantity-declora4-seed44,2ec9b556fbc202fe,complete,full_configured_budget,quantity_skew_extension,sst2,declora4,44,13,93.69266055045871,93.8132733408324,817,872,54403a650940351177cd50c696bab43fe91c8fe60bf07188d1052c3b1443602a,770354260,962935662,59258020,74071974,2110,67520,27430,877760,0,270080,"[4,4,4,4,4,4,4,4,4,4]",4.0,4,4,0,0.14219250966822997,1665702400,2160066560,358.7408465238826,412.59952862747014,5383.346235051751
/home/gogoi/ahlora-quantity-20260917/runs/full-v1-quantity-declora4-seed44,2ec9b556fbc202fe,complete,full_configured_budget,quantity_skew_extension,sst2,declora4,44,14,93.92201834862385,94.05162738496072,819,872,3cc060738bf404df1d88c23e4423768d79535d245e89972a67dad6394af412ef,829612280,1037007636,59258020,74071974,2110,67520,29540,945280,0,270080,"[4,4,4,4,4,4,4,4,4,4]",4.0,4,4,0,0.13788910010724117,1664317952,2160066560,376.2370337198694,412.14354088529944,5795.50064349547
/home/gogoi/ahlora-quantity-20260917/runs/full-v1-quantity-declora4-seed44,2ec9b556fbc202fe,complete,full_configured_budget,quantity_skew_extension,sst2,declora4,44,15,93.46330275229357,93.61702127659575,815,872,6ebe17edebe65cf05470e4b75111aaaa0f3187db08a17549dfcfe52e3cedaa6d,888870300,1111079610,59258020,74071974,2110,67520,31650,1012800,0,270080,"[4,4,4,4,4,4,4,4,4,4]",4.0,4,4,0,0.13599229204702984,1665702400,2160066560,391.9470789578547,419.59732221998274,6215.10652534198
/home/gogoi/ahlora-quantity-20260917/runs/full-v1-quantity-declora4-seed44,2ec9b556fbc202fe,complete,full_configured_budget,quantity_skew_extension,sst2,declora4,44,16,93.92201834862385,94.0649496080627,819,872,7d6f144fccf169044332506c9e2365001649f552e9bd1da08107032249d69a63,948128320,1185151584,59258020,74071974,2110,67520,33760,1080320,0,270080,"[4,4,4,4,4,4,4,4,4,4]",4.0,4,4,0,0.13464436856335993,1608904704,2160066560,405.39454188178183,419.4137045145035,6634.528988919221
/home/gogoi/ahlora-quantity-20260917/runs/full-v1-quantity-declora4-seed44,2ec9b556fbc202fe,complete,full_configured_budget,quantity_skew_extension,sst2,declora4,44,17,93.46330275229357,93.63128491620111,815,872,815edb4d3652866c0fd3d93689b24f453482d30fcd20494fc64139e324487d82,1007386340,1259223558,59258020,74071974,2110,67520,35870,1147840,0,270080,"[4,4,4,4,4,4,4,4,4,4]",4.0,4,4,0,0.1318284953853763,1609698816,2160066560,421.51692257920126,414.9606481278315,7049.499245561659
/home/gogoi/ahlora-quantity-20260917/runs/full-v1-quantity-declora4-seed44,2ec9b556fbc202fe,complete,full_configured_budget,quantity_skew_extension,sst2,declora4,44,18,93.80733944954129,93.93258426966293,818,872,d267e0f3ea84ececa43bf2beaccef62f298da109e8e31af42d3a4dc72df06a0a,1066644360,1333295532,59258020,74071974,2110,67520,37980,1215360,0,270080,"[4,4,4,4,4,4,4,4,4,4]",4.0,4,4,0,0.12997849212362297,1609698816,2160066560,431.74446259313004,419.62981899734586,7469.137623597868
/home/gogoi/ahlora-quantity-20260917/runs/full-v1-quantity-declora4-seed44,2ec9b556fbc202fe,complete,full_configured_budget,quantity_skew_extension,sst2,declora4,44,19,94.03669724770643,94.17040358744394,820,872,9c821f00bed8c1370ccf4ce7ccb92071302888e7c24e2909e5d1cf26a03d43f2,1125902380,1407367506,59258020,74071974,2110,67520,40090,1282880,0,270080,"[4,4,4,4,4,4,4,4,4,4]",4.0,4,4,0,0.12609455271566303,1665702400,2160066560,447.34244493335405,426.1287981402129,7895.275131020695
/home/gogoi/ahlora-quantity-20260917/runs/full-v1-quantity-declora4-seed44,2ec9b556fbc202fe,complete,full_configured_budget,quantity_skew_extension,sst2,declora4,44,20,93.69266055045871,93.85474860335195,817,872,4703c5d345d2e9e1a1a90823aa11f2142e28cbf65141a0a326e1cac32544b885,1185160400,1481439480,59258020,74071974,2110,67520,42200,1350400,0,270080,"[4,4,4,4,4,4,4,4,4,4]",4.0,4,4,0,0.12324192902161955,1609698816,2160066560,463.1718371006225,414.2504030028358,8309.542127978057
/home/gogoi/ahlora-quantity-20260917/runs/full-v1-quantity-declora4-seed45,2ec9b556fbc202fe,complete,full_configured_budget,quantity_skew_extension,sst2,declora4,45,1,91.74311926605505,92.01773835920177,800,872,7ae3239621d08cb4a8b86c3d8bc2eae00d7644389e8b6db74817609411750af5,59258020,74071974,59258020,74071974,2110,67520,2110,67520,0,270080,"[4,4,4,4,4,4,4,4,4,4]",4.0,4,4,0,0.3623400225670417,1669604352,1851785216,37.14586973018779,413.4114978443831,413.41150389332324
/home/gogoi/ahlora-quantity-20260917/runs/full-v1-quantity-declora4-seed45,2ec9b556fbc202fe,complete,full_configured_budget,quantity_skew_extension,sst2,declora4,45,2,93.11926605504587,93.30357142857143,812,872,f4b349657869c8c7c95a72496943bcc1e0d5bb0730bc41e08e809dd73200ec49,118516040,148143948,59258020,74071974,2110,67520,4220,135040,0,270080,"[4,4,4,4,4,4,4,4,4,4]",4.0,4,4,0,0.27254338591443417,1670005760,1851785216,64.69931252668975,428.0380209432915,841.4640299649909
/home/gogoi/ahlora-quantity-20260917/runs/full-v1-quantity-declora4-seed45,2ec9b556fbc202fe,complete,full_configured_budget,quantity_skew_extension,sst2,declora4,45,3,93.69266055045871,93.84098544232923,817,872,84c1403de7b5761fe1b3b3a5300ad1dafbcd88ef668d65fc39840726961262a3,177774060,222215922,59258020,74071974,2110,67520,6330,202560,0,270080,"[4,4,4,4,4,4,4,4,4,4]",4.0,4,4,0,0.2389500028033348,1669949440,1851785216,98.72945890658654,420.6852699480951,1262.165704634972
/home/gogoi/ahlora-quantity-20260917/runs/full-v1-quantity-declora4-seed45,2ec9b556fbc202fe,complete,full_configured_budget,quantity_skew_extension,sst2,declora4,45,4,93.92201834862385,94.07821229050279,819,872,480092c5e43c376eee0dd5130e27ac653701419df3e7c3ec7b32a8319b5fa8ed,237032080,296287896,59258020,74071974,2110,67520,8440,270080,0,270080,"[4,4,4,4,4,4,4,4,4,4]",4.0,4,4,0,0.21360088234548832,1670139392,1851785216,134.07769822502024,421.41791363060474,1683.603074626997
/home/gogoi/ahlora-quantity-20260917/runs/full-v1-quantity-declora4-seed45,2ec9b556fbc202fe,complete,full_configured_budget,quantity_skew_extension,sst2,declora4,45,5,93.92201834862385,94.07821229050279,819,872,66f69dbc4373e8395bdb1915312fb66ba2797807bbd59a65404dad3b7ad11905,296290100,370359870,59258020,74071974,2110,67520,10550,337600,0,270080,"[4,4,4,4,4,4,4,4,4,4]",4.0,4,4,0,0.20077740922338502,1670005760,1851785216,169.0615681482751,429.2223035208881,2112.841421686113
/home/gogoi/ahlora-quantity-20260917/runs/full-v1-quantity-declora4-seed45,2ec9b556fbc202fe,complete,full_configured_budget,quantity_skew_extension,sst2,declora4,45,6,93.57798165137615,93.75,816,872,5bdc664a9c801e7f71d08aad521903166b87494f0595af3c1baedd56ae6dc486,355548120,444431844,59258020,74071974,2110,67520,12660,405120,0,270080,"[4,4,4,4,4,4,4,4,4,4]",4.0,4,4,0,0.185745402280705,1670139392,1851785216,203.47585466945543,420.6756275817752,2533.5262399902567
/home/gogoi/ahlora-quantity-20260917/runs/full-v1-quantity-declora4-seed45,2ec9b556fbc202fe,complete,full_configured_budget,quantity_skew_extension,sst2,declora4,45,7,93.92201834862385,94.09141583054627,819,872,7da4095b6f26e190c227cb41162e99859019b1958bf056e5839f7266ff35ba85,414806140,518503818,59258020,74071974,2110,67520,14770,472640,0,270080,"[4,4,4,4,4,4,4,4,4,4]",4.0,4,4,0,0.17712460532795496,1669604352,1851785216,236.05360141926928,428.03134479932487,2961.567781765014
/home/gogoi/ahlora-quantity-20260917/runs/full-v1-quantity-declora4-seed45,2ec9b556fbc202fe,complete,full_configured_budget,quantity_skew_extension,sst2,declora4,45,8,94.03669724770643,94.15730337078652,820,872,e2a4367f524ffcce8007a02643b445463db854a99deffb3365f633ddd68eab90,474064160,592575792,59258020,74071974,2110,67520,16880,540160,0,270080,"[4,4,4,4,4,4,4,4,4,4]",4.0,4,4,0,0.17040633376739076,1669949440,1851785216,265.2970780537198,429.6757953101769,3391.2539786705747
/home/gogoi/ahlora-quantity-20260917/runs/full-v1-quantity-declora4-seed45,2ec9b556fbc202fe,complete,full_configured_budget,quantity_skew_extension,sst2,declora4,45,9,94.26605504587155,94.45676274944567,822,872,3668bbf964d9f43bed8b9e784bdbb16c123b8dfe34e94070845078c27860a746,533322180,666647766,59258020,74071974,2110,67520,18990,607680,0,270080,"[4,4,4,4,4,4,4,4,4,4]",4.0,4,4,0,0.16485600531202194,1669604352,1851785216,297.8017988358015,431.4834232069552,3822.7546566287056
/home/gogoi/ahlora-quantity-20260917/runs/full-v1-quantity-declora4-seed45,2ec9b556fbc202fe,complete,full_configured_budget,quantity_skew_extension,sst2,declora4,45,10,94.72477064220183,94.86607142857143,826,872,6e7c15a04fc71d49c9a4d1dc73afd2caecc98390a6cafbd4fb04b658d63baa9c,592580200,740719740,59258020,74071974,2110,67520,21100,675200,0,270080,"[4,4,4,4,4,4,4,4,4,4]",4.0,4,4,0,0.15961577835025473,1669604352,1851785216,325.22896795677593,421.36976344976574,4244.140386746265
/home/gogoi/ahlora-quantity-20260917/runs/full-v1-quantity-declora4-seed45,2ec9b556fbc202fe,complete,full_configured_budget,quantity_skew_extension,sst2,declora4,45,11,94.38073394495413,94.52513966480447,823,872,3219fcce014a7d829edc9048a13d0b8ae7c2e661148a6e381b06a133097b3850,651838220,814791714,59258020,74071974,2110,67520,23210,742720,0,270080,"[4,4,4,4,4,4,4,4,4,4]",4.0,4,4,0,0.15351811088009196,1669604352,1851785216,349.8629524801506,424.31639816984534,4668.476899153553
/home/gogoi/ahlora-quantity-20260917/runs/full-v1-quantity-declora4-seed45,2ec9b556fbc202fe,complete,full_configured_budget,quantity_skew_extension,sst2,declora4,45,12,94.15137614678899,94.31438127090301,821,872,eec0755321bf705ead6c038014984cad49229db40a3598bf59d9e3f4a4d0ca4b,711096240,888863688,59258020,74071974,2110,67520,25320,810240,0,270080,"[4,4,4,4,4,4,4,4,4,4]",4.0,4,4,0,0.14883079532829335,1669604352,1851785216,369.6172025905953,420.00210866332054,5088.491752482951
/home/gogoi/ahlora-quantity-20260917/runs/full-v1-quantity-declora4-seed45,2ec9b556fbc202fe,complete,full_configured_budget,quantity_skew_extension,sst2,declora4,45,13,94.61009174311927,94.74860335195531,825,872,12743c951ba3100f31c4b1e1d15d416ab2db61efbf491a50fafe0b1bbd431d76,770354260,962935662,59258020,74071974,2110,67520,27430,877760,0,270080,"[4,4,4,4,4,4,4,4,4,4]",4.0,4,4,0,0.14444121862230636,1669604352,1851785216,391.088859575623,406.30138090625405,5494.80563223362
/home/gogoi/ahlora-quantity-20260917/runs/full-v1-quantity-declora4-seed45,2ec9b556fbc202fe,complete,full_configured_budget,quantity_skew_extension,sst2,declora4,45,14,94.72477064220183,94.84304932735427,826,872,0809933d0291959f9c3f38c6a97657712df5dac5a0190ca40507a6161f79ce53,829612280,1037007636,59258020,74071974,2110,67520,29540,945280,0,270080,"[4,4,4,4,4,4,4,4,4,4]",4.0,4,4,0,0.13761158366150003,1669604352,1851785216,416.8135673255001,403.3898115372285,5898.206379644573
/home/gogoi/ahlora-quantity-20260917/runs/full-v1-quantity-declora4-seed45,2ec9b556fbc202fe,complete,full_configured_budget,quantity_skew_extension,sst2,declora4,45,15,94.61009174311927,94.73684210526316,825,872,59c5f8543fa1e83575111f7d38e5fc23201ee3809b20eae690922a34addea09d,888870300,1111079610,59258020,74071974,2110,67520,31650,1012800,0,270080,"[4,4,4,4,4,4,4,4,4,4]",4.0,4,4,0,0.13745406972986046,1669949440,1851785216,433.5610945218082,411.6925450991839,6309.911180318333
/home/gogoi/ahlora-quantity-20260917/runs/full-v1-quantity-declora4-seed45,2ec9b556fbc202fe,complete,full_configured_budget,quantity_skew_extension,sst2,declora4,45,16,94.15137614678899,94.2889137737962,821,872,9d8391176b9949b413e1c542840a80b86cd8ab5ad0e6829313080081eec50ce2,948128320,1185151584,59258020,74071974,2110,67520,33760,1080320,0,270080,"[4,4,4,4,4,4,4,4,4,4]",4.0,4,4,0,0.13782966263249893,1669604352,1851785216,453.0101403713925,427.3031364213675,6737.226424386725
/home/gogoi/ahlora-quantity-20260917/runs/full-v1-quantity-declora4-seed45,2ec9b556fbc202fe,complete,full_configured_budget,quantity_skew_extension,sst2,declora4,45,17,94.26605504587155,94.41964285714286,822,872,4fd6d78577f4d217cf5806d9c7c031d6b0e3cd16cce3ab7648137ee175c0a74c,1007386340,1259223558,59258020,74071974,2110,67520,35870,1147840,0,270080,"[4,4,4,4,4,4,4,4,4,4]",4.0,4,4,0,0.131464369807895,1669604352,1851785216,468.51462675238463,407.3846227489412,7144.623428768478
/home/gogoi/ahlora-quantity-20260917/runs/full-v1-quantity-declora4-seed45,2ec9b556fbc202fe,complete,full_configured_budget,quantity_skew_extension,sst2,declora4,45,18,94.72477064220183,94.85458612975391,826,872,5d28e491caf7341e81019d8d05e10234790eef12bc880b569ae627ddbdff54a0,1066644360,1333295532,59258020,74071974,2110,67520,37980,1215360,0,270080,"[4,4,4,4,4,4,4,4,4,4]",4.0,4,4,0,0.12936804580946148,1669701632,1851785216,482.50839604588054,395.78116535861045,7540.417084389366
/home/gogoi/ahlora-quantity-20260917/runs/full-v1-quantity-declora4-seed45,2ec9b556fbc202fe,complete,full_configured_budget,quantity_skew_extension,sst2,declora4,45,19,94.72477064220183,94.85458612975391,826,872,e18d590758715107bd662293d0aa528bdf55484eef0ee0a8e671a399fff0e654,1125902380,1407367506,59258020,74071974,2110,67520,40090,1282880,0,270080,"[4,4,4,4,4,4,4,4,4,4]",4.0,4,4,0,0.12588670410570893,1670005760,1851785216,496.88495534337517,400.2321631712839,7940.659716038965
/home/gogoi/ahlora-quantity-20260917/runs/full-v1-quantity-declora4-seed45,2ec9b556fbc202fe,complete,full_configured_budget,quantity_skew_extension,sst2,declora4,45,20,94.72477064220183,94.85458612975391,826,872,73bb7bcffefe7f66f9c6beb03923fc7ca43a27a8bbb96bd08a973cfed9ccd7bc,1185160400,1481439480,59258020,74071974,2110,67520,42200,1350400,0,270080,"[4,4,4,4,4,4,4,4,4,4]",4.0,4,4,0,0.12621949167476754,1669604352,1851785216,509.38781791687234,402.32895624637604,8342.998835783452
/home/gogoi/ahlora-quantity-20260917/runs/full-v1-quantity-fixed_sample-seed42,2ec9b556fbc202fe,complete,full_configured_budget,quantity_skew_extension,sst2,fixed_sample,42,1,92.31651376146789,92.58028792912513,805,872,9e3d99256e1b007b478f56453eea0560c8b18adf3517b2e31eb37153c4ce13b5,73414236,90587950,73414236,90587950,2110,67520,2110,67520,0,594176,"[4,8,4,4,8,16,4,8,16,16]",8.8,4,16,0,0.36084206724866025,1668045824,2252341248,64.99973467355,421.4121603574604,421.4121679728851
/home/gogoi/ahlora-quantity-20260917/runs/full-v1-quantity-fixed_sample-seed42,2ec9b556fbc202fe,complete,full_configured_budget,quantity_skew_extension,sst2,fixed_sample,42,2,93.11926605504587,93.36283185840708,812,872,298846e28c567b5d4cf9a692a0edf873ba3000466df57efedfd4473bf29c68df,146828472,181175900,73414236,90587950,2110,67520,4220,135040,0,594176,"[4,8,4,4,8,16,4,8,16,16]",8.8,4,16,0,0.24900569966663186,1665190912,2252341248,82.8201781273005,425.8264634218067,847.2584911044687
/home/gogoi/ahlora-quantity-20260917/runs/full-v1-quantity-fixed_sample-seed42,2ec9b556fbc202fe,complete,full_configured_budget,quantity_skew_extension,sst2,fixed_sample,42,3,93.11926605504587,93.33333333333333,812,872,859c5f90568fc80afbeaacdf85e704e3e2884288ebfa52ff111dfcd2f6425fe5,220242708,271763850,73414236,90587950,2110,67520,6330,202560,0,594176,"[4,8,4,4,8,16,4,8,16,16]",8.8,4,16,0,0.21942506005140067,1666245120,2254438400,105.45428136023061,422.2246122676879,1269.5078434580937
/home/gogoi/ahlora-quantity-20260917/runs/full-v1-quantity-fixed_sample-seed42,2ec9b556fbc202fe,complete,full_configured_budget,quantity_skew_extension,sst2,fixed_sample,42,4,94.03669724770643,94.17040358744394,820,872,0c8772b5630d8db55ac59fb0bf5cc3f477b8ca9439b9ccc63794627c3a878c1b,293656944,362351800,73414236,90587950,2110,67520,8440,270080,0,594176,"[4,8,4,4,8,16,4,8,16,16]",8.8,4,16,0,0.20348407786595524,1668837888,2254438400,134.9491532071446,420.10115554276854,1689.6281050518155
/home/gogoi/ahlora-quantity-20260917/runs/full-v1-quantity-fixed_sample-seed42,2ec9b556fbc202fe,complete,full_configured_budget,quantity_skew_extension,sst2,fixed_sample,42,5,94.15137614678899,94.27609427609427,821,872,70c72e3b24787dd62ff33b1215921a0e923b43410c1d8ace6c50d6388c988d6a,367071180,452939750,73414236,90587950,2110,67520,10550,337600,0,594176,"[4,8,4,4,8,16,4,8,16,16]",8.8,4,16,0,0.18200774802277372,1666245120,2254438400,164.11186289208146,422.13319282699376,2111.7869196385145
/home/gogoi/ahlora-quantity-20260917/runs/full-v1-quantity-fixed_sample-seed42,2ec9b556fbc202fe,complete,full_configured_budget,quantity_skew_extension,sst2,fixed_sample,42,6,94.26605504587155,94.40715883668904,822,872,f8b94b1fd29761b30d3b9aa25c7163d2dbec6183f670cb9232068518bc92dd3e,440485416,543527700,73414236,90587950,2110,67520,12660,405120,0,594176,"[4,8,4,4,8,16,4,8,16,16]",8.8,4,16,0,0.17479328334676897,1669427712,2254438400,197.88512104262918,422.10290101822466,2533.9156419914216
/home/gogoi/ahlora-quantity-20260917/runs/full-v1-quantity-fixed_sample-seed42,2ec9b556fbc202fe,complete,full_configured_budget,quantity_skew_extension,sst2,fixed_sample,42,7,94.03669724770643,94.11764705882354,820,872,aed9113bd85b402197df02ce875b71376ea702dae5e37475cd40a846e4e23f36,513899652,634115650,73414236,90587950,2110,67520,14770,472640,0,594176,"[4,8,4,4,8,16,4,8,16,16]",8.8,4,16,0,0.16474996744555762,1668837888,2254438400,232.02823995363505,425.3594762617722,2959.2954020481557
/home/gogoi/ahlora-quantity-20260917/runs/full-v1-quantity-fixed_sample-seed42,2ec9b556fbc202fe,complete,full_configured_budget,quantity_skew_extension,sst2,fixed_sample,42,8,94.26605504587155,94.39461883408072,822,872,28824997372b95287dca92d330c35efa9d1a3b7f52badf6ced89119e18619ea7,587313888,724703600,73414236,90587950,2110,67520,16880,540160,0,594176,"[4,8,4,4,8,16,4,8,16,16]",8.8,4,16,0,0.15701328227454406,1666245120,2254438400,265.94882545747487,425.69548461586237,3385.0063047436997
/home/gogoi/ahlora-quantity-20260917/runs/full-v1-quantity-fixed_sample-seed42,2ec9b556fbc202fe,complete,full_configured_budget,quantity_skew_extension,sst2,fixed_sample,42,9,94.38073394495413,94.51287793952967,823,872,aca6a097f2ec42017a8b6186f15fe56eee3f2f59f7d2a52546588bdff2ce6863,660728124,815291550,73414236,90587950,2110,67520,18990,607680,0,594176,"[4,8,4,4,8,16,4,8,16,16]",8.8,4,16,0,0.15173892668609495,1669427712,2254438400,300.0947085286779,431.5553554324433,3816.579513697885
/home/gogoi/ahlora-quantity-20260917/runs/full-v1-quantity-fixed_sample-seed42,2ec9b556fbc202fe,complete,full_configured_budget,quantity_skew_extension,sst2,fixed_sample,42,10,93.92201834862385,94.01129943502825,819,872,e116ac5155991ac0aa767eb7538f3aed8032aff5f1aee803599bc9f5466924d8,734142360,905879500,73414236,90587950,2110,67520,21100,675200,0,594176,"[4,8,4,4,8,16,4,8,16,16]",8.8,4,16,0,0.14393045567075383,1666245120,2254438400,337.0953471858073,426.50614338181913,4243.113121457398
/home/gogoi/ahlora-quantity-20260917/runs/full-v1-quantity-fixed_sample-seed42,2ec9b556fbc202fe,complete,full_configured_budget,quantity_skew_extension,sst2,fixed_sample,42,11,93.69266055045871,93.8132733408324,817,872,c65cdc3390c7f2b1847276f1698e95927fac8b23f82583cc99534c3224315cc6,807556596,996467450,73414236,90587950,2110,67520,23210,742720,0,594176,"[4,8,4,4,8,16,4,8,16,16]",8.8,4,16,0,0.13898055429749137,1669446656,2254438400,370.966083321444,430.0192079599947,4673.149307116866
/home/gogoi/ahlora-quantity-20260917/runs/full-v1-quantity-fixed_sample-seed42,2ec9b556fbc202fe,complete,full_configured_budget,quantity_skew_extension,sst2,fixed_sample,42,12,94.15137614678899,94.26321709786276,821,872,4876b51f8d5fe97c2ec5a83f3d58ec3392626797ad113509d8ec63ce0ec3e4dc,880970832,1087055400,73414236,90587950,2110,67520,25320,810240,0,594176,"[4,8,4,4,8,16,4,8,16,16]",8.8,4,16,0,0.13794504612240382,1665190912,2254438400,407.16212488004265,430.1967469351366,5103.366589484736
/home/gogoi/ahlora-quantity-20260917/runs/full-v1-quantity-fixed_sample-seed42,2ec9b556fbc202fe,complete,full_configured_budget,quantity_skew_extension,sst2,fixed_sample,42,13,94.38073394495413,94.48818897637796,823,872,e6c580e96e7d0d770ac905e10763cfd2feefea75cc8f3d79453339f527a0785d,954385068,1177643350,73414236,90587950,2110,67520,27430,877760,0,594176,"[4,8,4,4,8,16,4,8,16,16]",8.8,4,16,0,0.13019716884635754,1666245120,2254438400,446.53629514560447,433.44924328196794,5536.8360828869045
/home/gogoi/ahlora-quantity-20260917/runs/full-v1-quantity-fixed_sample-seed42,2ec9b556fbc202fe,complete,full_configured_budget,quantity_skew_extension,sst2,fixed_sample,42,14,94.4954128440367,94.61883408071749,824,872,50ddcc7e1fb4570afacdb22215d605e35dbce75d4745b636bea7a3e027f54e5f,1027799304,1268231300,73414236,90587950,2110,67520,29540,945280,0,594176,"[4,8,4,4,8,16,4,8,16,16]",8.8,4,16,0,0.13322498311772246,1668045824,2254438400,482.62137070261497,423.04183503147215,5959.895376341417
/home/gogoi/ahlora-quantity-20260917/runs/full-v1-quantity-fixed_sample-seed42,2ec9b556fbc202fe,complete,full_configured_budget,quantity_skew_extension,sst2,fixed_sample,42,15,94.4954128440367,94.57013574660634,824,872,65d4f6fd5d15a2731b97bbb9cfd44831c256dadfeebbdb47a8325eb54ac3e4c8,1101213540,1358819250,73414236,90587950,2110,67520,31650,1012800,0,594176,"[4,8,4,4,8,16,4,8,16,16]",8.8,4,16,0,0.12854169608339733,1668837888,2254438400,514.9905664018215,424.6660846276209,6384.58810847532
/home/gogoi/ahlora-quantity-20260917/runs/full-v1-quantity-fixed_sample-seed42,2ec9b556fbc202fe,complete,full_configured_budget,quantity_skew_extension,sst2,fixed_sample,42,16,94.26605504587155,94.3566591422122,822,872,3cb0034fc7583399b385f9884e55ffda7f180a85a15b1a8c448d9579282063ad,1174627776,1449407200,73414236,90587950,2110,67520,33760,1080320,0,594176,"[4,8,4,4,8,16,4,8,16,16]",8.8,4,16,0,0.12403455224524443,1668837888,2254438400,549.6621031381526,430.46311928518116,6815.069135677069
/home/gogoi/ahlora-quantity-20260917/runs/full-v1-quantity-fixed_sample-seed42,2ec9b556fbc202fe,complete,full_configured_budget,quantity_skew_extension,sst2,fixed_sample,42,17,94.03669724770643,94.11764705882354,820,872,3fb5ea0c5de787bbc8c7d58b6dce03bdcf51873dc0dbcc088582477030fab4f2,1248042012,1539995150,73414236,90587950,2110,67520,35870,1147840,0,594176,"[4,8,4,4,8,16,4,8,16,16]",8.8,4,16,0,0.1255251891719579,1666245120,2254438400,589.1866029955712,429.45503955800086,7244.540509388782
/home/gogoi/ahlora-quantity-20260917/runs/full-v1-quantity-fixed_sample-seed42,2ec9b556fbc202fe,complete,full_configured_budget,quantity_skew_extension,sst2,fixed_sample,42,18,93.80733944954129,93.97321428571429,818,872,622de061a26901773ffa847ac49d231ff8d593f01bde5fc95c0daddd76b99dd1,1321456248,1630583100,73414236,90587950,2110,67520,37980,1215360,0,594176,"[4,8,4,4,8,16,4,8,16,16]",8.8,4,16,0,0.12090342879594387,1668045824,2254438400,621.2572480205939,423.6596206361428,7668.215219587088
/home/gogoi/ahlora-quantity-20260917/runs/full-v1-quantity-fixed_sample-seed42,2ec9b556fbc202fe,complete,full_configured_budget,quantity_skew_extension,sst2,fixed_sample,42,19,94.61009174311927,94.73684210526316,825,872,e210c54c0e254ab90e5ca42c0198bbb9f53da9ae0a1fcf2d2b5b247eef591eaf,1394870484,1721171050,73414236,90587950,2110,67520,40090,1282880,0,594176,"[4,8,4,4,8,16,4,8,16,16]",8.8,4,16,0,0.12003186756071317,1668045824,2254438400,656.4616259784035,430.495812818408,8098.7305627195165
/home/gogoi/ahlora-quantity-20260917/runs/full-v1-quantity-fixed_sample-seed42,2ec9b556fbc202fe,complete,full_configured_budget,quantity_skew_extension,sst2,fixed_sample,42,20,94.4954128440367,94.61883408071749,824,872,1d4992c275b09e308dadb67438c669600f6bbdab8da1b4082d01883ebb39ab5f,1468284720,1811759000,73414236,90587950,2110,67520,42200,1350400,0,594176,"[4,8,4,4,8,16,4,8,16,16]",8.8,4,16,0,0.11697037563576422,1668837888,2254438400,693.768165011235,423.48979456629604,8522.250910758972
/home/gogoi/ahlora-quantity-20260917/runs/full-v1-quantity-fixed_sample-seed43,2ec9b556fbc202fe,complete,full_configured_budget,quantity_skew_extension,sst2,fixed_sample,43,1,92.43119266055047,92.69911504424779,806,872,a20cc0dc135496c71e1a9c43beb982f99c9a96fbaa0c2c4c3f9d71412ccd83bc,73414236,90587950,73414236,90587950,2110,67520,2110,67520,0,594176,"[8,16,4,4,16,16,4,8,4,8]",8.8,4,16,0,0.36404918465427877,1669560832,2193620992,81.2632982482073,417.0229340540245,417.02294375095516
/home/gogoi/ahlora-quantity-20260917/runs/full-v1-quantity-fixed_sample-seed43,2ec9b556fbc202fe,complete,full_configured_budget,quantity_skew_extension,sst2,fixed_sample,43,2,92.88990825688073,93.0957683741648,810,872,207e851689e4c3335daaaa52f273bd7263a1100da8206c61926d010b85c2982f,146828472,181175900,73414236,90587950,2110,67520,4220,135040,0,594176,"[8,16,4,4,16,16,4,8,4,8]",8.8,4,16,0,0.24856641710607855,1670062080,2193620992,101.36591369524277,426.9986893516034,844.0429351832718
/home/gogoi/ahlora-quantity-20260917/runs/full-v1-quantity-fixed_sample-seed43,2ec9b556fbc202fe,complete,full_configured_budget,quantity_skew_extension,sst2,fixed_sample,43,3,93.11926605504587,93.42105263157895,812,872,f00f9be2c142ac3613dd23f66aa70fba9892f1163aed726dfcc4476fe71ecbdb,220242708,271763850,73414236,90587950,2110,67520,6330,202560,0,594176,"[8,16,4,4,16,16,4,8,4,8]",8.8,4,16,0,0.22042556326263651,1670062080,2193620992,130.26616970183107,415.57346430048347,1259.6397427199408
/home/gogoi/ahlora-quantity-20260917/runs/full-v1-quantity-fixed_sample-seed43,2ec9b556fbc202fe,complete,full_configured_budget,quantity_skew_extension,sst2,fixed_sample,43,4,93.46330275229357,93.61702127659575,815,872,4ac0e88c798f39e17ecae0fb56db447cc6028eb2f3edf3abe8a6cbee25e69f4a,293656944,362351800,73414236,90587950,2110,67520,8440,270080,0,594176,"[8,16,4,4,16,16,4,8,4,8]",8.8,4,16,0,0.2035801664317552,1670062080,2193620992,167.7901682424957,414.166173462756,1673.8289690474048
/home/gogoi/ahlora-quantity-20260917/runs/full-v1-quantity-fixed_sample-seed43,2ec9b556fbc202fe,complete,full_configured_budget,quantity_skew_extension,sst2,fixed_sample,43,5,93.34862385321101,93.51230425055928,814,872,77e57ab40f7fe924be8c55fbe69e60b71eec153246db550c094a266b0c918687,367071180,452939750,73414236,90587950,2110,67520,10550,337600,0,594176,"[8,16,4,4,16,16,4,8,4,8]",8.8,4,16,0,0.18562698561093502,1670062080,2193620992,204.70086232090867,422.94440537597984,2096.7967055086046
/home/gogoi/ahlora-quantity-20260917/runs/full-v1-quantity-fixed_sample-seed43,2ec9b556fbc202fe,complete,full_configured_budget,quantity_skew_extension,sst2,fixed_sample,43,6,93.80733944954129,94.0,818,872,00bde6d0b0049fe3f80acc5908f0632417dc10934e23853907ab78bc2d761ed1,440485416,543527700,73414236,90587950,2110,67520,12660,405120,0,594176,"[8,16,4,4,16,16,4,8,4,8]",8.8,4,16,0,0.1772525825328635,1670062080,2193620992,245.19205292244771,420.0527279432863,2516.8650958165526
/home/gogoi/ahlora-quantity-20260917/runs/full-v1-quantity-fixed_sample-seed43,2ec9b556fbc202fe,complete,full_configured_budget,quantity_skew_extension,sst2,fixed_sample,43,7,94.26605504587155,94.34389140271493,822,872,80c6797000c58e6a047afdd436b7cfd8b0314cb2eabc09b681ee7dd39219a7f6,513899652,634115650,73414236,90587950,2110,67520,14770,472640,0,594176,"[8,16,4,4,16,16,4,8,4,8]",8.8,4,16,0,0.16671256427178646,1670062080,2193620992,286.63102889580637,420.31041686888784,2937.198722170666
/home/gogoi/ahlora-quantity-20260917/runs/full-v1-quantity-fixed_sample-seed43,2ec9b556fbc202fe,complete,full_configured_budget,quantity_skew_extension,sst2,fixed_sample,43,8,93.46330275229357,93.55932203389831,815,872,551dcfcd583e4c67ead46f42a5398bbf1af586faedae4937adbc7fb07b20839a,587313888,724703600,73414236,90587950,2110,67520,16880,540160,0,594176,"[8,16,4,4,16,16,4,8,4,8]",8.8,4,16,0,0.15853290153667055,1670062080,2193620992,329.5450301356548,423.49375162646174,3360.723147473298
/home/gogoi/ahlora-quantity-20260917/runs/full-v1-quantity-fixed_sample-seed43,2ec9b556fbc202fe,complete,full_configured_budget,quantity_skew_extension,sst2,fixed_sample,43,9,93.92201834862385,94.07821229050279,819,872,271bf5ef4e97ac0070598d1320ce7769e89c38d8e14605418cf82469c3dbc5b3,660728124,815291550,73414236,90587950,2110,67520,18990,607680,0,594176,"[8,16,4,4,16,16,4,8,4,8]",8.8,4,16,0,0.1529714634126412,1669735936,2193620992,370.31786195915146,419.2634499743581,3780.000813995488
/home/gogoi/ahlora-quantity-20260917/runs/full-v1-quantity-fixed_sample-seed43,2ec9b556fbc202fe,complete,full_configured_budget,quantity_skew_extension,sst2,fixed_sample,43,10,93.69266055045871,93.78531073446328,817,872,fb5c55c1a3f2f2f3a9c62d5327dd97c9ab4628532c88ac69df283567f6022e1f,734142360,905879500,73414236,90587950,2110,67520,21100,675200,0,594176,"[8,16,4,4,16,16,4,8,4,8]",8.8,4,16,0,0.15043062328902224,1670062080,2193620992,414.5669347080417,422.8612779090181,4202.881223744713
/home/gogoi/ahlora-quantity-20260917/runs/full-v1-quantity-fixed_sample-seed43,2ec9b556fbc202fe,complete,full_configured_budget,quantity_skew_extension,sst2,fixed_sample,43,11,94.38073394495413,94.50056116722783,823,872,bbb6ea270ac025cdfa7140d487a2821ccceed0c1d950c1de76ed5fc5c0e491a2,807556596,996467450,73414236,90587950,2110,67520,23210,742720,0,594176,"[8,16,4,4,16,16,4,8,4,8]",8.8,4,16,0,0.1486627976416229,1667715584,2193620992,455.1826607635249,422.0146382963285,4624.91566742491
/home/gogoi/ahlora-quantity-20260917/runs/full-v1-quantity-fixed_sample-seed43,2ec9b556fbc202fe,complete,full_configured_budget,quantity_skew_extension,sst2,fixed_sample,43,12,94.26605504587155,94.39461883408072,822,872,85ee85508c40f3d5bc53bf78c3ca8bff571464c42180a337a4bd865ea8d6f193,880970832,1087055400,73414236,90587950,2110,67520,25320,810240,0,594176,"[8,16,4,4,16,16,4,8,4,8]",8.8,4,16,0,0.14408249341233378,1670062080,2193620992,498.22333681384464,417.37333612982184,5042.312776746228
/home/gogoi/ahlora-quantity-20260917/runs/full-v1-quantity-fixed_sample-seed43,2ec9b556fbc202fe,complete,full_configured_budget,quantity_skew_extension,sst2,fixed_sample,43,13,93.92201834862385,94.05162738496072,819,872,455f2c56e9357d93eb88af13a7dedea5a0ca5409a07e902e54bd4c476be488f5,954385068,1177643350,73414236,90587950,2110,67520,27430,877760,0,594176,"[8,16,4,4,16,16,4,8,4,8]",8.8,4,16,0,0.1331926469854893,1669574656,2193620992,540.8039829630229,426.520521289669,5468.849206562154
/home/gogoi/ahlora-quantity-20260917/runs/full-v1-quantity-fixed_sample-seed43,2ec9b556fbc202fe,complete,full_configured_budget,quantity_skew_extension,sst2,fixed_sample,43,14,93.69266055045871,93.85474860335195,817,872,44247574df96c50c906b1f07e3fb2ba32eff0f9f764d1df500e902bdadbccb5d,1027799304,1268231300,73414236,90587950,2110,67520,29540,945280,0,594176,"[8,16,4,4,16,16,4,8,4,8]",8.8,4,16,0,0.13378698940782519,1670062080,2193620992,581.0388043840774,421.71937021706253,5890.585200207308
/home/gogoi/ahlora-quantity-20260917/runs/full-v1-quantity-fixed_sample-seed43,2ec9b556fbc202fe,complete,full_configured_budget,quantity_skew_extension,sst2,fixed_sample,43,15,94.26605504587155,94.39461883408072,822,872,11b4ba9ec92c43bd173eb79ef2e0c74a5460cacf9c1bae95d5cba97fb1629fd0,1101213540,1358819250,73414236,90587950,2110,67520,31650,1012800,0,594176,"[8,16,4,4,16,16,4,8,4,8]",8.8,4,16,0,0.1357377009475256,1670062080,2193620992,619.1739938825954,425.7631491692737,6316.362909896299
/home/gogoi/ahlora-quantity-20260917/runs/full-v1-quantity-fixed_sample-seed43,2ec9b556fbc202fe,complete,full_configured_budget,quantity_skew_extension,sst2,fixed_sample,43,16,93.80733944954129,93.91891891891892,818,872,516e14e069c83704864e2085ba1e48ab455bc4aff5b0b259ca125aab5afe881f,1174627776,1449407200,73414236,90587950,2110,67520,33760,1080320,0,594176,"[8,16,4,4,16,16,4,8,4,8]",8.8,4,16,0,0.1286518845663867,1667715584,2193620992,659.2349101299327,413.8773659747094,6730.255579892546
/home/gogoi/ahlora-quantity-20260917/runs/full-v1-quantity-fixed_sample-seed43,2ec9b556fbc202fe,complete,full_configured_budget,quantity_skew_extension,sst2,fixed_sample,43,17,94.15137614678899,94.27609427609427,821,872,2a1cc5e2871ac5c527f6c7089537025b36a76f48d8397fa6881a670801bf157a,1248042012,1539995150,73414236,90587950,2110,67520,35870,1147840,0,594176,"[8,16,4,4,16,16,4,8,4,8]",8.8,4,16,0,0.1283620985130083,1670062080,2193620992,692.6404524363317,420.93738576211035,7151.207913942635
/home/gogoi/ahlora-quantity-20260917/runs/full-v1-quantity-fixed_sample-seed43,2ec9b556fbc202fe,complete,full_configured_budget,quantity_skew_extension,sst2,fixed_sample,43,18,93.80733944954129,93.95973154362416,818,872,34d12938970b33ed9a56baa429eed0342917e13bfc91d60b9d56bd9a4ed09ce2,1321456248,1630583100,73414236,90587950,2110,67520,37980,1215360,0,594176,"[8,16,4,4,16,16,4,8,4,8]",8.8,4,16,0,0.12908257305283924,1670062080,2193620992,731.1655050541119,426.1930871224031,7577.416066356935
/home/gogoi/ahlora-quantity-20260917/runs/full-v1-quantity-fixed_sample-seed43,2ec9b556fbc202fe,complete,full_configured_budget,quantity_skew_extension,sst2,fixed_sample,43,19,93.69266055045871,93.86845039018952,817,872,9650a472c816d5c493f0af75c2aead28fed81a75b94deaa6ae96373399e41c7f,1394870484,1721171050,73414236,90587950,2110,67520,40090,1282880,0,594176,"[8,16,4,4,16,16,4,8,4,8]",8.8,4,16,0,0.12441914931851548,1670062080,2193620992,770.2091468223285,424.3105668593198,8001.740478393622
/home/gogoi/ahlora-quantity-20260917/runs/full-v1-quantity-fixed_sample-seed43,2ec9b556fbc202fe,complete,full_configured_budget,quantity_skew_extension,sst2,fixed_sample,43,20,94.38073394495413,94.54949944382648,823,872,aff0bbb145f8e22dd51aa520e32743ef14889a06e60013c9ce9da63b80f1f3de,1468284720,1811759000,73414236,90587950,2110,67520,42200,1350400,0,594176,"[8,16,4,4,16,16,4,8,4,8]",8.8,4,16,0,0.1222406930541683,1670062080,2193620992,804.4523833008147,420.15978801064193,8421.91460452415
/home/gogoi/ahlora-quantity-20260917/runs/full-v1-quantity-fixed_sample-seed44,2ec9b556fbc202fe,complete,full_configured_budget,quantity_skew_extension,sst2,fixed_sample,44,1,93.11926605504587,93.27354260089686,812,872,9fab880685a20e045f461ae9f45ba9a346adeae32553027c0597458cab67f56e,73414236,85279390,73414236,85279390,2110,67520,2110,67520,0,594176,"[8,8,16,8,16,16,4,4,4,4]",8.8,4,16,0,0.3647120702808714,1668295168,2164260864,63.856835590166625,425.4914236366749,425.49143009539694
/home/gogoi/ahlora-quantity-20260917/runs/full-v1-quantity-fixed_sample-seed44,2ec9b556fbc202fe,complete,full_configured_budget,quantity_skew_extension,sst2,fixed_sample,44,2,92.88990825688073,93.11111111111111,810,872,122c4a300525967ce9ee64d18a3ce8031aa333cc9cccd8dd367895006ad3a93a,146828472,170558780,73414236,85279390,2110,67520,4220,135040,0,594176,"[8,8,16,8,16,16,4,4,4,4]",8.8,4,16,0,0.25163966736411986,1668295168,2164260864,80.39372454939517,420.62629362381995,846.1377510530874
/home/gogoi/ahlora-quantity-20260917/runs/full-v1-quantity-fixed_sample-seed44,2ec9b556fbc202fe,complete,full_configured_budget,quantity_skew_extension,sst2,fixed_sample,44,3,93.0045871559633,93.18435754189944,811,872,d5fd61f3216a87e7b0361fa60cdaf6816f88112b37c336f93617df4b07b5edd8,220242708,255838170,73414236,85279390,2110,67520,6330,202560,0,594176,"[8,8,16,8,16,16,4,4,4,4]",8.8,4,16,0,0.2166615967586652,1612267008,2166358016,103.56384772769918,426.1225695088506,1272.2827616063878
/home/gogoi/ahlora-quantity-20260917/runs/full-v1-quantity-fixed_sample-seed44,2ec9b556fbc202fe,complete,full_configured_budget,quantity_skew_extension,sst2,fixed_sample,44,4,93.23394495412845,93.37822671156005,813,872,fb22f62c7a3c68fb039bda09f12b89d6db9f8d37a65b95a5db3ddfa1ee6dcc43,293656944,341117560,73414236,85279390,2110,67520,8440,270080,0,594176,"[8,8,16,8,16,16,4,4,4,4]",8.8,4,16,0,0.19522829814891274,1612267008,2166358016,131.54599570701828,423.1797073148191,1695.477930800058
/home/gogoi/ahlora-quantity-20260917/runs/full-v1-quantity-fixed_sample-seed44,2ec9b556fbc202fe,complete,full_configured_budget,quantity_skew_extension,sst2,fixed_sample,44,5,93.34862385321101,93.49775784753363,814,872,cba94a455fe5ae3f440a59cebf7fdc2404219a45845a243ce944688a5ab5b3ab,367071180,426396950,73414236,85279390,2110,67520,10550,337600,0,594176,"[8,8,16,8,16,16,4,4,4,4]",8.8,4,16,0,0.18045810179850275,1668295168,2166358016,159.69872466215946,420.0405666353181,2115.544653525576
/home/gogoi/ahlora-quantity-20260917/runs/full-v1-quantity-fixed_sample-seed44,2ec9b556fbc202fe,complete,full_configured_budget,quantity_skew_extension,sst2,fixed_sample,44,6,93.57798165137615,93.75,816,872,acc1befd5bd17ed96c054c4c5e69933163922ddfca5950695c04130a487d6c1e,440485416,511676340,73414236,85279390,2110,67520,12660,405120,0,594176,"[8,8,16,8,16,16,4,4,4,4]",8.8,4,16,0,0.1710799424861882,1668295168,2166358016,191.57820112869757,421.2082641320303,2536.778949001804
/home/gogoi/ahlora-quantity-20260917/runs/full-v1-quantity-fixed_sample-seed44,2ec9b556fbc202fe,complete,full_configured_budget,quantity_skew_extension,sst2,fixed_sample,44,7,92.77522935779817,92.99221357063404,809,872,56f2fe7e5627af0800d25c7ba5eb3abe26507e019b05a52773a6b537485e4275,513899652,596955730,73414236,85279390,2110,67520,14770,472640,0,594176,"[8,8,16,8,16,16,4,4,4,4]",8.8,4,16,0,0.16380072534754675,1668295168,2166358016,225.95999627156644,425.01328245550394,2961.8218550132588
/home/gogoi/ahlora-quantity-20260917/runs/full-v1-quantity-fixed_sample-seed44,2ec9b556fbc202fe,complete,full_configured_budget,quantity_skew_extension,sst2,fixed_sample,44,8,93.69266055045871,93.8132733408324,817,872,f887df71a47ea83bd66dfc4e6b30abc636ae4c26e64f460d170fddb9ce3712a8,587313888,682235120,73414236,85279390,2110,67520,16880,540160,0,594176,"[8,8,16,8,16,16,4,4,4,4]",8.8,4,16,0,0.15657928669163118,1668295168,2166358016,260.24844115568146,420.1870313221589,3382.0257092956454
/home/gogoi/ahlora-quantity-20260917/runs/full-v1-quantity-fixed_sample-seed44,2ec9b556fbc202fe,complete,full_configured_budget,quantity_skew_extension,sst2,fixed_sample,44,9,94.03669724770643,94.1834451901566,820,872,d11b9df89496701524527a4629bca97925664d49aefe5ec62657dc9a5430c094,660728124,767514510,73414236,85279390,2110,67520,18990,607680,0,594176,"[8,8,16,8,16,16,4,4,4,4]",8.8,4,16,0,0.15031509597427697,1665702400,2166358016,293.3199667990621,419.67591400817037,3801.7276546023786
/home/gogoi/ahlora-quantity-20260917/runs/full-v1-quantity-fixed_sample-seed44,2ec9b556fbc202fe,complete,full_configured_budget,quantity_skew_extension,sst2,fixed_sample,44,10,93.80733944954129,93.97321428571429,818,872,216fcb4df9f13c9717e898b99e1bbc0a4c186e0fceffe05717ac1b2f27df242b,734142360,852793900,73414236,85279390,2110,67520,21100,675200,0,594176,"[8,8,16,8,16,16,4,4,4,4]",8.8,4,16,0,0.14302479947003496,1665702400,2166358016,329.0795277652019,431.5469561563805,4233.298580512404
/home/gogoi/ahlora-quantity-20260917/runs/full-v1-quantity-fixed_sample-seed44,2ec9b556fbc202fe,complete,full_configured_budget,quantity_skew_extension,sst2,fixed_sample,44,11,93.69266055045871,93.88209121245829,817,872,6a5019afb86f3b75afae78020dd891204bd3e16162e175da9a01e26f8362a004,807556596,938073290,73414236,85279390,2110,67520,23210,742720,0,594176,"[8,8,16,8,16,16,4,4,4,4]",8.8,4,16,0,0.13966393416544137,1666648576,2166358016,361.78872182309436,421.8628482632339,4655.182158550248
/home/gogoi/ahlora-quantity-20260917/runs/full-v1-quantity-fixed_sample-seed44,2ec9b556fbc202fe,complete,full_configured_budget,quantity_skew_extension,sst2,fixed_sample,44,12,93.80733944954129,93.98663697104676,818,872,1e3da2a648c65d935280a16a5970e9920d4eb8d2e1bef7f10201e3b4afe1145c,880970832,1023352680,73414236,85279390,2110,67520,25320,810240,0,594176,"[8,8,16,8,16,16,4,4,4,4]",8.8,4,16,0,0.13475147304641,1668295168,2166358016,395.72310414110376,420.0167194828391,5075.222090350464
/home/gogoi/ahlora-quantity-20260917/runs/full-v1-quantity-fixed_sample-seed44,2ec9b556fbc202fe,complete,full_configured_budget,quantity_skew_extension,sst2,fixed_sample,44,13,93.69266055045871,93.84098544232923,817,872,6ef8e4439670fc33d6ae3ff57ba68787ea86a340f264eb262320cc94ef3643cd,954385068,1108632070,73414236,85279390,2110,67520,27430,877760,0,594176,"[8,8,16,8,16,16,4,4,4,4]",8.8,4,16,0,0.12833270484755938,1668295168,2166358016,435.1931352069016,413.61914814729244,5488.859143246897
/home/gogoi/ahlora-quantity-20260917/runs/full-v1-quantity-fixed_sample-seed44,2ec9b556fbc202fe,complete,full_configured_budget,quantity_skew_extension,sst2,fixed_sample,44,14,93.80733944954129,93.93258426966293,818,872,dbca024dd7ac8752d80afd2c06b04f39ee0e1ed200b3266e16626174ba92bbe0,1027799304,1193911460,73414236,85279390,2110,67520,29540,945280,0,594176,"[8,8,16,8,16,16,4,4,4,4]",8.8,4,16,0,0.12634607953334204,1666910720,2166358016,471.6563789136683,417.71688485797495,5906.596876453608
/home/gogoi/ahlora-quantity-20260917/runs/full-v1-quantity-fixed_sample-seed44,2ec9b556fbc202fe,complete,full_configured_budget,quantity_skew_extension,sst2,fixed_sample,44,15,94.15137614678899,94.26321709786276,821,872,f6229bf3feb93ccb5eac44b32112b7061bffa8e9f16ca100e37e0011d736066e,1101213540,1279190850,73414236,85279390,2110,67520,31650,1012800,0,594176,"[8,8,16,8,16,16,4,4,4,4]",8.8,4,16,0,0.12446486723668028,1668295168,2166358016,506.13543988348135,418.1248658141121,6324.745470684953
/home/gogoi/ahlora-quantity-20260917/runs/full-v1-quantity-fixed_sample-seed44,2ec9b556fbc202fe,complete,full_configured_budget,quantity_skew_extension,sst2,fixed_sample,44,16,94.38073394495413,94.51287793952967,823,872,81a7c93c583d5de0a766875f841af18f79e1bcbc47df4799ca1fc03bee8097e4,1174627776,1364470240,73414236,85279390,2110,67520,33760,1080320,0,594176,"[8,8,16,8,16,16,4,4,4,4]",8.8,4,16,0,0.12157873297384686,1611472896,2166358016,539.1231499861389,417.8994363853708,6742.676785454154
/home/gogoi/ahlora-quantity-20260917/runs/full-v1-quantity-fixed_sample-seed44,2ec9b556fbc202fe,complete,full_configured_budget,quantity_skew_extension,sst2,fixed_sample,44,17,94.26605504587155,94.38202247191012,822,872,a4aa5949ef1e0913cee76b05e323b198b599a8a43b6c70cd6adeb7b7a3a220aa,1248042012,1449749630,73414236,85279390,2110,67520,35870,1147840,0,594176,"[8,8,16,8,16,16,4,4,4,4]",8.8,4,16,0,0.12094584111487316,1612267008,2166358016,575.3803661749051,402.57615922857076,7145.284079906531
/home/gogoi/ahlora-quantity-20260917/runs/full-v1-quantity-fixed_sample-seed44,2ec9b556fbc202fe,complete,full_configured_budget,quantity_skew_extension,sst2,fixed_sample,44,18,93.69266055045871,93.84098544232923,817,872,f679e203fa8bac89cbb67eb1301934c7db89ea33fbaed39eac6d8fd7caf40063,1321456248,1535029020,73414236,85279390,2110,67520,37980,1215360,0,594176,"[8,8,16,8,16,16,4,4,4,4]",8.8,4,16,0,0.11615212519408448,1612267008,2166358016,608.0164150433853,414.9792113872245,7560.282556107268
/home/gogoi/ahlora-quantity-20260917/runs/full-v1-quantity-fixed_sample-seed44,2ec9b556fbc202fe,complete,full_configured_budget,quantity_skew_extension,sst2,fixed_sample,44,19,94.38073394495413,94.50056116722783,823,872,e33764ce62ebef8cdc77a3c7e78ad584e83500c0e5e2897891f7deadc95b5c57,1394870484,1620308410,73414236,85279390,2110,67520,40090,1282880,0,594176,"[8,8,16,8,16,16,4,4,4,4]",8.8,4,16,0,0.11337878333223417,1668295168,2166358016,639.6187253761466,398.3044359507039,7958.603609682061
/home/gogoi/ahlora-quantity-20260917/runs/full-v1-quantity-fixed_sample-seed44,2ec9b556fbc202fe,complete,full_configured_budget,quantity_skew_extension,sst2,fixed_sample,44,20,94.26605504587155,94.3566591422122,822,872,b6e638eabc867d7b73a21e9ca814eaef5c90025bb0c8972d655c6f72b09af736,1468284720,1705587800,73414236,85279390,2110,67520,42200,1350400,0,594176,"[8,8,16,8,16,16,4,4,4,4]",8.8,4,16,0,0.11369565858783463,1612267008,2166358016,674.2551532539061,412.11418258212507,8370.732819743454
/home/gogoi/ahlora-quantity-20260917/runs/full-v1-quantity-fixed_uniform-seed42,2ec9b556fbc202fe,complete,full_configured_budget,quantity_skew_extension,sst2,fixed_uniform,42,1,92.20183486238533,92.46119733924613,804,872,baa0298f01e5c906fb5ab3059ff9de5879364151e01eb8f3db8b768fd388add4,73414228,90587550,73414228,90587550,2110,67520,2110,67520,0,594176,"[4,8,4,4,8,16,4,8,16,16]",8.8,4,16,0,0.36084206724866025,1668045824,2252341248,48.11652325860955,418.9004181213677,418.90042188670486
/home/gogoi/ahlora-quantity-20260917/runs/full-v1-quantity-fixed_uniform-seed42,2ec9b556fbc202fe,complete,full_configured_budget,quantity_skew_extension,sst2,fixed_uniform,42,2,93.34862385321101,93.55555555555556,814,872,7b1eeddd04892f811ddc5fe4fd5f4742233fbe5f0470a9be8ccc1b579365968b,146828456,181175100,73414228,90587550,2110,67520,4220,135040,0,594176,"[4,8,4,4,8,16,4,8,16,16]",8.8,4,16,0,0.2505740266421289,1665190912,2252341248,52.36301159127302,407.9730724040419,826.8994438424706
/home/gogoi/ahlora-quantity-20260917/runs/full-v1-quantity-fixed_uniform-seed42,2ec9b556fbc202fe,complete,full_configured_budget,quantity_skew_extension,sst2,fixed_uniform,42,3,93.80733944954129,93.95973154362416,818,872,08c6bcdc3e1d4f4ad9cab08ef9a07c34b0194ec3ab8558b54220fc92d7341e0e,220242684,271762650,73414228,90587550,2110,67520,6330,202560,0,594176,"[4,8,4,4,8,16,4,8,16,16]",8.8,4,16,0,0.22116994344457208,1666245120,2254438400,61.550676609498154,425.88291739765555,1252.8135049352422
/home/gogoi/ahlora-quantity-20260917/runs/full-v1-quantity-fixed_uniform-seed42,2ec9b556fbc202fe,complete,full_configured_budget,quantity_skew_extension,sst2,fixed_uniform,42,4,93.80733944954129,93.93258426966293,818,872,4368b61e56e3a318d774f6aca77289f8b4ddcbd10d2b06a155bf7b2db8d82748,293656912,362350200,73414228,90587550,2110,67520,8440,270080,0,594176,"[4,8,4,4,8,16,4,8,16,16]",8.8,4,16,0,0.20239398536532766,1668837888,2254438400,71.85493082220925,398.50697845220566,1651.3559433454648
/home/gogoi/ahlora-quantity-20260917/runs/full-v1-quantity-fixed_uniform-seed42,2ec9b556fbc202fe,complete,full_configured_budget,quantity_skew_extension,sst2,fixed_uniform,42,5,93.92201834862385,94.02480270574972,819,872,3cbdd1d18853665eeabeabb80e7bbf2f0e9c8ef865e06b437896a3f4be95fce6,367071140,452937750,73414228,90587550,2110,67520,10550,337600,0,594176,"[4,8,4,4,8,16,4,8,16,16]",8.8,4,16,0,0.18581395237782464,1666245120,2254438400,82.4093915834247,408.9365486698225,2060.3131100460887
/home/gogoi/ahlora-quantity-20260917/runs/full-v1-quantity-fixed_uniform-seed42,2ec9b556fbc202fe,complete,full_configured_budget,quantity_skew_extension,sst2,fixed_uniform,42,6,94.83944954128441,94.97206703910615,827,872,c20eee05934c3e703d1bc3ee935ed87c5bd2803591088b8c79a54aeb91fa8c77,440485368,543525300,73414228,90587550,2110,67520,12660,405120,0,594176,"[4,8,4,4,8,16,4,8,16,16]",8.8,4,16,0,0.17558442141377406,1669427712,2254438400,95.16628441461418,420.78096315823495,2481.125217267312
/home/gogoi/ahlora-quantity-20260917/runs/full-v1-quantity-fixed_uniform-seed42,2ec9b556fbc202fe,complete,full_configured_budget,quantity_skew_extension,sst2,fixed_uniform,42,7,94.03669724770643,94.17040358744394,820,872,d8d1f212e267c0ad252969b42fba99476b8eb18d7e5198353e66507f79eedd0b,513899596,634112850,73414228,90587550,2110,67520,14770,472640,0,594176,"[4,8,4,4,8,16,4,8,16,16]",8.8,4,16,0,0.16638419490156672,1668837888,2254438400,106.17183870951663,416.09844688605517,2897.255548082292
/home/gogoi/ahlora-quantity-20260917/runs/full-v1-quantity-fixed_uniform-seed42,2ec9b556fbc202fe,complete,full_configured_budget,quantity_skew_extension,sst2,fixed_uniform,42,8,94.03669724770643,94.17040358744394,820,872,840e13efda5b4178727801fad3f3163866c59fe9c995577f4cc5ceb1416fb53d,587313824,724700400,73414228,90587550,2110,67520,16880,540160,0,594176,"[4,8,4,4,8,16,4,8,16,16]",8.8,4,16,0,0.1581727152467254,1666245120,2254438400,116.47948521991756,411.4208379872143,3308.6968683535233
/home/gogoi/ahlora-quantity-20260917/runs/full-v1-quantity-fixed_uniform-seed42,2ec9b556fbc202fe,complete,full_configured_budget,quantity_skew_extension,sst2,fixed_uniform,42,9,93.34862385321101,93.46846846846847,814,872,b6d83aeaec3174d85ab5da7bd14dcdb7707d527d953adb5e329f12cd2226e991,660728052,815287950,73414228,90587550,2110,67520,18990,607680,0,594176,"[4,8,4,4,8,16,4,8,16,16]",8.8,4,16,0,0.1537209711043852,1669427712,2254438400,126.42630069060107,409.15857080649585,3717.876468210481
/home/gogoi/ahlora-quantity-20260917/runs/full-v1-quantity-fixed_uniform-seed42,2ec9b556fbc202fe,complete,full_configured_budget,quantity_skew_extension,sst2,fixed_uniform,42,10,94.26605504587155,94.40715883668904,822,872,004d5110355d1baca2b859f47d3ccd935761176d84e5a5f81428a5b38ff34ddf,734142280,905875500,73414228,90587550,2110,67520,21100,675200,0,594176,"[4,8,4,4,8,16,4,8,16,16]",8.8,4,16,0,0.1437852139849827,1666245120,2254438400,136.4533349445775,388.89684782829136,4106.797042898834
/home/gogoi/ahlora-quantity-20260917/runs/full-v1-quantity-fixed_uniform-seed42,2ec9b556fbc202fe,complete,full_configured_budget,quantity_skew_extension,sst2,fixed_uniform,42,11,93.80733944954129,93.91891891891892,818,872,7f9b99bba8ac8d279b37df26e63bb1258ae3049e684c81ae17043d911b17018d,807556508,996463050,73414228,90587550,2110,67520,23210,742720,0,594176,"[4,8,4,4,8,16,4,8,16,16]",8.8,4,16,0,0.14307280488503832,1669446656,2254438400,146.05359673711672,409.92112524900585,4516.739271746948
/home/gogoi/ahlora-quantity-20260917/runs/full-v1-quantity-fixed_uniform-seed42,2ec9b556fbc202fe,complete,full_configured_budget,quantity_skew_extension,sst2,fixed_uniform,42,12,93.69266055045871,93.8132733408324,817,872,db9b289433e08fdba302b2ce26c6bfdc330880ea979eafe371b2bb8c124ccce6,880970736,1087050600,73414228,90587550,2110,67520,25320,810240,0,594176,"[4,8,4,4,8,16,4,8,16,16]",8.8,4,16,0,0.13941937460949874,1665190912,2254438400,155.82901541988554,410.78847984038293,4927.548061999492
/home/gogoi/ahlora-quantity-20260917/runs/full-v1-quantity-fixed_uniform-seed42,2ec9b556fbc202fe,complete,full_configured_budget,quantity_skew_extension,sst2,fixed_uniform,42,13,94.03669724770643,94.15730337078652,820,872,6d0d0222c0d9a5acc7c5a72c1113e0d2cf898f499508e457aa8ee0b1f88e44d0,954384964,1177638150,73414228,90587550,2110,67520,27430,877760,0,594176,"[4,8,4,4,8,16,4,8,16,16]",8.8,4,16,0,0.13522898559475105,1666245120,2254438400,164.2506755282339,420.5699128443375,5348.137584907003
/home/gogoi/ahlora-quantity-20260917/runs/full-v1-quantity-fixed_uniform-seed42,2ec9b556fbc202fe,complete,full_configured_budget,quantity_skew_extension,sst2,fixed_uniform,42,14,93.57798165137615,93.72197309417041,816,872,4d37c4528478f6b12e1f26d63fe4b1cea69257eb57f95739460ddd40699f08cd,1027799192,1268225700,73414228,90587550,2110,67520,29540,945280,0,594176,"[4,8,4,4,8,16,4,8,16,16]",8.8,4,16,0,0.13171365593264311,1668045824,2254438400,171.52054152882022,411.99694898258895,5760.149012672715
/home/gogoi/ahlora-quantity-20260917/runs/full-v1-quantity-fixed_uniform-seed42,2ec9b556fbc202fe,complete,full_configured_budget,quantity_skew_extension,sst2,fixed_uniform,42,15,94.03669724770643,94.13092550790067,820,872,914b5c8f0380479bd8ef26d07ce217df43b9ba779a5da5734692a260e0e6d984,1101213420,1358813250,73414228,90587550,2110,67520,31650,1012800,0,594176,"[4,8,4,4,8,16,4,8,16,16]",8.8,4,16,0,0.12871383264147485,1668837888,2254438400,179.18529367523058,421.58747520204633,6181.75008697249
/home/gogoi/ahlora-quantity-20260917/runs/full-v1-quantity-fixed_uniform-seed42,2ec9b556fbc202fe,complete,full_configured_budget,quantity_skew_extension,sst2,fixed_uniform,42,16,93.69266055045871,93.79932356257046,817,872,5c4c11c19a0b10263341971a3328b38b50f276c985bb5d305ba614b079e4ec35,1174627648,1449400800,73414228,90587550,2110,67520,33760,1080320,0,594176,"[4,8,4,4,8,16,4,8,16,16]",8.8,4,16,0,0.1263882845432766,1668837888,2254438400,186.1803438223946,418.08111686166376,6599.846727536991
/home/gogoi/ahlora-quantity-20260917/runs/full-v1-quantity-fixed_uniform-seed42,2ec9b556fbc202fe,complete,full_configured_budget,quantity_skew_extension,sst2,fixed_uniform,42,17,93.80733944954129,93.86363636363636,818,872,216870467a6d116b08c61f20a03f7ce7136295e66061068bdd27c0480033edf2,1248041876,1539988350,73414228,90587550,2110,67520,35870,1147840,0,594176,"[4,8,4,4,8,16,4,8,16,16]",8.8,4,16,0,0.12742621657449335,1666245120,2254438400,193.3937567364946,410.6532805664465,7010.514094546437
/home/gogoi/ahlora-quantity-20260917/runs/full-v1-quantity-fixed_uniform-seed42,2ec9b556fbc202fe,complete,full_configured_budget,quantity_skew_extension,sst2,fixed_uniform,42,18,94.26605504587155,94.34389140271493,822,872,5060abad343cb0d76a3303643f0e6590b42b43f08b21c159647707c7cd74a25d,1321456104,1630575900,73414228,90587550,2110,67520,37980,1215360,0,594176,"[4,8,4,4,8,16,4,8,16,16]",8.8,4,16,0,0.11983220703170609,1668045824,2254438400,200.04863576151314,414.344419978559,7424.872110133059
/home/gogoi/ahlora-quantity-20260917/runs/full-v1-quantity-fixed_uniform-seed42,2ec9b556fbc202fe,complete,full_configured_budget,quantity_skew_extension,sst2,fixed_uniform,42,19,94.61009174311927,94.68926553672317,825,872,b4c078a061b12953e9793d4a93c948e197b28066a041d07e86611df3c6d38156,1394870332,1721163450,73414228,90587550,2110,67520,40090,1282880,0,594176,"[4,8,4,4,8,16,4,8,16,16]",8.8,4,16,0,0.12006630163470092,1668045824,2254438400,206.99919222987285,417.9663822436705,7842.855078441091
/home/gogoi/ahlora-quantity-20260917/runs/full-v1-quantity-fixed_uniform-seed42,2ec9b556fbc202fe,complete,full_configured_budget,quantity_skew_extension,sst2,fixed_uniform,42,20,94.72477064220183,94.81981981981981,826,872,65339311df9448e19f1f128ee5b39432ca55dc8f3643cfa41f7860c267e291be,1468284560,1811751000,73414228,90587550,2110,67520,42200,1350400,0,594176,"[4,8,4,4,8,16,4,8,16,16]",8.8,4,16,0,0.11733883405460836,1668837888,2254438400,211.6908852925436,420.8944325922057,8263.774596564472
/home/gogoi/ahlora-quantity-20260917/runs/full-v1-quantity-fixed_uniform-seed43,2ec9b556fbc202fe,complete,full_configured_budget,quantity_skew_extension,sst2,fixed_uniform,43,1,92.31651376146789,92.59668508287292,805,872,bb47eaffe61847f64cd1154b728d4b6a4275a2a1a95f32342deac77eada0eaca,73414228,90587550,73414228,90587550,2110,67520,2110,67520,0,594176,"[8,16,4,4,16,16,4,8,4,8]",8.8,4,16,0,0.36404918465427877,1669560832,2193620992,50.33613329340557,427.09160314593464,427.0916114952415
/home/gogoi/ahlora-quantity-20260917/runs/full-v1-quantity-fixed_uniform-seed43,2ec9b556fbc202fe,complete,full_configured_budget,quantity_skew_extension,sst2,fixed_uniform,43,2,92.66055045871559,92.90465631929047,808,872,2090fcd36e482fca156b242d469d3aac3e566d3fe8d67bd852a1029df12bc274,146828456,181175100,73414228,90587550,2110,67520,4220,135040,0,594176,"[8,16,4,4,16,16,4,8,4,8]",8.8,4,16,0,0.2499523083123233,1670062080,2193620992,53.0117927572077,414.6043389728293,841.7214939333498
/home/gogoi/ahlora-quantity-20260917/runs/full-v1-quantity-fixed_uniform-seed43,2ec9b556fbc202fe,complete,full_configured_budget,quantity_skew_extension,sst2,fixed_uniform,43,3,93.57798165137615,93.76391982182628,816,872,dae20994a70f67ac4f75ef5a8d2f8f260a1992625ab7ef3cc5b009433c669acc,220242684,271762650,73414228,90587550,2110,67520,6330,202560,0,594176,"[8,16,4,4,16,16,4,8,4,8]",8.8,4,16,0,0.22233968167063686,1670062080,2193620992,62.13594707291628,432.4030055934563,1274.1520657883957
/home/gogoi/ahlora-quantity-20260917/runs/full-v1-quantity-fixed_uniform-seed43,2ec9b556fbc202fe,complete,full_configured_budget,quantity_skew_extension,sst2,fixed_uniform,43,4,93.69266055045871,93.8132733408324,817,872,6a869c7aa70df82fbab392e78ff633e2a5525a55fe445adefc63c49df8545e2d,293656912,362350200,73414228,90587550,2110,67520,8440,270080,0,594176,"[8,16,4,4,16,16,4,8,4,8]",8.8,4,16,0,0.2036830762837091,1670062080,2193620992,73.04199968358827,410.5404673963785,1684.7275611078367
/home/gogoi/ahlora-quantity-20260917/runs/full-v1-quantity-fixed_uniform-seed43,2ec9b556fbc202fe,complete,full_configured_budget,quantity_skew_extension,sst2,fixed_uniform,43,5,93.57798165137615,93.72197309417041,816,872,de53e96aeedca0cbaab974bdbe1def5145886bca7f313dd42036892bd56bf5e6,367071140,452937750,73414228,90587550,2110,67520,10550,337600,0,594176,"[8,16,4,4,16,16,4,8,4,8]",8.8,4,16,0,0.18678839571759662,1670062080,2193620992,83.3930718148224,421.7395330918953,2106.4935596501455
/home/gogoi/ahlora-quantity-20260917/runs/full-v1-quantity-fixed_uniform-seed43,2ec9b556fbc202fe,complete,full_configured_budget,quantity_skew_extension,sst2,fixed_uniform,43,6,94.03669724770643,94.19642857142857,820,872,53b07e915122dc6f104bae94aad98557276fa60daebb59c9cf1fba2e170cc69b,440485368,543525300,73414228,90587550,2110,67520,12660,405120,0,594176,"[8,16,4,4,16,16,4,8,4,8]",8.8,4,16,0,0.17474227478450177,1670062080,2193620992,94.34211814007654,424.3187795262784,2530.827865787782
/home/gogoi/ahlora-quantity-20260917/runs/full-v1-quantity-fixed_uniform-seed43,2ec9b556fbc202fe,complete,full_configured_budget,quantity_skew_extension,sst2,fixed_uniform,43,7,93.57798165137615,93.75,816,872,ceafa23fa5696ae8b4dd96e235117c005043c40acc7dde07508f1752b3a3bcdd,513899596,634112850,73414228,90587550,2110,67520,14770,472640,0,594176,"[8,16,4,4,16,16,4,8,4,8]",8.8,4,16,0,0.1674417374371049,1670062080,2193620992,104.35964772092669,430.89830883499235,2961.7486899755895
/home/gogoi/ahlora-quantity-20260917/runs/full-v1-quantity-fixed_uniform-seed43,2ec9b556fbc202fe,complete,full_configured_budget,quantity_skew_extension,sst2,fixed_uniform,43,8,93.46330275229357,93.61702127659575,815,872,2741ef4fb86c8fb553135bccd3f8320e69d21ecc59592249f6e8bd205d08711d,587313824,724700400,73414228,90587550,2110,67520,16880,540160,0,594176,"[8,16,4,4,16,16,4,8,4,8]",8.8,4,16,0,0.15869448038115458,1670062080,2193620992,115.18060338456212,427.87016214989126,3389.6375605957583
/home/gogoi/ahlora-quantity-20260917/runs/full-v1-quantity-fixed_uniform-seed43,2ec9b556fbc202fe,complete,full_configured_budget,quantity_skew_extension,sst2,fixed_uniform,43,9,93.57798165137615,93.72197309417041,816,872,9b78f899275113d3cf390610b3540b0152aa14a05ae84e8a641454915e95521c,660728052,815287950,73414228,90587550,2110,67520,18990,607680,0,594176,"[8,16,4,4,16,16,4,8,4,8]",8.8,4,16,0,0.15334008325801549,1669735936,2193620992,126.15309832003089,419.5161097384989,3809.16818745248
/home/gogoi/ahlora-quantity-20260917/runs/full-v1-quantity-fixed_uniform-seed43,2ec9b556fbc202fe,complete,full_configured_budget,quantity_skew_extension,sst2,fixed_uniform,43,10,94.03669724770643,94.15730337078652,820,872,0aa2c5201a6d85559ef0a61c6ef2d5e90a67f5942d4dc307766fedf845152263,734142280,905875500,73414228,90587550,2110,67520,21100,675200,0,594176,"[8,16,4,4,16,16,4,8,4,8]",8.8,4,16,0,0.15097257620222582,1670062080,2193620992,135.210268799696,421.8914568517357,4231.083401118405
/home/gogoi/ahlora-quantity-20260917/runs/full-v1-quantity-fixed_uniform-seed43,2ec9b556fbc202fe,complete,full_configured_budget,quantity_skew_extension,sst2,fixed_uniform,43,11,93.57798165137615,93.73601789709173,816,872,6fc689b45d4f856c60f055abbf9d9e42680ab8af301bbecfdbf13e360fbe63a4,807556508,996463050,73414228,90587550,2110,67520,23210,742720,0,594176,"[8,16,4,4,16,16,4,8,4,8]",8.8,4,16,0,0.1458699455789028,1667715584,2193620992,145.71232017968782,428.4992166701704,4659.59964507632
/home/gogoi/ahlora-quantity-20260917/runs/full-v1-quantity-fixed_uniform-seed43,2ec9b556fbc202fe,complete,full_configured_budget,quantity_skew_extension,sst2,fixed_uniform,43,12,94.03669724770643,94.15730337078652,820,872,f89ab7057f0163c585dbdbb1eff2b7cc0e2833c807f41071afa357bc445aefbd,880970736,1087050600,73414228,90587550,2110,67520,25320,810240,0,594176,"[8,16,4,4,16,16,4,8,4,8]",8.8,4,16,0,0.14184236802897715,1670062080,2193620992,154.8745501967606,425.30508732423186,5084.9212987804785
/home/gogoi/ahlora-quantity-20260917/runs/full-v1-quantity-fixed_uniform-seed43,2ec9b556fbc202fe,complete,full_configured_budget,quantity_skew_extension,sst2,fixed_uniform,43,13,94.03669724770643,94.17040358744394,820,872,3a13b4d37e4218d4705ba90ab4a577588d355265bf6986b8f7b8fbc992f29e40,954384964,1177638150,73414228,90587550,2110,67520,27430,877760,0,594176,"[8,16,4,4,16,16,4,8,4,8]",8.8,4,16,0,0.13586519840904468,1669574656,2193620992,164.03425230590096,423.35404040757567,5508.2904156297445
/home/gogoi/ahlora-quantity-20260917/runs/full-v1-quantity-fixed_uniform-seed43,2ec9b556fbc202fe,complete,full_configured_budget,quantity_skew_extension,sst2,fixed_uniform,43,14,93.80733944954129,93.94618834080717,818,872,4027567f46c336d40c112ce3ec2bef5a26ede49f3907cfa7adaf5b1b47044344,1027799192,1268225700,73414228,90587550,2110,67520,29540,945280,0,594176,"[8,16,4,4,16,16,4,8,4,8]",8.8,4,16,0,0.13279861877728927,1670062080,2193620992,173.13924450900458,432.01820023637265,5940.323315110989
/home/gogoi/ahlora-quantity-20260917/runs/full-v1-quantity-fixed_uniform-seed43,2ec9b556fbc202fe,complete,full_configured_budget,quantity_skew_extension,sst2,fixed_uniform,43,15,93.80733944954129,93.95973154362416,818,872,98e00f4090c7db1207f57103d2f656651e17811ccf1468c4edd5c00331e4bbce,1101213420,1358813250,73414228,90587550,2110,67520,31650,1012800,0,594176,"[8,16,4,4,16,16,4,8,4,8]",8.8,4,16,0,0.12817402115057958,1670062080,2193620992,180.3276900214479,429.35618765838444,6369.696290505119
/home/gogoi/ahlora-quantity-20260917/runs/full-v1-quantity-fixed_uniform-seed43,2ec9b556fbc202fe,complete,full_configured_budget,quantity_skew_extension,sst2,fixed_uniform,43,16,93.80733944954129,93.94618834080717,818,872,84c1f61c1f8082d1998356999a561ec6e450e0919f049bcbd92bf6e5119d42ae,1174627648,1449400800,73414228,90587550,2110,67520,33760,1080320,0,594176,"[8,16,4,4,16,16,4,8,4,8]",8.8,4,16,0,0.1268877172530342,1667715584,2193620992,188.56643257694185,431.7362122796476,6801.452393245883
/home/gogoi/ahlora-quantity-20260917/runs/full-v1-quantity-fixed_uniform-seed43,2ec9b556fbc202fe,complete,full_configured_budget,quantity_skew_extension,sst2,fixed_uniform,43,17,94.03669724770643,94.17040358744394,820,872,28e7a40d30921b012df787f8626322591ebeb9be8baa330663fdd444e7d0101e,1248041876,1539988350,73414228,90587550,2110,67520,35870,1147840,0,594176,"[8,16,4,4,16,16,4,8,4,8]",8.8,4,16,0,0.12304337385326733,1670062080,2193620992,195.23273788791886,421.4159850049764,7222.889435533434
/home/gogoi/ahlora-quantity-20260917/runs/full-v1-quantity-fixed_uniform-seed43,2ec9b556fbc202fe,complete,full_configured_budget,quantity_skew_extension,sst2,fixed_uniform,43,18,94.15137614678899,94.27609427609427,821,872,28b376e1781957ede14e1d9ef577c3e35a9ffed393d9c7111e569ea8623eecd4,1321456104,1630575900,73414228,90587550,2110,67520,37980,1215360,0,594176,"[8,16,4,4,16,16,4,8,4,8]",8.8,4,16,0,0.12401803522262134,1670062080,2193620992,201.80540002523543,432.32289915252477,7655.229328868911
/home/gogoi/ahlora-quantity-20260917/runs/full-v1-quantity-fixed_uniform-seed43,2ec9b556fbc202fe,complete,full_configured_budget,quantity_skew_extension,sst2,fixed_uniform,43,19,94.15137614678899,94.33962264150944,821,872,27f439b29c8e953f2d14866ad3c4e1500f3d8d7b430b1a7df317dfb0a9cc28ac,1394870332,1721163450,73414228,90587550,2110,67520,40090,1282880,0,594176,"[8,16,4,4,16,16,4,8,4,8]",8.8,4,16,0,0.12290642119238776,1670062080,2193620992,209.52743604119235,428.80209945328534,8084.0560118099675
/home/gogoi/ahlora-quantity-20260917/runs/full-v1-quantity-fixed_uniform-seed43,2ec9b556fbc202fe,complete,full_configured_budget,quantity_skew_extension,sst2,fixed_uniform,43,20,94.26605504587155,94.44444444444444,822,872,516a0369fcf5a1d7d77b065bd3419197780e22bbce68c61b930ccd16dfada538,1468284560,1811751000,73414228,90587550,2110,67520,42200,1350400,0,594176,"[8,16,4,4,16,16,4,8,4,8]",8.8,4,16,0,0.11769464864959084,1670062080,2193620992,216.45491621562405,404.2871447466314,8488.357880720869
/home/gogoi/ahlora-quantity-20260917/runs/full-v1-quantity-fixed_uniform-seed44,2ec9b556fbc202fe,complete,full_configured_budget,quantity_skew_extension,sst2,fixed_uniform,44,1,93.23394495412845,93.34836527621195,813,872,626e0629cc6c99cbeb219926c34d5327387637c5216472281694d002df72ffd9,73414228,85278990,73414228,85278990,2110,67520,2110,67520,0,594176,"[8,8,16,8,16,16,4,4,4,4]",8.8,4,16,0,0.3647120702808714,1668295168,2164260864,48.676893704712995,431.82970033120364,431.82970692776144
/home/gogoi/ahlora-quantity-20260917/runs/full-v1-quantity-fixed_uniform-seed44,2ec9b556fbc202fe,complete,full_configured_budget,quantity_skew_extension,sst2,fixed_uniform,44,2,92.66055045871559,92.88888888888889,808,872,5f0912dabe7f9f016f1b45e0c3adf4b9b8079108d94fbddafc4a0ef35511d6f0,146828456,170557980,73414228,85278990,2110,67520,4220,135040,0,594176,"[8,8,16,8,16,16,4,4,4,4]",8.8,4,16,0,0.25517346695930615,1668295168,2164260864,53.34123535395313,422.215472523123,854.0696831196547
/home/gogoi/ahlora-quantity-20260917/runs/full-v1-quantity-fixed_uniform-seed44,2ec9b556fbc202fe,complete,full_configured_budget,quantity_skew_extension,sst2,fixed_uniform,44,3,93.57798165137615,93.73601789709173,816,872,7724a98d7e1a3aa1b56ec256c31370a29fdcf4261f5a04c98551f016e14883ca,220242684,255836970,73414228,85278990,2110,67520,6330,202560,0,594176,"[8,8,16,8,16,16,4,4,4,4]",8.8,4,16,0,0.2213659806164882,1612267008,2166358016,63.43030538858237,422.3205315526575,1276.4074608879164
/home/gogoi/ahlora-quantity-20260917/runs/full-v1-quantity-fixed_uniform-seed44,2ec9b556fbc202fe,complete,full_configured_budget,quantity_skew_extension,sst2,fixed_uniform,44,4,93.80733944954129,93.93258426966293,818,872,66739b1862a6a46f824fc76b52106ccec791d722e696f97b05b0091b65ca97ca,293656912,341115960,73414228,85278990,2110,67520,8440,270080,0,594176,"[8,8,16,8,16,16,4,4,4,4]",8.8,4,16,0,0.19884236849153689,1612267008,2166358016,74.7705162159435,425.76066193170846,1702.1942334603518
/home/gogoi/ahlora-quantity-20260917/runs/full-v1-quantity-fixed_uniform-seed44,2ec9b556fbc202fe,complete,full_configured_budget,quantity_skew_extension,sst2,fixed_uniform,44,5,93.69266055045871,93.8132733408324,817,872,9132e7a94660d88f550d7b6113c64b58d9b80a81bd3d380e5f5ed4c3cfdefeb6,367071140,426394950,73414228,85278990,2110,67520,10550,337600,0,594176,"[8,8,16,8,16,16,4,4,4,4]",8.8,4,16,0,0.18532417090151732,1668295168,2166358016,86.89315191565355,419.7884858837351,2122.0087452633306
/home/gogoi/ahlora-quantity-20260917/runs/full-v1-quantity-fixed_uniform-seed44,2ec9b556fbc202fe,complete,full_configured_budget,quantity_skew_extension,sst2,fixed_uniform,44,6,93.57798165137615,93.73601789709173,816,872,8a821c1902914b395145eec90e8b8647b4d8a03ccda7ad52eb801b026bc2fd8b,440485368,511673940,73414228,85278990,2110,67520,12660,405120,0,594176,"[8,8,16,8,16,16,4,4,4,4]",8.8,4,16,0,0.17586264615947153,1668295168,2166358016,98.95810786552897,428.4417255586013,2550.468080139719
/home/gogoi/ahlora-quantity-20260917/runs/full-v1-quantity-fixed_uniform-seed44,2ec9b556fbc202fe,complete,full_configured_budget,quantity_skew_extension,sst2,fixed_uniform,44,7,93.92201834862385,94.0649496080627,819,872,80250f3ee96325d3ae824aaa07b80a20f0e09dc2f721e23e343c9068fa6cfebb,513899596,596952930,73414228,85278990,2110,67520,14770,472640,0,594176,"[8,8,16,8,16,16,4,4,4,4]",8.8,4,16,0,0.16691171155297788,1668295168,2166358016,110.68918161991263,428.1049875617027,2978.5912152994424
/home/gogoi/ahlora-quantity-20260917/runs/full-v1-quantity-fixed_uniform-seed44,2ec9b556fbc202fe,complete,full_configured_budget,quantity_skew_extension,sst2,fixed_uniform,44,8,93.92201834862385,94.0649496080627,819,872,cc33366c6353eef3641237ed1a2ce1977908256cb623e809d0b08fa78a50a69e,587313824,682231920,73414228,85278990,2110,67520,16880,540160,0,594176,"[8,8,16,8,16,16,4,4,4,4]",8.8,4,16,0,0.15955610100016598,1668295168,2166358016,120.30318066504441,415.3950665593147,3394.0172882732004
/home/gogoi/ahlora-quantity-20260917/runs/full-v1-quantity-fixed_uniform-seed44,2ec9b556fbc202fe,complete,full_configured_budget,quantity_skew_extension,sst2,fixed_uniform,44,9,94.03669724770643,94.17040358744394,820,872,e7b087c0c915b0e16ad652c6de139300abcd9d6d7144835ff78995dbf1b33da7,660728052,767510910,73414228,85278990,2110,67520,18990,607680,0,594176,"[8,8,16,8,16,16,4,4,4,4]",8.8,4,16,0,0.1530401663374436,1665702400,2166358016,131.8204115189437,417.68754097353667,3811.7287016222253
/home/gogoi/ahlora-quantity-20260917/runs/full-v1-quantity-fixed_uniform-seed44,2ec9b556fbc202fe,complete,full_configured_budget,quantity_skew_extension,sst2,fixed_uniform,44,10,94.03669724770643,94.17040358744394,820,872,46af8d24994b3d206a058aa1d693daa089f4383ba6bb7f2fac44b307672c0c70,734142280,852789900,73414228,85278990,2110,67520,21100,675200,0,594176,"[8,8,16,8,16,16,4,4,4,4]",8.8,4,16,0,0.14710953085130452,1665702400,2166358016,142.7158291324168,421.6692687869072,4233.429797706194
/home/gogoi/ahlora-quantity-20260917/runs/full-v1-quantity-fixed_uniform-seed44,2ec9b556fbc202fe,complete,full_configured_budget,quantity_skew_extension,sst2,fixed_uniform,44,11,94.26605504587155,94.41964285714286,822,872,358fd83733ddcbea6f4f119f1c669feb247bbb1c4a16a43bb735cba9cefa7d96,807556508,938068890,73414228,85278990,2110,67520,23210,742720,0,594176,"[8,8,16,8,16,16,4,4,4,4]",8.8,4,16,0,0.1422265885422792,1666648576,2166358016,151.35123146233366,414.07790291309357,4647.527756813914
/home/gogoi/ahlora-quantity-20260917/runs/full-v1-quantity-fixed_uniform-seed44,2ec9b556fbc202fe,complete,full_configured_budget,quantity_skew_extension,sst2,fixed_uniform,44,12,94.38073394495413,94.48818897637796,823,872,127e58b2ca126283808142b61296515012da0c8bab2ab285b410c2d6943dc964,880970736,1023347880,73414228,85278990,2110,67520,25320,810240,0,594176,"[8,8,16,8,16,16,4,4,4,4]",8.8,4,16,0,0.1349626573701054,1668295168,2166358016,161.0882038191461,415.9390500774607,5063.4958004252985
/home/gogoi/ahlora-quantity-20260917/runs/full-v1-quantity-fixed_uniform-seed44,2ec9b556fbc202fe,complete,full_configured_budget,quantity_skew_extension,sst2,fixed_uniform,44,13,94.38073394495413,94.48818897637796,823,872,c3d1ec72348a00d7cdf7067d4c2982417ecf2a41a6976a1e52efbefc93d521ea,954384964,1108626870,73414228,85278990,2110,67520,27430,877760,0,594176,"[8,8,16,8,16,16,4,4,4,4]",8.8,4,16,0,0.13408350392699728,1668295168,2166358016,170.5781935907774,419.8625514768064,5483.384144171141
/home/gogoi/ahlora-quantity-20260917/runs/full-v1-quantity-fixed_uniform-seed44,2ec9b556fbc202fe,complete,full_configured_budget,quantity_skew_extension,sst2,fixed_uniform,44,14,94.4954128440367,94.61883408071749,824,872,5ac2b8c396d1302b8fb0bf702c1fe726a89b157eebe4ed5ae1171d78aa970ac5,1027799192,1193905860,73414228,85278990,2110,67520,29540,945280,0,594176,"[8,8,16,8,16,16,4,4,4,4]",8.8,4,16,0,0.1298655534760194,1666910720,2166358016,179.120852766356,415.40472988039255,5898.803893113509
/home/gogoi/ahlora-quantity-20260917/runs/full-v1-quantity-fixed_uniform-seed44,2ec9b556fbc202fe,complete,full_configured_budget,quantity_skew_extension,sst2,fixed_uniform,44,15,94.03669724770643,94.17040358744394,820,872,ec96f0b7966c61d476eb7304b7205f5e6a3b34e5d178421f7e197d6ef00ff876,1101213420,1279184850,73414228,85278990,2110,67520,31650,1012800,0,594176,"[8,8,16,8,16,16,4,4,4,4]",8.8,4,16,0,0.1282665859350065,1668295168,2166358016,187.8027558588002,420.15673703327775,6318.984284947626
/home/gogoi/ahlora-quantity-20260917/runs/full-v1-quantity-fixed_uniform-seed44,2ec9b556fbc202fe,complete,full_configured_budget,quantity_skew_extension,sst2,fixed_uniform,44,16,94.15137614678899,94.30167597765363,821,872,fbe3d4a072b6434392b718bdb44e234aa9e34afbb724fa5125591bfab69ecb97,1174627648,1364463840,73414228,85278990,2110,67520,33760,1080320,0,594176,"[8,8,16,8,16,16,4,4,4,4]",8.8,4,16,0,0.12626020039845687,1611472896,2166358016,194.9272200614626,416.18990565650165,6735.188684688881
/home/gogoi/ahlora-quantity-20260917/runs/full-v1-quantity-fixed_uniform-seed44,2ec9b556fbc202fe,complete,full_configured_budget,quantity_skew_extension,sst2,fixed_uniform,44,17,93.92201834862385,94.0649496080627,819,872,ebcccfc71315bcf87bf48fcee62b72756cbbe5f1608e2e22a3b476516b47ddef,1248041876,1449742830,73414228,85278990,2110,67520,35870,1147840,0,594176,"[8,8,16,8,16,16,4,4,4,4]",8.8,4,16,0,0.12341684402343775,1612267008,2166358016,203.2210896070054,411.5770497210324,7146.787046353333
/home/gogoi/ahlora-quantity-20260917/runs/full-v1-quantity-fixed_uniform-seed44,2ec9b556fbc202fe,complete,full_configured_budget,quantity_skew_extension,sst2,fixed_uniform,44,18,94.26605504587155,94.38202247191012,822,872,cd19f4d7a01953f9af6099aac2d2e6374928393b16b2d1adcff3741573734128,1321456104,1535021820,73414228,85278990,2110,67520,37980,1215360,0,594176,"[8,8,16,8,16,16,4,4,4,4]",8.8,4,16,0,0.11970547276991685,1612267008,2166358016,209.2012384608771,421.5481297597289,7568.349401216954
/home/gogoi/ahlora-quantity-20260917/runs/full-v1-quantity-fixed_uniform-seed44,2ec9b556fbc202fe,complete,full_configured_budget,quantity_skew_extension,sst2,fixed_uniform,44,19,94.03669724770643,94.1834451901566,820,872,e951b50f4ee0634618a9879be2643b0a64605c7741f7bbbd210e564faeda8848,1394870332,1620300810,73414228,85278990,2110,67520,40090,1282880,0,594176,"[8,8,16,8,16,16,4,4,4,4]",8.8,4,16,0,0.1195523358895645,1668295168,2166358016,218.0760026168242,416.8075617318973,7985.171585335396
/home/gogoi/ahlora-quantity-20260917/runs/full-v1-quantity-fixed_uniform-seed44,2ec9b556fbc202fe,complete,full_configured_budget,quantity_skew_extension,sst2,fixed_uniform,44,20,93.92201834862385,94.05162738496072,819,872,92fd9e125475e9833f2cfee264cb4b20f6b889b8af1f6a74cba496f74e91d5c8,1468284560,1705579800,73414228,85278990,2110,67520,42200,1350400,0,594176,"[8,8,16,8,16,16,4,4,4,4]",8.8,4,16,0,0.11827558196852776,1612267008,2166358016,225.3081868291457,409.17925511766225,8394.367346588522
/home/gogoi/ahlora-quantity-20260917/runs/full-v1-quantity-product16_sample-seed42,2ec9b556fbc202fe,complete,full_configured_budget,quantity_skew_extension,sst2,product16_sample,42,1,91.74311926605505,92.03539823008849,800,872,28800e5bf0a64f02d8d70cc4ff9b3c13ca83bb9c34bdf9c82231279bf82c4b01,94648908,118310974,94648908,118310974,2110,67520,2110,67520,0,1080320,"[16,16,16,16,16,16,16,16,16,16]",16.0,16,16,7,0.3621715993872045,1674023424,2254438400,51.2813475285698,407.27699830103666,407.27700203936547
/home/gogoi/ahlora-quantity-20260917/runs/full-v1-quantity-product16_sample-seed42,2ec9b556fbc202fe,complete,full_configured_budget,quantity_skew_extension,sst2,product16_sample,42,2,92.88990825688073,93.12638580931264,810,872,cdda07b8c77d37eef998041b5539ded8a93d3032cf87ec3cb39a491a1f54fe12,189297816,236621948,94648908,118310974,2110,67520,4220,135040,0,1080320,"[16,16,16,16,16,16,16,16,16,16]",16.0,16,16,7,0.2427915642408751,1672969216,2254438400,54.65791444034444,428.368675975129,835.6670414591208
/home/gogoi/ahlora-quantity-20260917/runs/full-v1-quantity-product16_sample-seed42,2ec9b556fbc202fe,complete,full_configured_budget,quantity_skew_extension,sst2,product16_sample,42,3,93.57798165137615,93.76391982182628,816,872,3f94891c84f3fb9b7172ac094bd8e35d204aa91722d61e813c1aa7a63bcfca11,283946724,354932922,94648908,118310974,2110,67520,6330,202560,0,1080320,"[16,16,16,16,16,16,16,16,16,16]",16.0,16,16,7,0.21237739615001103,1674023424,2254438400,63.815580700086116,421.6422295682132,1257.3378801075742
/home/gogoi/ahlora-quantity-20260917/runs/full-v1-quantity-product16_sample-seed42,2ec9b556fbc202fe,complete,full_configured_budget,quantity_skew_extension,sst2,product16_sample,42,4,93.80733944954129,93.97321428571429,818,872,2ad57925b80148ef213e52d94cfbaff56d7224dcad0ed6ed52962c5c8040a69a,378595632,473243896,94648908,118310974,2110,67520,8440,270080,0,1080320,"[16,16,16,16,16,16,16,16,16,16]",16.0,16,16,7,0.19234585732517331,1674023424,2254438400,74.47434195172399,430.2199096288532,1687.5845416691154
/home/gogoi/ahlora-quantity-20260917/runs/full-v1-quantity-product16_sample-seed42,2ec9b556fbc202fe,complete,full_configured_budget,quantity_skew_extension,sst2,product16_sample,42,5,94.15137614678899,94.2889137737962,821,872,ef772b76a464529ec9dcf494138bceeac987412f9d88d53b06c7fd3f00bfbaa5,473244540,591554870,94648908,118310974,2110,67520,10550,337600,0,1080320,"[16,16,16,16,16,16,16,16,16,16]",16.0,16,16,7,0.17233135748631984,1674023424,2254438400,86.62802047888155,426.48688104655594,2114.0970892757177
/home/gogoi/ahlora-quantity-20260917/runs/full-v1-quantity-product16_sample-seed42,2ec9b556fbc202fe,complete,full_configured_budget,quantity_skew_extension,sst2,product16_sample,42,6,94.38073394495413,94.53734671125976,823,872,c0a4bc3267c0bd90c3872ad4a9ffd5f4982d6de45790858585ec0be8ebef9d44,567893448,709865844,94648908,118310974,2110,67520,12660,405120,0,1080320,"[16,16,16,16,16,16,16,16,16,16]",16.0,16,16,7,0.16180476461337456,1674613248,2254438400,99.99627277936494,419.61472748126835,2533.741038984619
/home/gogoi/ahlora-quantity-20260917/runs/full-v1-quantity-product16_sample-seed42,2ec9b556fbc202fe,complete,full_configured_budget,quantity_skew_extension,sst2,product16_sample,42,7,93.69266055045871,93.79932356257046,817,872,af26498e5f6c0b39e9d8060ddd93f7d34d543793a9cc3f8cdfad9575d2f58f8c,662542356,828176818,94648908,118310974,2110,67520,14770,472640,0,1080320,"[16,16,16,16,16,16,16,16,16,16]",16.0,16,16,7,0.15341420643116013,1674023424,2254438400,113.63582788654526,419.11268593743443,2952.879438026808
/home/gogoi/ahlora-quantity-20260917/runs/full-v1-quantity-product16_sample-seed42,2ec9b556fbc202fe,complete,full_configured_budget,quantity_skew_extension,sst2,product16_sample,42,8,94.4954128440367,94.63087248322148,824,872,5583cee47a32581c1f79aa5cc567eae45dfd84902d99052a148f49918b5f3ea7,757191264,946487792,94648908,118310974,2110,67520,16880,540160,0,1080320,"[16,16,16,16,16,16,16,16,16,16]",16.0,16,16,7,0.1455943615731377,1674023424,2254438400,127.46588079219157,428.484193242155,3381.380202940665
/home/gogoi/ahlora-quantity-20260917/runs/full-v1-quantity-product16_sample-seed42,2ec9b556fbc202fe,complete,full_configured_budget,quantity_skew_extension,sst2,product16_sample,42,9,94.15137614678899,94.31438127090301,821,872,47df6b69d19f42fb6027fd0dab6dc3a7a5c2534a49727a5a42c744bc2dfa938d,851840172,1064798766,94648908,118310974,2110,67520,18990,607680,0,1080320,"[16,16,16,16,16,16,16,16,16,16]",16.0,16,16,7,0.13565863139656487,1674613248,2254438400,141.5647010872563,416.50213536340743,3797.907705042511
/home/gogoi/ahlora-quantity-20260917/runs/full-v1-quantity-product16_sample-seed42,2ec9b556fbc202fe,complete,full_configured_budget,quantity_skew_extension,sst2,product16_sample,42,10,94.38073394495413,94.54949944382648,823,872,a6cd661ba785bb1d8c9d2164c479d2885620d00502bd7e31290a541ea6a22a0c,946489080,1183109740,94648908,118310974,2110,67520,21100,675200,0,1080320,"[16,16,16,16,16,16,16,16,16,16]",16.0,16,16,7,0.130709693105301,1674023424,2254438400,155.45461008244766,424.18168109841645,4222.103904623538
/home/gogoi/ahlora-quantity-20260917/runs/full-v1-quantity-product16_sample-seed42,2ec9b556fbc202fe,complete,full_configured_budget,quantity_skew_extension,sst2,product16_sample,42,11,94.03669724770643,94.19642857142857,820,872,c426dcc9c2507c59b37517e313020cde8353e12a8d3667673161b4fcf5c42b35,1041137988,1301420714,94648908,118310974,2110,67520,23210,742720,0,1080320,"[16,16,16,16,16,16,16,16,16,16]",16.0,16,16,7,0.12463359212887945,1674632192,2254438400,169.76388503727802,412.83985945861787,4634.958264164627
/home/gogoi/ahlora-quantity-20260917/runs/full-v1-quantity-product16_sample-seed42,2ec9b556fbc202fe,complete,full_configured_budget,quantity_skew_extension,sst2,product16_sample,42,12,94.26605504587155,94.39461883408072,822,872,e85cf515384ff2554c3de48bc187fc598186b120aeae1cd6b594a09a8fe14e6f,1135786896,1419731688,94648908,118310974,2110,67520,25320,810240,0,1080320,"[16,16,16,16,16,16,16,16,16,16]",16.0,16,16,7,0.11997557610501779,1672969216,2254438400,183.63013909774938,423.0872398884967,5058.061154095456
/home/gogoi/ahlora-quantity-20260917/runs/full-v1-quantity-product16_sample-seed42,2ec9b556fbc202fe,complete,full_configured_budget,quantity_skew_extension,sst2,product16_sample,42,13,94.61009174311927,94.70124013528749,825,872,cc350fc9e67dd5acbad0bf62b9143338bff9fbf11e611570eb60257817e29049,1230435804,1538042662,94648908,118310974,2110,67520,27430,877760,0,1080320,"[16,16,16,16,16,16,16,16,16,16]",16.0,16,16,7,0.1148216571510296,1674023424,2254438400,198.84064392789833,422.8335282690823,5480.908822314814
/home/gogoi/ahlora-quantity-20260917/runs/full-v1-quantity-product16_sample-seed42,2ec9b556fbc202fe,complete,full_configured_budget,quantity_skew_extension,sst2,product16_sample,42,14,94.4954128440367,94.5945945945946,824,872,64f657b276181560f6a0d887de1f2ee2566ac2e90b2d2f4a56a2458558feeafa,1325084712,1656353636,94648908,118310974,2110,67520,29540,945280,0,1080320,"[16,16,16,16,16,16,16,16,16,16]",16.0,16,16,7,0.11600324732070222,1674023424,2254438400,212.3099461854789,419.0262330984697,5899.980195659213
/home/gogoi/ahlora-quantity-20260917/runs/full-v1-quantity-product16_sample-seed42,2ec9b556fbc202fe,complete,full_configured_budget,quantity_skew_extension,sst2,product16_sample,42,15,93.92201834862385,94.07821229050279,819,872,5bd4b1aafa6ffb3496b7bc36f462f4b24bd99351117cfd5c4207b3c5577d598f,1419733620,1774664610,94648908,118310974,2110,67520,31650,1012800,0,1080320,"[16,16,16,16,16,16,16,16,16,16]",16.0,16,16,7,0.10743792125329285,1674632192,2254438400,227.4772128778331,417.68273204099387,6317.678638867103
/home/gogoi/ahlora-quantity-20260917/runs/full-v1-quantity-product16_sample-seed42,2ec9b556fbc202fe,complete,full_configured_budget,quantity_skew_extension,sst2,product16_sample,42,16,94.72477064220183,94.84304932735427,826,872,3a91832ae36df369317b116ece67b912811d77bfba8fc1453f6bb7b3e1ab9dd5,1514382528,1892975584,94648908,118310974,2110,67520,33760,1080320,0,1080320,"[16,16,16,16,16,16,16,16,16,16]",16.0,16,16,7,0.10665384400372506,1674632192,2254438400,241.74881079049237,411.8063973048702,6729.499674189836
/home/gogoi/ahlora-quantity-20260917/runs/full-v1-quantity-product16_sample-seed42,2ec9b556fbc202fe,complete,full_configured_budget,quantity_skew_extension,sst2,product16_sample,42,17,94.38073394495413,94.48818897637796,823,872,5942fba594d946e3af83d29d1d7384ea104053c9f3911cf12de6f9fcd03d9a22,1609031436,2011286558,94648908,118310974,2110,67520,35870,1147840,0,1080320,"[16,16,16,16,16,16,16,16,16,16]",16.0,16,16,7,0.10484745083100899,1674023424,2254438400,256.276040606998,414.7179923551157,7144.244779086672
/home/gogoi/ahlora-quantity-20260917/runs/full-v1-quantity-product16_sample-seed42,2ec9b556fbc202fe,complete,full_configured_budget,quantity_skew_extension,sst2,product16_sample,42,18,94.72477064220183,94.88888888888889,826,872,42ee87e8e8b1138919249cb5c4da746ac869ccbced568175a3e833b83d23a328,1703680344,2129597532,94648908,118310974,2110,67520,37980,1215360,0,1080320,"[16,16,16,16,16,16,16,16,16,16]",16.0,16,16,7,0.10266949711633698,1673231360,2254438400,269.1207012675254,420.2431953921914,7564.504420667887
/home/gogoi/ahlora-quantity-20260917/runs/full-v1-quantity-product16_sample-seed42,2ec9b556fbc202fe,complete,full_configured_budget,quantity_skew_extension,sst2,product16_sample,42,19,94.4954128440367,94.66666666666667,824,872,0464ea6a74371f888e4bc0fb63106631db947f4dff504ebf5af3a4ce2bc6150b,1798329252,2247908506,94648908,118310974,2110,67520,40090,1282880,0,1080320,"[16,16,16,16,16,16,16,16,16,16]",16.0,16,16,7,0.10073772461026118,1674023424,2254438400,281.9163783831373,420.0742444060743,7984.594997067004
/home/gogoi/ahlora-quantity-20260917/runs/full-v1-quantity-product16_sample-seed42,2ec9b556fbc202fe,complete,full_configured_budget,quantity_skew_extension,sst2,product16_sample,42,20,94.26605504587155,94.40715883668904,822,872,5ec181a55e7341eaca646ecea7daae415443d7eaa3bbd0bee59026e7dfc0f813,1892978160,2366219480,94648908,118310974,2110,67520,42200,1350400,0,1080320,"[16,16,16,16,16,16,16,16,16,16]",16.0,16,16,7,0.09551886821450892,1674023424,2254438400,294.5213861685736,416.3825211720541,8400.991990276612
/home/gogoi/ahlora-quantity-20260917/runs/full-v1-quantity-product16_sample-seed43,2ec9b556fbc202fe,complete,full_configured_budget,quantity_skew_extension,sst2,product16_sample,43,1,91.85779816513761,92.25736095965104,801,872,f1aff1355d5392ba082aa98d18ac24bd37bdfcde5ade327673a52b2e428225e5,94648908,118310974,94648908,118310974,2110,67520,2110,67520,0,1080320,"[16,16,16,16,16,16,16,16,16,16]",16.0,16,16,7,0.3626112496754004,1675247616,2193620992,61.33762432620782,421.54732708539814,421.547333618626
/home/gogoi/ahlora-quantity-20260917/runs/full-v1-quantity-product16_sample-seed43,2ec9b556fbc202fe,complete,full_configured_budget,quantity_skew_extension,sst2,product16_sample,43,2,93.0045871559633,93.25966850828729,811,872,bc82a55da11e10a6db065caca2323bc5000ae614324c0b967d24c3a069cb6c73,189297816,236621948,94648908,118310974,2110,67520,4220,135040,0,1080320,"[16,16,16,16,16,16,16,16,16,16]",16.0,16,16,7,0.243678448095441,1675247616,2193620992,62.710320368609885,431.24057076871395,852.8100329190493
/home/gogoi/ahlora-quantity-20260917/runs/full-v1-quantity-product16_sample-seed43,2ec9b556fbc202fe,complete,full_configured_budget,quantity_skew_extension,sst2,product16_sample,43,3,93.23394495412845,93.48066298342542,813,872,110848d7709e77b60b4540998e4fc5fc27da5716e8e6a3a99c172ea0ad8b326e,283946724,354932922,94648908,118310974,2110,67520,6330,202560,0,1080320,"[16,16,16,16,16,16,16,16,16,16]",16.0,16,16,7,0.2136920756584263,1675247616,2193620992,71.81572223324194,416.88108000252396,1269.724927039817
/home/gogoi/ahlora-quantity-20260917/runs/full-v1-quantity-product16_sample-seed43,2ec9b556fbc202fe,complete,full_configured_budget,quantity_skew_extension,sst2,product16_sample,43,4,93.46330275229357,93.67369589345172,815,872,580a673ac64252c6731423f8c486f625ceb9a40b2745d4516ffc40e56c658a2e,378595632,473243896,94648908,118310974,2110,67520,8440,270080,0,1080320,"[16,16,16,16,16,16,16,16,16,16]",16.0,16,16,7,0.1938544295279649,1675247616,2193620992,83.50868385644102,412.99716461636126,1682.7528764605522
/home/gogoi/ahlora-quantity-20260917/runs/full-v1-quantity-product16_sample-seed43,2ec9b556fbc202fe,complete,full_configured_budget,quantity_skew_extension,sst2,product16_sample,43,5,93.34862385321101,93.45372460496614,814,872,ea3c3ff808f7b6b100b242abe43de5d2bf0591e1bf3455fd3a4914a9d105e62d,473244540,591554870,94648908,118310974,2110,67520,10550,337600,0,1080320,"[16,16,16,16,16,16,16,16,16,16]",16.0,16,16,7,0.1741847733688106,1675247616,2193620992,96.68457826385375,418.26083248481154,2101.0453998250887
/home/gogoi/ahlora-quantity-20260917/runs/full-v1-quantity-product16_sample-seed43,2ec9b556fbc202fe,complete,full_configured_budget,quantity_skew_extension,sst2,product16_sample,43,6,93.57798165137615,93.72197309417041,816,872,b64096108cf460a2e0c742f923e5708a46728b748a8a3737bb904dea1f147454,567893448,709865844,94648908,118310974,2110,67520,12660,405120,0,1080320,"[16,16,16,16,16,16,16,16,16,16]",16.0,16,16,7,0.16532609293453054,1675247616,2193620992,111.7671097906089,400.919939013198,2501.9834402268752
/home/gogoi/ahlora-quantity-20260917/runs/full-v1-quantity-product16_sample-seed43,2ec9b556fbc202fe,complete,full_configured_budget,quantity_skew_extension,sst2,product16_sample,43,7,94.15137614678899,94.26321709786276,821,872,0a3c6665d7e72a19b4522c53430cee2523412942be99beff56cef4d2bb3fbaaf,662542356,828176818,94648908,118310974,2110,67520,14770,472640,0,1080320,"[16,16,16,16,16,16,16,16,16,16]",16.0,16,16,7,0.15655484719977658,1675247616,2193620992,125.62468168894898,407.4089503735304,2909.423607115634
/home/gogoi/ahlora-quantity-20260917/runs/full-v1-quantity-product16_sample-seed43,2ec9b556fbc202fe,complete,full_configured_budget,quantity_skew_extension,sst2,product16_sample,43,8,93.80733944954129,93.91891891891892,818,872,5da7c0f51c2590f63a7e9940211fd6212dbaf394a9b05683634a0a2f17084fa5,757191264,946487792,94648908,118310974,2110,67520,16880,540160,0,1080320,"[16,16,16,16,16,16,16,16,16,16]",16.0,16,16,7,0.1460418201307518,1675247616,2193620992,140.4489921178529,413.2614043140784,3322.720043057576
/home/gogoi/ahlora-quantity-20260917/runs/full-v1-quantity-product16_sample-seed43,2ec9b556fbc202fe,complete,full_configured_budget,quantity_skew_extension,sst2,product16_sample,43,9,94.03669724770643,94.17040358744394,820,872,e47315e759b6be2a6fb18654bb15bf8abf34ae0b0677819f3a5943af406ea179,851840172,1064798766,94648908,118310974,2110,67520,18990,607680,0,1080320,"[16,16,16,16,16,16,16,16,16,16]",16.0,16,16,7,0.1379806826493076,1676216832,2193620992,155.28597756772203,420.27652135305107,3743.0181912630796
/home/gogoi/ahlora-quantity-20260917/runs/full-v1-quantity-product16_sample-seed43,2ec9b556fbc202fe,complete,full_configured_budget,quantity_skew_extension,sst2,product16_sample,43,10,93.80733944954129,93.93258426966293,818,872,2cfb6123e7a8425b50c1c0c538292f26b25ec3c0639641a9f7dc4e23c1fe1c54,946489080,1183109740,94648908,118310974,2110,67520,21100,675200,0,1080320,"[16,16,16,16,16,16,16,16,16,16]",16.0,16,16,7,0.13214809909430927,1675247616,2193620992,170.04553146488794,419.2222429467365,4162.262820321135
/home/gogoi/ahlora-quantity-20260917/runs/full-v1-quantity-product16_sample-seed43,2ec9b556fbc202fe,complete,full_configured_budget,quantity_skew_extension,sst2,product16_sample,43,11,94.38073394495413,94.51287793952967,823,872,deef0118c68643056a6cafdf515a9a599c30d50bc2bdf9481e8fd341a68f72cf,1041137988,1301420714,94648908,118310974,2110,67520,23210,742720,0,1080320,"[16,16,16,16,16,16,16,16,16,16]",16.0,16,16,7,0.12891846624944,1672901120,2193620992,186.29037681162592,422.2918595466763,4584.575445882045
/home/gogoi/ahlora-quantity-20260917/runs/full-v1-quantity-product16_sample-seed43,2ec9b556fbc202fe,complete,full_configured_budget,quantity_skew_extension,sst2,product16_sample,43,12,94.26605504587155,94.36936936936937,822,872,f8386283e05fff207763f1e010f88f5aa6e253dda46ce48577d317d6da1ba81e,1135786896,1419731688,94648908,118310974,2110,67520,25320,810240,0,1080320,"[16,16,16,16,16,16,16,16,16,16]",16.0,16,16,7,0.12488507655917166,1675247616,2193620992,201.54203101238912,414.088330892846,4998.695677350275
/home/gogoi/ahlora-quantity-20260917/runs/full-v1-quantity-product16_sample-seed43,2ec9b556fbc202fe,complete,full_configured_budget,quantity_skew_extension,sst2,product16_sample,43,13,94.26605504587155,94.43207126948775,822,872,6edaeb85b7c0f231a1ae0ec2bd62f9796aa0801f22359c88e6fca5f71c6f259e,1230435804,1538042662,94648908,118310974,2110,67520,27430,877760,0,1080320,"[16,16,16,16,16,16,16,16,16,16]",16.0,16,16,7,0.11781311703665719,1676216832,2193620992,217.73489035671514,413.53975993860513,5412.257359580137
/home/gogoi/ahlora-quantity-20260917/runs/full-v1-quantity-product16_sample-seed43,2ec9b556fbc202fe,complete,full_configured_budget,quantity_skew_extension,sst2,product16_sample,43,14,94.4954128440367,94.6067415730337,824,872,7785eb9e62260f691185b88674ad69aa803b7e9ebf325de0e7874e4a003422ba,1325084712,1656353636,94648908,118310974,2110,67520,29540,945280,0,1080320,"[16,16,16,16,16,16,16,16,16,16]",16.0,16,16,7,0.11634392713077125,1675247616,2193620992,232.08865382005467,406.09141529444605,5818.364301254973
/home/gogoi/ahlora-quantity-20260917/runs/full-v1-quantity-product16_sample-seed43,2ec9b556fbc202fe,complete,full_configured_budget,quantity_skew_extension,sst2,product16_sample,43,15,94.26605504587155,94.38202247191012,822,872,1cd7dd4a8e590024e9bd12872fcb5f560c9748b5402a85577534ba6d9207ae66,1419733620,1774664610,94648908,118310974,2110,67520,31650,1012800,0,1080320,"[16,16,16,16,16,16,16,16,16,16]",16.0,16,16,7,0.11095917180474485,1675247616,2193620992,245.305476330072,401.5961865223944,6219.992654105648
/home/gogoi/ahlora-quantity-20260917/runs/full-v1-quantity-product16_sample-seed43,2ec9b556fbc202fe,complete,full_configured_budget,quantity_skew_extension,sst2,product16_sample,43,16,94.03669724770643,94.14414414414415,820,872,ff187a0574f8212c663bdaf9bccc83ceff05a14aaa76e92c7c3ff9a44fbbe691,1514382528,1892975584,94648908,118310974,2110,67520,33760,1080320,0,1080320,"[16,16,16,16,16,16,16,16,16,16]",16.0,16,16,7,0.10908158789048832,1672901120,2193620992,261.64586507624244,400.7773509947583,6620.787258882076
/home/gogoi/ahlora-quantity-20260917/runs/full-v1-quantity-product16_sample-seed43,2ec9b556fbc202fe,complete,full_configured_budget,quantity_skew_extension,sst2,product16_sample,43,17,94.26605504587155,94.41964285714286,822,872,f6177c3c4173bf987735c639215848f72dbb80bc0ff2f5d56f007261ece05557,1609031436,2011286558,94648908,118310974,2110,67520,35870,1147840,0,1080320,"[16,16,16,16,16,16,16,16,16,16]",16.0,16,16,7,0.1078059442159946,1675247616,2193620992,273.76051267534973,403.02206969074905,7023.8268034067005
/home/gogoi/ahlora-quantity-20260917/runs/full-v1-quantity-product16_sample-seed43,2ec9b556fbc202fe,complete,full_configured_budget,quantity_skew_extension,sst2,product16_sample,43,18,94.83944954128441,94.94949494949495,827,872,0cbde12b4af673293e5da7874619dfa9b93c20da1cd3cad20e5f9f2634862342,1703680344,2129597532,94648908,118310974,2110,67520,37980,1215360,0,1080320,"[16,16,16,16,16,16,16,16,16,16]",16.0,16,16,7,0.10629719026789226,1675247616,2193620992,286.97828886308486,400.37240121793,7424.216238874011
/home/gogoi/ahlora-quantity-20260917/runs/full-v1-quantity-product16_sample-seed43,2ec9b556fbc202fe,complete,full_configured_budget,quantity_skew_extension,sst2,product16_sample,43,19,94.61009174311927,94.73684210526316,825,872,e813a98ffb6768282bad0d572493ee3f9a7879cdf5dbd719522042ffd97ba9af,1798329252,2247908506,94648908,118310974,2110,67520,40090,1282880,0,1080320,"[16,16,16,16,16,16,16,16,16,16]",16.0,16,16,7,0.10337976899684376,1675247616,2193620992,298.9779179008759,400.4608508422971,7824.704716067761
/home/gogoi/ahlora-quantity-20260917/runs/full-v1-quantity-product16_sample-seed43,2ec9b556fbc202fe,complete,full_configured_budget,quantity_skew_extension,sst2,product16_sample,43,20,94.4954128440367,94.6067415730337,824,872,e86384fce74f8a8aee0c88a6772a97d8cec85597d8ffbda80a214e99b6a6fbf7,1892978160,2366219480,94648908,118310974,2110,67520,42200,1350400,0,1080320,"[16,16,16,16,16,16,16,16,16,16]",16.0,16,16,7,0.10044328179359736,1675247616,2193620992,313.3278195871198,397.68503638356924,8222.405510755256
/home/gogoi/ahlora-quantity-20260917/runs/full-v1-quantity-product16_sample-seed44,2ec9b556fbc202fe,complete,full_configured_budget,quantity_skew_extension,sst2,product16_sample,44,1,91.97247706422019,92.1875,802,872,314c3d7cf8fe3f4fdc57c5e738611241ef980304490ada41b9d8843553e55d10,94648908,118310974,94648908,118310974,2110,67520,2110,67520,0,1080320,"[16,16,16,16,16,16,16,16,16,16]",16.0,16,16,7,0.3684436866007216,1673480704,2166358016,51.47599412525139,415.8162380605936,415.81624317727983
/home/gogoi/ahlora-quantity-20260917/runs/full-v1-quantity-product16_sample-seed44,2ec9b556fbc202fe,complete,full_configured_budget,quantity_skew_extension,sst2,product16_sample,44,2,92.77522935779817,92.99221357063404,809,872,9d6d91ad70346aad3eaee8557394631d6b6e7be13d85813d220c5483f8d70c1e,189297816,236621948,94648908,118310974,2110,67520,4220,135040,0,1080320,"[16,16,16,16,16,16,16,16,16,16]",16.0,16,16,7,0.24596584091466184,1673480704,2166358016,54.63806299190113,402.44663478340954,818.2905381144956
/home/gogoi/ahlora-quantity-20260917/runs/full-v1-quantity-product16_sample-seed44,2ec9b556fbc202fe,complete,full_configured_budget,quantity_skew_extension,sst2,product16_sample,44,3,92.88990825688073,93.08035714285714,810,872,592c08d651062fdbdd1482db94c8d2a4523c3fc85d038d12b7beb3819d47518b,283946724,354932922,94648908,118310974,2110,67520,6330,202560,0,1080320,"[16,16,16,16,16,16,16,16,16,16]",16.0,16,16,7,0.2108283543291665,1617403392,2166358016,64.01037526027643,420.1299312245101,1238.4534624386579
/home/gogoi/ahlora-quantity-20260917/runs/full-v1-quantity-product16_sample-seed44,2ec9b556fbc202fe,complete,full_configured_budget,quantity_skew_extension,sst2,product16_sample,44,4,93.34862385321101,93.48314606741573,814,872,2108e082508d2f178cc37924e941727b6ec67f1be10f23105e3263a1e5ffc614,378595632,473243896,94648908,118310974,2110,67520,8440,270080,0,1080320,"[16,16,16,16,16,16,16,16,16,16]",16.0,16,16,7,0.1881700847627842,1617403392,2166358016,75.7372324476878,406.2834289772436,1644.7690550461411
/home/gogoi/ahlora-quantity-20260917/runs/full-v1-quantity-product16_sample-seed44,2ec9b556fbc202fe,complete,full_configured_budget,quantity_skew_extension,sst2,product16_sample,44,5,93.69266055045871,93.82716049382717,817,872,6acb454fd59f65a66b7935ca802dcff349fadf1073d1fedb4fe5436f85975eb8,473244540,591554870,94648908,118310974,2110,67520,10550,337600,0,1080320,"[16,16,16,16,16,16,16,16,16,16]",16.0,16,16,7,0.17296416235511672,1673480704,2166358016,87.051986258617,405.16604970395565,2049.966271421872
/home/gogoi/ahlora-quantity-20260917/runs/full-v1-quantity-product16_sample-seed44,2ec9b556fbc202fe,complete,full_configured_budget,quantity_skew_extension,sst2,product16_sample,44,6,93.34862385321101,93.51230425055928,814,872,3311b645405e801c9559d6f5a6bbace5ece168eee56b4f922a5d52551866fb42,567893448,709865844,94648908,118310974,2110,67520,12660,405120,0,1080320,"[16,16,16,16,16,16,16,16,16,16]",16.0,16,16,7,0.16254166500224684,1673480704,2166358016,100.49159894834204,410.20519999880344,2460.2032788870856
/home/gogoi/ahlora-quantity-20260917/runs/full-v1-quantity-product16_sample-seed44,2ec9b556fbc202fe,complete,full_configured_budget,quantity_skew_extension,sst2,product16_sample,44,7,93.80733944954129,93.97321428571429,818,872,a14eb894cfcd006c22a138e014956efde14018c86b029b055c1f6b12d7e104a9,662542356,828176818,94648908,118310974,2110,67520,14770,472640,0,1080320,"[16,16,16,16,16,16,16,16,16,16]",16.0,16,16,7,0.15267051001970702,1673480704,2166358016,114.44823186240296,416.95400812197477,2877.177019163035
/home/gogoi/ahlora-quantity-20260917/runs/full-v1-quantity-product16_sample-seed44,2ec9b556fbc202fe,complete,full_configured_budget,quantity_skew_extension,sst2,product16_sample,44,8,93.80733944954129,93.93258426966293,818,872,970552729c92ee3a4a9bec5851b2110f22ab60ebb5e327e887fd3cf731774396,757191264,946487792,94648908,118310974,2110,67520,16880,540160,0,1080320,"[16,16,16,16,16,16,16,16,16,16]",16.0,16,16,7,0.14345747370496878,1673480704,2166358016,128.9666681289361,415.42436961457133,3292.625272142701
/home/gogoi/ahlora-quantity-20260917/runs/full-v1-quantity-product16_sample-seed44,2ec9b556fbc202fe,complete,full_configured_budget,quantity_skew_extension,sst2,product16_sample,44,9,94.03669724770643,94.15730337078652,820,872,2bdc06af43adffaaabb46f895cb1286f7b02911433835d7ad916254ad48786de,851840172,1064798766,94648908,118310974,2110,67520,18990,607680,0,1080320,"[16,16,16,16,16,16,16,16,16,16]",16.0,16,16,7,0.1373924727746952,1673480704,2166358016,143.4418752156779,417.317527978681,3709.9588747518137
/home/gogoi/ahlora-quantity-20260917/runs/full-v1-quantity-product16_sample-seed44,2ec9b556fbc202fe,complete,full_configured_budget,quantity_skew_extension,sst2,product16_sample,44,10,93.92201834862385,94.05162738496072,819,872,d86878c8c944df5dfec0a926a111bbcbccdfffddd1ea89ad2d1de007df9783df,946489080,1183109740,94648908,118310974,2110,67520,21100,675200,0,1080320,"[16,16,16,16,16,16,16,16,16,16]",16.0,16,16,7,0.12931951475131073,1673480704,2166358016,157.3872454825108,420.7843369813636,4130.766366837546
/home/gogoi/ahlora-quantity-20260917/runs/full-v1-quantity-product16_sample-seed44,2ec9b556fbc202fe,complete,full_configured_budget,quantity_skew_extension,sst2,product16_sample,44,11,93.69266055045871,93.84098544232923,817,872,9dc7556838e6e43f13b4cf2e263371cb3cefa097bb3019ad5b2aa47de6594f6c,1041137988,1301420714,94648908,118310974,2110,67520,23210,742720,0,1080320,"[16,16,16,16,16,16,16,16,16,16]",16.0,16,16,7,0.12768398401387018,1673480704,2166358016,172.46083233934988,412.60764571558684,4543.388630649075
/home/gogoi/ahlora-quantity-20260917/runs/full-v1-quantity-product16_sample-seed44,2ec9b556fbc202fe,complete,full_configured_budget,quantity_skew_extension,sst2,product16_sample,44,12,94.03669724770643,94.1834451901566,820,872,79182ac07c977b997c321844033a158abe40f9cc45c825c7ddd50e0f8a54e0c8,1135786896,1419731688,94648908,118310974,2110,67520,25320,810240,0,1080320,"[16,16,16,16,16,16,16,16,16,16]",16.0,16,16,7,0.11842794731483901,1673480704,2166358016,186.24423473906356,414.3764712130651,4957.779047757387
/home/gogoi/ahlora-quantity-20260917/runs/full-v1-quantity-product16_sample-seed44,2ec9b556fbc202fe,complete,full_configured_budget,quantity_skew_extension,sst2,product16_sample,44,13,94.03669724770643,94.14414414414415,820,872,9548e9aaaf3e234c620b5dc91effd39de05d7693b056978b9641c3015c929cf2,1230435804,1538042662,94648908,118310974,2110,67520,27430,877760,0,1080320,"[16,16,16,16,16,16,16,16,16,16]",16.0,16,16,7,0.11525538013754903,1673480704,2166358016,201.54520010371704,415.9627705318853,5373.757989156991
/home/gogoi/ahlora-quantity-20260917/runs/full-v1-quantity-product16_sample-seed44,2ec9b556fbc202fe,complete,full_configured_budget,quantity_skew_extension,sst2,product16_sample,44,14,94.26605504587155,94.34389140271493,822,872,b3c13b6b00c6d7844143a276212fef07f64e11f60ef828152f9ffcc261cf612b,1325084712,1656353636,94648908,118310974,2110,67520,29540,945280,0,1080320,"[16,16,16,16,16,16,16,16,16,16]",16.0,16,16,7,0.11024707751985864,1672096256,2166358016,216.15804400280683,418.6160444477573,5792.3903628392145
/home/gogoi/ahlora-quantity-20260917/runs/full-v1-quantity-product16_sample-seed44,2ec9b556fbc202fe,complete,full_configured_budget,quantity_skew_extension,sst2,product16_sample,44,15,93.80733944954129,93.90519187358916,818,872,f30aec722ab114e9a75fa722813164ed9ca641ccc0f5176cd9bd1ed48928df7c,1419733620,1774664610,94648908,118310974,2110,67520,31650,1012800,0,1080320,"[16,16,16,16,16,16,16,16,16,16]",16.0,16,16,7,0.10999280056919004,1673480704,2166358016,231.12909732908503,411.3669169060886,6203.781213934533
/home/gogoi/ahlora-quantity-20260917/runs/full-v1-quantity-product16_sample-seed44,2ec9b556fbc202fe,complete,full_configured_budget,quantity_skew_extension,sst2,product16_sample,44,16,93.57798165137615,93.70786516853933,816,872,27b0510424aed618c8de63252435124b3029158bad1735dcf48cd991b757ffce,1514382528,1892975584,94648908,118310974,2110,67520,33760,1080320,0,1080320,"[16,16,16,16,16,16,16,16,16,16]",16.0,16,16,7,0.1044360501611698,1616609280,2166358016,247.0714080826927,417.31454530730844,6621.111892102286
/home/gogoi/ahlora-quantity-20260917/runs/full-v1-quantity-product16_sample-seed44,2ec9b556fbc202fe,complete,full_configured_budget,quantity_skew_extension,sst2,product16_sample,44,17,94.26605504587155,94.38202247191012,822,872,4b32f99962f9d4aa8796b077c6712527fe0adfa492d56664bfd632f5825682c7,1609031436,2011286558,94648908,118310974,2110,67520,35870,1147840,0,1080320,"[16,16,16,16,16,16,16,16,16,16]",16.0,16,16,7,0.10362572622560219,1617403392,2166358016,261.4034149458164,420.4674798101187,7041.593666900881
/home/gogoi/ahlora-quantity-20260917/runs/full-v1-quantity-product16_sample-seed44,2ec9b556fbc202fe,complete,full_configured_budget,quantity_skew_extension,sst2,product16_sample,44,18,94.4954128440367,94.6067415730337,824,872,cae19565359d84de6e0b2639d56509c60f1a1f0cd156965efb915bc950dd0019,1703680344,2129597532,94648908,118310974,2110,67520,37980,1215360,0,1080320,"[16,16,16,16,16,16,16,16,16,16]",16.0,16,16,7,0.09980950616400107,1617403392,2166358016,277.2883057018239,422.5781133743003,7464.186693964526
/home/gogoi/ahlora-quantity-20260917/runs/full-v1-quantity-product16_sample-seed44,2ec9b556fbc202fe,complete,full_configured_budget,quantity_skew_extension,sst2,product16_sample,44,19,94.26605504587155,94.34389140271493,822,872,7246a561277e56663de5a3bb9a7c41c7637cf2a55cedfb928fd6a598ee7d34ab,1798329252,2247908506,94648908,118310974,2110,67520,40090,1282880,0,1080320,"[16,16,16,16,16,16,16,16,16,16]",16.0,16,16,7,0.09585362971142808,1673480704,2166358016,291.7754321169733,423.3866449184716,7887.608261613175
/home/gogoi/ahlora-quantity-20260917/runs/full-v1-quantity-product16_sample-seed44,2ec9b556fbc202fe,complete,full_configured_budget,quantity_skew_extension,sst2,product16_sample,44,20,94.15137614678899,94.2242355605889,821,872,f686dfe0615299efc6c7960d1976150a16a6df357dea282cbbc456f410764b5f,1892978160,2366219480,94648908,118310974,2110,67520,42200,1350400,0,1080320,"[16,16,16,16,16,16,16,16,16,16]",16.0,16,16,7,0.09365399273298143,1617403392,2166358016,307.25645256136124,410.63314774725586,8298.255558604375
/home/gogoi/ahlora-quantity-20260917/runs/smoke-v1-adaptive_sample,6923a7f12dc89d05,complete,smoke,quantity_skew_extension,sst2,adaptive_sample,42,1,50.91743119266055,67.47720364741642,444,872,d60d802cff6c49bddaa2b03c6019c77303a85fd7765a9b618df03e54b79b7682,73414237,90587690,73414237,90587690,20,640,20,640,616,5632,"[4,8,4,4,8,16,4,8,16,16]",8.8,4,16,0,0.7225509524345398,1426122752,1862270976,0.14830662631063046,12.812452055513859,12.812457056716084
/home/gogoi/ahlora-quantity-20260917/runs/smoke-v1-adaptive_sample,6923a7f12dc89d05,complete,smoke,quantity_skew_extension,sst2,adaptive_sample,42,2,50.91743119266055,67.47720364741642,444,872,d60d802cff6c49bddaa2b03c6019c77303a85fd7765a9b618df03e54b79b7682,146828474,181175380,73414237,90587690,20,640,40,1280,616,5632,"[4,8,4,4,8,16,4,8,16,16]",8.8,4,16,0,0.7033187419176101,1476841984,1868562432,0.12080711344379898,11.333738460205495,24.172648299485445
/home/gogoi/ahlora-quantity-20260917/runs/smoke-v1-adaptive_sample,6923a7f12dc89d05,complete,smoke,quantity_skew_extension,sst2,adaptive_sample,42,3,50.91743119266055,67.47720364741642,444,872,d60d802cff6c49bddaa2b03c6019c77303a85fd7765a9b618df03e54b79b7682,220242711,271763070,73414237,90587690,20,640,60,1920,616,5632,"[4,8,4,4,8,16,4,8,16,16]",8.8,4,16,0,0.7183378100395202,1394707968,1868562432,0.11352106755783477,11.154207593761384,35.345983755774796
/home/gogoi/ahlora-quantity-20260917/runs/smoke-v1-adaptive_sample,6923a7f12dc89d05,complete,smoke,quantity_skew_extension,sst2,adaptive_sample,42,4,52.522935779816514,68.15384615384616,458,872,b402efb8dce08e48ae320cda3af6850855f1c8e0b6ef869c767dbb0f904f4a90,285988852,352913048,65746141,81149978,20,640,80,2560,616,3968,"[2,6,2,2,6,12,2,6,12,12]",6.2,2,12,0,0.6921224355697632,1475252736,1868562432,0.10837959764116717,11.497855288907886,46.86493359692395
/home/gogoi/ahlora-quantity-20260917/runs/smoke-v1-adaptive_uniform,6923a7f12dc89d05,complete,smoke,quantity_skew_extension,sst2,adaptive_uniform,42,1,50.91743119266055,67.47720364741642,444,872,d60d802cff6c49bddaa2b03c6019c77303a85fd7765a9b618df03e54b79b7682,73414228,90587550,73414228,90587550,20,640,20,640,616,5632,"[4,8,4,4,8,16,4,8,16,16]",8.8,4,16,0,0.7225509524345398,1426122752,1862270976,0.09739949676254307,12.043239802122116,12.043248137459159
/home/gogoi/ahlora-quantity-20260917/runs/smoke-v1-adaptive_uniform,6923a7f12dc89d05,complete,smoke,quantity_skew_extension,sst2,adaptive_uniform,42,2,53.555045871559635,16.83778234086242,467,872,127e63765d62eac3aae74611b8bce54354b106f762222bf43b08abf873e75a0b,146828456,181175100,73414228,90587550,20,640,40,1280,616,5632,"[4,8,4,4,8,16,4,8,16,16]",8.8,4,16,0,0.7045879542827607,1476841984,1868562432,0.06443783354730713,10.9934969143942,23.058367422781885
/home/gogoi/ahlora-quantity-20260917/runs/smoke-v1-adaptive_uniform,6923a7f12dc89d05,complete,smoke,quantity_skew_extension,sst2,adaptive_uniform,42,3,50.91743119266055,67.47720364741642,444,872,d60d802cff6c49bddaa2b03c6019c77303a85fd7765a9b618df03e54b79b7682,220242684,271762650,73414228,90587550,20,640,60,1920,616,5632,"[4,8,4,4,8,16,4,8,16,16]",8.8,4,16,0,0.7182679057121277,1394707968,1868562432,0.053066509518926594,11.418002684600651,34.499947641044855
/home/gogoi/ahlora-quantity-20260917/runs/smoke-v1-adaptive_uniform,6923a7f12dc89d05,complete,smoke,quantity_skew_extension,sst2,adaptive_uniform,42,4,68.80733944954129,56.962025316455694,600,872,caf2d571585c755b31ef85e41e23c0592b3820783d0c303e1efdc31e7381e1e3,285988816,352912488,65746132,81149838,20,640,80,2560,616,3968,"[2,6,2,2,6,12,2,6,12,12]",6.2,2,12,0,0.6893067181110382,1475252736,1868562432,0.04843228658794706,9.85195373557508,44.36684652790427
/home/gogoi/ahlora-quantity-20260917/runs/smoke-v1-declora16,6923a7f12dc89d05,complete,smoke,quantity_skew_extension,sst2,declora16,42,1,50.91743119266055,67.47720364741642,444,872,d60d802cff6c49bddaa2b03c6019c77303a85fd7765a9b618df03e54b79b7682,94648900,118310574,94648900,118310574,20,640,20,640,0,10240,"[16,16,16,16,16,16,16,16,16,16]",16.0,16,16,7,0.7224615186452865,1434401792,1841299456,0.03837722912722297,9.609070886857808,9.609075107611716
/home/gogoi/ahlora-quantity-20260917/runs/smoke-v1-declora16,6923a7f12dc89d05,complete,smoke,quantity_skew_extension,sst2,declora16,42,2,50.68807339449541,6.11353711790393,442,872,ba13c8beebaddff29751039e36ed1e299795451e93d3ca6eea659e890384b034,189297800,236621148,94648900,118310574,20,640,40,1280,0,10240,"[16,16,16,16,16,16,16,16,16,16]",16.0,16,16,7,0.7047374397516251,1480724992,1845493760,0.07659070294185018,7.055044984444976,16.68253132980317
/home/gogoi/ahlora-quantity-20260917/runs/smoke-v1-declora16,6923a7f12dc89d05,complete,smoke,quantity_skew_extension,sst2,declora16,42,3,50.91743119266055,67.47720364741642,444,872,d60d802cff6c49bddaa2b03c6019c77303a85fd7765a9b618df03e54b79b7682,283946700,354931722,94648900,118310574,20,640,60,1920,0,10240,"[16,16,16,16,16,16,16,16,16,16]",16.0,16,16,7,0.7179319798946381,1403801088,1845493760,0.10352224598595955,7.3089740592986345,24.003683255054057
/home/gogoi/ahlora-quantity-20260917/runs/smoke-v1-declora16,6923a7f12dc89d05,complete,smoke,quantity_skew_extension,sst2,declora16,42,4,68.0045871559633,55.072463768115945,593,872,e270b90d57b6d0226a51994dfb86e4fe92e9456907682ac5ea70b977c3c5890c,378595600,473242296,94648900,118310574,20,640,80,2560,0,10240,"[16,16,16,16,16,16,16,16,16,16]",16.0,16,16,7,0.6863520324230195,1480208896,1845493760,0.13602588194203374,7.463221884332597,31.47999218199402
/home/gogoi/ahlora-quantity-20260917/runs/smoke-v1-declora4,6923a7f12dc89d05,complete,smoke,quantity_skew_extension,sst2,declora4,42,1,50.91743119266055,67.47720364741642,444,872,d60d802cff6c49bddaa2b03c6019c77303a85fd7765a9b618df03e54b79b7682,59258020,74071974,59258020,74071974,20,640,20,640,0,2560,"[4,4,4,4,4,4,4,4,4,4]",4.0,4,4,0,0.7225432187318802,1430641664,1832910848,0.15521667500603664,8.465616734698415,8.46562235429883
/home/gogoi/ahlora-quantity-20260917/runs/smoke-v1-declora4,6923a7f12dc89d05,complete,smoke,quantity_skew_extension,sst2,declora4,42,2,50.57339449541284,5.689277899343545,441,872,17fb136301df375dcbae95924aea4a5e2cc496fe025aa015b5318caee8430d54,118516040,148143948,59258020,74071974,20,640,40,1280,0,2560,"[4,4,4,4,4,4,4,4,4,4]",4.0,4,4,0,0.704661700129509,1473352192,1845493760,0.3018267008721644,6.8574859872460365,15.338759678415954
/home/gogoi/ahlora-quantity-20260917/runs/smoke-v1-declora4,6923a7f12dc89d05,complete,smoke,quantity_skew_extension,sst2,declora4,42,3,50.91743119266055,67.47720364741642,444,872,d60d802cff6c49bddaa2b03c6019c77303a85fd7765a9b618df03e54b79b7682,177774060,222215922,59258020,74071974,20,640,60,1920,0,2560,"[4,4,4,4,4,4,4,4,4,4]",4.0,4,4,0,0.717154148221016,1396575744,1845493760,0.39505074121063755,7.024640933610499,22.37340190540999
/home/gogoi/ahlora-quantity-20260917/runs/smoke-v1-declora4,6923a7f12dc89d05,complete,smoke,quantity_skew_extension,sst2,declora4,42,4,69.03669724770643,57.142857142857146,602,872,2a3083b4ada7151d75c01b2bff9c8c15ae0aa5116b5b6e73ea549ad7210558b8,237032080,296287896,59258020,74071974,20,640,80,2560,0,2560,"[4,4,4,4,4,4,4,4,4,4]",4.0,4,4,0,0.6856098383665085,1472836096,1845493760,0.4952263959314094,6.910988504998386,29.29371545370668
/home/gogoi/ahlora-quantity-20260917/runs/smoke-v1-fixed_sample,6923a7f12dc89d05,complete,smoke,quantity_skew_extension,sst2,fixed_sample,42,1,50.91743119266055,67.47720364741642,444,872,d60d802cff6c49bddaa2b03c6019c77303a85fd7765a9b618df03e54b79b7682,73414237,90587690,73414237,90587690,20,640,20,640,0,5632,"[4,8,4,4,8,16,4,8,16,16]",8.8,4,16,0,0.7225509524345398,1431895040,1839202304,0.14830662631063046,9.422048078849912,9.422051990404725
/home/gogoi/ahlora-quantity-20260917/runs/smoke-v1-fixed_sample,6923a7f12dc89d05,complete,smoke,quantity_skew_extension,sst2,fixed_sample,42,2,50.91743119266055,67.47720364741642,444,872,d60d802cff6c49bddaa2b03c6019c77303a85fd7765a9b618df03e54b79b7682,146828474,181175380,73414237,90587690,20,640,40,1280,0,5632,"[4,8,4,4,8,16,4,8,16,16]",8.8,4,16,0,0.7033187419176101,1473352192,1845493760,0.12080711344379898,7.544458243064582,16.98781056702137
/home/gogoi/ahlora-quantity-20260917/runs/smoke-v1-fixed_sample,6923a7f12dc89d05,complete,smoke,quantity_skew_extension,sst2,fixed_sample,42,3,50.91743119266055,67.47720364741642,444,872,d60d802cff6c49bddaa2b03c6019c77303a85fd7765a9b618df03e54b79b7682,220242711,271763070,73414237,90587690,20,640,60,1920,0,5632,"[4,8,4,4,8,16,4,8,16,16]",8.8,4,16,0,0.7183378100395202,1396575744,1845493760,0.11352106755783477,7.781113655306399,24.784016124904156
/home/gogoi/ahlora-quantity-20260917/runs/smoke-v1-fixed_sample,6923a7f12dc89d05,complete,smoke,quantity_skew_extension,sst2,fixed_sample,42,4,53.096330275229356,68.41698841698842,463,872,dc357b60708fb4dba3bf0ad52bcecf7fac528d355af9b9bf67919004660c4f67,293656948,362350760,73414237,90587690,20,640,80,2560,0,5632,"[4,8,4,4,8,16,4,8,16,16]",8.8,4,16,0,0.6916875392198563,1472836096,1845493760,0.11619666238804999,7.83783769980073,32.6372877843678
/home/gogoi/ahlora-quantity-20260917/runs/smoke-v1-fixed_uniform,6923a7f12dc89d05,complete,smoke,quantity_skew_extension,sst2,fixed_uniform,42,1,50.91743119266055,67.47720364741642,444,872,d60d802cff6c49bddaa2b03c6019c77303a85fd7765a9b618df03e54b79b7682,73414228,90587550,73414228,90587550,20,640,20,640,0,5632,"[4,8,4,4,8,16,4,8,16,16]",8.8,4,16,0,0.7225509524345398,1431895040,1839202304,0.09739949676254307,9.359554630704224,9.359558094292879
/home/gogoi/ahlora-quantity-20260917/runs/smoke-v1-fixed_uniform,6923a7f12dc89d05,complete,smoke,quantity_skew_extension,sst2,fixed_uniform,42,2,53.555045871559635,16.83778234086242,467,872,127e63765d62eac3aae74611b8bce54354b106f762222bf43b08abf873e75a0b,146828456,181175100,73414228,90587550,20,640,40,1280,0,5632,"[4,8,4,4,8,16,4,8,16,16]",8.8,4,16,0,0.7045879542827607,1473352192,1845493760,0.06443783354730713,7.77364391554147,17.155441434122622
/home/gogoi/ahlora-quantity-20260917/runs/smoke-v1-fixed_uniform,6923a7f12dc89d05,complete,smoke,quantity_skew_extension,sst2,fixed_uniform,42,3,50.91743119266055,67.47720364741642,444,872,d60d802cff6c49bddaa2b03c6019c77303a85fd7765a9b618df03e54b79b7682,220242684,271762650,73414228,90587550,20,640,60,1920,0,5632,"[4,8,4,4,8,16,4,8,16,16]",8.8,4,16,0,0.7182679057121277,1396575744,1845493760,0.053066509518926594,7.265935745090246,24.446562110446393
/home/gogoi/ahlora-quantity-20260917/runs/smoke-v1-fixed_uniform,6923a7f12dc89d05,complete,smoke,quantity_skew_extension,sst2,fixed_uniform,42,4,70.29816513761467,59.969088098918085,613,872,812c922e0fc479640f664735e06e6b60e6115e1f1edbeb0cb9a10d2de15f004d,293656912,362350200,73414228,90587550,20,640,80,2560,0,5632,"[4,8,4,4,8,16,4,8,16,16]",8.8,4,16,0,0.6889651566743851,1472836096,1845493760,0.050239572842908906,7.5447715213522315,32.006784168072045
/home/gogoi/ahlora-quantity-20260917/runs/smoke-v1-product16_sample,6923a7f12dc89d05,complete,smoke,quantity_skew_extension,sst2,product16_sample,42,1,50.91743119266055,67.47720364741642,444,872,d60d802cff6c49bddaa2b03c6019c77303a85fd7765a9b618df03e54b79b7682,94648909,118310714,94648909,118310714,20,640,20,640,0,10240,"[16,16,16,16,16,16,16,16,16,16]",16.0,16,16,7,0.7224615186452865,1434401792,1841299456,0.04959912135426981,11.150025648996234,11.150030246935785
/home/gogoi/ahlora-quantity-20260917/runs/smoke-v1-product16_sample,6923a7f12dc89d05,complete,smoke,quantity_skew_extension,sst2,product16_sample,42,2,50.91743119266055,67.47720364741642,444,872,d60d802cff6c49bddaa2b03c6019c77303a85fd7765a9b618df03e54b79b7682,189297818,236621428,94648909,118310714,20,640,40,1280,0,10240,"[16,16,16,16,16,16,16,16,16,16]",16.0,16,16,7,0.703016784787178,1480724992,1845493760,0.04022466834861033,9.101628724485636,20.272788079455495
/home/gogoi/ahlora-quantity-20260917/runs/smoke-v1-product16_sample,6923a7f12dc89d05,complete,smoke,quantity_skew_extension,sst2,product16_sample,42,3,50.91743119266055,67.47720364741642,444,872,d60d802cff6c49bddaa2b03c6019c77303a85fd7765a9b618df03e54b79b7682,283946727,354932142,94648909,118310714,20,640,60,1920,0,10240,"[16,16,16,16,16,16,16,16,16,16]",16.0,16,16,7,0.7183812469244003,1403801088,1845493760,0.03765592801552284,9.28966526221484,29.582314679399133
/home/gogoi/ahlora-quantity-20260917/runs/smoke-v1-product16_sample,6923a7f12dc89d05,complete,smoke,quantity_skew_extension,sst2,product16_sample,42,4,52.178899082568805,67.99693016116655,455,872,545120627fa23d1f53f0f8e3a601ab0374512f764bb07368e6427b075b62212c,378595636,473242856,94648909,118310714,20,640,80,2560,0,10240,"[16,16,16,16,16,16,16,16,16,16]",16.0,16,16,7,0.6924592971801757,1480208896,1845493760,0.03838507743670574,8.792919022031128,38.39507699664682
